,X,Y,OBJECTID_1,OBJECTID,ULAND,UREGBEZ,UKREIS,UGEMEINDE,UJAHR,UMONAT,USTUNDE,UWOCHENTAG,UKATEGORIE,UART,UTYP1,ULICHTVERH,IstRad,IstPKW,IstFuss,IstKrad,IstGkfz,IstSonstig,STRZUSTAND,LINREFX,LINREFY
108382,13.46757326966312,52.51450732202968,114383,114383,11,0,2,2,2018,5,8,4,2,5,3,0,1,1,0,0,0,0,0,803093.0802,5827650.6136
108383,13.324863862830654,52.51288034500961,114384,114384,11,0,4,4,2018,2,12,7,3,2,6,0,0,1,0,0,0,0,0,793426.9793,5826879.4346
108384,13.368351159309485,52.54111768861926,114385,114385,11,0,1,1,2018,11,22,2,3,5,3,2,0,1,0,0,0,0,0,796185.6817,5830195.8377
108385,13.413828923031948,52.551132765506274,114386,114386,11,0,3,3,2018,6,14,1,3,2,6,0,0,1,0,0,0,0,0,799199.3994,5831496.8427
108386,13.357230232586053,52.486947725612175,114387,114387,11,0,7,7,2018,12,20,5,2,6,2,2,0,1,1,0,0,0,0,795796.0669,5824129.2593
108387,13.318843663715255,52.512487424331454,114388,114388,11,0,4,4,2018,10,13,7,3,3,6,0,0,1,0,1,0,0,0,793021.3483,5826811.2797
108388,13.325097599975992,52.51274599067639,114389,114389,11,0,4,4,2018,2,11,7,3,5,7,0,0,1,0,0,0,1,0,793443.7259,5826865.4523
108389,13.606291268550462,52.5049533379786,114390,114390,11,0,10,10,2018,8,16,4,3,5,3,0,1,1,0,0,0,0,0,812566.7895,5827181.035
108390,13.452107233232908,52.511939912908794,114391,114391,11,0,2,2,2018,4,22,4,3,6,4,2,1,0,1,0,0,0,0,802062.0003,5827300.3523
108391,13.462329357785327,52.51489200703772,114392,114392,11,0,2,2,2018,3,15,6,2,6,4,0,0,1,1,0,0,0,0,802734.8578,5827671.3371
108392,13.422544218018356,52.52003030583321,114393,114393,11,0,1,1,2018,5,20,4,3,5,3,0,1,1,0,0,0,0,0,800002.0919,5828076.1296
108393,13.389266237014295,52.49748077055843,114394,114394,11,0,2,2,2018,10,9,4,3,2,2,0,1,1,0,0,0,0,0,797898.4872,5825431.8438
108394,13.409056237707775,52.563289797914656,114395,114395,11,0,3,3,2018,2,12,7,2,5,2,0,1,1,0,0,0,0,0,798793.3216,5832828.2596
108395,13.511440647830234,52.510349101136256,114396,114396,11,0,11,11,2018,11,5,3,3,2,6,2,0,1,0,0,0,0,0,806096.5111,5827373.7813
108396,13.242398531426575,52.507536032217224,114397,114397,11,0,4,4,2018,9,17,7,3,1,5,0,1,1,0,0,0,0,0,787869.6435,5825953.0171
108397,13.444234928088918,52.54517558849125,114398,114398,11,0,3,3,2018,8,14,6,3,3,6,0,0,1,0,0,0,1,0,801300.3016,5830961.4036
108398,13.43749481371494,52.53421058132454,114399,114399,11,0,3,3,2018,6,23,1,3,6,2,2,0,1,1,0,0,0,0,800918.663,5829714.529
108399,13.32032917625958,52.51239877777074,114400,114400,11,0,4,4,2018,7,13,1,3,2,6,0,1,1,0,0,0,0,0,793122.6771,5826807.4644
108400,13.42577420314888,52.5420639741031,114401,114401,11,0,3,3,2018,6,20,3,3,6,4,0,1,0,1,0,0,0,0,800070.6435,5830538.5396
108401,13.398338306000626,52.57100735689292,114402,114402,11,0,3,3,2018,8,20,4,2,0,1,0,0,0,0,1,0,0,0,798014.9706,5833641.6579
108402,13.357042409233193,52.48673494720168,114403,114403,11,0,7,7,2018,5,15,5,3,3,6,0,1,0,0,0,0,1,0,795784.752,5824104.839
108403,13.474094368482625,52.51369765202074,114404,114404,11,0,2,2,2018,4,10,5,3,0,1,0,0,0,0,1,0,0,0,803540.8439,5827588.0578
108404,13.273784337048776,52.4389882094524,114405,114405,11,0,6,6,2018,12,16,2,3,6,4,2,0,1,1,0,0,0,0,790449.8817,5818459.5523
108405,13.367140221323345,52.50464074552725,114406,114406,11,0,1,1,2018,9,11,7,3,5,7,0,1,1,0,0,0,0,0,796349.339,5826136.498
108406,13.195838246582776,52.42227580017102,114407,114407,11,0,6,6,2018,9,11,7,3,2,2,0,0,1,0,0,0,0,0,785263.0836,5816291.1043
108407,13.412466435664086,52.54285790998085,114408,114408,11,0,3,3,2018,7,18,6,3,0,1,0,1,1,0,0,0,0,0,799163.4288,5830571.4605
108408,13.387662980489043,52.510222043958244,114409,114409,11,0,1,1,2018,3,21,3,3,3,6,2,1,1,0,0,0,0,1,797703.5182,5826841.3861
108409,13.449906110156858,52.51629389301189,114410,114410,11,0,2,2,2018,7,22,6,3,1,5,2,1,1,0,0,0,0,0,801882.8554,5827775.0578
108410,13.412623917519912,52.54102774706264,114411,114411,11,0,3,3,2018,3,9,4,3,0,1,0,0,0,0,1,0,0,1,799186.561,5830368.697000001
108411,13.453756178971796,52.51588010068716,114412,114412,11,0,2,2,2018,5,15,6,3,3,6,0,0,1,0,1,0,0,0,802146.7508,5827745.1949
108412,13.430917340221452,52.53416067164793,114413,114413,11,0,3,3,2018,10,17,5,3,1,5,0,1,0,0,0,0,1,0,800473.2,5829681.5424
108413,13.444878607820892,52.54547539996243,114414,114414,11,0,3,3,2018,2,5,7,3,5,3,2,0,1,0,0,0,1,2,801341.8612,5830997.4177
108414,13.364255405755909,52.50142365020045,114415,114415,11,0,1,1,2018,11,23,6,3,2,6,2,0,1,0,0,0,0,0,796175.3283,5825767.0707
108415,13.289155956949358,52.510386646775295,114416,114416,11,0,4,4,2018,9,9,2,3,0,2,0,1,1,0,0,0,0,0,791021.9995,5826457.5469
108416,13.403836113218725,52.56892523656578,114417,114417,11,0,3,3,2018,8,14,7,3,2,6,0,1,1,0,0,0,1,0,798401.4422,5833432.9908
108417,13.377650955711903,52.43347812456495,114418,114418,11,0,7,7,2018,3,15,1,3,6,7,0,0,1,1,0,0,0,0,797542.4084,5818270.1728
108418,13.411004629660125,52.51863474603294,114419,114419,11,0,1,1,2018,10,16,3,3,5,2,0,0,1,0,1,0,1,0,799229.2056,5827873.0608
108419,13.513025779946279,52.454214463495596,114420,114420,11,0,9,9,2018,8,21,5,3,8,1,2,0,1,0,0,0,0,0,806594.5939,5821141.5601
108420,13.328514198428714,52.513120237174924,114421,114421,11,0,4,4,2018,4,17,7,3,3,6,0,0,1,0,1,0,0,0,793672.9179,5826920.9597
108421,13.418443267710837,52.523755513348846,114422,114422,11,0,1,1,2018,4,7,7,3,5,7,0,0,1,0,0,0,0,0,799698.6594,5828473.1168
108422,13.306669078740564,52.483196639963424,114423,114423,11,0,4,4,2018,6,15,6,3,3,6,0,0,1,0,0,0,0,0,792390.2505,5823506.1808
108423,13.36449929476228,52.50170560375929,114424,114424,11,0,1,1,2018,12,17,6,3,2,6,2,0,1,0,0,0,0,1,796189.9736,5825799.4111
108424,13.470720150748393,52.51419111288005,114425,114425,11,0,2,2,2018,9,7,2,2,5,3,0,1,0,0,1,0,0,0,803308.6414,5827628.7027
108425,13.381907179816285,52.50986197536765,114426,114426,11,0,1,1,2018,9,8,3,3,2,6,0,1,1,0,0,0,0,0,797315.6179,5826777.6165
108426,13.482927298753806,52.58106016046602,114427,114427,11,0,11,11,2018,6,17,3,3,5,3,0,0,1,0,1,0,0,0,803673.798,5835112.2428
108427,13.309583021282787,52.53570377499543,114428,114428,11,0,4,4,2018,7,11,7,3,8,1,0,0,1,0,0,0,0,0,792239.0190000001,5829354.2056
108428,13.43000094185066,52.537087359708956,114429,114429,11,0,3,3,2018,5,19,1,3,2,2,0,1,0,0,0,0,0,0,800391.0857,5830003.0133
108429,13.354889837403304,52.47829971977278,114430,114430,11,0,7,7,2018,2,16,6,3,2,6,0,0,1,0,0,0,0,0,795695.3261,5823158.4483
108430,13.305477237140755,52.571100279186865,114431,114431,11,0,12,12,2018,11,21,6,3,2,6,2,0,1,0,0,0,0,0,791725.5724,5833271.9359
108432,13.427759267026035,52.537860177521026,114433,114433,11,0,3,3,2018,10,10,4,3,2,6,0,0,1,0,0,0,0,0,800233.8809999999,5830079.5691
108433,13.460111463162901,52.515112833436746,114434,114434,11,0,2,2,2018,8,8,2,3,5,2,0,0,1,0,0,0,0,0,802582.9506,5827686.5702
108434,13.403082753682105,52.46379970116482,114435,114435,11,0,7,7,2018,4,21,1,3,8,1,2,0,1,0,0,0,0,0,799064.3607,5821745.4582
108435,13.35903701771028,52.573389105047006,114436,114436,11,0,12,12,2018,4,20,2,3,5,2,2,0,1,0,0,0,0,0,795337.3903,5833744.5481
108436,13.28861135241003,52.51051846111218,114437,114437,11,0,4,4,2018,5,15,2,3,0,1,0,1,0,0,0,0,0,0,790984.1939,5826470.0005
108437,13.453669570598636,52.514384497249324,114438,114438,11,0,2,2,2018,10,17,3,3,5,3,1,1,0,0,0,0,0,1,802151.1522,5827578.6027
108438,13.356133946579629,52.473545949781816,114439,114439,11,0,7,7,2018,2,14,6,3,2,6,0,0,1,0,0,0,0,0,795811.6803,5822635.1732
108439,13.424327576876573,52.539023198435345,114440,114440,11,0,3,3,2018,12,12,7,3,5,2,0,1,1,0,0,0,0,0,799993.3696,5830194.5458
108440,13.262420391786494,52.50875830121562,114441,114441,11,0,4,4,2018,9,14,4,3,2,6,0,0,1,0,0,0,0,0,789219.5507,5826168.9887
108441,13.459329538098581,52.5501024142896,114442,114442,11,0,3,3,2018,8,19,5,3,0,1,2,0,0,0,1,0,0,1,802289.2107,5831572.211
108442,13.421064584947562,52.52075086813942,114443,114443,11,0,1,1,2018,6,8,5,3,3,6,0,0,1,0,1,0,0,0,799896.8594,5828150.0615
108443,13.412125803491499,52.54316785627099,114444,114444,11,0,3,3,2018,6,16,5,3,5,2,0,1,0,0,0,0,1,0,799138.2359999999,5830604.4963
108444,13.421703641050774,52.52642891725459,114445,114445,11,0,2,2,2018,8,12,6,3,0,6,0,0,0,0,1,1,0,0,799901.4579,5828783.8157
108445,13.412411940265695,52.51945245928864,114446,114446,11,0,1,1,2018,3,12,2,3,5,3,0,1,1,0,0,0,0,1,799319.0588,5827969.789
108446,13.255106291675189,52.43551870016674,114447,114447,11,0,6,6,2018,4,17,2,3,1,7,0,0,1,0,0,0,0,0,789203.8535,5817998.9122
108447,13.38602492682296,52.48861855681736,114448,114448,11,0,2,2,2018,4,15,1,3,0,7,0,1,0,0,0,0,0,0,797738.5453,5824433.4449
108448,13.356682179414365,52.51498603767442,114449,114449,11,0,1,1,2018,6,19,6,3,2,6,1,0,1,0,0,0,0,1,795570.5140000001,5827243.4398
108449,13.385499643248773,52.466713976113994,114450,114450,11,0,7,7,2018,12,20,1,3,2,6,2,0,1,0,0,0,0,1,797850.9933,5821996.6347
108450,13.36549218467952,52.558016913849684,114451,114451,11,0,1,1,2018,9,16,2,3,5,3,0,0,1,0,0,0,0,0,795878.0973,5832062.4244
108451,13.296083329635884,52.54157027614116,114452,114452,11,0,4,4,2018,9,11,3,2,2,6,0,0,1,0,0,0,0,0,791285.1515,5829951.6326
108452,13.368878426363795,52.50731790486653,114453,114453,11,0,1,1,2018,6,12,4,3,5,3,0,0,1,0,0,0,0,0,796449.195,5826441.205
108453,13.423451965612928,52.528117606241075,114454,114454,11,0,3,3,2018,7,7,2,3,5,2,0,1,1,0,0,0,0,0,800008.4531,5828978.7825
108454,13.471034846762082,52.51415887496221,114455,114455,11,0,2,2,2018,5,8,2,2,3,6,0,1,0,0,0,0,0,0,803330.2025,5827626.4436
108455,13.284206344836754,52.50942108934521,114456,114456,11,0,4,4,2018,2,13,6,3,3,6,0,0,1,0,0,0,0,0,790692.7074,5826330.2592
108456,13.450688765551519,52.46367715119946,114457,114457,11,0,8,8,2018,11,2,1,3,2,6,2,0,1,0,0,0,0,0,802297.0042,5821930.2386
108458,13.295374177991025,52.49132295235089,114459,114459,11,0,4,4,2018,10,20,4,2,2,6,2,0,1,0,0,0,0,0,791569.9709999999,5824363.7073
108459,13.252720386043524,52.61125589647306,114460,114460,11,0,12,12,2018,8,22,2,3,0,6,2,0,1,0,1,0,0,0,787889.0259,5837523.0829
108460,13.371566672580766,52.51582016624836,114461,114461,11,0,1,1,2018,4,17,1,3,0,6,0,0,1,0,1,0,0,0,796574.1898,5827397.2731
108461,13.408616377628908,52.46150880330861,114462,114462,11,0,7,7,2018,4,9,3,2,2,6,0,0,1,0,0,0,0,1,799455.588,5821513.7846
108462,13.498493546745525,52.43368826271415,114463,114463,11,0,9,9,2018,5,8,2,3,2,6,0,0,1,0,0,0,0,0,805750.1536,5818798.5664
108463,13.329123153783385,52.51316024549879,114464,114464,11,0,4,4,2018,10,8,4,3,5,3,0,0,1,0,0,0,0,0,793713.9456,5826927.887
108464,13.176060942677505,52.514671709259204,114465,114465,11,0,5,5,2018,2,9,6,3,6,4,0,0,1,1,0,0,0,0,783324.415,5826483.4543
108465,13.357944402220097,52.407396279115936,114466,114466,11,0,7,7,2018,12,8,2,3,2,6,0,0,1,0,0,0,0,1,796378.7331,5815290.1697
108466,13.428477928236505,52.547105945984924,114467,114467,11,0,3,3,2018,9,17,4,3,0,2,0,1,1,0,0,0,0,0,800219.41,5831110.1972
108467,13.469122587745414,52.56306297971877,114468,114468,11,0,3,3,2018,8,11,5,3,2,6,0,0,1,0,0,1,1,1,802863.3197,5833053.8372
108468,13.328256690962615,52.47792927483085,114469,114469,11,0,4,4,2018,6,15,5,3,2,6,0,0,1,0,0,0,0,0,793890.3113,5823008.4369
108469,13.371495824250953,52.51047586161962,114470,114470,11,0,1,1,2018,7,12,4,3,3,6,0,0,1,0,1,0,0,0,796605.418,5826802.9706
108470,13.590883788802048,52.505089637031425,114471,114471,11,0,10,10,2018,2,13,6,3,2,6,0,0,1,0,0,0,0,0,811520.9099,5827129.5003
108471,13.470793781160655,52.514036529197405,114472,114472,11,0,2,2,2018,11,3,1,1,6,4,2,0,1,1,0,0,0,0,803314.7001,5827611.8313
108472,13.402363322615454,52.41212572687031,114473,114473,11,0,7,7,2018,6,13,6,3,6,4,0,0,0,1,0,0,1,0,799366.0264,5815999.0871
108473,13.395342675158044,52.46716038276658,114474,114474,11,0,7,7,2018,5,9,3,3,2,6,0,0,1,0,0,0,0,0,798516.1416,5822086.9332
108474,13.444916272384127,52.54549338395298,114475,114475,11,0,3,3,2018,12,18,3,2,5,2,2,0,1,0,0,0,0,1,801344.29,5830999.574
108475,13.448596874919062,52.50502441839093,114476,114476,11,0,2,2,2018,10,20,5,3,6,4,2,1,0,1,0,0,0,0,801871.4046,5826517.0262
108476,13.260541807016553,52.434989301728706,114477,114477,11,0,6,6,2018,2,16,6,3,6,4,0,0,1,1,0,0,0,0,789576.585,5817961.86
108477,13.41387285603923,52.54941987363878,114478,114478,11,0,3,3,2018,7,16,2,3,6,4,0,1,0,1,0,0,0,0,799214.0426,5831306.6422
108478,13.339739578558413,52.51372852847489,114479,114479,11,0,1,1,2018,4,11,4,3,2,6,0,0,1,0,0,0,0,0,794430.0666,5827034.3498
108479,13.37195643990446,52.50519526429629,114480,114480,11,0,1,1,2018,7,21,1,2,5,3,2,0,1,0,0,0,0,0,796672.2589,5826217.9356
108480,13.386427605632232,52.49032596238367,114481,114481,11,0,2,2,2018,3,17,5,3,6,7,2,1,0,1,0,0,0,1,797754.3193,5824624.8814
108481,13.461036144000634,52.51502077164033,114482,114482,11,0,2,2,2018,5,16,4,3,3,6,0,1,1,0,0,0,0,0,802646.2833,5827680.2192
108482,13.376709237426526,52.43147061897936,114483,114483,11,0,7,7,2018,10,14,3,3,5,2,0,0,1,0,0,0,1,1,797491.9697,5818043.1618
108483,13.316433146041415,52.61706614955468,114484,114484,11,0,12,12,2018,2,8,5,3,6,2,0,0,1,1,0,0,0,1,792161.2123,5838425.5146
108484,13.23167987028738,52.50687235394413,114485,114485,11,0,4,4,2018,11,22,1,3,5,2,2,0,1,0,0,0,1,0,787146.9995,5825836.5137
108485,13.454210554029034,52.51586785381336,114486,114486,11,0,2,2,2018,9,17,6,3,5,2,0,1,1,0,0,0,0,0,802177.6440000001,5827745.738
108486,13.368479907652619,52.54102285341234,114487,114487,11,0,1,1,2018,8,21,5,3,5,2,2,1,1,0,0,0,0,0,796195.046,5830185.826
108487,13.454210554029034,52.51586785381336,114488,114488,11,0,2,2,2018,6,10,7,3,5,2,0,1,1,0,0,0,0,0,802177.6440000001,5827745.738
108488,13.35952846713759,52.48946442321903,114489,114489,11,0,7,7,2018,6,16,7,3,2,6,0,0,1,0,0,0,0,0,795935.0916,5824418.4144
108489,13.444126898489476,52.54540657234354,114490,114490,11,0,3,3,2018,6,15,2,3,2,6,0,0,0,0,1,1,0,0,801291.3975,5830986.6249
108490,13.447726362492974,52.50378779288908,114491,114491,11,0,2,2,2018,8,15,4,3,2,6,0,0,1,0,0,0,1,0,801820.8468,5826375.937000001
108491,13.393121532227546,52.428435488305254,114492,114492,11,0,7,7,2018,5,9,5,2,6,6,0,1,0,1,0,0,0,0,798627.5198,5817773.586
108492,13.495100345812697,52.511577405279674,114493,114493,11,0,11,11,2018,4,17,4,3,3,6,0,1,1,0,0,0,0,0,804979.9159,5827441.0524
108493,13.552336586785374,52.50912583974737,114494,114494,11,0,10,10,2018,12,20,6,3,2,6,2,0,1,0,0,0,0,0,808878.3338,5827412.2397
108494,13.361825215875664,52.56842561353013,114495,114495,11,0,12,12,2018,9,8,6,3,5,2,0,1,1,0,0,0,0,0,795559.6196,5833204.293
108495,13.278482324762106,52.50987724737015,114496,114496,11,0,4,4,2018,9,19,6,3,6,7,1,1,0,1,0,0,0,0,790301.4983,5826357.9028
108496,13.272837251329571,52.60341302419351,114497,114497,11,0,12,12,2018,7,14,5,3,2,6,0,0,1,0,1,0,0,0,789301.9262,5836731.935
108497,13.283122844551752,52.51887791277081,114498,114498,11,0,4,4,2018,3,15,2,3,2,6,0,0,1,0,0,0,0,0,790556.7567,5827377.0352
108498,13.40428102991432,52.51291467662941,114499,114499,11,0,1,1,2018,7,16,5,3,2,6,0,0,1,0,0,0,0,1,798812.1881,5827209.4066
108499,13.280007277838962,52.50152416073655,114500,114500,11,0,4,4,2018,3,17,2,3,2,6,0,0,1,0,0,0,0,0,790460.0497,5825435.5818
108500,13.288940216652405,52.53278122861857,114501,114501,11,0,4,4,2018,5,14,5,3,3,6,0,0,1,0,1,0,0,0,790859.2215,5828945.8715
108501,13.255937272838874,52.609993050658204,114502,114502,11,0,12,12,2018,2,8,5,3,2,6,0,0,1,0,0,0,0,0,788114.988,5837395.5778
108502,13.4594661314291,52.456819736400966,114503,114503,11,0,8,8,2018,11,21,4,2,2,6,2,0,1,0,0,1,0,0,802939.9971,5821204.8878
108503,13.436959185141944,52.5397384144334,114504,114504,11,0,3,3,2018,9,9,1,3,5,3,0,1,1,0,0,0,0,0,800844.5183,5830326.6899
108504,13.419917938487993,52.52493199936329,114505,114505,11,0,1,1,2018,8,10,7,3,9,1,0,0,0,0,1,0,0,1,799790.6118,5828610.0109
108506,13.445662785859964,52.61439859399105,114507,114507,11,0,3,3,2018,10,16,2,3,2,6,0,0,1,0,0,0,0,0,800921.9770000001,5838661.2375
108507,13.448329309016726,52.50462522400382,114508,114508,11,0,2,2,2018,8,3,5,3,6,6,2,1,0,1,0,0,0,0,801855.9962,5826471.5375
108508,13.419483264383235,52.52123992895297,114509,114509,11,0,1,1,2018,4,10,6,3,3,6,0,0,1,0,1,0,0,0,799786.3142,5828197.8421
108509,13.381774521106687,52.46983099244518,114510,114510,11,0,7,7,2018,4,15,6,2,8,1,0,0,1,0,0,0,0,0,797577.0687,5822327.7116
108510,13.411523308820353,52.52348834432165,114511,114511,11,0,1,1,2018,5,17,5,3,3,6,0,0,1,0,0,1,0,0,799231.3454,5828414.6763
108511,13.374502123485833,52.50258387883151,114512,114512,11,0,2,2,2018,12,19,5,3,2,6,2,0,1,0,0,0,0,1,796862.5329999999,5825938.161
108512,13.47334524180763,52.481590691077706,114513,114513,11,0,9,9,2018,9,3,1,3,9,1,2,0,1,0,0,0,0,1,803711.5274,5824016.3974
108513,13.403799067594724,52.56897225768375,114514,114514,11,0,3,3,2018,9,16,3,3,3,6,0,0,0,0,1,0,1,0,798398.6137,5833438.0637
108514,13.56224596826153,52.50853255107914,114515,114515,11,0,10,10,2018,6,10,2,2,3,6,0,0,1,0,1,0,0,0,809554.4957,5827388.8007
108515,13.416384430589249,52.52200439891443,114516,114516,11,0,1,1,2018,7,16,6,3,5,2,0,1,1,0,0,0,0,0,799571.012,5828269.929
108516,13.38169907789418,52.50984852618168,114517,114517,11,0,1,1,2018,5,13,7,3,1,5,0,1,1,0,0,0,1,0,797301.5961,5826775.2636
108517,13.467579332392964,52.56082189641634,114518,114518,11,0,3,3,2018,2,15,5,3,2,6,0,0,1,0,0,0,0,0,802774.2448,5832798.2659
108518,13.470125294452071,52.514251533901565,114519,114519,11,0,2,2,2018,11,15,6,3,2,6,0,0,1,0,0,0,0,0,803267.8891,5827632.9158
108520,13.35741333978368,52.487418095857045,114521,114521,11,0,7,7,2018,10,15,3,3,1,5,0,0,1,0,1,0,0,0,795805.3312,5824182.2913
108521,13.283931246560755,52.49631423651432,114522,114522,11,0,4,4,2018,8,13,1,3,2,6,0,0,1,0,0,0,0,0,790760.6329999999,5824872.3012
108522,13.285909953060688,52.51068758206261,114523,114523,11,0,4,4,2018,4,19,7,3,3,6,0,0,1,0,0,0,0,0,790799.8739,5826477.901000001
108523,13.39851133679568,52.579906153216065,114524,114524,11,0,3,3,2018,3,17,7,3,0,1,0,0,1,0,0,0,0,1,797966.2690000001,5834631.456
108524,13.457697495060074,52.491693003925455,114525,114525,11,0,9,9,2018,5,3,1,2,5,3,2,1,1,0,0,0,0,0,802580.2690000001,5825073.445
108525,13.369742161899381,52.54256146460001,114526,114526,11,0,1,1,2018,10,11,3,3,6,7,0,0,1,1,0,0,0,0,796270.2136,5830362.0286
108526,13.320652979393607,52.51269946365126,114527,114527,11,0,4,4,2018,2,15,5,3,3,2,0,0,1,0,0,0,0,0,793142.6318,5826842.2021
108527,13.609858557595425,52.50479525290106,114528,114528,11,0,10,10,2018,11,19,6,3,2,6,2,0,1,0,0,0,0,1,812809.8414,5827178.9366
108528,13.388945819630527,52.49477306797545,114529,114529,11,0,2,2,2018,9,18,3,3,3,6,1,0,1,0,1,0,0,0,797895.0762,5825129.5656
108529,13.345518670749852,52.580797223858674,114530,114530,11,0,12,12,2018,8,8,4,3,5,2,0,0,1,0,0,0,0,0,794372.2524,5834512.6305
108530,13.48289173894327,52.5128234198906,114531,114531,11,0,11,11,2018,6,15,4,2,0,1,0,0,0,0,1,0,0,0,804143.4215,5827527.9668
108531,13.19542188194016,52.42135987219079,114532,114532,11,0,6,6,2018,7,13,3,3,2,2,0,0,1,0,0,0,0,0,785240.7079,5816187.6499
108532,13.422514091218662,52.520039625541436,114533,114533,11,0,1,1,2018,6,0,4,3,5,3,2,1,1,0,0,0,0,0,799999.9857,5828077.0401
108533,13.312589760692177,52.56456432484021,114534,114534,11,0,12,12,2018,5,11,2,2,0,6,0,0,1,0,1,0,0,0,792250.7596,5832574.2788
108534,13.27999589977756,52.50059028628268,114535,114535,11,0,4,4,2018,4,15,7,3,3,6,0,0,1,0,0,1,0,0,790465.4412,5825331.7341
108535,13.411966548361304,52.54104049229555,114536,114536,11,0,3,3,2018,12,18,7,3,5,2,2,1,0,0,0,0,1,1,799141.926,5830367.385
108536,13.385761915379145,52.47006395792626,114537,114537,11,0,7,7,2018,10,6,3,3,2,6,2,0,1,0,0,0,0,0,797846.1507,5822370.0597
108537,13.193238838357527,52.43458879578557,114538,114538,11,0,6,6,2018,2,5,4,3,0,7,2,0,1,0,0,1,0,0,785006.9056,5817649.4812
108538,13.332817561627614,52.51323968308726,114539,114539,11,0,4,4,2018,7,8,2,3,3,6,0,1,1,0,0,0,0,0,793963.9415,5826951.7718
108539,13.294434983073291,52.49187286195388,114540,114540,11,0,4,4,2018,4,12,3,3,2,6,0,0,1,0,0,0,0,0,791502.6084,5824421.0342
108540,13.369199437533979,52.54844874947632,114541,114541,11,0,1,1,2018,7,14,5,2,6,4,0,1,0,1,0,0,0,0,796193.7458,5831014.1624
108541,13.46143828292238,52.454149301327526,114542,114542,11,0,9,9,2018,3,9,3,3,2,6,0,0,1,0,0,0,1,1,803092.2608,5820916.3658
108542,13.301980764086249,52.5344775222971,114543,114543,11,0,4,4,2018,5,8,3,3,3,6,0,0,1,0,0,1,0,0,791731.8903,5829187.1127
108543,13.384317969679644,52.452962607439034,114544,114544,11,0,7,7,2018,10,6,2,3,2,6,2,0,1,0,0,0,0,0,797863.6978,5820463.3264
108544,13.262411041222705,52.50875771783257,114545,114545,11,0,4,4,2018,2,19,4,2,6,4,2,0,0,1,1,0,0,0,789218.9204,5826168.8864
108545,13.408797455532325,52.516430451544906,114546,114546,11,0,1,1,2018,11,19,4,3,6,4,2,1,0,1,0,0,0,1,799094.5443,5827618.9016
108546,13.413141210579653,52.54609890968327,114547,114547,11,0,3,3,2018,9,19,5,3,3,6,2,1,0,0,0,0,0,1,799187.0853,5830934.4892
108547,13.414638333849027,52.540772409462654,114548,114548,11,0,3,3,2018,8,16,3,3,5,3,0,1,0,0,0,0,0,0,799324.8119,5830348.6809
108548,13.341930573129625,52.585469617861605,114549,114549,11,0,12,12,2018,6,11,6,3,5,2,0,0,1,0,0,0,0,0,794097.9932,5835017.3119
108549,13.426188788228913,52.538671534763814,114550,114550,11,0,3,3,2018,6,6,7,3,1,5,0,0,1,0,1,0,1,0,800121.9058,5830163.208
108550,13.31041150782493,52.56518597872643,114551,114551,11,0,12,12,2018,8,17,2,3,2,6,0,0,1,0,0,0,0,0,792099.0837,5832634.5439
108551,13.399584268401362,52.41764279463456,114552,114552,11,0,7,7,2018,5,12,4,3,6,4,0,1,0,1,0,0,0,0,799139.7557,5816600.7708
108552,13.496378771531207,52.46559194030942,114553,114553,11,0,9,9,2018,4,15,3,2,2,6,0,0,1,0,0,0,0,0,805385.423,5822335.4822
108553,13.376917473197595,52.5019378684156,114554,114554,11,0,2,2,2018,7,18,3,3,6,2,0,0,1,1,0,0,0,0,797030.7209999999,5825876.304
108554,13.433093732677744,52.53603210608932,114555,114555,11,0,3,3,2018,2,11,4,3,2,6,0,0,1,0,0,0,0,0,800607.911,5829898.62
108555,13.359743063879206,52.489700530042036,114556,114556,11,0,7,7,2018,11,9,7,3,1,5,0,1,0,0,0,0,1,0,795948.0646,5824445.5379
108556,13.467188760178775,52.55309856931594,114557,114557,11,0,3,3,2018,6,13,5,3,0,6,0,0,1,0,1,0,0,1,802801.0353,5831938.2154
108557,13.504198271906183,52.51067559015648,114558,114558,11,0,11,11,2018,5,16,3,3,2,6,0,0,1,0,0,0,0,0,805603.1190000001,5827379.3455
108558,13.365034236124062,52.55924379026735,114559,114559,11,0,12,12,2018,12,13,1,3,2,6,0,0,1,0,0,0,0,1,795838.8102,5832196.9103
108559,13.453623112427087,52.515316644745,114560,114560,11,0,2,2,2018,10,5,4,3,0,1,2,0,0,0,1,0,0,1,802141.5988,5827682.0118
108560,13.385171258706784,52.44847315285742,114561,114561,11,0,7,7,2018,2,16,4,3,2,6,0,0,1,0,0,0,0,0,797951.9778,5819967.8577
108561,13.429441976843199,52.53327756038114,114562,114562,11,0,3,3,2018,7,20,2,3,3,6,0,1,0,0,0,0,0,0,800379.2383,5829577.2386
108562,13.408935126841195,52.51699239702789,114563,114563,11,0,1,1,2018,4,5,3,3,5,2,0,0,1,0,1,0,0,0,799100.0577,5827681.9313
108563,13.56267422390356,52.508228489439404,114564,114564,11,0,10,10,2018,7,13,6,3,3,6,0,0,1,0,0,1,0,0,809585.6772,5827356.8458
108564,13.399957928033698,52.51118579492184,114565,114565,11,0,1,1,2018,3,15,4,3,0,6,0,0,1,0,0,0,1,0,798530.766,5826999.3385
108565,13.373770434008827,52.509386308307135,114566,114566,11,0,1,1,2018,5,15,3,3,2,6,0,0,1,0,0,0,0,0,796767.0215,5826691.2276