,X,Y,OBJECTID_1,OBJECTID,ULAND,UREGBEZ,UKREIS,UGEMEINDE,UJAHR,UMONAT,USTUNDE,UWOCHENTAG,UKATEGORIE,UART,UTYP1,ULICHTVERH,IstRad,IstPKW,IstFuss,IstKrad,IstGkfz,IstSonstig,STRZUSTAND,LINREFX,LINREFY
108750,13.405172029318779,52.5203190568072,114751,114751,11,0,1,1,2018,2,12,6,3,2,6,0,1,1,0,0,0,0,0,798822.2982,5828036.0754
108751,13.282730408333352,52.519736572759896,114752,114752,11,0,4,4,2018,11,17,2,3,2,6,2,0,1,0,0,0,0,1,790524.4758,5827470.8955
108752,13.363616348754332,52.5653356836786,114753,114753,11,0,12,12,2018,9,11,7,3,1,6,0,1,0,0,1,0,0,0,795701.7365,5832868.1988
108753,13.413760751681652,52.550776517121975,114754,114754,11,0,3,3,2018,8,7,6,3,2,2,0,1,1,0,0,0,0,0,799197.2071,5831456.9637
108754,13.373526294372502,52.515944322509434,114755,114755,11,0,1,1,2018,6,13,7,3,3,6,0,0,0,0,1,1,0,0,796706.229,5827419.1353
108755,13.403080317451074,52.59454504171903,114756,114756,11,0,3,3,2018,3,11,1,3,5,2,0,1,1,0,0,0,0,0,798176.1116,5836277.4444
108756,13.428383179330215,52.53237310860938,114757,114757,11,0,3,3,2018,6,5,7,3,5,3,0,1,1,0,0,0,0,0,800313.6532,5829472.3003
108757,13.448082033361736,52.54713954070453,114758,114758,11,0,3,3,2018,6,18,2,2,5,3,0,1,0,0,1,0,0,0,801547.5023,5831195.7792
108758,13.276855985127339,52.509776512634275,114759,114759,11,0,4,4,2018,8,10,4,2,3,6,0,0,1,0,1,0,0,0,790191.8664,5826340.1599
108759,13.385025602273345,52.45019974912262,114760,114760,11,0,7,7,2018,5,6,5,2,5,7,0,0,1,0,1,0,0,0,797930.4190000001,5820159.163
108760,13.483665544135759,52.58396136773011,114761,114761,11,0,11,11,2018,4,14,4,3,0,2,0,0,0,1,0,0,1,0,803703.6977,5835437.8087
108761,13.438986252445185,52.54108118817974,114762,114762,11,0,3,3,2018,12,19,7,3,0,2,2,1,1,0,0,0,0,0,800972.6935,5830484.3969
108762,13.299913425308823,52.511246033097436,114763,114763,11,0,4,4,2018,9,17,6,3,5,3,0,1,1,0,0,0,0,0,791745.8459,5826596.5387
108763,13.177186361048596,52.419378475807,114764,114764,11,0,6,6,2018,9,18,7,3,5,2,0,0,1,0,0,0,0,0,784014.2146,5815895.5212
108764,13.553046332216649,52.50905533950519,114765,114765,11,0,10,10,2018,2,15,6,3,5,2,0,1,1,0,0,0,0,0,808926.9591,5827407.4451
108765,13.365106931390114,52.56002399958904,114766,114766,11,0,12,12,2018,11,15,3,3,2,6,0,0,1,0,1,0,0,0,795838.4787,5832283.9283
108766,13.369664293235614,52.54314561110207,114767,114767,11,0,1,1,2018,6,8,2,2,0,7,0,1,0,0,0,0,0,0,796260.9984,5830426.6357
108767,13.287073566899336,52.49416433054392,114768,114768,11,0,4,4,2018,12,5,6,3,0,1,2,0,0,0,1,0,0,1,790988.0175,5824646.0086
108768,13.444541674910655,52.51668730881379,114769,114769,11,0,2,2,2018,10,21,7,3,2,6,2,0,1,0,0,0,1,0,801516.4238,5827796.3357
108769,13.369750690504693,52.515825362825524,114770,114770,11,0,1,1,2018,8,9,5,3,2,2,0,1,1,0,0,0,0,0,796451.0178,5827390.3825
108770,13.320304834610296,52.51239709610473,114771,114771,11,0,4,4,2018,4,10,5,3,2,6,0,0,0,0,1,0,1,0,793121.0376,5826807.1785
108771,13.281503522555974,52.50785760651541,114772,114772,11,0,4,4,2018,3,17,2,3,8,1,0,0,0,0,1,0,0,0,790519.7270000001,5826145.583
108772,13.428785293099176,52.5182026952481,114773,114773,11,0,2,2,2018,5,20,5,3,5,2,0,0,1,0,1,0,0,0,800437.719,5827898.9867
108773,13.28947587936139,52.51057301204296,114774,114774,11,0,4,4,2018,10,13,5,3,2,6,0,0,1,0,0,0,1,1,791042.4631,5826479.5529
108774,13.302955613137613,52.511255021170044,114775,114775,11,0,4,4,2018,2,17,6,3,5,2,0,1,1,0,0,0,0,0,791952.0955,5826609.8506
108775,13.428701795591836,52.558556589123526,114776,114776,11,0,3,3,2018,11,16,3,2,5,3,1,1,1,0,0,0,0,0,800156.322,5832383.8289
108776,13.461129655926753,52.492307423976094,114777,114777,11,0,9,9,2018,9,11,1,2,5,3,0,1,1,0,0,0,0,0,802808.8891,5825156.1399
108777,13.299272011127968,52.511203639330255,114778,114778,11,0,4,4,2018,8,20,6,3,1,1,2,0,1,0,1,0,0,0,791702.6288,5826589.2316
108778,13.558150940546675,52.56272272619833,114779,114779,11,0,10,10,2018,6,15,2,3,5,3,0,0,1,0,1,0,0,0,808895.6806,5833393.9882
108779,13.589903074650168,52.505095580707724,114780,114780,11,0,10,10,2018,7,14,2,3,2,6,0,0,1,0,0,0,0,0,811454.3571,5827125.924
108780,13.271385625034387,52.43843088493742,114781,114781,11,0,6,6,2018,6,11,3,3,5,3,0,0,1,0,0,0,1,0,790290.6087,5818387.955
108781,13.419900432119725,52.52545321377121,114782,114782,11,0,1,1,2018,8,12,5,3,5,2,0,1,0,0,1,0,0,0,799785.8713,5828667.8693
108782,13.281122494043384,52.441469296754576,114783,114783,11,0,6,6,2018,5,10,6,3,5,3,0,1,1,0,0,0,0,0,790931.9847,5818764.8827
108783,13.402518824584416,52.59221462383261,114784,114784,11,0,3,3,2018,4,8,5,3,5,3,0,0,1,0,0,0,0,0,798153.948,5836016.098999999
108784,13.364624199214331,52.501850001691295,114785,114785,11,0,1,1,2018,12,18,3,3,2,6,2,0,1,0,0,0,0,0,796197.4739,5825815.9738
108785,13.385514029768052,52.470066541408364,114786,114786,11,0,7,7,2018,9,17,7,3,0,2,0,0,0,0,1,0,0,0,797829.3073,5822369.3235
108786,13.511603182709534,52.45534472297404,114787,114787,11,0,9,9,2018,7,13,6,3,6,4,0,0,0,1,0,0,1,0,806490.1416,5821261.136
108787,13.509632988645265,52.456505005196384,114788,114788,11,0,9,9,2018,7,2,7,3,6,4,2,0,1,1,0,0,0,0,806348.3059,5821381.7255
108788,13.281227535846186,52.51005476261857,114789,114789,11,0,4,4,2018,3,10,4,2,0,7,0,1,0,1,0,0,0,0,790486.5029,5826388.6892
108789,13.434502906389193,52.53535688230178,114790,114790,11,0,3,3,2018,5,20,6,3,2,6,2,0,1,0,1,0,0,0,800708.0369,5829829.4495
108790,13.371157075845518,52.47091196944373,114791,114791,11,0,7,7,2018,10,6,6,3,2,6,2,0,1,0,0,0,0,0,796849.0909999999,5822404.1189
108791,13.180862907690006,52.516284666534084,114792,114792,11,0,5,5,2018,2,19,6,3,5,2,2,0,1,0,0,0,0,0,783639.6536,5826681.6216
108792,13.476741511385438,52.51343561485752,114793,114793,11,0,11,11,2018,11,14,7,3,5,3,0,1,1,0,0,0,0,0,803722.1511,5827570.082
108793,13.385491800956345,52.467441711594525,114794,114794,11,0,7,7,2018,9,14,2,2,6,4,0,1,0,1,0,0,0,0,797845.5417,5822077.4883
108794,13.452590034578993,52.51884634954729,114795,114795,11,0,2,2,2018,8,13,1,3,2,6,0,0,1,0,0,0,0,0,802047.308,5828069.993
108795,13.377550682166634,52.433267313398886,114796,114796,11,0,7,7,2018,3,9,1,3,1,1,0,0,1,0,0,0,0,1,797537.0182,5818246.3283
108796,13.294178445787695,52.49202234936306,114797,114797,11,0,4,4,2018,6,15,4,3,0,6,0,0,1,0,0,0,0,0,791484.2136,5824436.6131
108797,13.412348682700019,52.54142555524452,114798,114798,11,0,3,3,2018,10,18,3,3,5,2,2,1,1,0,0,0,0,0,799165.2008,5830411.7697
108798,13.416859366286713,52.52271066482014,114799,114799,11,0,1,1,2018,6,9,5,3,1,5,0,1,0,0,0,1,0,0,799598.3992,5828350.4018
108799,13.447118151841664,52.50305913721488,114800,114800,11,0,2,2,2018,8,22,6,3,6,4,2,1,0,1,0,0,0,0,801784.5927,5826292.4047
108800,13.412592701063806,52.51953482684653,114801,114801,11,0,1,1,2018,4,11,1,3,6,7,0,0,1,1,0,0,0,0,799330.7539,5827979.6944
108801,13.38558487001306,52.463748877393705,114802,114802,11,0,7,7,2018,4,13,7,3,5,3,0,1,1,0,0,0,0,0,797876.8216,5821667.4232
108802,13.48438438321262,52.512805631356684,114803,114803,11,0,11,11,2018,6,14,6,3,5,3,0,1,1,0,0,0,0,0,804244.7597,5827532.2875
108803,13.36487660245296,52.502141792230816,114804,114804,11,0,1,1,2018,12,15,6,3,5,2,1,1,1,0,0,0,0,1,796212.6302,5825849.4426
108804,13.368527820196643,52.50661241507606,114805,114805,11,0,1,1,2018,9,19,2,3,3,6,1,0,1,0,1,0,0,1,796430.1696,5826361.3495
108805,13.453755271673362,52.51588440893137,114806,114806,11,0,2,2,2018,9,15,3,3,0,1,0,1,0,0,0,0,0,0,802146.6597,5827745.6699
108806,13.306539821052676,52.46957615317884,114807,114807,11,0,4,4,2018,6,0,4,3,8,1,2,0,1,0,0,0,0,0,792471.8984,5821991.7312
108807,13.297772392338755,52.51091474370552,114808,114808,11,0,4,4,2018,7,23,7,2,2,6,2,0,0,0,1,0,0,0,791602.8451,5826551.0551
108808,13.368809115949745,52.54893477555249,114809,114809,11,0,1,1,2018,5,15,2,3,2,6,0,0,1,0,0,0,0,0,796164.0224,5831066.5795
108809,13.456940959978914,52.54952635355018,114810,114810,11,0,3,3,2018,2,20,6,2,3,6,2,0,1,0,1,0,0,1,802131.3411,5831498.1677
108810,13.444916272384127,52.54549338395298,114811,114811,11,0,3,3,2018,11,19,7,3,5,2,2,0,1,0,0,0,0,0,801344.29,5830999.574
108812,13.380656703381232,52.49868341452099,114813,114813,11,0,2,2,2018,10,13,4,3,2,6,0,0,1,0,0,0,1,0,797306.3323,5825529.9863
108813,13.537614153289507,52.52695954089838,114814,114814,11,0,10,10,2018,8,16,2,3,5,2,0,0,1,0,1,0,0,0,807755.1269,5829331.3406
108814,13.466461237088074,52.55780902547097,114815,114815,11,0,3,3,2018,4,18,1,3,4,6,0,0,1,0,1,0,0,0,802719.2787,5832458.7024
108815,13.567449573630824,52.57254655481719,114816,114816,11,0,10,10,2018,4,11,3,3,0,4,0,0,0,1,0,0,1,0,809456.2175,5834525.7272
108816,13.386094169863396,52.51012674727989,114817,114817,11,0,1,1,2018,5,11,2,3,5,2,0,1,1,0,0,0,0,0,797597.7729,5826824.318
108817,13.459296839422233,52.51534217746732,114818,114818,11,0,2,2,2018,10,8,4,3,2,6,0,0,1,0,1,0,0,0,802526.1365,5827708.6421
108818,13.348287757257555,52.48184446890705,114819,114819,11,0,7,7,2018,2,9,6,3,5,2,0,0,1,0,0,0,0,0,795223.5090000001,5823525.402000001
108819,13.454237262739069,52.51570500390557,114820,114820,11,0,2,2,2018,12,19,1,2,5,2,2,0,1,0,0,0,0,1,802180.5738,5827727.75
108820,13.361407430098273,52.56920326097684,114821,114821,11,0,12,12,2018,9,16,4,3,6,4,0,1,0,1,0,0,0,0,795526.0897,5833289.0142
108821,13.401741547403345,52.58822527469162,114822,114822,11,0,3,3,2018,8,12,5,3,0,1,0,0,0,0,1,0,0,1,798128.4468,5835569.4741
108822,13.269083361538836,52.509169383684785,114823,114823,11,0,4,4,2018,6,14,5,3,3,6,0,1,1,0,0,0,0,0,789668.7319,5826241.4255
108823,13.240194839168794,52.43321239216814,114824,114824,11,0,6,6,2018,7,15,3,3,5,3,0,1,1,0,0,0,0,0,788205.9199,5817682.9214
108824,13.406058709623325,52.406012460428855,114825,114825,11,0,7,7,2018,2,9,6,3,2,6,0,0,1,0,0,0,1,1,799658.6751,5815334.9493
108825,13.226771162961242,52.43032600274324,114826,114826,11,0,6,6,2018,11,9,7,3,5,7,0,1,0,0,0,0,0,0,787312.7339,5817308.5802
108826,13.38469477880537,52.4510010670434,114827,114827,11,0,7,7,2018,6,20,5,2,1,6,0,0,1,0,0,0,1,0,797902.5389,5820246.8617
108827,13.398987494201933,52.573428247747685,114828,114828,11,0,3,3,2018,5,9,3,3,5,7,0,0,1,0,0,0,1,0,798042.4965,5833913.4202
108828,13.393609256341396,52.428182934559096,114829,114829,11,0,7,7,2018,12,0,3,3,2,6,2,0,1,0,0,0,0,0,798662.3661,5817747.5333
108829,13.452448902061342,52.51164038414702,114830,114830,11,0,2,2,2018,10,18,5,3,3,6,1,1,0,0,0,0,0,0,802087.2263,5827268.4926
108830,13.18942410567258,52.51456232120562,114831,114831,11,0,5,5,2018,2,8,6,3,2,6,0,0,1,0,0,1,0,0,784231.3245,5826523.8837
108831,13.369351525904833,52.54702599057994,114832,114832,11,0,1,1,2018,7,15,2,3,5,7,0,0,1,0,0,0,0,0,796213.6431,5830856.6495
108832,13.414505110997418,52.54061767617915,114833,114833,11,0,3,3,2018,4,9,4,3,5,2,0,1,1,0,0,0,0,0,799316.8376,5830330.9295
108833,13.267816372272206,52.509091044260245,114834,114834,11,0,4,4,2018,7,8,7,3,6,4,0,0,1,1,0,0,0,0,789583.3202,5826227.6292
108834,13.436527470986054,52.517642105059615,114835,114835,11,0,2,2,2018,3,8,5,3,5,3,0,1,1,0,0,0,0,1,800966.4920000001,5827868.9711
108835,13.398503169313136,52.57080182536835,114836,114836,11,0,3,3,2018,5,10,4,3,2,6,0,0,1,0,0,0,0,0,798027.5308,5833619.4955
108836,13.28255218527594,52.4977363970743,114837,114837,11,0,4,4,2018,10,8,3,3,2,6,0,0,1,0,0,0,0,1,790657.6872,5825024.8181
108837,13.33735508597665,52.51370226389146,114838,114838,11,0,1,1,2018,2,11,5,3,2,6,0,1,1,0,0,0,0,0,794268.5466,5827021.6963
108838,13.227093363500812,52.50696453888564,114839,114839,11,0,4,4,2018,11,16,7,3,2,6,2,0,1,0,0,0,0,0,786835.3211,5825828.5079
108839,13.43429955565664,52.5357508038581,114840,114840,11,0,3,3,2018,9,17,6,3,0,6,0,0,0,0,1,0,0,0,800691.5597,5829872.384
108840,13.476952410661335,52.48723689691969,114841,114841,11,0,9,9,2018,8,11,4,3,2,6,0,0,1,0,0,0,0,0,803917.3287,5824659.1347
108841,13.598681585879747,52.50501988380153,114842,114842,11,0,10,10,2018,6,18,6,3,5,2,0,1,1,0,0,0,0,1,812050.2398,5827155.4685
108842,13.281577255376172,52.52245830340657,114843,114843,11,0,4,4,2018,3,9,1,3,9,1,0,0,1,0,0,0,0,2,790428.3141,5827768.7753
108843,13.361735097784676,52.49711554099165,114844,114844,11,0,7,7,2018,6,14,7,3,0,6,0,0,1,0,0,0,1,0,796033.3519,5825277.882
108844,13.431988440162256,52.46196111318807,114845,114845,11,0,8,8,2018,6,13,2,3,3,6,0,0,1,0,1,0,0,0,801039.2309,5821661.3184
108845,13.47202890448918,52.51391199306535,114846,114846,11,0,2,2,2018,8,14,3,2,6,4,0,0,1,1,0,0,0,0,803399.31,5827603.1867
108846,13.404265016546061,52.51984366035756,114847,114847,11,0,1,1,2018,5,11,5,3,0,6,0,1,1,0,0,0,0,0,798764.0327,5827979.4773
108847,13.444695503318222,52.528966089618976,114848,114848,11,0,3,3,2018,4,19,3,3,3,6,1,1,1,0,0,0,0,0,801442.6678,5829161.7122
108848,13.301380126232766,52.51115230226151,114849,114849,11,0,4,4,2018,12,9,6,2,5,2,0,1,0,0,0,1,0,0,791845.9336,5826592.0556
108849,13.444897984481585,52.54548465199446,114850,114850,11,0,3,3,2018,9,9,5,3,2,2,0,0,1,0,0,0,0,0,801343.1107,5830998.527000001
108850,13.318827690771196,52.51229603474696,114851,114851,11,0,4,4,2018,9,16,6,3,2,6,0,0,1,0,1,0,0,0,793021.5399,5826789.9417
108851,13.456212286146336,52.46084996884834,114852,114852,11,0,8,8,2018,7,12,5,3,2,6,0,0,1,0,0,0,0,0,802691.3923,5821639.1703
108852,13.29845125099559,52.545535826032285,114853,114853,11,0,4,4,2018,7,10,5,3,2,6,0,0,1,0,0,0,0,1,791419.3244,5830401.9812
108853,13.388244184189649,52.43733934428929,114854,114854,11,0,7,7,2018,3,15,2,3,5,3,0,0,1,0,0,1,0,1,798235.9466,5818743.0576
108854,13.372244189154577,52.51598963415199,114855,114855,11,0,1,1,2018,5,22,5,2,6,7,2,1,0,1,0,0,0,0,796618.9876,5827418.8963
108855,13.537563743429015,52.53573954115277,114856,114856,11,0,10,10,2018,2,0,5,2,8,1,2,0,1,0,0,0,0,1,807690.2440000001,5830306.9523
108856,13.478777909489533,52.44318525127993,114857,114857,11,0,9,9,2018,11,6,4,3,2,6,0,0,1,0,0,1,0,1,804345.3014,5819770.757999999
108857,13.411971480112236,52.541108290338094,114858,114858,11,0,3,3,2018,8,14,6,3,6,4,0,0,1,1,0,0,0,0,799141.7987,5830374.941000001
108858,13.389142974682569,52.4980028001058,114859,114859,11,0,2,2,2018,3,9,7,3,5,3,0,0,1,0,0,1,0,1,797886.5925,5825489.357000001
108860,13.280046427317364,52.50163807571718,114861,114861,11,0,4,4,2018,10,19,2,3,8,1,2,0,0,0,1,0,0,0,790461.9535,5825448.4013
108861,13.391115840336509,52.43192649461039,114862,114862,11,0,7,7,2018,8,7,5,3,5,2,0,0,1,0,0,0,1,0,798467.6328,5818153.3052
108862,13.368381188192792,52.5411303218247,114863,114863,11,0,1,1,2018,4,16,6,3,5,3,0,0,1,0,0,0,1,0,796187.6316,5830197.3653
108863,13.420122419301162,52.52510661065821,114864,114864,11,0,1,1,2018,4,14,6,3,2,2,0,0,1,0,0,0,0,0,799803.2834,5828630.2687
108864,13.355178249610114,52.4856803442765,114865,114865,11,0,7,7,2018,5,12,5,3,1,5,0,1,1,0,0,0,1,0,795665.3449,5823979.9782
108865,13.390440856113482,52.61859411192497,114866,114866,11,0,3,3,2018,12,16,5,2,5,2,2,0,1,0,0,0,0,1,797157.558,5838898.209
108866,13.411980705810194,52.54123510959742,114867,114867,11,0,3,3,2018,9,7,7,3,0,1,1,0,0,0,1,0,0,1,799141.5606,5830389.0749
108867,13.407845277263776,52.51563721091678,114868,114868,11,0,1,1,2018,9,18,2,3,0,6,1,1,1,0,0,0,0,0,799035.3743,5827526.7856
108868,13.381590009842293,52.6319921197736,114869,114869,11,0,3,3,2018,6,15,1,3,3,6,0,1,0,0,0,0,0,0,796468.1386,5840350.8916
108869,13.214738146187132,52.427540762840955,114870,114870,11,0,6,6,2018,7,14,6,3,5,3,0,0,1,0,0,0,0,0,786513.2587,5816951.1677
108870,13.493568967086606,52.51170519222952,114871,114871,11,0,11,11,2018,5,18,6,3,3,6,0,1,0,0,0,0,1,0,804875.186,5827448.7784
108871,13.455581332846945,52.461568302778495,114872,114872,11,0,8,8,2018,2,6,5,2,3,6,0,0,0,0,0,1,1,0,802643.6236,5821716.3625
108872,13.21475231261916,52.42733166570925,114873,114873,11,0,6,6,2018,11,17,6,3,5,2,2,0,1,0,0,0,0,0,786515.5788,5816927.982000001
108873,13.306593997549125,52.51168475987916,114874,114874,11,0,4,4,2018,7,18,6,2,3,6,0,0,1,0,1,0,0,0,792195.9819,5826672.3539
108874,13.299639192110467,52.51103608836566,114875,114875,11,0,4,4,2018,7,17,6,3,5,2,0,1,1,0,0,0,0,0,791728.6406,5826572.0936
108875,13.376432374859329,52.430889156717264,114876,114876,11,0,7,7,2018,3,15,3,3,5,3,0,0,1,0,0,0,0,0,797477.0808,5817977.3926
108876,13.463194472234855,52.5148058603548,114877,114877,11,0,2,2,2018,5,8,6,2,2,1,0,1,1,0,0,0,0,0,802794.1113,5827665.3953
108877,13.310127747094658,52.535781375761005,114878,114878,11,0,4,4,2018,10,18,4,3,0,1,2,0,0,0,1,0,0,0,792275.4235,5829365.0395
108878,13.29627417492138,52.579439553858826,114879,114879,11,0,12,12,2018,2,16,5,3,2,6,0,0,1,0,0,0,0,0,791047.0073,5834161.6392
108879,13.428549508693287,52.53212465853038,114880,114880,11,0,3,3,2018,11,17,5,3,6,4,2,1,0,1,0,0,0,0,800326.6245,5829445.379
108880,13.30604217594482,52.45012974622025,114881,114881,11,0,6,6,2018,9,8,2,3,3,6,0,0,1,0,0,1,0,0,792567.1688,5819828.2359
108881,13.385960684703734,52.44425029503906,114882,114882,11,0,7,7,2018,8,13,7,3,0,5,0,0,1,0,1,0,0,0,798034.1286,5819501.7579
108882,13.311235309652874,52.627896354851806,114883,114883,11,0,12,12,2018,10,14,3,3,2,6,0,0,1,0,0,0,0,0,791737.4517,5839608.2326
108883,13.411991950920925,52.54138968171837,114884,114884,11,0,3,3,2018,8,15,5,3,2,6,0,0,1,0,0,0,0,0,799141.2704,5830406.3018
108884,13.370572471123236,52.53997479490778,114885,114885,11,0,1,1,2018,4,14,7,2,5,2,0,0,1,0,0,0,0,0,796343.923,5830077.937000001
108885,13.392453689611047,52.430227634340824,114886,114886,11,0,7,7,2018,4,17,6,3,6,7,0,1,0,1,0,0,0,0,798570.0179999999,5817970.0149
108886,13.281079447673273,52.498975507717276,114887,114887,11,0,4,4,2018,6,15,6,3,2,6,0,0,1,0,0,0,0,0,790549.6009999999,5825156.6132
108887,13.576281022580092,52.505181892420815,114888,114888,11,0,10,10,2018,12,16,6,3,2,6,2,0,1,0,0,0,1,1,810529.9164,5827076.7603
108888,13.196634136856543,52.4180522315836,114889,114889,11,0,6,6,2018,9,18,1,3,2,6,1,0,1,0,0,0,0,1,785344.4692,5815824.7816
108889,13.460100421071449,52.55027286262026,114890,114890,11,0,3,3,2018,9,17,3,3,2,6,0,0,1,0,0,0,1,0,802340.2666,5831594.3895
108890,13.304424240947863,52.511351666889965,114891,114891,11,0,4,4,2018,6,17,2,3,2,6,0,0,1,0,0,0,0,0,792051.0504,5826626.5401
108891,13.467595223590353,52.51435236498283,114892,114892,11,0,2,2,2018,7,0,6,3,5,2,2,1,1,0,0,0,0,0,803095.6366,5827633.4832
108892,13.293534079742837,52.53650536083209,114893,114893,11,0,4,4,2018,5,14,7,3,2,6,0,0,1,0,1,0,0,0,791145.9403,5829378.36
108893,13.447443132667052,52.52639166405315,114894,114894,11,0,2,2,2018,2,12,5,3,6,4,0,0,1,1,0,0,0,0,801646.5795,5828887.0698
108894,13.339647847093177,52.478611214311826,114895,114895,11,0,7,7,2018,11,18,6,3,2,6,2,0,1,0,0,0,0,0,794658.8306,5823130.7023
108896,13.283488811011978,52.51766471682677,114897,114897,11,0,4,4,2018,10,7,4,3,2,6,0,0,1,0,0,0,1,0,790589.5859999999,5827243.6611
108897,13.459157434364865,52.49292807556874,114898,114898,11,0,9,9,2018,8,17,2,2,0,4,0,0,0,1,0,0,1,0,802670.823,5825216.8431
108898,13.348308257710647,52.481764234915886,114899,114899,11,0,7,7,2018,4,16,1,3,0,6,0,0,1,0,0,0,1,0,795225.438,5823516.568
108899,13.452502403923036,52.51837212389777,114900,114900,11,0,2,2,2018,4,13,1,3,5,3,0,1,1,0,0,0,0,1,802044.6235,5828016.9179
108900,13.476975534195054,52.51356195970008,114901,114901,11,0,11,11,2018,5,7,2,3,5,2,0,1,0,0,0,1,0,0,803737.1474,5827585.1104
108901,13.451454940453965,52.50946449083718,114902,114902,11,0,2,2,2018,10,17,3,3,5,2,1,1,1,0,0,0,0,1,802034.7626,5827022.4882
108902,13.385822663950224,52.4831691814835,114903,114903,11,0,7,7,2018,2,17,5,2,5,2,2,1,1,0,0,0,0,0,797761.6698,5823826.9246
108903,13.367631237762687,52.5155765775076,114904,114904,11,0,1,1,2018,12,19,7,2,1,7,2,0,1,0,0,0,0,1,796308.9791,5827354.017999999
108904,13.325814248061896,52.512942814126674,114905,114905,11,0,4,4,2018,9,8,3,3,5,3,0,0,1,0,1,0,0,0,793491.0109999999,5826890.246
108905,13.177812674549516,52.515898797075344,114906,114906,11,0,5,5,2018,8,13,4,3,2,6,0,0,1,0,0,0,1,0,783435.3002,5826626.7363
108906,13.462726174189038,52.49182922813592,114907,114907,11,0,9,9,2018,6,14,4,3,2,6,0,0,1,0,0,0,1,0,802920.49,5825109.6956
108907,13.453597610154484,52.51756246879937,114908,114908,11,0,2,2,2018,7,14,3,3,6,4,0,1,0,1,0,0,0,0,802124.4421,5827931.5176
108908,13.385807455472465,52.48221637496288,114909,114909,11,0,7,7,2018,2,23,5,3,2,6,2,0,1,0,0,0,0,1,797767.0802,5823720.9596
108909,13.386644047513421,52.51672988041917,114910,114910,11,0,1,1,2018,6,9,5,3,6,4,0,1,0,1,0,0,0,0,797590.3890000001,5827560.5117
108910,13.4511861258934,52.516016196391526,114911,114911,11,0,2,2,2018,5,14,2,3,2,6,0,0,1,0,0,0,0,0,801971.5531,5827749.5536
108911,13.398435277338901,52.57684495852715,114912,114912,11,0,3,3,2018,4,12,1,3,5,3,0,1,1,0,0,0,0,0,797981.9040000001,5834290.896000001
108912,13.297488407927966,52.51089628247496,114913,114913,11,0,4,4,2018,12,20,7,3,6,2,2,0,0,1,0,0,1,1,791583.7086,5826547.8547
108913,13.293478705792088,52.49226774836218,114914,114914,11,0,4,4,2018,10,22,3,2,9,1,2,0,1,0,0,0,0,1,791435.1146,5824461.0619
108914,13.411041636656588,52.518657762340275,114915,114915,11,0,1,1,2018,2,18,4,3,2,6,2,0,1,0,0,0,0,0,799231.5581,5827875.7726
108915,13.154972665294352,52.419095607186954,114916,114916,11,0,6,6,2018,7,18,2,3,8,1,0,0,1,0,0,0,0,0,782506.3587,5815776.9319
108916,13.314660680154327,52.5120185441189,114917,114917,11,0,4,4,2018,4,16,3,3,5,2,0,1,1,0,0,0,0,0,792740.8043,5826742.1729999995
108917,13.366088614824193,52.503538910985576,114918,114918,11,0,1,1,2018,7,13,5,3,2,6,0,0,1,0,0,0,0,0,796285.4327,5826009.7095
108918,13.491078823644306,52.4370956695489,114919,114919,11,0,9,9,2018,3,17,3,3,3,6,0,0,1,0,0,1,0,1,805222.8829,5819145.8911
108919,13.385076095677164,52.46225209783961,114920,114920,11,0,7,7,2018,5,11,3,3,2,6,0,0,1,0,0,0,0,0,797852.3983,5821498.9595
108920,13.386968241414616,52.4408958720369,114921,114921,11,0,7,7,2018,10,9,2,2,4,1,0,0,1,0,0,0,0,0,798125.2342,5819133.0843
108921,13.452910695406173,52.51268446051343,114922,114922,11,0,2,2,2018,2,11,4,3,3,6,0,1,1,0,0,0,0,0,802111.3707,5827386.4716
108922,13.328831115077794,52.477814229869544,114923,114923,11,0,4,4,2018,11,16,6,3,2,6,1,0,1,0,0,0,0,0,793930.0634,5822997.99
108923,13.331858154615956,52.60012269532933,114924,114924,11,0,12,12,2018,9,13,6,3,5,2,0,0,0,0,1,0,1,0,793318.0854,5836604.9355
108924,13.313270671101119,52.62112465637005,114925,114925,11,0,12,12,2018,8,16,4,3,0,7,0,1,1,0,0,0,0,0,791920.228,5838863.797
108925,13.388098782877789,52.43764687525057,114926,114926,11,0,7,7,2018,3,14,6,3,2,6,0,0,1,0,1,0,0,0,798223.9905,5818776.637999999
108926,13.425568404507167,52.51939777288654,114927,114927,11,0,1,1,2018,6,18,6,2,0,6,0,1,0,0,0,0,0,0,800211.4484,5828018.4146
108927,13.299796180791187,52.53431181686146,114928,114928,11,0,4,4,2018,6,6,1,2,8,7,0,0,1,0,0,0,0,0,791584.918,5829159.8555
108928,13.365457068636749,52.55824271119666,114929,114929,11,0,12,12,2018,8,22,2,3,1,5,2,0,1,0,1,0,0,0,795874.1973,5832087.3774
108929,13.463352491283212,52.49164162000168,114930,114930,11,0,9,9,2018,5,10,4,3,5,3,0,1,0,0,0,0,0,0,802964.2719,5825091.4748
108930,13.488504662570113,52.51224733299036,114931,114931,11,0,11,11,2018,4,10,3,3,2,6,0,0,1,0,0,0,0,0,804528.0179,5827487.6312
108931,13.39334749445414,52.51735218963256,114932,114932,11,0,1,1,2018,12,8,4,2,0,6,0,0,1,0,1,0,0,1,798040.7027,5827657.3698
108932,13.362788772205587,52.47386116162252,114933,114933,11,0,7,7,2018,9,15,4,3,2,6,0,0,1,0,1,0,0,0,796261.2433,5822697.517000001