,X,Y,OBJECTID_1,OBJECTID,ULAND,UREGBEZ,UKREIS,UGEMEINDE,UJAHR,UMONAT,USTUNDE,UWOCHENTAG,UKATEGORIE,UART,UTYP1,ULICHTVERH,IstRad,IstPKW,IstFuss,IstKrad,IstGkfz,IstSonstig,STRZUSTAND,LINREFX,LINREFY
108933,13.409375055192013,52.51737651691635,114934,114934,11,0,1,1,2018,9,22,5,3,0,1,2,0,1,0,1,0,0,0,799127.2745,5827726.4502
108934,13.508834860668133,52.457270720501874,114935,114935,11,0,9,9,2018,7,22,4,3,2,6,2,0,1,0,0,0,0,0,806288.7953,5821463.4406
108935,13.208943035237553,52.44720779884635,114936,114936,11,0,6,6,2018,7,14,4,3,2,6,0,0,1,0,0,0,0,0,785991.9693,5819114.253
108936,13.498865389086035,52.62119631281766,114937,114937,11,0,3,3,2018,5,8,4,3,2,6,0,0,0,0,0,1,0,0,804474.0253,5839640.4498
108937,13.348384823817293,52.48173303073233,114938,114938,11,0,7,7,2018,2,20,4,3,0,1,2,0,0,0,1,0,0,1,795230.843,5823513.413
108938,13.461080042871922,52.494149260369284,114939,114939,11,0,9,9,2018,11,6,3,3,6,7,2,0,0,1,0,0,1,1,802792.8536,5825360.6421
108939,13.295650449466764,52.58032929608305,114940,114940,11,0,12,12,2018,8,15,6,2,2,6,0,0,1,0,0,0,1,0,790998.8746,5834258.0161
108941,13.154963789939327,52.41898829938202,114942,114942,11,0,6,6,2018,10,14,1,3,1,5,0,1,1,0,0,0,1,0,782506.4422,5815764.9693
108942,13.454114737924195,52.51572945018076,114943,114943,11,0,2,2,2018,8,19,4,3,2,3,0,0,1,0,0,0,1,0,802172.098,5827729.9535
108943,13.418115525464273,52.523817888299945,114944,114944,11,0,1,1,2018,4,14,5,3,3,6,0,0,1,0,1,0,0,1,799676.0153,5828478.6871
108944,13.283565810106552,52.50856999712075,114945,114945,11,0,4,4,2018,4,16,5,3,2,6,0,0,1,0,0,0,0,0,790654.8890000001,5826233.0769
108945,13.366079694553413,52.50352869099943,114946,114946,11,0,1,1,2018,5,18,4,3,2,6,0,0,1,0,0,0,0,0,796284.8965,5826008.5369
108946,13.534983253723636,52.51033049587782,114947,114947,11,0,11,11,2018,12,13,4,3,5,3,0,1,1,0,0,0,0,0,807693.1164,5827471.9254
108947,13.451247743135374,52.50902579820522,114948,114948,11,0,2,2,2018,9,1,6,3,8,1,2,1,0,0,0,0,0,0,802023.7231,5826972.8617
108948,13.152234520358308,52.49788858804365,114949,114949,11,0,5,5,2018,9,7,2,3,2,6,0,0,1,0,0,0,0,0,781816.1089,5824524.5517
108949,13.398447797159017,52.571854720993535,114950,114950,11,0,3,3,2018,6,12,7,2,2,6,0,0,1,0,0,0,0,0,798016.6326,5833736.2935
108950,13.483306257547984,52.58306016701631,114951,114951,11,0,11,11,2018,7,7,5,3,5,2,0,1,1,0,0,0,0,0,803685.6120000001,5835336.1303
108951,13.385737495576446,52.469329730100505,114952,114952,11,0,7,7,2018,5,13,5,3,2,6,0,0,1,0,0,0,0,0,797849.4567,5822288.3513
108952,13.555779328009493,52.50885660360974,114953,114953,11,0,10,10,2018,2,18,4,3,2,6,0,0,1,0,0,0,0,0,809113.6893,5827397.0713
108953,13.295373627323773,52.580734476788045,114954,114954,11,0,12,12,2018,11,15,4,3,2,6,0,0,1,0,0,0,0,0,790977.4446,5834301.9346
108954,13.388018214776581,52.437873759282745,114955,114955,11,0,7,7,2018,12,19,2,3,6,4,2,1,0,1,0,0,0,1,798216.9838,5818801.5226
108955,13.424388260768964,52.53925468235683,114956,114956,11,0,3,3,2018,10,20,2,2,5,2,2,0,0,0,1,0,0,0,799995.902,5830220.527000001
108956,13.447425602044294,52.60190106997289,114957,114957,11,0,3,3,2018,8,2,7,2,9,1,2,0,1,0,0,0,0,0,801127.074,5837279.5542
108957,13.398218916306089,52.57132992817942,114958,114958,11,0,3,3,2018,4,7,6,3,2,6,0,0,1,0,0,0,0,0,798004.6955,5833677.0172
108958,13.34881756205257,52.48224548403238,114959,114959,11,0,7,7,2018,3,18,4,3,2,6,1,0,1,0,0,0,0,1,795256.7732,5823572.1429
108959,13.516878416146323,52.50997089454128,114960,114960,11,0,11,11,2018,5,14,6,2,9,1,0,0,0,0,1,0,0,0,806467.8940000001,5827354.8465
108960,13.36993939240991,52.542228957530746,114961,114961,11,0,1,1,2018,10,20,1,3,1,1,2,0,1,0,0,0,0,1,796285.821,5830325.8816
108961,13.247535160204912,52.614574460088946,114962,114962,11,0,12,12,2018,2,7,4,3,5,3,0,0,1,0,0,0,0,0,787516.4126,5837871.2385
108962,13.419491244117921,52.52508332445558,114963,114963,11,0,1,1,2018,11,18,5,3,6,2,2,0,0,1,0,0,1,0,799760.6536,5828625.0558
108963,13.269428088232456,52.43763362412546,114964,114964,11,0,6,6,2018,9,13,2,2,5,2,0,0,1,0,1,0,0,0,790162.8788,5818291.4671
108964,13.24756791547514,52.47857829484006,114965,114965,11,0,4,4,2018,8,11,1,3,3,6,0,0,1,0,0,0,0,0,788409.8866,5822754.9259
108965,13.47470448446065,52.51363102366506,114966,114966,11,0,2,2,2018,6,17,3,2,3,6,0,0,1,0,1,0,0,0,803582.6746,5827583.2213
108966,13.408236330076615,52.388438418279975,114967,114967,11,0,7,7,2018,7,8,3,2,5,3,0,0,1,0,1,0,0,0,799926.0003,5813390.7026
108967,13.360919070875509,52.49269837390828,114968,114968,11,0,7,7,2018,6,13,4,3,5,7,0,0,1,0,1,0,0,0,796007.6973,5824783.5703
108968,13.460261295864113,52.51524161324564,114969,114969,11,0,2,2,2018,5,15,1,3,0,2,0,1,1,0,0,0,0,0,802592.2243,5827701.5123
108969,13.30216609910578,52.44869390117999,114970,114970,11,0,6,6,2018,4,18,6,3,2,6,1,0,1,0,0,0,0,1,792313.4614,5819652.9342
108970,13.299955513176506,52.54711815956787,114971,114971,11,0,4,4,2018,12,22,5,2,3,6,2,0,1,0,0,0,1,1,791510.7598,5830583.9431
108971,13.478715843089946,52.62741412363478,114972,114972,11,0,3,3,2018,10,14,2,2,2,6,0,0,1,0,0,0,0,0,803068.0636,5840246.5036
108972,13.364934764774365,52.502209030771816,114973,114973,11,0,1,1,2018,7,19,7,3,2,6,0,0,1,0,0,0,0,0,796216.1227,5825857.155
108973,13.298262826669777,52.489359866362726,114974,114974,11,0,4,4,2018,4,11,2,3,2,6,0,0,1,0,0,0,1,1,791778.9663,5824157.1893
108974,13.428233329561062,52.56031213593688,114975,114975,11,0,3,3,2018,7,15,4,3,0,1,0,1,0,0,0,0,0,0,800112.5905,5832577.0006
108975,13.094676444460347,52.413352575080864,114976,114976,11,0,6,6,2018,3,17,1,3,2,6,0,1,1,0,0,0,0,0,778444.6987,5814904.3466
108976,13.368821648346286,52.54081000723361,114977,114977,11,0,1,1,2018,5,15,1,3,6,4,0,1,0,1,0,0,0,0,796219.6399,5830163.5728
108978,13.384033392380807,52.45782262515184,114979,114979,11,0,7,7,2018,10,12,3,3,2,6,0,0,1,0,1,0,0,0,797811.5381,5821002.3306
108979,13.476724015796973,52.51358433028965,114980,114980,11,0,11,11,2018,8,10,1,3,6,2,0,0,1,1,0,0,0,0,803719.9379,5827586.5372
108980,13.324036598895626,52.60766095547023,114981,114981,11,0,12,12,2018,4,13,7,3,6,7,0,0,1,1,0,0,0,0,792738.4057,5837410.9951
108981,13.359389498661445,52.57323514898743,114982,114982,11,0,12,12,2018,3,19,6,3,3,6,0,0,1,0,1,0,0,0,795362.2958,5833728.881
108982,13.280666120234642,52.499809264813784,114983,114983,11,0,4,4,2018,5,14,1,3,2,6,0,0,1,0,0,0,0,0,790516.0595,5825247.6217
108983,13.249435955820248,52.61641514639578,114984,114984,11,0,12,12,2018,10,6,3,3,9,1,2,0,1,0,0,0,0,1,787632.9361,5838083.429
108984,13.432992056862302,52.53632598974393,114985,114985,11,0,3,3,2018,2,13,4,3,2,6,0,0,1,0,0,0,1,0,800599.01,5829930.86
108985,13.366148632166636,52.55452139515617,114986,114986,11,0,1,1,2018,11,17,6,2,6,4,2,1,0,1,0,0,0,1,795946.1187,5831676.5966
108986,13.324895752124913,52.606705052360546,114987,114987,11,0,12,12,2018,9,14,3,3,2,6,0,0,1,0,0,0,0,0,792802.9256,5837308.2383
108987,13.301154792826877,52.511137236816,114988,114988,11,0,4,4,2018,8,10,3,3,2,6,0,0,1,0,0,0,0,0,791830.7523,5826589.4691
108988,13.283125207120953,52.51887274552576,114989,114989,11,0,4,4,2018,6,12,4,3,2,6,0,0,1,0,0,0,0,0,790556.9509999999,5827376.4704
108989,13.442027069444865,52.46275892167793,114990,114990,11,0,8,8,2018,7,19,3,3,3,6,0,0,1,0,0,0,1,0,801715.2816,5821791.9243
108990,13.387591930038283,52.438994809895135,114991,114991,11,0,7,7,2018,6,17,4,2,2,6,0,0,1,0,1,0,0,0,798180.4488,5818924.363
108991,13.390410184934751,52.6184899790261,114992,114992,11,0,3,3,2018,5,8,2,3,5,2,0,1,1,0,0,0,0,0,797156.1893,5838886.5082
108992,13.444172358632756,52.545428473840026,114993,114993,11,0,3,3,2018,4,16,7,3,2,6,0,0,1,0,0,0,0,0,801294.3277,5830989.2492
108993,13.349166373385826,52.475248795944935,114994,114994,11,0,7,7,2018,12,17,6,3,3,6,2,0,1,0,0,0,0,1,795327.3531,5822795.8957
108994,13.399101307155162,52.573294266959685,114995,114995,11,0,3,3,2018,10,18,3,3,2,6,1,0,1,0,0,0,0,1,798051.1134,5833898.9994
108995,13.371099536056635,52.470923408559244,114996,114996,11,0,7,7,2018,2,14,3,3,2,6,0,0,1,0,0,0,1,0,796845.1083,5822405.1536
108996,13.55276880130288,52.509358013804324,114997,114997,11,0,10,10,2018,7,20,1,2,3,6,1,1,1,0,0,0,0,0,808906.0134,5827439.8956
108997,13.305370538844542,52.483856795372894,114998,114998,11,0,4,4,2018,4,18,2,3,2,6,0,0,1,0,0,0,0,1,792297.7508,5823574.2949
108998,13.379130015657545,52.49895369406403,114999,114999,11,0,2,2,2018,7,14,4,3,3,6,0,0,1,0,1,0,0,0,797200.9464,5825553.7345
108999,13.387351036913365,52.510203385066205,115000,115000,11,0,1,1,2018,3,21,2,3,5,2,2,0,1,0,1,0,0,0,797682.4898,5826838.0243
113694,13.47501780066209,52.51359680686327,112695,112695,11,0,2,2,2018,1,15,4,3,6,4,0,0,1,1,0,0,0,1,803604.1562,5827580.7376
113704,13.29102205334021,52.5872590639955,112705,112705,11,0,12,12,2018,1,11,2,3,2,6,0,0,1,0,0,0,0,0,790639.5854,5835009.5891
113725,13.420578183153806,52.52601854332161,112726,112726,11,0,2,2,2018,1,9,3,3,6,4,0,0,1,1,0,0,0,0,799827.9618,5828733.5225
113736,13.348287757257555,52.48184446890705,112737,112737,11,0,7,7,2018,1,17,2,3,6,7,2,0,1,1,0,0,0,0,795223.5090000001,5823525.402000001
113746,13.403227969941064,52.58347153555882,112747,112747,11,0,3,3,2018,1,15,4,3,6,7,1,1,0,1,0,0,0,1,798261.3849,5835047.2599
113769,13.54844656360153,52.551094598125665,112770,112770,11,0,10,10,2018,1,5,2,2,2,6,2,0,1,0,0,0,0,0,808320.0275,5832060.0549
113791,13.256390429780573,52.485715410479344,112792,112792,11,0,4,4,2018,1,17,2,3,2,6,2,0,1,0,0,0,1,1,788961.8201,5823583.5421
113804,13.427251817705192,52.63382260807501,112805,112805,11,0,3,3,2018,1,16,5,3,2,6,2,0,1,0,0,0,0,1,799543.5822,5840743.3748
113819,13.41142938366917,52.51893298901639,112820,112820,11,0,1,1,2018,1,14,2,3,6,4,0,0,1,1,0,0,0,0,799255.9754,5827907.9726
113836,13.350204749497461,52.573889050417186,112837,112837,11,0,12,12,2018,1,21,7,3,0,1,2,0,0,0,1,0,0,1,794735.9234,5833763.9475
113847,13.41842747532813,52.52360287028389,112848,112848,11,0,1,1,2018,1,17,3,3,2,6,2,0,1,0,0,0,0,1,799698.6291,5828456.0854
113861,13.37773011345814,52.470102585373446,112862,112862,11,0,7,7,2018,1,16,4,3,2,6,2,0,1,0,0,0,0,1,797300.7087,5822341.2241
113891,13.432186282425508,52.53525526121538,112892,112892,11,0,3,3,2018,1,11,5,3,5,2,0,1,1,0,0,0,0,1,800551.7209999999,5829808.4924
113901,13.470896587056712,52.514173124813645,112902,112902,11,0,2,2,2018,1,8,2,3,5,2,0,1,1,0,0,0,0,0,803320.7292,5827627.4457
113920,13.394673449135981,52.51084845228657,112921,112921,11,0,1,1,2018,1,19,4,3,5,7,2,1,1,0,0,0,0,1,798174.6913,5826939.9775
113936,13.444588314541893,52.545602849591376,112937,112937,11,0,3,3,2018,1,6,5,3,5,2,2,0,1,0,0,0,0,0,801321.3169,5831010.3694
113946,13.506372166147644,52.4589929618538,112947,112947,11,0,9,9,2018,1,18,4,2,5,3,2,1,1,0,0,0,0,1,806109.6297,5821644.4035
113956,13.178150560572305,52.5160920667839,112957,112957,11,0,5,5,2018,1,15,1,3,5,3,0,0,1,0,0,0,0,0,783456.9675,5826649.5475
113979,13.377436148764534,52.4701186126868,112980,112980,11,0,7,7,2018,1,13,3,3,3,6,0,0,1,0,0,1,0,0,797280.6469,5822341.7941
113991,13.448554441199969,52.50495532996399,112992,112992,11,0,2,2,2018,1,11,7,3,6,4,0,1,0,1,0,0,0,0,801869.0006,5826509.1697
116008,13.373030297673186,52.515912802551384,113009,113009,11,0,1,1,2018,1,8,3,3,5,3,0,1,1,0,0,0,0,1,796672.8095,5827413.5909
116019,13.2841040222343,52.59704719993867,113020,113020,11,0,12,12,2018,1,7,6,3,0,7,1,0,0,0,1,0,0,1,790106.503,5836069.675
116045,13.379242324830994,52.436302056035025,113046,113046,11,0,7,7,2018,1,15,2,3,0,3,0,0,1,0,0,0,1,0,797631.464,5818590.607000001
116057,13.412477781386125,52.54097318258514,113058,113058,11,0,3,3,2018,1,10,5,3,6,2,0,0,0,1,0,0,1,1,799177.0292,5830362.0257
116086,13.429987925262186,52.55367547291049,113087,113087,11,0,3,3,2018,1,9,4,3,1,5,0,0,1,0,0,1,0,1,800276.8143,5831846.6682
116109,13.38449561781528,52.453129975714006,113110,113110,11,0,7,7,2018,1,0,1,2,2,6,2,0,1,0,0,0,0,0,797874.63,5820482.6623
116120,13.413642441762088,52.54813473368709,113121,113121,11,0,3,3,2018,1,14,4,3,0,6,0,0,0,0,1,0,1,1,799207.1836,5831162.846
116150,13.418577063687565,52.523739699605045,113151,113151,11,0,1,1,2018,1,17,4,2,2,6,2,0,1,0,0,0,0,1,799707.8377,5828471.9154
116163,13.36833543969034,52.5411110750749,113164,113164,11,0,1,1,2018,1,22,6,3,2,6,2,0,1,0,0,0,0,0,796184.661,5830195.038
116174,13.41162064397632,52.51893645078707,113175,113175,11,0,1,1,2018,1,9,3,3,2,6,0,0,1,0,0,0,1,0,799268.9196,5827909.1513
116193,13.411218844617741,52.51878227408954,113194,113194,11,0,1,1,2018,1,17,5,3,3,6,2,0,1,0,0,0,0,1,799242.7259999999,5827890.3472
116204,13.316416330477614,52.61708256889121,113205,113205,11,0,12,12,2018,1,7,3,3,6,2,1,0,1,1,0,0,0,2,792159.9652,5838427.2714
116214,13.288873460148698,52.53276686130412,113215,113215,11,0,4,4,2018,1,13,1,3,2,6,0,0,1,0,0,0,0,0,790854.7916,5828944.0052
116234,13.417693282246413,52.52344571586294,113235,113235,11,0,1,1,2018,1,12,2,3,5,3,0,1,0,0,0,0,1,0,799649.926,5828435.5662
116254,13.300399934002067,52.51108676567698,113255,113255,11,0,4,4,2018,1,19,4,3,2,6,2,0,1,0,0,0,0,0,791779.8953,5826580.8044
116266,13.433537462698839,52.53611592387846,113267,113267,11,0,3,3,2018,1,8,2,3,6,4,0,1,0,1,0,0,0,0,800637.4113,5829909.7867
116276,13.45367005838383,52.5188308631048,113277,113277,11,0,2,2,2018,1,8,5,3,5,3,0,1,1,0,0,0,0,1,802120.6408,5828072.7972
116301,13.29842667847929,52.5468653598867,113302,113302,11,0,4,4,2018,1,6,2,3,2,6,1,0,1,0,0,0,0,0,791408.8416,5830549.6616
116313,13.436527470986054,52.517642105059615,113314,113314,11,0,2,2,2018,1,8,5,2,5,3,0,1,1,0,0,0,0,1,800966.4920000001,5827868.9711
116323,13.35718628161246,52.48690005206903,113324,113324,11,0,7,7,2018,1,6,3,1,5,2,2,1,0,0,0,1,0,1,795793.405,5824123.7802
116334,13.427907841187515,52.56817241788378,113335,113335,11,0,3,3,2018,1,15,5,3,6,3,0,0,1,1,0,0,0,0,800036.825,5833449.2888
116350,13.386769444242251,52.469989788229455,113351,113351,11,0,7,7,2018,1,19,2,3,3,6,2,0,1,0,0,0,0,0,797915.041,5822365.976
116368,13.445667934104865,52.59762124258226,113369,113369,11,0,3,3,2018,1,22,7,3,2,6,2,0,1,0,0,0,0,0,801037.5087,5836796.5194
116379,13.413588585065872,52.55858736632785,113380,113380,11,0,3,3,2018,1,19,3,3,2,6,2,0,1,0,0,0,0,0,799132.3423,5832324.4023
116424,13.428509205778045,52.532090458862974,113425,113425,11,0,3,3,2018,1,11,6,3,1,5,0,1,1,0,0,0,0,0,800324.1264,5829441.4099
116436,13.283287264994824,52.49709232362771,113437,113437,11,0,4,4,2018,1,10,2,3,3,6,0,0,1,0,0,0,0,0,790711.8068,5824956.1909
116455,13.302292340250947,52.642452763558886,113456,113456,11,0,12,12,2018,1,12,4,3,2,6,0,0,1,0,0,0,1,1,791035.8465,5841190.0076
116467,13.387611444141196,52.438998106009024,113468,113468,11,0,7,7,2018,1,9,3,3,6,4,0,0,1,1,0,0,0,1,798181.752,5818924.81
116472,13.353232747538025,52.47970451983634,113473,113473,11,0,7,7,2018,1,16,5,2,5,3,0,1,1,0,0,0,0,1,795573.439,5823307.799
116483,13.375945866166088,52.429852988464155,113484,113484,11,0,7,7,2018,1,10,4,2,5,3,0,1,1,0,0,0,0,1,797451.0135,5817860.2201
116493,13.433489536680126,52.53584245611902,113494,113494,11,0,3,3,2018,1,17,1,3,3,6,2,0,0,0,1,0,1,0,800636.0337,5829879.1919
116515,13.417718712653814,52.52346813225133,113516,113516,11,0,1,1,2018,1,6,3,3,5,3,2,1,1,0,0,0,0,0,799651.4973,5828438.1634
116528,13.28145524439767,52.498850109141245,113529,113529,11,0,4,4,2018,1,16,2,3,2,6,2,0,1,0,0,0,1,0,790575.9212,5825144.1889
116538,13.288572290068212,52.49420220722888,113539,113539,11,0,4,4,2018,1,19,4,3,3,6,2,0,1,0,0,0,0,1,791089.4446,5824656.2663
116558,13.288770629099789,52.53274473108416,113559,113559,11,0,4,4,2018,1,22,6,3,2,6,2,0,1,0,0,1,0,0,790847.9678,5828941.1305
116584,13.317393344468815,52.45403538978914,113585,113585,11,0,6,6,2018,1,17,2,3,2,6,2,0,1,0,0,0,0,0,793312.0452,5820308.4273
116597,13.282238527714703,52.497764292720994,113598,113598,11,0,4,4,2018,1,17,5,3,2,6,2,0,1,0,0,0,0,0,790636.2253,5825026.6547
116630,13.460259548640854,52.51509808860533,113631,113631,11,0,2,2,2018,1,10,7,2,5,3,0,1,1,0,0,0,0,0,802593.0932,5827685.5529
116651,13.391033130651687,52.43207457271738,113652,113652,11,0,7,7,2018,1,20,2,3,0,1,2,0,0,0,1,0,0,2,798461.0121,5818169.4216
116663,13.381464097480494,52.509833338366796,113664,113664,11,0,1,1,2018,1,16,4,3,2,6,2,0,0,0,1,0,1,1,797285.7632,5826772.6067
116694,13.28278068524317,52.52871325261682,113695,113695,11,0,4,4,2018,1,10,5,3,3,6,0,0,1,0,0,1,0,1,790468.5846,5828468.8734
116704,13.384915524515085,52.44984707820401,113705,113705,11,0,7,7,2018,1,15,2,3,2,6,1,0,1,0,0,0,0,0,797925.3269,5820119.5101
116715,13.433953027840873,52.53716545743636,113716,113716,11,0,3,3,2018,1,8,3,2,6,4,0,0,1,1,0,0,0,0,800658.3963,5830028.1718
116734,13.283618355262472,52.517403413409745,113735,113735,11,0,4,4,2018,1,11,5,3,2,6,0,0,1,0,0,0,0,0,790600.0963,5827215.1388
116745,13.35225844286574,52.480046726735104,113746,113746,11,0,7,7,2018,1,6,3,3,6,2,2,0,1,1,0,0,0,1,795505.0232,5823341.8432
116755,13.56261331992391,52.567059166901856,113756,113756,11,0,10,10,2018,1,3,1,2,1,5,2,0,1,0,0,1,0,0,809167.3789,5833895.0872
116778,13.380259605804826,52.437694167337455,113779,113779,11,0,7,7,2018,1,20,3,2,6,2,2,0,1,1,0,0,0,1,797691.1729,5818749.5321
116797,13.365343050867615,52.473024090097894,113798,113798,11,0,7,7,2018,1,19,4,3,2,6,2,0,1,0,0,0,0,1,796440.2409999999,5822614.9706
116808,13.31120027445848,52.452035518328714,113809,113809,11,0,6,6,2018,1,18,3,2,6,4,2,0,1,1,0,0,0,1,792904.7962,5820060.9867
116819,13.579946955626426,52.505078994732074,113820,113820,11,0,10,10,2018,1,15,5,3,5,2,0,1,1,0,0,0,0,0,810779.2625,5827081.1194
116843,13.510905418109216,52.45581365038254,113844,113844,11,0,9,9,2018,1,8,2,3,5,2,0,1,1,0,0,0,0,0,806439.505,5821310.29
116854,13.311320405263093,52.62762084395929,113855,113855,11,0,12,12,2018,1,6,5,3,5,2,0,1,1,0,0,0,0,1,791745.0419,5839577.9539
116872,13.385808166938169,52.48226094944863,113873,113873,11,0,7,7,2018,1,22,6,3,2,6,2,0,1,0,0,0,0,0,797766.8271,5823725.9169
116882,13.467597781093955,52.514352111322786,113883,113883,11,0,2,2,2018,1,20,4,3,6,2,2,0,1,1,0,0,0,1,803095.8118,5827633.4658
116905,13.410859435859061,52.51854444192171,113906,113906,11,0,1,1,2018,1,23,7,3,6,7,2,0,1,1,0,0,0,0,799219.9755,5827862.4212
116916,13.562031024770231,52.50843719168783,113917,113917,11,0,10,10,2018,1,9,4,3,3,6,0,0,1,0,0,1,0,1,809540.5905,5827377.2795
116959,13.385741085244314,52.469472972418004,113960,113960,11,0,7,7,2018,1,13,6,3,5,2,0,0,1,0,0,0,0,0,797848.7320000001,5822304.2871
116970,13.374721245041528,52.509266322125605,113971,113971,11,0,1,1,2018,1,8,3,2,6,4,0,0,1,1,0,0,0,0,796832.3124,5826681.805
116988,13.45780719103437,52.49162010900975,113989,113989,11,0,9,9,2018,1,17,4,3,0,4,2,0,0,1,0,0,1,0,802588.2121,5825065.8033
116999,13.473496491151993,52.51376293979525,114000,114000,11,0,2,2,2018,1,9,3,2,6,4,0,0,1,1,0,0,0,1,803499.8524,5827592.7972
117000,13.286333232036032,52.49450584904808,115001,115001,11,0,4,4,2018,5,11,2,3,2,6,0,0,1,0,0,0,1,0,790935.5341,5824680.9823
117001,13.30531947141728,52.57254811352403,115002,115002,11,0,12,12,2018,10,5,2,3,2,6,2,0,1,0,0,0,0,0,791705.267,5833432.226
117002,13.247684196998756,52.61461872308218,115003,115003,11,0,12,12,2018,2,19,3,2,5,3,2,0,1,0,0,0,0,0,787526.2057,5837876.7536
117003,13.47669153720788,52.444190899747106,115004,115004,11,0,9,9,2018,11,14,4,3,2,6,0,0,1,0,0,1,0,0,804196.6638,5819873.7327
117004,13.364043977372322,52.50117922099562,115005,115005,11,0,1,1,2018,9,17,5,3,3,6,0,1,1,0,0,0,0,0,796162.6321,5825739.0344
117005,13.395025408166001,52.42506139465274,115006,115006,11,0,7,7,2018,8,14,3,3,0,6,0,0,1,0,1,0,0,0,798779.7175,5817406.4443
117006,13.369788139472256,52.54217919956192,115007,115007,11,0,1,1,2018,3,7,6,3,2,6,0,0,1,0,0,0,0,0,796275.9066,5830319.7293
117007,13.419047120634724,52.4609145989332,115008,115008,11,0,7,7,2018,6,5,6,3,3,6,0,0,1,0,0,1,0,0,800167.7813,5821491.0843
117008,13.36090175854335,52.49239598416669,115009,115009,11,0,7,7,2018,6,16,7,3,2,6,0,0,1,0,0,0,1,0,796008.556,5824749.8889999995
117009,13.405845926580314,52.566284774572324,115010,115010,11,0,3,3,2018,8,2,1,3,1,5,2,1,1,0,0,0,0,0,798555.5115,5833147.836
117010,13.467582900501268,52.51450636971446,115011,115011,11,0,2,2,2018,5,8,4,3,5,2,0,1,1,0,0,0,0,0,803093.7398,5827650.5482
117011,13.383921623993144,52.455252344956925,115012,115012,11,0,7,7,2018,4,12,3,3,3,6,0,0,1,0,0,0,0,0,797821.3148,5820716.188999999
117012,13.39831221982308,52.57959222935896,115013,115013,11,0,3,3,2018,12,16,3,3,5,7,2,0,1,0,0,0,1,1,797954.9187,5834595.7404
117013,13.29265264020962,52.44545716391872,115014,115014,11,0,6,6,2018,9,13,3,2,6,7,0,1,0,1,0,0,0,0,791688.7847,5819254.6768
117014,13.308118808692171,52.48667947448789,115015,115015,11,0,4,4,2018,9,9,5,3,2,6,0,0,1,0,0,0,0,0,792465.4963,5823899.1774
117015,13.536951487663979,52.53283674535946,115016,115016,11,0,10,10,2018,7,8,3,3,5,3,0,0,1,0,0,0,0,0,807669.0694,5829981.716
117016,13.388251312321453,52.437330271556654,115017,115017,11,0,7,7,2018,7,12,3,2,1,6,0,0,1,0,1,0,0,0,798236.4921,5818742.0786
117017,13.381653881855614,52.499181432598924,115018,115018,11,0,2,2,2018,5,13,4,2,3,6,0,1,1,0,0,0,0,0,797370.6096,5825589.4514
117018,13.389497369943616,52.496550755023605,115019,115019,11,0,2,2,2018,2,8,3,3,0,2,0,1,1,0,0,0,0,2,797920.4609999999,5825329.4296
117019,13.484369699350998,52.512807075192406,115020,115020,11,0,11,11,2018,11,12,2,2,5,3,0,1,0,0,0,0,0,0,804243.7540000001,5827532.386
117020,13.361517703689266,52.49660230657928,115021,115021,11,0,7,7,2018,8,20,5,3,2,2,0,0,1,0,1,0,0,0,796022.0563,5825219.9443
117022,13.281514669750324,52.50480922090607,115023,115023,11,0,4,4,2018,10,8,7,2,2,6,0,0,0,0,1,0,1,0,790540.6099,5825806.7943
117023,13.442308184636587,52.46301475494046,115024,115024,11,0,8,8,2018,8,7,4,3,3,6,0,0,0,0,1,0,1,0,801732.6142,5821821.5346
117024,13.363554688393267,52.56509005373243,115025,115025,11,0,12,12,2018,4,11,4,3,6,7,0,0,1,1,0,0,0,0,795699.2144,5832840.6442
117025,13.362679624203615,52.47388785055164,115026,115026,11,0,7,7,2018,4,11,5,2,2,6,0,0,1,0,1,0,0,0,796253.6557,5822700.0352
117026,13.476366790842766,52.51361610175546,115027,115027,11,0,11,11,2018,5,9,4,3,6,7,0,1,0,1,0,0,0,0,803695.4957,5827588.5636
117027,13.340602519084966,52.58718455054339,115028,115028,11,0,12,12,2018,11,16,6,3,5,3,0,0,0,0,1,0,1,0,793996.5917,5835202.5058
117028,13.425724859588614,52.529715806519754,115029,115029,11,0,3,3,2018,12,17,4,3,5,3,2,1,1,0,0,0,0,1,800151.6143,5829165.8786
117029,13.443035580166564,52.5168393745934,115030,115030,11,0,2,2,2018,9,11,5,3,5,2,0,1,0,0,0,0,0,0,801413.262,5827806.9395
117030,13.30622297806543,52.51166006861239,115031,115031,11,0,4,4,2018,8,15,6,3,5,2,0,1,1,0,0,0,0,0,792170.9851,5826668.106000001
117031,13.385631588696047,52.51009853799759,115032,115032,11,0,1,1,2018,6,18,6,3,3,6,0,1,1,0,0,0,0,0,797566.5934,5826819.2735
117032,13.403898681776592,52.56884582269214,115033,115033,11,0,3,3,2018,7,18,5,3,3,6,0,1,1,0,0,0,0,0,798406.2194,5833424.4233
117033,13.28861638477227,52.51035296925764,115034,115034,11,0,4,4,2018,5,10,4,3,6,4,0,0,1,1,0,0,0,0,790985.6297,5826451.6261
117034,13.367356030790576,52.55168923641006,115035,115035,11,0,1,1,2018,2,7,3,3,2,2,0,1,1,0,0,0,0,0,796047.0041,5831366.7644