,X,Y,OBJECTID_1,OBJECTID,ULAND,UREGBEZ,UKREIS,UGEMEINDE,UJAHR,UMONAT,USTUNDE,UWOCHENTAG,UKATEGORIE,UART,UTYP1,ULICHTVERH,IstRad,IstPKW,IstFuss,IstKrad,IstGkfz,IstSonstig,STRZUSTAND,LINREFX,LINREFY
117035,13.438809444234304,52.54133245480314,115036,115036,11,0,3,3,2018,11,12,3,3,2,6,0,0,1,0,0,1,0,0,800958.9909,5830511.5859
117036,13.456173307347813,52.54935744928753,115037,115037,11,0,3,3,2018,6,16,2,3,3,6,0,0,1,0,1,0,0,0,802080.4916,5831476.1766
117037,13.402881399904432,52.58077219152626,115038,115038,11,0,3,3,2018,12,16,7,3,6,3,2,0,1,1,0,0,0,0,798256.2689,5834745.7989
117038,13.295707470029425,52.491122885908396,115039,115039,11,0,4,4,2018,10,14,1,3,2,6,0,0,0,0,0,0,1,0,791593.9089,5824342.817000001
117039,13.455775423745546,52.461659787428424,115040,115040,11,0,8,8,2018,8,20,6,3,0,7,1,0,1,0,0,0,0,0,802656.172,5821727.3447
117040,13.328843766051948,52.477928802106895,115041,115041,11,0,4,4,2018,4,18,5,3,2,6,0,0,1,0,0,0,0,0,793930.1574,5823010.7762
117041,13.299770316497526,52.54663010415797,115042,115042,11,0,4,4,2018,3,21,2,3,9,1,2,0,1,0,0,0,0,0,791501.4487,5830528.946
117042,13.35149639572199,52.48053197535239,115043,115043,11,0,7,7,2018,5,16,5,3,2,6,0,0,1,0,1,0,0,0,795450.0531,5823392.6566
117043,13.389541931771596,52.43472854637,115044,115044,11,0,7,7,2018,10,15,6,2,6,7,0,0,1,1,0,0,0,0,798341.7572,5818458.2381
117044,13.384805258110568,52.62615861287613,115045,115045,11,0,3,3,2018,2,6,3,3,0,1,0,0,1,0,0,0,0,1,796725.0893,5839715.7502
117045,13.350911684998515,52.4732389692897,115046,115046,11,0,7,7,2018,11,15,5,3,9,7,0,0,0,0,0,0,1,0,795459.288,5822579.652000001
117046,13.420332800249135,52.52528444532893,115047,115047,11,0,1,1,2018,9,13,2,1,5,2,0,1,0,0,0,1,0,0,799816.3329,5828650.9094
117047,13.41894754058885,52.52457665602006,115048,115048,11,0,1,1,2018,8,14,7,3,0,7,0,0,0,0,1,0,0,1,799727.2487,5828566.4806
117048,13.385146489459448,52.43857936724074,115049,115049,11,0,7,7,2018,6,17,2,3,2,6,0,0,1,0,1,0,0,0,798017.1474,5818868.0873
117049,13.424198228458811,52.539295730120145,115050,115050,11,0,3,3,2018,7,18,2,3,5,2,0,0,1,0,0,0,0,0,799982.7433,5830224.2984
117050,13.369181613162105,52.54727255146202,115051,115051,11,0,1,1,2018,6,15,3,3,5,5,0,1,0,0,0,0,1,0,796200.4677,5830883.3561
117051,13.287053040395094,52.49416874319334,115052,115052,11,0,4,4,2018,5,9,7,2,8,1,0,0,0,0,1,0,0,0,790986.5958,5824646.4163
117052,13.361841044190953,52.41327628467192,115053,115053,11,0,7,7,2018,4,16,5,3,0,6,0,0,1,0,0,0,1,0,796604.1064,5815959.7221
117053,13.35047583410076,52.4737912762225,115054,115054,11,0,7,7,2018,12,17,4,3,3,6,1,0,1,0,0,0,0,0,795426.0014,5822639.2554
117054,13.471049689625525,52.56575788491927,115055,115055,11,0,3,3,2018,9,13,7,3,8,1,0,0,0,0,1,0,0,0,802975.2489,5833361.4645
117055,13.455459521294427,52.46176072984184,115056,115056,11,0,8,8,2018,7,12,7,2,2,6,0,0,1,0,0,0,0,0,802634.0325,5821737.2388
117056,13.401900066813353,52.413504165384396,115057,115057,11,0,7,7,2018,4,13,1,2,2,6,0,0,1,0,0,0,1,0,799325.1945,5816150.3749
117057,13.613024614118745,52.50476791945181,115058,115058,11,0,10,10,2018,7,12,2,3,2,6,0,0,1,0,0,0,0,0,813024.7533,5827189.6398
117058,13.335353058313672,52.465329758673725,115059,115059,11,0,7,7,2018,3,10,5,3,3,3,0,0,1,0,0,0,1,0,794456.1165,5821636.9411
117059,13.61782019031299,52.50465209494745,115060,115060,11,0,10,10,2018,5,13,7,2,5,3,0,1,1,0,0,0,0,0,813350.8071,5827197.5985
117060,13.475808718760721,52.51366573464775,115061,115061,11,0,11,11,2018,10,12,6,3,2,6,0,0,1,0,0,0,0,0,803657.3112,5827591.7294
117061,13.431404303462225,52.536605639242076,115062,115062,11,0,3,3,2018,2,22,2,3,0,7,2,1,0,0,0,0,0,0,800489.4893,5829955.3215
117062,13.385741082549385,52.469491704416406,115063,115063,11,0,7,7,2018,11,9,7,3,5,2,0,0,1,0,0,0,0,0,797848.6052,5822306.3691
117063,13.441887333807466,52.51695529599144,115064,115064,11,0,2,2,2018,9,15,3,3,3,6,0,1,1,0,0,0,0,0,801334.6120000001,5827815.0238
117064,13.286167858480438,52.49455505066646,115065,115065,11,0,4,4,2018,8,10,1,3,2,6,0,0,1,0,0,0,0,0,790923.9896,5824685.7841
117065,13.428180929033903,52.51893503503057,115066,115066,11,0,2,2,2018,3,10,6,3,3,6,0,0,1,0,0,0,0,0,800391.7396,5827977.8652
117066,13.413933368353375,52.54976520385802,115067,115067,11,0,3,3,2018,6,12,4,3,0,7,0,1,0,0,0,0,0,0,799215.7905,5831345.2759
117067,13.467466092564885,52.514365132719355,115068,115068,11,0,2,2,2018,10,11,4,3,2,2,0,0,1,0,1,0,0,0,803086.7926,5827634.3594
117068,13.399126219234633,52.5733675166837,115069,115069,11,0,3,3,2018,6,19,5,3,0,1,0,1,0,0,0,0,0,0,798052.303,5833907.244
117069,13.47019148232221,52.5140959150113,115070,115070,11,0,2,2,2018,8,14,6,3,6,4,0,0,1,1,0,0,0,0,803273.4501,5827615.897999999
117070,13.3121018290675,52.62502576495368,115071,115071,11,0,12,12,2018,4,11,2,3,5,3,0,1,1,0,0,0,0,0,791815.1786,5839292.6734
117071,13.419823970217678,52.52538909712089,115072,115072,11,0,1,1,2018,4,15,1,3,5,2,0,1,1,0,0,0,0,0,799781.125,5828660.425
117072,13.557726588982868,52.50874672759428,115073,115073,11,0,10,10,2018,12,18,1,3,2,6,2,0,1,0,0,0,0,1,809246.5126,5827393.2101
117073,13.303247668012887,52.551109840501844,115074,115074,11,0,12,12,2018,9,14,2,2,0,6,0,0,1,0,1,0,0,1,791707.3339,5831040.9445
117074,13.410936680193707,52.5231110526307,115075,115075,11,0,1,1,2018,9,14,3,3,6,4,0,0,0,1,0,0,1,0,799194.1423,5828370.3067
117075,13.49379851179452,52.467566831972256,115076,115076,11,0,9,9,2018,6,18,4,2,4,6,0,1,0,0,0,0,0,0,805196.5898,5822544.0589
117076,13.46322273143708,52.49168048886288,115077,115077,11,0,9,9,2018,7,13,2,3,2,6,0,0,1,0,0,1,0,0,802955.2012,5825095.2498
117077,13.427528984801269,52.51867775797297,115078,115078,11,0,2,2,2018,5,8,2,3,2,6,0,0,1,0,1,0,0,0,800349.2940000001,5827946.5536
117078,13.35034223844832,52.47477718809397,115079,115079,11,0,7,7,2018,2,7,2,2,3,6,0,0,1,0,0,0,1,1,795410.3224,5822748.2914
117079,13.347650509463,52.57442716777664,115080,115080,11,0,12,12,2018,11,11,1,3,5,3,0,0,1,0,0,0,0,1,794559.344,5833813.312999999
117081,13.430481911531867,52.62270491189522,115082,115082,11,0,3,3,2018,10,17,5,3,2,6,0,0,1,0,0,0,0,0,799838.1009999999,5839521.122
117082,13.424871863412266,52.53911703154293,115083,115083,11,0,3,3,2018,10,13,7,3,2,6,0,0,1,0,0,0,0,0,800029.6154,5830207.2406
117083,13.362287173612199,52.49841675748629,115084,115084,11,0,7,7,2018,2,20,2,3,1,5,2,0,1,0,0,0,1,1,796062.0501,5825424.7768
117084,13.368578980150373,52.50669833231879,115085,115085,11,0,1,1,2018,11,12,1,3,2,6,0,0,1,0,0,0,0,0,796433.0605,5826371.1094
117085,13.384573838618673,52.452698893830004,115086,115086,11,0,7,7,2018,9,15,4,3,5,2,0,0,1,0,0,0,0,0,797882.8543,5820435.0715
117086,13.377684555398474,52.4335487646001,115087,115087,11,0,7,7,2018,8,18,2,3,3,6,0,1,0,0,0,0,0,0,797544.2146,5818278.1628
117087,13.37663104357261,52.51626149318621,115088,115088,11,0,1,1,2018,3,10,6,3,0,1,0,0,0,0,0,0,1,1,796914.6120000001,5827467.1695
117088,13.474838841884425,52.51361635049953,115089,115089,11,0,2,2,2018,6,17,5,2,0,4,0,0,0,1,1,0,0,0,803591.8864,5827582.1562
117089,13.293168176164675,52.49261102801228,115090,115090,11,0,4,4,2018,6,15,6,3,2,6,0,0,1,0,0,0,0,0,791411.7743,5824497.9632
117090,13.33435609184167,52.51334642952948,115091,115091,11,0,4,4,2018,8,14,7,3,0,1,0,0,0,0,1,0,0,0,794067.5591,5826969.9102
117091,13.318018414701385,52.478253868648785,115092,115092,11,0,4,4,2018,5,15,4,2,0,1,0,0,0,0,1,0,0,0,793193.309,5823002.8547
117092,13.281218509574215,52.49879573342592,115093,115093,11,0,4,4,2018,4,13,2,3,3,6,0,0,1,0,0,0,0,0,790560.2211,5825137.1912
117093,13.293669583416907,52.510660613117295,115094,115094,11,0,4,4,2018,12,17,3,3,2,6,2,0,1,0,0,0,1,1,791326.2889,5826506.2245
117094,13.370236056540925,52.53992903977049,115095,115095,11,0,1,1,2018,9,9,3,3,5,2,0,1,1,0,0,0,0,0,796321.4327,5830071.4683
117095,13.591479199358885,52.505082790046536,115096,115096,11,0,10,10,2018,9,17,4,2,2,6,0,0,1,0,1,1,0,0,811561.3383,5827131.3121
117096,13.396038267631981,52.42329548645021,115097,115097,11,0,7,7,2018,6,16,4,3,5,2,0,0,1,0,0,0,0,0,798860.497,5817214.362000001
117097,13.398414316948395,52.57775913131513,115098,115098,11,0,3,3,2018,7,16,2,3,3,6,0,1,1,0,0,0,0,0,797974.2778,5834392.4177
117098,13.393772530534171,52.517256492418966,115099,115099,11,0,1,1,2018,7,16,3,3,3,6,0,1,1,0,0,0,0,0,798070.1706,5827648.4904
117099,13.384679465224714,52.46054447452661,115100,115100,11,0,7,7,2018,5,15,3,3,3,6,0,1,1,0,0,0,0,0,797837.0109999999,5821307.5241
117100,13.3164669469506,52.61407474474301,115101,115101,11,0,12,12,2018,2,19,1,2,1,5,2,0,1,0,0,0,0,1,792183.4405,5838093.1529
117101,13.343718466683429,52.583125181936424,115102,115102,11,0,12,12,2018,11,12,2,3,2,2,0,0,1,0,0,1,0,1,794234.7551,5834764.0286
117102,13.364959469342976,52.560819798289145,115103,115103,11,0,12,12,2018,8,16,5,3,2,6,0,0,1,0,0,0,0,0,795823.1290000001,5832371.7752
117104,13.32243686825788,52.60867316571015,115105,115105,11,0,12,12,2018,10,16,6,3,2,6,0,0,1,0,0,0,0,0,792623.4013,5837517.0017
117105,13.357088482925825,52.486789116834366,115106,115106,11,0,7,7,2018,8,14,3,3,0,2,0,0,1,0,0,0,1,0,795787.5143,5824111.0488
117106,13.389259683804266,52.497507136714056,115107,115107,11,0,2,2,2018,4,14,2,3,0,2,0,1,1,0,0,0,0,0,797897.8642,5825434.7473
117107,13.467503688856144,52.51451420362725,115108,115108,11,0,2,2,2018,4,15,4,3,5,3,0,0,1,0,1,0,0,0,803088.3147,5827651.0859
117108,13.35716811138924,52.48714405302325,115109,115109,11,0,7,7,2018,5,18,3,3,5,5,0,1,1,0,0,0,0,0,795790.5329999999,5824150.8261
117109,13.295586697827687,52.51077129951611,115110,115110,11,0,4,4,2018,11,13,6,3,4,6,0,1,0,0,0,0,0,0,791455.5688,5826526.2745
117110,13.354632653330723,52.485419849030045,115111,115111,11,0,7,7,2018,12,19,2,2,0,7,2,1,1,0,0,0,0,0,795630.0727,5823948.7882
117111,13.440830409281828,52.591783730821504,115112,115112,11,0,3,3,2018,9,13,5,2,2,7,0,0,1,0,1,0,0,0,800750.1365,5836127.4914
117112,13.371861201416351,52.515838634703684,115113,115113,11,0,1,1,2018,8,8,6,3,8,1,0,1,0,0,0,0,0,0,796594.0365,5827400.5374
117113,13.40294449038348,52.56931642448061,115114,115114,11,0,3,3,2018,6,10,6,3,5,3,0,1,1,0,0,0,0,0,798338.3990000001,5833472.778
117114,13.616113720954866,52.504773978546474,115115,115115,11,0,10,10,2018,7,18,4,3,2,6,0,0,1,0,0,0,1,0,813234.2089,5827203.7293
117115,13.388001692961865,52.49359535321107,115116,115116,11,0,2,2,2018,5,7,4,2,6,4,0,0,1,1,0,0,0,0,797838.9955,5824994.766
117116,13.47628909735047,52.48773948036675,115117,115117,11,0,9,9,2018,2,13,1,2,8,1,0,0,1,0,0,0,0,1,803868.8548,5824712.199
117117,13.456039042450502,52.4646123902569,115118,115118,11,0,8,8,2018,11,13,3,3,3,6,0,0,1,0,0,0,0,0,802653.7896,5822056.6169
117118,13.536969368629704,52.529601224358814,115119,115119,11,0,10,10,2018,6,14,1,2,1,7,0,0,0,0,0,1,1,0,807692.9291,5829622.1899
117119,13.178930239848414,52.51654415788703,115120,115120,11,0,5,5,2018,12,15,5,3,2,2,2,0,1,0,0,0,0,0,783506.925,5826702.8652
117120,13.356959462393133,52.486910883662716,115121,115121,11,0,7,7,2018,10,13,7,3,5,3,0,1,1,0,0,0,0,0,795777.942,5824124.054
117121,13.413693029489002,52.540875722395384,115122,115122,11,0,3,3,2018,8,17,5,3,0,1,0,0,1,0,1,0,0,0,799260.0472,5830356.2384
117122,13.424652810128546,52.53919113113386,115123,115123,11,0,3,3,2018,4,7,4,3,2,6,0,0,0,0,1,0,1,0,800014.2643,5830214.5647
117123,13.464072921276465,52.51471336658738,115124,115124,11,0,2,2,2018,3,12,7,3,2,6,0,0,1,0,0,0,0,0,802854.3129,5827658.8048
117124,13.367020949308126,52.50446751722832,115125,115125,11,0,1,1,2018,5,17,5,3,3,6,0,1,1,0,0,1,0,0,796342.416,5826116.7538
117125,13.437074078768447,52.53983969951086,115126,115126,11,0,3,3,2018,10,6,5,3,5,3,2,1,0,0,1,0,0,1,800851.6111,5830338.4269
117126,13.289977755534213,52.493956074099245,115127,115127,11,0,4,4,2018,2,5,1,3,9,1,0,0,1,0,0,0,0,0,791186.4232,5824634.5815
117127,13.476674087433492,52.5134419515705,115128,115128,11,0,11,11,2018,11,10,3,3,5,2,0,1,0,0,0,0,1,0,803717.5354,5827570.5023
117128,13.378172729568265,52.43457016559032,115129,115129,11,0,7,7,2018,9,11,7,3,2,6,0,0,1,0,0,0,1,0,797570.4887,5818393.7015
117129,13.475189398644273,52.51371950810685,115130,115130,11,0,2,2,2018,8,14,6,2,6,4,0,0,1,1,0,0,0,0,803614.945,5827595.0978
117130,13.286465711980874,52.5933483454166,115131,115131,11,0,12,12,2018,6,7,2,3,3,6,0,0,1,0,0,1,0,0,790290.8301,5835668.0535
117131,13.476455650394053,52.51346248150846,115132,115132,11,0,11,11,2018,3,10,6,3,2,2,0,0,1,0,0,0,0,0,803702.5818,5827571.8639
117132,13.258354227840044,52.508525826556614,115133,115133,11,0,4,4,2018,7,7,2,3,6,4,0,0,1,1,0,0,0,0,788945.3066,5826126.8482
117133,13.464395148765517,52.45046785750153,115134,115134,11,0,9,9,2018,6,9,3,3,2,6,0,0,1,0,0,0,0,0,803318.3624,5820519.6187
117134,13.314089543873092,52.51198105454504,115135,115135,11,0,4,4,2018,8,10,4,3,6,4,0,1,0,1,0,0,0,0,792702.3224,5826735.6874
117135,13.387339556444061,52.43895217834471,115136,115136,11,0,7,7,2018,5,17,5,3,2,6,0,0,1,0,0,0,1,0,798163.5943,5818918.582
117136,13.39627217186398,52.423493739639646,115137,115137,11,0,7,7,2018,4,6,5,3,5,2,0,1,0,0,0,0,1,0,798875.0481,5817237.3656
117137,13.399119203392267,52.58015562383866,115138,115138,11,0,3,3,2018,12,5,3,3,8,1,2,0,1,0,0,0,0,1,798005.7320000001,5834661.6986
117138,13.283413266289834,52.51824162262458,115139,115139,11,0,4,4,2018,9,12,7,3,2,6,0,0,1,0,0,0,0,0,790580.6523,5827307.4808
117139,13.310213869479286,52.451676450799425,115140,115140,11,0,6,6,2018,9,15,1,3,2,1,0,0,1,0,0,0,0,0,792840.197,5820017.073
117140,13.258076981692223,52.50850658191777,115141,115141,11,0,4,4,2018,7,20,6,3,3,6,0,0,1,0,0,0,0,0,788926.6298,5826123.5983
117141,13.365418393468811,52.558434621507395,115142,115142,11,0,12,12,2018,7,13,6,3,2,6,0,0,1,0,0,1,0,0,795870.2845,5832108.5492
117142,13.451351073647569,52.548480919623785,115143,115143,11,0,3,3,2018,3,17,4,3,2,6,2,1,1,0,0,0,0,0,801759.7891,5831358.5512
117143,13.581286832398579,52.50508524461584,115144,115144,11,0,10,10,2018,5,15,6,3,2,2,0,0,1,0,0,0,0,0,810870.0873,5827087.5902
117144,13.376665636795902,52.43137905079629,115145,115145,11,0,7,7,2018,10,12,5,3,3,6,0,0,1,0,0,1,0,0,797489.625,5818032.8045
117145,13.450212792299904,52.51611453065746,115146,115146,11,0,2,2,2018,2,10,7,3,6,7,0,0,1,1,0,0,0,0,801904.8811,5827756.4067
117146,13.385737258421214,52.469320243674794,115147,115147,11,0,7,7,2018,11,11,6,3,2,6,0,0,1,0,0,0,0,0,797849.5047,5822287.2959
117147,13.377411242074974,52.50956337065021,115148,115148,11,0,1,1,2018,9,12,2,3,5,3,0,0,1,0,0,1,0,0,797012.7356,5826725.8984
117148,13.36375055885442,52.53610433232768,115149,115149,11,0,1,1,2018,8,14,7,3,2,1,0,0,1,0,0,0,0,0,795907.6590000001,5829619.7129999995
117149,13.470217801163404,52.48321255747094,115150,115150,11,0,9,9,2018,3,17,6,2,9,7,0,0,1,0,0,0,1,0,803488.1281,5824183.4945
117150,13.280694167434454,52.49977193872743,115151,115151,11,0,4,4,2018,10,6,3,3,2,6,1,0,1,0,0,0,1,0,790518.2084,5825243.5858
117151,13.347741536649051,52.57441317659165,115152,115152,11,0,12,12,2018,6,12,5,3,5,2,0,0,1,0,0,1,0,0,794565.6020000001,5833812.13
117152,13.452483409944675,52.51842503830726,115153,115153,11,0,2,2,2018,8,15,6,3,5,2,0,1,1,0,0,0,0,0,802042.9723,5828022.7195
117153,13.390551813322434,52.61860197198946,115154,115154,11,0,3,3,2018,3,20,2,3,5,2,2,1,1,0,0,0,0,1,797165.0107,5838899.5406
117154,13.297315170520385,52.54341088938834,115155,115155,11,0,4,4,2018,4,19,7,3,2,6,0,0,1,0,1,0,0,0,791356.429,5830161.1984
117155,13.385826868964072,52.483546402559156,115156,115156,11,0,7,7,2018,4,12,7,3,2,6,0,0,1,0,0,0,0,0,797759.4045,5823868.8692
117156,13.462887095694086,52.5508816462008,115157,115157,11,0,3,3,2018,6,12,6,3,0,1,0,0,0,0,1,0,0,1,802524.8765,5831673.748
117157,13.416188937420506,52.540538839363954,115158,115158,11,0,3,3,2018,12,17,6,3,6,2,2,0,1,1,0,0,0,1,799431.4843,5830329.1611
117158,13.375684867846802,52.42929731048307,115159,115159,11,0,7,7,2018,9,12,2,2,5,3,0,1,0,0,0,1,0,0,797437.0271,5817797.3823
117159,13.433318828030036,52.5362206706185,115160,115160,11,0,3,3,2018,9,18,3,3,3,6,0,0,0,0,1,0,0,0,800621.877,5829920.517000001
117160,13.448600829302952,52.50503085638064,115161,115161,11,0,2,2,2018,6,16,3,3,0,4,0,1,0,1,0,0,0,0,801871.6286,5826517.7583
117161,13.453440504692773,52.51491170426012,115162,115162,11,0,2,2,2018,7,17,7,3,3,6,0,0,1,0,0,0,0,0,802131.9984,5827636.2393
117162,13.360835449400664,52.49178350652118,115163,115163,11,0,7,7,2018,5,13,1,3,2,6,0,0,1,0,0,0,0,0,796008.1755,5824681.5408
117163,13.297948724442508,52.51092620686448,115164,115164,11,0,4,4,2018,2,18,6,2,6,4,2,1,0,1,0,0,0,0,791614.7274,5826553.0423
117164,13.524023066147276,52.50971523473408,115165,115165,11,0,11,11,2018,11,6,7,1,6,4,2,0,1,1,0,0,0,0,806954.1768,5827356.8254
117166,13.099439911273038,52.413805238728685,115167,115167,11,0,6,6,2018,10,11,4,3,5,7,0,1,1,0,0,0,0,0,778765.6227,5814973.042
117167,13.374585009240484,52.427164918622005,115168,115168,11,0,7,7,2018,8,15,2,3,5,2,0,1,1,0,0,0,0,0,797376.6723,5817555.8405
117168,13.196535245818467,52.41997218599844,115169,115169,11,0,6,6,2018,4,12,1,3,2,2,0,0,1,0,0,0,0,0,785325.3387,5816037.8019
117169,13.206094566404808,52.51119530895185,115170,115170,11,0,5,5,2018,4,11,2,3,0,7,0,1,0,0,0,0,0,0,785383.6439,5826215.4643
117170,13.457855488057284,52.49196081589433,115171,115171,11,0,9,9,2018,5,16,2,3,2,6,0,0,1,0,0,0,0,0,802589.1468,5825103.8738
117171,13.258339674234135,52.508524832558486,115172,115172,11,0,4,4,2018,10,18,3,3,6,4,1,0,1,1,0,0,0,1,788944.3261,5826126.6794
117172,13.377436148764534,52.4701186126868,115173,115173,11,0,7,7,2018,2,11,6,3,3,6,0,0,1,0,0,0,1,0,797280.6469,5822341.7941
117173,13.283915386804436,52.49633519939868,115174,115174,11,0,4,4,2018,12,17,1,3,2,6,2,0,1,0,0,0,0,1,790759.4186,5824874.5673
117174,13.548455499143655,52.55110537785363,115175,115175,11,0,10,10,2018,9,9,4,3,2,6,0,0,1,0,0,0,0,0,808320.5572,5832061.2912
117175,13.398984121028032,52.57341786658517,115176,115176,11,0,3,3,2018,8,16,5,3,5,2,0,1,1,0,0,0,0,1,798042.3386,5833912.2524
117176,13.448179008293298,52.5253170620376,115177,115177,11,0,2,2,2018,6,19,5,3,0,7,0,1,0,0,0,0,0,0,801703.8377,5828770.7121
117177,13.36732993832482,52.53147757514865,115178,115178,11,0,1,1,2018,7,14,3,3,3,6,0,0,0,0,1,1,0,0,796181.4288,5829120.1548
117178,13.385496698571286,52.46937287511607,115179,115179,11,0,7,7,2018,2,9,5,3,5,3,0,1,1,0,0,0,0,0,797832.82,5822292.1526
117179,13.385502837657947,52.46650724191775,115180,115180,11,0,7,7,2018,11,11,7,3,0,6,0,0,1,0,0,0,1,0,797852.6076,5821973.6699
117180,13.448696046231493,52.52455525952103,115181,115181,11,0,2,2,2018,6,16,5,3,1,7,0,0,1,0,0,0,0,0,801744.1161,5828688.2052
117181,13.190782139193235,52.51428960703477,115182,115182,11,0,5,5,2018,5,14,3,3,3,6,0,0,1,0,1,0,0,0,784325.1801,5826498.9238
117182,13.289088791712176,52.4941764434515,115183,115183,11,0,4,4,2018,12,17,1,3,8,1,2,0,1,0,0,0,0,1,791124.6559,5824655.4873
117183,13.427155997108796,52.46158978467982,115184,115184,11,0,7,7,2018,10,9,5,3,2,6,0,0,1,0,0,0,0,0,800713.6939,5821599.8946
117184,13.307784023653765,52.511759748794525,115185,115185,11,0,4,4,2018,2,15,5,3,5,2,0,1,1,0,0,0,0,0,792276.1856,5826685.5119
117185,13.303629478059785,52.449223384074315,115186,115186,11,0,6,6,2018,7,14,2,2,5,2,0,1,1,0,0,0,0,0,792409.3321,5819717.7148
117186,13.459198732613425,52.4928734923465,115187,115187,11,0,9,9,2018,4,10,3,3,5,2,0,0,1,0,0,0,0,0,802674.0,5825210.9498
117187,13.574339613232477,52.505197236039294,115188,115188,11,0,10,10,2018,7,10,7,2,5,3,0,1,1,0,0,0,0,0,810398.1440000001,5827070.1059
117188,13.27776323954684,52.509830949671105,115189,115189,11,0,4,4,2018,3,19,4,3,5,3,2,1,1,0,0,0,0,0,790253.0363,5826349.8621
117189,13.191602375607802,52.42637167130222,115190,115190,11,0,6,6,2018,5,16,3,3,0,6,0,0,1,0,0,0,1,0,784948.7865,5816729.6508
117190,13.407889143795707,52.51567381068134,115191,115191,11,0,1,1,2018,10,15,2,3,3,6,0,0,1,0,1,0,0,1,799038.0999,5827531.0355
117191,13.281768585751898,52.51008992912198,115192,115192,11,0,4,4,2018,2,13,4,3,6,4,0,0,1,1,0,0,0,0,790522.9638,5826394.7777
117192,13.385740864258766,52.46946415529701,115193,115193,11,0,7,7,2018,11,10,7,3,5,2,0,0,1,0,0,0,1,0,797848.7766,5822303.3062
117193,13.401725357965319,52.51133828868658,115194,115194,11,0,1,1,2018,9,16,6,3,5,7,0,1,1,0,0,0,0,0,798649.587,5827023.607000001
117194,13.262449559185452,52.50876011916184,115195,115195,11,0,4,4,2018,8,12,4,2,2,6,0,0,1,0,0,0,0,0,789221.5169,5826169.3078
117195,13.283015680029946,52.52905361577106,115196,115196,11,0,4,4,2018,3,7,6,3,3,6,0,0,1,0,0,1,0,1,790482.2661,5828507.6523
117196,13.271432835095847,52.438256464865646,115197,115197,11,0,6,6,2018,8,22,2,2,5,3,2,0,1,0,0,0,0,0,790294.9635,5818368.7578
117197,13.451193415721946,52.508910772785576,115198,115198,11,0,2,2,2018,4,11,2,3,0,7,0,1,0,0,0,0,0,0,802020.8285,5826959.8496
117198,13.271374109530766,52.43842715944293,115199,115199,11,0,6,6,2018,4,15,3,2,5,2,0,0,1,0,1,0,0,0,790289.8509999999,5818387.4946
117199,13.332151731237314,52.513193480228594,115200,115200,11,0,4,4,2018,5,7,3,3,5,3,0,1,0,0,0,0,0,0,793919.0987,5826943.922
117200,13.293725904191964,52.537235910939614,115201,115201,11,0,4,4,2018,10,14,4,3,2,6,0,0,1,0,1,0,0,0,791154.1024,5829460.3366
117201,13.379069906686931,52.50967487117365,115202,115202,11,0,1,1,2018,2,21,4,2,5,7,2,0,0,0,1,0,1,0,797124.468,5826745.125
117202,13.531431069850134,52.51026344307333,115203,115203,11,0,11,11,2018,12,18,2,3,2,6,2,0,1,0,0,0,1,0,807452.7045,5827449.3192
117203,13.416233892710586,52.52206803787062,115204,115204,11,0,1,1,2018,9,18,4,3,5,2,0,1,1,0,0,0,0,0,799560.3725,5828276.3767
117204,13.537642628985695,52.536614276253346,115205,115205,11,0,10,10,2018,8,13,5,3,5,7,0,0,1,0,1,0,0,1,807689.4661,5830404.5089
117205,13.385864231693382,52.48697910169086,115206,115206,11,0,2,2,2018,6,19,5,2,5,7,0,0,1,0,1,0,0,0,797738.7284,5824250.5599
117206,13.427811996336596,52.51891181005796,115207,115207,11,0,2,2,2018,7,7,4,3,3,6,0,1,0,0,0,0,0,0,800366.8841,5827973.7467
117207,13.368878426363795,52.50731790486653,115208,115208,11,0,1,1,2018,2,18,4,2,5,3,2,0,1,0,1,0,0,0,796449.195,5826441.205
117208,13.407032249829351,52.46180000878897,115209,115209,11,0,7,7,2018,11,2,2,3,2,1,2,0,1,0,0,0,1,0,799346.0629,5821539.5775
117209,13.24996546147626,52.50800716971261,115210,115210,11,0,4,4,2018,6,18,6,3,2,6,0,0,1,0,0,0,1,0,788379.7682,5826035.6185
117210,13.467498973599213,52.514514669944546,115211,115211,11,0,2,2,2018,5,20,3,2,5,2,0,0,1,0,1,0,0,0,803087.9918,5827651.1179
117211,13.279896741939881,52.5003799636301,115212,115212,11,0,4,4,2018,12,15,5,3,2,6,0,0,1,0,0,0,0,1,790460.103,5825307.957
117212,13.48272910345266,52.51283967328384,115213,115213,11,0,11,11,2018,10,16,5,3,5,3,0,1,0,0,0,0,0,0,804132.2809,5827529.0872
117213,13.310150017228867,52.56416025773074,115214,115214,11,0,12,12,2018,2,17,4,3,3,6,2,0,1,0,0,1,0,0,792088.1953,5832519.4738
117214,13.447471663160467,52.4633195983295,115215,115215,11,0,8,8,2018,7,12,3,3,2,6,0,0,1,0,0,0,0,0,802081.0587,5821877.0235
117215,13.28329112325896,52.497088393086976,115216,115216,11,0,4,4,2018,4,14,4,2,2,6,0,0,1,0,0,0,1,0,790712.0945,5824955.7696
117216,13.4197257520178,52.52529667919363,115217,115217,11,0,1,1,2018,7,17,2,2,5,2,0,0,1,0,0,1,0,0,799775.0967,5828649.7446
117217,13.324972433215883,52.60661161199185,115218,115218,11,0,12,12,2018,3,14,5,3,2,6,0,0,1,0,0,0,0,1,792808.7385,5837298.1641