,X,Y,OBJECTID_1,OBJECTID,ULAND,UREGBEZ,UKREIS,UGEMEINDE,UJAHR,UMONAT,USTUNDE,UWOCHENTAG,UKATEGORIE,UART,UTYP1,ULICHTVERH,IstRad,IstPKW,IstFuss,IstKrad,IstGkfz,IstSonstig,STRZUSTAND,LINREFX,LINREFY
117218,13.45113286837348,52.509752541443284,115219,115219,11,0,2,2,2018,5,15,4,3,3,6,0,1,1,0,0,0,0,0,802010.9437,5827053.1546
117219,13.36843417531985,52.50645514465196,115220,115220,11,0,1,1,2018,10,7,3,3,2,6,0,0,1,0,1,0,0,1,796424.8779,5826343.4842
117220,13.493162695914538,52.43629310466753,115221,115221,11,0,9,9,2018,2,1,4,2,3,6,2,0,1,0,0,0,0,0,805369.9886,5819065.5067
117221,13.281185845932155,52.49883795978682,115222,115222,11,0,4,4,2018,11,16,2,3,2,6,1,0,1,0,0,0,0,0,790557.7266,5825141.7531
117222,13.364402286593055,52.56380149782031,115223,115223,11,0,12,12,2018,9,12,6,3,5,2,0,0,1,0,0,0,0,0,795765.3029,5832700.9011
117223,13.320572225341165,52.454852481935156,115224,115224,11,0,6,6,2018,8,18,5,2,2,6,0,0,1,0,1,0,0,0,793522.4638,5820412.1727
117224,13.398791986660138,52.57236616046653,115225,115225,11,0,3,3,2018,6,10,7,3,5,2,0,1,1,0,0,0,0,0,798036.4686,5833794.5627
117225,13.327034643511341,52.47781702518536,115226,115226,11,0,4,4,2018,3,14,6,3,2,6,0,0,1,0,0,0,1,0,793808.1234,5822990.9825
117226,13.350717658778601,52.48315545004881,115227,115227,11,0,7,7,2018,6,18,7,2,1,5,0,0,0,0,0,1,1,0,795379.6099,5823681.0639
117227,13.411064144844325,52.518671761470614,115228,115228,11,0,1,1,2018,6,16,2,3,3,6,0,0,1,0,0,0,0,0,799232.9890000001,5827877.422
117228,13.38065059304064,52.438119297683194,115229,115229,11,0,7,7,2018,8,15,4,3,2,6,0,0,1,0,0,0,0,0,797714.8624,5818798.397000001
117229,13.311238221092706,52.481081576183406,115230,115230,11,0,4,4,2018,5,9,5,3,2,6,0,0,1,0,0,0,0,0,792714.3663,5823289.6208
117230,13.553876185994643,52.5093256154254,115231,115231,11,0,10,10,2018,4,5,4,3,2,6,1,0,1,0,0,0,0,0,808981.3359999999,5827441.04
117231,13.420677566468658,52.52087056660946,115232,115232,11,0,1,1,2018,12,21,6,3,6,4,2,1,0,1,0,0,0,0,799869.8039,5828161.7557
117232,13.428062662233472,52.51893146830793,115233,115233,11,0,2,2,2018,9,8,6,3,3,6,0,0,1,0,0,0,0,0,800383.7453,5827976.976
117233,13.363874760823913,52.414152195632795,115234,115234,11,0,7,7,2018,9,20,6,3,5,3,2,0,1,0,0,0,0,0,796736.4426,5816065.4345
117234,13.437174743979185,52.53407653701861,115235,115235,11,0,3,3,2018,7,18,5,3,0,2,0,0,1,0,0,0,1,0,800897.8872,5829698.2943
117235,13.444984717720573,52.545524488263396,115236,115236,11,0,3,3,2018,7,8,6,2,5,2,0,1,1,0,0,0,0,0,801348.7145,5831003.3173
117236,13.215668528631939,52.42754935939425,115237,115237,11,0,6,6,2018,3,6,3,2,6,4,0,1,0,1,0,0,0,0,786576.4199,5816955.8161
117237,13.458284963611472,52.492289521576026,115238,115238,11,0,9,9,2018,5,14,5,3,2,6,0,0,1,0,1,0,0,0,802616.0237,5825142.2098
117238,13.381682057514508,52.470061319720756,115239,115239,11,0,7,7,2018,2,7,4,3,2,2,0,0,1,0,0,0,1,0,797569.2368,5822352.9306
117239,13.403809319168765,52.512585611230776,115240,115240,11,0,1,1,2018,11,19,5,3,2,6,2,0,1,0,0,0,0,0,798782.4359,5827170.8771
117240,13.281924432673907,52.50993468914403,115241,115241,11,0,4,4,2018,9,11,1,2,5,2,0,0,1,0,0,0,0,0,790534.5582,5826378.1504
117241,13.359053226911273,52.57338485321636,115242,115242,11,0,12,12,2018,8,8,7,3,5,2,0,0,1,0,0,0,1,0,795338.5166,5833744.142000001
117242,13.398381967716686,52.579170065772495,115243,115243,11,0,3,3,2018,3,17,5,3,0,6,0,0,0,0,0,0,1,0,797962.5076,5834549.1063
117244,13.314402977753826,52.512001628355634,115245,115245,11,0,4,4,2018,10,11,3,3,2,6,0,0,1,0,0,0,1,0,792723.4409,5826739.2466
117245,13.365501269341964,52.55797232659382,115246,115246,11,0,1,1,2018,8,13,5,3,5,3,0,0,1,0,1,0,0,0,795879.0131,5832057.5059
117246,13.468552137777063,52.4843368476194,115247,115247,11,0,9,9,2018,4,11,6,3,0,7,0,1,1,0,0,0,0,0,803367.358,5824301.4458
117247,13.282894919506301,52.44182185404954,115248,115248,11,0,6,6,2018,4,16,6,2,2,2,0,1,1,0,0,0,0,0,791050.0490000001,5818811.2158
117248,13.2951761416917,52.53952072175346,115249,115249,11,0,4,4,2018,5,19,5,3,2,6,0,0,1,0,0,0,0,0,791237.2536,5829720.1556
117249,13.438526261120794,52.46271357486522,115250,115250,11,0,8,8,2018,12,8,6,3,2,1,0,0,1,0,0,0,0,1,801477.9299,5821772.25
117250,13.282636249620221,52.441742928092935,115251,115251,11,0,6,6,2018,9,15,1,3,5,2,0,0,1,0,0,0,0,1,791033.0,5818801.4
117251,13.413757766579964,52.55076091138836,115252,115252,11,0,3,3,2018,9,7,3,3,5,2,0,1,1,0,0,0,0,0,799197.1111,5831455.2168
117252,13.391899077839488,52.431209045875434,115253,115253,11,0,7,7,2018,6,0,2,3,1,1,2,0,1,0,0,0,0,0,798525.6977,5818076.8019
117253,13.406901730008476,52.392658494000685,115254,115254,11,0,7,7,2018,7,5,6,2,5,2,0,0,1,0,1,0,0,0,799806.6070000001,5813854.206
117254,13.365497879100086,52.55798896797139,115255,115255,11,0,1,1,2018,5,17,7,3,5,3,0,0,1,0,0,0,0,0,795878.6713,5832059.3416
117255,13.35805123167032,52.488141998537294,115256,115256,11,0,7,7,2018,2,14,4,3,1,5,0,1,1,0,0,0,0,0,795843.7492,5824265.3684
117256,13.3669266441696,52.4179451699769,115257,115257,11,0,7,7,2018,11,9,6,3,6,4,0,0,1,1,0,0,0,0,796918.3499,5816499.562999999
117258,13.346530560035374,52.47704020015418,115259,115259,11,0,4,4,2018,10,16,3,3,2,6,0,0,1,0,0,0,0,0,795136.4559999999,5822984.2215
117259,13.352272013714721,52.48004062155811,115260,115260,11,0,7,7,2018,3,14,2,3,6,4,0,1,0,1,0,0,0,1,795505.9851,5823341.2202
117260,13.537651467509773,52.526868688245074,115261,115261,11,0,10,10,2018,8,19,1,2,0,1,0,1,0,0,0,0,0,0,807758.2923,5829321.4024
117261,13.239224136740766,52.50734184457932,115262,115262,11,0,4,4,2018,4,10,7,2,3,6,0,1,0,0,0,0,0,0,787655.6153,5825918.7655
117262,13.424168242694632,52.53930118126109,115263,115263,11,0,3,3,2018,4,9,1,3,5,3,0,0,1,0,0,0,0,1,799980.6740000001,5830224.7795
117263,13.416336508163788,52.52202406780546,115264,115264,11,0,1,1,2018,5,8,1,2,5,2,0,0,1,0,0,0,1,0,799567.6290000001,5828271.916
117264,13.401882878448687,52.46500383865335,115265,115265,11,0,7,7,2018,10,13,3,3,5,3,0,0,1,0,1,0,0,0,798974.735,5821874.3214
117265,13.385536049272305,52.471062239478215,115266,115266,11,0,7,7,2018,2,13,4,3,2,6,0,0,1,0,0,1,0,0,797824.071,5822480.0838
117266,13.613009256520668,52.504768051777496,115267,115267,11,0,10,10,2018,11,21,6,3,2,6,2,0,1,0,0,0,0,1,813023.7108,5827189.5878
117267,13.41463711393687,52.5560746411265,115268,115268,11,0,3,3,2018,9,17,3,3,5,2,0,1,1,0,0,0,0,0,799220.4888,5832049.4735
117268,13.412467752594294,52.54287393045473,115269,115269,11,0,3,3,2018,8,10,4,3,1,5,0,1,1,0,0,0,1,0,799163.4090000001,5830573.2466
117269,13.324308605170376,52.60742050941985,115270,115270,11,0,12,12,2018,6,15,4,2,5,3,0,1,1,0,0,0,0,0,792758.417,5837385.375
117270,13.354014849570474,52.477040407522246,115271,115271,11,0,7,7,2018,7,17,3,2,3,6,0,0,1,0,1,0,0,0,795644.3968,5823014.8909
117271,13.481591770725965,52.512953327687924,115272,115272,11,0,11,11,2018,6,7,5,3,2,6,0,0,1,0,0,0,0,0,804054.3735,5827536.9222
117272,13.467147699983778,52.48528433198668,115273,115273,11,0,9,9,2018,5,21,2,2,6,4,2,0,0,1,1,0,0,0,803265.5359,5824400.8472
117273,13.360933789771451,52.49286504090002,115274,115274,11,0,7,7,2018,4,1,1,3,1,6,2,0,1,0,0,0,0,0,796007.5752,5824802.1555
117274,13.348308257710647,52.481764234915886,115275,115275,11,0,7,7,2018,12,18,7,2,5,7,2,0,1,0,0,0,1,1,795225.438,5823516.568
117275,13.383914122162215,52.45733612054495,115276,115276,11,0,7,7,2018,10,20,3,3,2,6,2,0,1,0,0,0,1,1,797806.7270000001,5820947.7645
117276,13.453778329630095,52.51578712046399,115277,115277,11,0,2,2,2018,2,12,4,3,5,2,0,0,1,0,0,0,0,0,802148.8915,5827734.9534
117277,13.348559347612353,52.4818595050023,115278,115278,11,0,7,7,2018,7,10,2,3,5,2,0,1,0,0,0,0,1,0,795241.8384,5823528.1848
117278,13.30530027801293,52.51159865720634,115279,115279,11,0,4,4,2018,4,14,3,3,2,6,0,0,1,0,0,0,0,0,792108.8196,5826657.5418
117279,13.346554819937918,52.579448481579,115280,115280,11,0,12,12,2018,7,6,5,3,5,2,0,1,1,0,0,0,0,0,794451.457,5834366.9524
117280,13.387611444141196,52.438998106009024,115281,115281,11,0,7,7,2018,3,8,3,3,5,2,0,0,1,0,0,0,1,1,798181.752,5818924.81
117281,13.384375619961338,52.45265289942563,115282,115282,11,0,7,7,2018,5,5,3,3,5,2,0,0,1,0,0,0,0,0,797869.7051,5820429.1411
117282,13.417791445649106,52.46081062172996,115283,115283,11,0,7,7,2018,10,14,2,3,2,6,0,0,1,0,0,0,1,0,800083.2401,5821474.3044
117283,13.283923070095039,52.496325043913366,115284,115284,11,0,4,4,2018,2,11,4,3,2,6,0,0,0,0,0,1,0,0,790760.0069,5824873.4695
117284,13.384018319548645,52.456708665102575,115285,115285,11,0,7,7,2018,11,11,5,3,1,5,0,1,0,0,0,0,1,0,797818.0411,5820878.4545
117285,13.353514626297784,52.47927480439743,115286,115286,11,0,7,7,2018,9,19,5,3,0,1,2,0,0,0,1,0,0,1,795595.4523,5823261.1916
117286,13.293028931007422,52.53555379188525,115287,115287,11,0,4,4,2018,8,17,3,3,2,6,0,0,1,0,0,0,0,0,791118.0049,5829270.5514
117287,13.368371499862464,52.50583783512372,115288,115288,11,0,1,1,2018,3,9,5,3,6,2,0,0,1,1,0,0,0,0,796424.7858,5826274.6135
117288,13.281794355722466,52.5058328943554,115289,115289,11,0,4,4,2018,6,16,6,3,2,6,0,0,1,0,0,0,0,0,790552.8209,5825921.7043
117289,13.459958267169291,52.5152731079917,115290,115290,11,0,2,2,2018,6,2,7,2,2,6,2,0,1,0,0,0,0,0,802571.4604,5827703.741
117290,13.412757182592314,52.54461363968846,115291,115291,11,0,3,3,2018,8,15,2,3,1,6,0,0,1,0,0,0,1,0,799171.1768,5830767.8116
117291,13.332063860731163,52.59974058418007,115292,115292,11,0,12,12,2018,5,12,4,3,5,3,0,1,1,0,0,0,0,0,793334.5631,5836563.3014
117292,13.457038988634308,52.549704762307464,115293,115293,11,0,3,3,2018,4,16,3,3,0,4,0,0,0,1,0,0,1,0,802136.7558,5831518.408
117293,13.166575046789225,52.420360888218966,115294,115294,11,0,6,6,2018,12,20,3,3,0,1,2,1,0,0,0,0,0,1,783286.7554,5815963.0341
117294,13.302329704776886,52.55005181366247,115295,115295,11,0,12,12,2018,9,15,4,2,0,1,0,0,0,0,1,0,0,0,791652.1617,5830919.6282
117295,13.562549602420823,52.50827454169243,115296,115296,11,0,10,10,2018,9,15,5,3,3,6,0,0,1,0,0,1,0,0,809576.902,5827361.429
117296,13.318763586094194,52.610888841127284,115297,115297,11,0,12,12,2018,7,17,3,3,5,2,0,1,1,0,0,0,0,0,792360.0719,5837748.357000001
117297,13.438775996363043,52.5172652174193,115298,115298,11,0,2,2,2018,7,23,4,3,6,7,2,1,0,1,0,0,0,1,801121.5291,5827836.4706
117298,13.370107339638786,52.53974491344783,115299,115299,11,0,1,1,2018,5,13,4,3,2,6,0,0,1,0,0,0,0,0,796313.9509999999,5830050.4737
117299,13.32381694374065,52.60785512182243,115300,115300,11,0,12,12,2018,2,18,3,3,2,6,2,0,1,0,0,0,0,0,792722.2459999999,5837431.683999999
117300,13.448063210961585,52.52614927672543,115301,115301,11,0,2,2,2018,11,7,3,3,2,6,0,0,1,0,0,0,0,1,801690.2773,5828862.7244
117301,13.553003294829704,52.509059613973456,115302,115302,11,0,10,10,2018,8,18,5,3,5,2,0,1,1,0,0,0,0,0,808924.0106,5827407.7358
117302,13.438884629630337,52.54099458693018,115303,115303,11,0,3,3,2018,3,12,5,2,6,4,0,0,1,1,0,0,0,1,800966.4,5830474.3472
117304,13.460030071306589,52.515120940577184,115305,115305,11,0,2,2,2018,10,15,7,3,3,6,0,1,1,0,0,0,0,0,802577.3759999999,5827687.1297
117305,13.456952371277977,52.459975305313165,115306,115306,11,0,8,8,2018,8,15,4,3,2,6,0,0,1,0,0,0,0,0,802747.6453,5821545.0613
117306,13.311383678100116,52.62741456530629,115307,115307,11,0,12,12,2018,4,10,5,3,2,6,0,0,1,0,1,0,0,0,791750.6951,5839555.2821
117307,13.30529385505865,52.5726202234466,115308,115308,11,0,12,12,2018,4,15,5,3,3,6,0,0,1,0,0,1,0,0,791703.053,5833440.1374
117308,13.40348816336985,52.463639961374604,115309,115309,11,0,7,7,2018,5,7,4,3,3,6,0,0,1,0,0,1,0,0,799092.9669,5821729.3842
117309,13.386199550331035,52.44311107188694,115310,115310,11,0,7,7,2018,6,11,7,3,6,7,0,0,0,1,0,0,1,0,798058.0513,5819376.1228
117310,13.433480853564582,52.58507241086687,115311,115311,11,0,3,3,2018,6,11,2,3,2,6,0,0,1,0,0,0,1,0,800298.5962,5835350.8871
117311,13.29842269085774,52.51095701692551,115312,115312,11,0,4,4,2018,8,7,3,3,6,4,0,0,1,1,0,0,0,0,791646.666,5826558.3838
117312,13.388400327555734,52.51712024093545,115313,115313,11,0,1,1,2018,5,14,5,3,6,4,0,0,0,1,0,0,1,0,797706.8324,5827611.15
117313,13.385307295980166,52.46323313547775,115314,115314,11,0,7,7,2018,4,17,3,3,2,6,0,0,1,0,0,0,0,0,797861.4637,5821608.9538
117314,13.516968382422034,52.50996269951968,115315,115315,11,0,11,11,2018,12,6,6,3,1,5,2,0,1,0,0,1,0,0,806474.052,5827354.3181
117315,13.462814345630814,52.514843713244375,115316,115316,11,0,2,2,2018,9,10,5,3,0,6,0,1,0,1,0,0,0,0,802768.0756,5827668.0061
117316,13.493228913429085,52.51173356558812,115317,115317,11,0,11,11,2018,9,11,6,3,2,2,0,0,1,0,0,0,1,1,804851.93,5827450.494
117317,13.412576767645588,52.519527566136595,115318,115318,11,0,1,1,2018,7,8,4,3,0,7,0,1,1,0,0,0,0,0,799329.723,5827978.8212
117318,13.429657502442815,52.55423010970645,115319,115319,11,0,3,3,2018,7,15,4,2,5,2,0,0,1,0,1,0,0,0,800250.6376,5831906.9373
117319,13.476969878402032,52.51341333220978,115320,115320,11,0,11,11,2018,5,9,5,3,2,2,0,0,1,0,0,0,0,0,803737.7902,5827568.5675
117320,13.298648372809938,52.488905235958725,115321,115321,11,0,4,4,2018,2,16,3,3,2,6,2,0,1,0,0,0,0,0,791808.1386,5824108.2163
117321,13.42131200702795,52.526564116767005,115322,115322,11,0,2,2,2018,11,11,4,2,8,1,0,0,1,0,0,0,0,0,799873.9870000001,5828797.2135
117322,13.404586319668699,52.52001997216023,115323,115323,11,0,1,1,2018,8,8,6,3,5,2,0,1,1,0,0,0,0,0,798784.6193,5828000.4054
117323,13.590920347539155,52.50508921599821,115324,115324,11,0,10,10,2018,3,9,5,2,5,3,0,0,1,0,0,0,0,1,811523.3922,5827129.6115
117325,13.412381473004539,52.54182483766932,115326,115326,11,0,3,3,2018,10,0,2,2,0,1,2,1,0,0,0,0,0,1,799164.7046,5830456.2849
117326,13.385842991926776,52.48565695074599,115327,115327,11,0,2,2,2018,8,9,5,3,2,6,0,0,1,0,0,0,1,0,797746.2275,5824103.5182
117327,13.346057624886036,52.51430398039388,115328,115328,11,0,1,1,2018,4,19,5,3,1,5,1,1,0,0,0,0,1,1,794854.6441,5827124.129
117328,13.309057714352408,52.51165161202936,115329,115329,11,0,4,4,2018,4,1,6,3,2,6,2,0,1,0,0,0,0,0,792363.2797,5826678.6559
117329,13.3686112611101,52.50623515397143,115330,115330,11,0,1,1,2018,5,11,5,3,5,3,0,0,1,0,0,0,1,0,796438.3703,5826319.7605
117330,13.396051204270412,52.42327262783847,115331,115331,11,0,7,7,2018,12,16,5,3,6,2,1,0,1,1,0,0,0,1,798861.5308,5817211.8749
117331,13.38238895348969,52.498651606556464,115332,115332,11,0,2,2,2018,9,20,6,3,0,6,2,0,1,0,0,0,0,1,797424.052,5825533.5937
117332,13.197185614406095,52.41569312876914,115333,115333,11,0,6,6,2018,9,13,2,3,2,6,0,0,1,0,1,0,0,0,785397.199,5815564.737000001
117333,13.453765959828628,52.51567969279328,115334,115334,11,0,2,2,2018,6,16,7,3,6,7,0,1,0,1,0,0,0,0,802148.7907,5827722.9615
117334,13.355812684779524,52.473505393778964,115335,115335,11,0,7,7,2018,7,11,5,3,2,6,0,0,1,0,0,0,0,0,795790.1476,5822629.3482
117335,13.411413655066855,52.518921684827156,115336,115336,11,0,1,1,2018,5,17,5,3,3,6,0,0,1,0,0,0,0,0,799254.9859,5827906.6509
117336,13.365360231147404,52.502700876259134,115337,115337,11,0,1,1,2018,2,18,3,3,2,6,2,0,1,0,0,0,0,0,796241.6705,5825913.5707
117337,13.152749260405994,52.498263120203525,115338,115338,11,0,5,5,2018,11,17,5,3,2,6,2,0,1,0,0,0,0,0,781848.6309,5824568.1947
117339,13.42426154980488,52.53904574565257,115340,115340,11,0,3,3,2018,10,8,3,3,5,2,0,0,1,0,0,0,0,0,799988.7409999999,5830196.777000001
117340,13.44745902116948,52.51639269459368,115341,115341,11,0,2,2,2018,8,8,1,2,2,6,0,0,1,0,0,0,0,0,801716.2533,5827775.7955
117341,13.239730509879921,52.5073730070847,115342,115342,11,0,4,4,2018,4,10,7,2,3,6,0,1,0,0,0,0,0,0,787689.7556,5825924.2493
117342,13.362342632004573,52.5674104125841,115343,115343,11,0,12,12,2018,3,18,5,3,1,5,0,1,0,0,0,0,1,0,795601.4976,5833093.5768
117343,13.421546994628182,52.53969873081297,115344,115344,11,0,3,3,2018,5,11,7,2,6,4,0,1,0,1,0,0,0,0,799800.3204,5830258.0593
117344,13.432349891689867,52.53539597862112,115345,115345,11,0,3,3,2018,10,18,2,3,5,3,1,1,0,0,0,1,0,1,800561.8475,5829824.8148
117345,13.322968012440967,52.51268191834952,115346,115346,11,0,4,4,2018,2,19,3,3,3,2,2,0,1,0,1,0,0,0,793299.7389,5826849.6661
117346,13.159959464066468,52.419551831596344,115347,115347,11,0,6,6,2018,11,16,6,1,6,4,2,0,1,1,0,0,0,1,782842.3468,5815847.1671
117347,13.453808966672867,52.51470875372946,115348,115348,11,0,2,2,2018,9,12,3,3,0,6,0,1,0,0,0,0,1,0,802158.3768,5827615.2265
117348,13.55575012647455,52.5088582580738,115349,115349,11,0,10,10,2018,8,13,3,3,3,6,0,0,1,0,0,1,0,0,809111.6974,5827397.13
117349,13.428144452941766,52.461616742130424,115350,115350,11,0,8,8,2018,6,10,4,3,2,6,0,0,1,0,0,0,0,0,800780.6159999999,5821607.0111
117350,13.347040508469307,52.472428424169024,115351,115351,11,0,7,7,2018,7,16,3,2,8,1,0,0,1,0,1,0,0,0,795201.9682,5822473.7133
117351,13.412410237958227,52.46074521973204,115352,115352,11,0,7,7,2018,6,16,4,3,8,1,0,0,0,0,1,0,0,0,799718.3475,5821444.6679
117352,13.36550170502489,52.55797019283131,115353,115353,11,0,1,1,2018,5,23,1,3,5,3,2,0,1,0,0,0,0,0,795879.057,5832057.2705
117353,13.300018998015945,52.54750951848426,115354,115354,11,0,12,12,2018,4,14,6,2,2,6,0,0,1,0,1,0,0,0,791512.465,5830627.7
117354,13.395589790014588,52.42408592137374,115355,115355,11,0,7,7,2018,12,11,6,3,2,6,0,0,1,0,0,0,0,1,798824.6708,5817300.3597
117355,13.35992382737224,52.572068909284326,115356,115356,11,0,12,12,2018,10,15,3,3,2,6,0,0,1,0,1,0,0,1,795406.3283,5833601.4449
117356,13.360186577406335,52.474341151674395,115357,115357,11,0,7,7,2018,2,14,3,3,2,6,0,0,1,0,0,0,0,0,796081.3999,5822740.183999999
117357,13.281643274363024,52.52595586051596,115358,115358,11,0,4,4,2018,7,11,1,3,2,6,0,0,1,0,0,0,0,0,790409.6914,5828157.8016
117358,13.295044163905098,52.491516517749155,115359,115359,11,0,4,4,2018,4,17,2,3,3,6,0,0,1,0,0,1,0,1,791546.2987,5824383.8883
117359,13.452237515898585,52.51590996592352,115360,115360,11,0,2,2,2018,7,17,4,3,2,6,0,1,0,0,0,0,0,0,802043.5723,5827742.1508
117360,13.409017255316034,52.51661304988905,115361,115361,11,0,1,1,2018,3,14,2,3,2,6,0,0,1,0,0,0,1,0,799108.2062,5827640.1087
117361,13.36833543969034,52.5411110750749,115362,115362,11,0,1,1,2018,5,12,2,3,5,2,0,0,1,0,0,0,0,0,796184.661,5830195.038
117362,13.249744640308055,52.50799356139857,115363,115363,11,0,4,4,2018,10,14,1,3,2,2,0,0,1,0,0,0,0,0,788364.8808,5826033.2229
117363,13.424030751048814,52.53909727742248,115364,115364,11,0,3,3,2018,2,7,3,3,5,2,0,0,1,0,0,0,0,0,799972.748,5830201.544
117364,13.366994162444675,52.551973533545954,115365,115365,11,0,1,1,2018,11,17,3,3,1,5,1,1,1,0,0,0,0,0,796020.571,5831396.8772
117365,13.306990076435987,52.481620397434575,115366,115366,11,0,4,4,2018,9,15,5,3,2,6,0,0,1,0,0,1,0,0,792422.4990000001,5823332.2816
117366,13.45530366359262,52.51575908100082,115367,115367,11,0,2,2,2018,8,8,3,3,0,6,0,0,1,0,1,0,0,0,802252.5101,5827738.2306
117367,13.285164372036107,52.51113083635097,115368,115368,11,0,4,4,2018,3,16,5,2,0,7,0,0,1,0,0,0,0,0,790746.3813,5826524.163
117368,13.364509176230385,52.56207113148616,115369,115369,11,0,12,12,2018,6,22,5,3,5,3,2,0,0,0,1,0,1,0,795784.1984,5832509.0112
117369,13.35199312454824,52.48031671269069,115370,115370,11,0,7,7,2018,6,18,6,3,1,5,0,0,1,0,1,0,0,0,795485.2065,5823370.765
117370,13.282497043090544,52.50997160256397,115371,115371,11,0,4,4,2018,8,16,1,2,3,6,0,1,1,0,0,0,0,0,790573.1479999999,5826384.5606
117371,13.402800148185296,52.5807580582604,115372,115372,11,0,3,3,2018,5,17,4,3,0,6,0,0,1,0,0,0,1,0,798250.8637,5834743.8916
117372,13.37552378464501,52.42895533560435,115373,115373,11,0,7,7,2018,4,17,2,3,5,3,0,0,1,0,1,0,0,0,797428.3881,5817758.7089
117373,13.323907951163767,52.60777467433336,115374,115374,11,0,12,12,2018,12,12,3,3,6,2,0,0,0,1,0,0,1,1,792728.9413,5837423.1121
117374,13.418296713860435,52.52364140700034,115375,115375,11,0,1,1,2018,9,14,3,3,2,6,0,0,1,0,0,0,0,0,799689.5016,5828459.825
117375,13.546446222076302,52.50969655430405,115376,115376,11,0,10,10,2018,9,10,5,3,2,6,0,0,1,0,0,0,0,0,808474.8859999999,5827450.451
117376,13.546089731944024,52.50975392742504,115377,115377,11,0,10,10,2018,7,8,3,3,2,6,0,0,1,0,1,0,0,0,808450.3092,5827455.3023
117377,13.616432774696,52.504752940946204,115378,115378,11,0,10,10,2018,7,22,3,3,5,3,2,1,1,0,0,0,0,1,813255.9964,5827202.7774
117378,13.299124847321506,52.5111939120811,115379,115379,11,0,4,4,2018,5,18,3,3,5,2,0,1,1,0,0,0,0,1,791692.7132,5826587.5551
117379,13.396038267631981,52.42329548645021,115380,115380,11,0,7,7,2018,2,6,3,3,5,2,0,0,1,0,0,0,0,1,798860.497,5817214.362000001
117380,13.353532431805016,52.48464493122549,115381,115381,11,0,7,7,2018,11,19,2,3,0,1,2,0,0,0,1,0,0,0,795560.6186,5823858.1482
117381,13.305072484121487,52.44979174676747,115382,115382,11,0,6,6,2018,8,16,5,3,2,2,0,0,1,0,0,0,0,0,792503.5589,5819786.7364
117383,13.410574829814117,52.52312335542222,115384,115384,11,0,1,1,2018,10,8,6,3,6,4,0,1,0,1,0,0,0,0,799169.5269,5828370.1724
117384,13.359150754306716,52.57317985912995,115385,115385,11,0,12,12,2018,8,17,3,3,3,6,0,0,1,0,0,0,0,0,795346.5003,5833721.7568
117385,13.413727424184602,52.55058461810475,115386,115386,11,0,3,3,2018,4,15,3,3,5,2,0,1,1,0,0,0,0,1,799196.2561,5831435.4963
117386,13.57067438805859,52.505832753284324,115387,115387,11,0,10,10,2018,4,9,5,3,1,5,0,0,0,0,1,0,1,0,810145.0923,5827124.9649
117387,13.40339710384444,52.569364961957405,115388,115388,11,0,3,3,2018,5,13,4,3,5,2,0,1,1,0,0,0,0,0,798368.7219,5833480.0471
117388,13.373697527638695,52.42534278596051,115389,115389,11,0,7,7,2018,11,14,6,3,3,6,0,1,0,0,0,0,0,0,797328.65,5817349.659
117389,13.590743887874648,52.504967866401245,115390,115390,11,0,10,10,2018,12,17,3,3,2,2,2,1,1,0,0,0,0,0,811512.2842,5827115.3623
117390,13.392668601661313,52.429847855668974,115391,115391,11,0,7,7,2018,9,8,5,3,5,2,0,0,1,0,1,0,0,0,798587.189,5817928.6926
117391,13.370378293088045,52.53988654582897,115392,115392,11,0,1,1,2018,8,19,6,3,0,7,1,0,1,0,0,0,0,0,796331.3586,5830067.3299
117392,13.261479976058274,52.50869968074832,115393,115393,11,0,4,4,2018,6,14,6,3,2,6,0,0,1,0,0,0,0,0,789156.1562,5826158.7016
117393,13.362010387401789,52.568377176025294,115394,115394,11,0,12,12,2018,7,22,4,3,6,4,2,1,0,1,0,0,0,0,795572.4867,5833199.6688
117394,13.460460346361392,52.51507809735686,115395,115395,11,0,2,2,2018,5,19,4,3,3,6,0,0,1,0,1,0,0,0,802606.8461,5827684.1738
117395,13.232484626932964,52.46581102883635,115396,115396,11,0,6,6,2018,2,1,3,3,3,6,2,0,1,0,0,1,0,0,787469.5042,5821275.6083
117396,13.301585694905755,52.51116639453888,115397,115397,11,0,4,4,2018,11,15,3,3,5,3,0,0,1,0,0,0,0,0,791859.781,5826594.454
117397,13.461554313816073,52.45395874496701,115398,115398,11,0,9,9,2018,6,10,2,3,2,6,0,0,1,0,0,0,0,0,803101.4496,5820895.6739
117398,13.390462334831948,52.4337261712045,115399,115399,11,0,7,7,2018,12,10,6,3,5,2,0,0,1,0,0,0,0,1,798411.0626,5818350.6319
117399,13.411604269485329,52.51873376209487,115400,115400,11,0,1,1,2018,10,22,7,3,3,6,2,0,1,0,0,0,0,0,799269.1886,5827886.5551
117400,13.608989019841424,52.50493126810893,115401,115401,11,0,10,10,2018,8,13,6,3,0,6,0,0,1,0,1,0,0,0,812749.9036,5827190.281
117401,13.369534784019404,52.541685135754655,115402,115402,11,0,1,1,2018,4,17,5,3,2,6,0,0,1,0,0,0,0,0,796262.0684,5830263.7733
117402,13.431701017000579,52.51800401493056,115403,115403,11,0,2,2,2018,3,19,2,3,6,4,2,0,0,1,1,0,0,0,800636.7698,5827889.0587