,X,Y,OBJECTID_1,OBJECTID,ULAND,UREGBEZ,UKREIS,UGEMEINDE,UJAHR,UMONAT,USTUNDE,UWOCHENTAG,UKATEGORIE,UART,UTYP1,ULICHTVERH,IstRad,IstPKW,IstFuss,IstKrad,IstGkfz,IstSonstig,STRZUSTAND,LINREFX,LINREFY
117403,13.299124847321506,52.5111939120811,115404,115404,11,0,4,4,2018,5,20,5,3,5,2,0,1,1,0,0,0,0,0,791692.7132,5826587.5551
117404,13.2814973358586,52.49879974967333,115405,115405,11,0,4,4,2018,10,15,5,3,2,6,0,0,1,0,0,0,0,1,790579.109,5825138.761
117405,13.28569156273363,52.510257979033135,115406,115406,11,0,4,4,2018,2,15,2,3,2,6,0,0,1,0,0,0,0,0,790787.9026,5826429.2692
117406,13.407293317318913,52.39023696458779,115407,115407,11,0,7,7,2018,11,16,4,3,5,3,2,1,1,0,0,0,0,0,799849.6671,5813586.6882
117407,13.385861472068836,52.48673925666194,115408,115408,11,0,2,2,2018,9,14,1,3,6,4,0,0,1,1,0,0,0,0,797740.163,5824223.8903
117408,13.289221757645581,52.51039075326785,115409,115409,11,0,4,4,2018,8,21,6,3,5,3,2,1,1,0,0,0,0,0,791026.4348,5826458.2689
117409,13.479285661542635,52.62727155292496,115410,115410,11,0,3,3,2018,6,15,2,3,9,1,0,0,0,0,0,0,1,0,803107.5881,5840233.0566
117410,13.431396015605435,52.62318957589682,115411,115411,11,0,3,3,2018,7,16,2,3,0,1,0,0,0,0,1,0,0,0,799896.6140000001,5839578.7983
117411,13.460322854715574,52.49254742405859,115412,115412,11,0,9,9,2018,12,18,4,3,5,2,2,1,1,0,0,0,0,0,802752.5038,5825179.4274
117412,13.42458263194193,52.54005076324599,115413,115413,11,0,3,3,2018,9,13,6,3,6,4,0,0,1,1,0,0,0,0,800003.6399,5830309.8177
117413,13.297112264453895,52.51106042734724,115414,115414,11,0,4,4,2018,9,9,7,3,6,2,0,0,1,1,0,0,0,0,791557.1120000001,5826564.5787
117414,13.294316040739773,52.49178334626133,115415,115415,11,0,4,4,2018,6,0,7,2,3,6,2,0,1,0,0,0,0,0,791495.1313,5824410.6037
117415,13.350207330357287,52.483229780277654,115416,115416,11,0,7,7,2018,7,23,5,3,3,6,2,0,1,0,1,0,0,0,795344.4814,5823687.2360000005
117416,13.421632124374387,52.53968515088973,115417,115417,11,0,3,3,2018,5,1,5,3,5,3,2,1,1,0,0,0,0,0,799806.1822,5830256.904
117417,13.554293228865301,52.557863517683046,115418,115418,11,0,10,10,2018,2,4,2,2,5,3,2,0,1,0,0,0,0,2,808668.5532,5832837.3955
117418,13.411493724603078,52.518635365908956,115419,115419,11,0,1,1,2018,11,12,4,3,2,6,0,0,1,0,0,0,0,0,799262.363,5827875.1598
117419,13.34772790561293,52.57565347222909,115420,115420,11,0,12,12,2018,12,17,1,2,8,1,2,0,1,0,0,1,0,0,794556.3553,5833949.932999999
117420,13.386933119981967,52.44148684747653,115421,115421,11,0,7,7,2018,10,20,1,3,6,7,2,1,0,1,0,0,0,0,798118.854,5819198.6245
117421,13.549641467558176,52.55217456186098,115422,115422,11,0,10,10,2018,8,14,7,3,5,3,0,1,1,0,0,0,0,0,808393.3978,5832185.1973
117422,13.403388941751745,52.56936399499761,115423,115423,11,0,3,3,2018,4,17,6,2,5,2,0,1,1,0,0,0,0,0,798368.1757,5833479.9058
117423,13.290156010930982,52.49389829422068,115424,115424,11,0,4,4,2018,3,18,4,2,5,3,2,0,1,0,0,0,0,1,791198.8988,5824628.8789
117424,13.339398475668617,52.47852686550237,115425,115425,11,0,4,4,2018,5,16,6,3,2,6,0,0,1,0,0,0,0,0,794642.4711,5823120.3084
117425,13.431820730088608,52.46185008660428,115426,115426,11,0,8,8,2018,10,12,7,3,3,6,0,0,1,0,0,1,0,0,801028.6036,5821648.2785
117426,13.361461429626626,52.49646944639213,115427,115427,11,0,7,7,2018,2,19,1,3,2,6,2,0,1,0,0,0,0,1,796019.1323,5825204.9461
117427,13.295964513066526,52.490788935322456,115428,115428,11,0,4,4,2018,11,9,5,3,8,1,0,0,1,0,0,0,0,0,791613.5605,5824306.7372
117428,13.396113145804176,52.423162034544546,115429,115429,11,0,7,7,2018,9,11,2,2,5,2,0,1,0,0,0,1,0,0,798866.4887,5817199.8392
117429,13.344023265059324,52.51402130128173,115430,115430,11,0,1,1,2018,8,4,7,2,1,5,2,1,1,0,0,0,0,0,794718.5874,5827084.3921
117430,13.268047851951234,52.509105218117035,115431,115431,11,0,4,4,2018,6,9,3,3,0,4,0,0,0,1,0,0,1,0,789598.9259,5826230.1343
117431,13.324494468399301,52.60719403132028,115432,115432,11,0,12,12,2018,7,20,2,3,3,6,0,0,1,0,1,0,0,0,792772.5062,5837360.9573
117432,13.448062275815373,52.526150658910865,115433,115433,11,0,2,2,2018,6,10,4,2,2,7,0,0,1,0,0,0,0,0,801690.2044,5828862.8741
117433,13.320652500591589,52.51238254772278,115434,115434,11,0,4,4,2018,5,19,7,3,2,2,0,0,1,0,0,0,0,0,793144.7111,5826806.9748
117434,13.509997284239054,52.45625149341548,115435,115435,11,0,9,9,2018,4,21,6,2,6,4,2,0,1,1,0,0,0,1,806374.8022,5821355.0964
117435,13.50145600370296,52.51096036505948,115436,115436,11,0,11,11,2018,12,19,5,3,0,1,2,0,0,0,1,0,0,1,805415.1827,5827399.3763
117436,13.403713450961625,52.5690809276576,115437,115437,11,0,3,3,2018,10,10,2,3,2,6,0,0,1,0,0,0,0,0,798392.0767,5833449.7875
117437,13.26035475531654,52.508638134531644,115438,115438,11,0,4,4,2018,7,14,7,3,2,6,0,0,1,0,0,0,0,0,789080.247,5826147.3493
117438,13.365009381536806,52.56055043549684,115439,115439,11,0,12,12,2018,4,7,2,3,5,2,0,0,1,0,0,0,0,0,795828.3245,5832342.0407
117439,13.433129102943726,52.53601515913653,115440,115440,11,0,3,3,2018,7,9,3,3,0,2,0,1,1,0,0,0,0,0,800610.4241,5829896.8839
117440,13.396522642826453,52.517448977189844,115441,115441,11,0,1,1,2018,3,9,7,3,3,6,0,1,0,0,0,0,1,0,798255.3355,5827681.2578
117441,13.368519190081694,52.50609379689242,115442,115442,11,0,1,1,2018,5,6,1,3,2,6,0,0,1,0,1,0,0,0,796433.0782,5826303.6704
117442,13.409892298844412,52.51782512419936,115443,115443,11,0,1,1,2018,10,17,6,2,0,3,1,0,1,0,0,0,1,0,799159.2943,5827778.4577
117443,13.385858033317911,52.486440133826406,115444,115444,11,0,2,2,2018,2,11,7,3,3,6,0,0,0,0,0,0,1,0,797741.9523,5824190.6293
117444,13.404090352613814,52.58103542686439,115445,115445,11,0,3,3,2018,11,17,1,3,4,1,1,0,1,0,0,0,0,1,798336.3327,5834780.0631
117445,13.3854981691134,52.46950835744631,115446,115446,11,0,7,7,2018,9,22,3,3,2,6,2,0,1,0,0,0,0,0,797832.0040000001,5822307.2172
117446,13.389275621714072,52.497443008263396,115447,115447,11,0,2,2,2018,8,14,2,3,5,2,0,1,1,0,0,0,0,0,797899.3794,5825427.6854
117447,13.423912338721314,52.539343007012064,115448,115448,11,0,3,3,2018,3,12,4,3,6,2,0,0,1,1,0,0,0,1,799963.0459,5830228.3632
117448,13.474410828787544,52.51366309358971,115449,115449,11,0,2,2,2018,6,16,4,3,5,7,0,0,1,0,1,0,0,0,803562.541,5827585.5492
117449,13.34784365892718,52.574461340468375,115450,115450,11,0,12,12,2018,10,13,4,2,3,2,0,0,1,0,0,0,0,0,794572.1942,5833817.901000001
117450,13.428168383162642,52.53218965662326,115451,115451,11,0,3,3,2018,6,14,6,3,0,1,0,1,0,0,0,0,0,0,800300.3475,5829451.0154
117451,13.292411027534197,52.49288538136086,115452,115452,11,0,4,4,2018,8,9,7,3,0,7,0,0,1,0,0,1,0,0,791358.5898,5824525.3991
117452,13.355104015529973,52.57344406379754,115453,115453,11,0,12,12,2018,5,19,3,3,6,7,1,0,1,1,0,0,0,0,795070.6832,5833734.5415
117453,13.315374821940566,52.613129044124214,115454,115454,11,0,12,12,2018,4,7,2,3,0,7,0,1,0,0,0,0,1,0,792115.8535,5837983.6061
117454,13.459175933371524,52.492881589368935,115455,115455,11,0,9,9,2018,12,18,2,3,5,3,2,0,1,0,0,0,0,1,802672.3976,5825211.754
117455,13.469584578719644,52.628850107792815,115456,115456,11,0,3,3,2018,9,8,3,3,2,6,0,0,1,0,0,0,0,0,802440.5812,5840367.7037
117456,13.453718933023508,52.515999735348785,115457,115457,11,0,2,2,2018,9,11,4,3,3,6,0,1,0,0,0,0,0,0,802143.4035,5827758.3356
117457,13.479463987008016,52.484511323195676,115458,115458,11,0,9,9,2018,6,15,4,3,5,3,0,1,1,0,0,0,0,0,804106.561,5824366.79
117458,13.475031966195786,52.513595259728966,115459,115459,11,0,2,2,2018,7,14,2,3,0,2,0,1,1,0,0,0,0,0,803605.1274,5827580.6253
117459,13.196277863218233,52.41966604049842,115460,115460,11,0,6,6,2018,7,0,2,3,2,6,2,0,1,0,0,0,0,0,785309.8258,5816002.7554
117460,13.262388951649847,52.50875634166091,115461,115461,11,0,4,4,2018,5,14,3,3,2,6,0,1,1,0,0,0,0,0,789217.4313,5826168.6448
117461,13.159527405855824,52.41950365716012,115462,115462,11,0,6,6,2018,2,13,7,3,5,3,0,0,1,0,0,0,0,1,782813.2924,5815840.1198
117462,13.438848850630874,52.54136465529853,115463,115463,11,0,3,3,2018,11,10,2,3,5,2,0,1,1,0,0,0,0,0,800961.4408,5830515.3294
117463,13.508877120114054,52.457241146048936,115464,115464,11,0,9,9,2018,8,14,5,3,5,3,0,1,1,0,0,0,0,0,806291.87,5821460.333
117464,13.242654388687471,52.507551929434435,115465,115465,11,0,4,4,2018,3,5,1,3,9,1,2,0,0,0,0,0,1,0,787886.8925,5825955.8055
117466,13.385674755440366,52.47612204639081,115467,115467,11,0,7,7,2018,10,1,6,3,1,5,2,0,1,0,0,0,0,0,797799.2791,5823043.0417
117467,13.382546541346708,52.51646133045205,115468,115468,11,0,1,1,2018,8,8,3,2,0,1,0,1,0,0,0,0,0,0,797314.3703,5827513.7582
117468,13.361577327569616,52.56888806419029,115469,115469,11,0,12,12,2018,4,11,2,3,2,6,0,0,1,0,0,1,0,0,795539.7179,5833254.6772
117469,13.295044163905098,52.491516517749155,115470,115470,11,0,4,4,2018,4,22,4,3,5,3,2,0,1,0,0,1,0,1,791546.2987,5824383.8883
117470,13.36799357143592,52.50569031773709,115471,115471,11,0,1,1,2018,5,16,3,3,3,6,0,1,1,0,0,0,0,0,796400.1473,5826256.6637
117471,13.445306197811306,52.545670579949245,115472,115472,11,0,3,3,2018,11,1,5,3,0,1,2,0,0,0,1,0,0,0,801369.4958,5831020.8991
117472,13.21473323330084,52.42732727922171,115473,115473,11,0,6,6,2018,12,15,2,2,5,2,1,0,1,0,0,0,1,1,786514.3109,5816927.4187
117473,13.427262772660095,52.63366793473176,115474,115474,11,0,3,3,2018,9,23,4,2,6,7,2,0,1,1,0,0,0,0,799545.3809,5840726.2289
117474,13.482820746882984,52.512830514964925,115475,115475,11,0,11,11,2018,8,16,6,3,3,6,0,0,0,0,1,0,1,0,804138.5585,5827528.4559
117475,13.40383670700514,52.51960862550218,115476,115476,11,0,1,1,2018,6,14,6,3,1,5,0,1,1,0,0,0,1,0,798736.5897,5827951.579
117476,13.364239106723373,52.56348888334561,115477,115477,11,0,12,12,2018,7,16,4,3,3,6,0,1,1,0,0,0,0,0,795756.3558,5832665.4845
117477,13.322875376372215,52.608413243415654,115478,115478,11,0,12,12,2018,2,13,7,3,2,6,0,0,1,0,0,0,0,1,792654.808,5837489.892999999
117478,13.422369751715438,52.520084274295826,115479,115479,11,0,1,1,2018,11,15,2,3,5,2,0,1,1,0,0,0,0,0,799989.895,5828081.402000001
117479,13.387531005397403,52.438984517957344,115480,115480,11,0,7,7,2018,6,19,7,3,0,1,0,1,0,0,0,0,0,0,798176.38,5818922.9674
117480,13.460174607540875,52.515250516313856,115481,115481,11,0,2,2,2018,5,16,4,3,5,3,0,1,1,0,0,0,0,0,802586.285,5827702.137999999
117481,13.460765836440055,52.493885674227045,115482,115482,11,0,9,9,2018,12,17,5,2,6,4,2,0,1,1,0,0,0,1,802773.3513,5825330.0267
117482,13.37958234435256,52.46990921358245,115483,115483,11,0,7,7,2018,10,20,6,2,3,6,2,0,1,0,0,0,0,0,797427.7396,5822327.3658
117483,13.470542957160294,52.51406132901256,115484,115484,11,0,2,2,2018,2,20,7,3,6,4,2,0,0,1,1,0,0,0,803297.5213,5827613.5325
117484,13.09725985548702,52.41330761957941,115485,115485,11,0,6,6,2018,8,14,4,3,4,6,0,0,1,0,0,0,0,0,778620.5817,5814909.3141
117485,13.333595879956059,52.46434889911117,115486,115486,11,0,6,6,2018,4,21,4,3,9,1,2,0,0,0,1,0,0,0,794343.3796,5821520.7492
117486,13.286546234268002,52.51231562324497,115487,115487,11,0,4,4,2018,3,13,6,3,2,6,0,0,1,0,0,1,0,0,790832.2622,5826661.4267
117487,13.323103481080755,52.51251705023054,115488,115488,11,0,4,4,2018,5,19,4,3,3,2,0,0,1,0,0,0,0,0,793310.0247,5826831.892000001
117488,13.369794097997534,52.54351335041088,115489,115489,11,0,1,1,2018,10,12,4,3,0,4,0,0,1,1,0,0,0,0,796267.3152,5830468.043
117489,13.411616026635773,52.560388688364476,115490,115490,11,0,3,3,2018,2,21,6,3,5,3,2,1,1,0,0,0,0,1,798986.4565,5832516.4274
117490,13.271490592277033,52.49751950300489,115491,115491,11,0,4,4,2018,11,18,2,3,2,6,2,0,1,0,0,0,0,1,789908.7247,5824956.1883
117491,13.454210554029034,52.51586785381336,115492,115492,11,0,2,2,2018,9,15,7,3,5,2,0,1,1,0,0,0,0,0,802177.6440000001,5827745.738
117492,13.49759055393372,52.46488992673493,115493,115493,11,0,9,9,2018,8,12,6,3,2,3,0,1,1,0,0,0,0,1,805472.548,5822262.5885
117493,13.373122593280431,52.509138470129,115494,115494,11,0,1,1,2018,6,16,1,3,0,6,0,0,1,0,0,0,1,0,796724.7582,5826661.0147
117494,13.386051502582324,52.48304377120146,115495,115495,11,0,7,7,2018,3,22,4,3,3,6,2,0,1,0,0,1,0,0,797778.0462,5823813.9302
117495,13.430741854330696,52.582565638805285,115496,115496,11,0,3,3,2018,7,14,1,2,3,6,0,0,1,0,1,0,0,0,800130.3163,5835060.8523
117496,13.50851390339691,52.457495341841344,115497,115497,11,0,9,9,2018,6,19,3,3,6,4,0,0,0,1,1,0,0,0,806265.4432,5821487.0431
117497,13.429059181344455,52.518213533890886,115498,115498,11,0,2,2,2018,8,18,4,3,5,3,0,1,1,0,0,0,0,0,800456.2152,5827901.3328
117498,13.491993799981993,52.436659431257276,115499,115499,11,0,9,9,2018,5,0,5,3,9,1,2,0,1,0,0,0,0,0,805288.0531,5819101.2762
117499,13.33936343508434,52.58881246117034,115500,115500,11,0,12,12,2018,4,11,5,1,6,4,0,0,1,1,0,0,0,0,793901.8028,5835378.3921
117500,13.438417546106797,52.618717288223394,115501,115501,11,0,3,3,2018,12,15,2,3,2,6,1,0,1,0,0,0,0,0,800402.2084,5839110.9902
117501,13.369765788489676,52.5419324702051,115502,115502,11,0,1,1,2018,9,15,7,3,2,6,0,0,1,0,0,0,0,0,796276.0554,5830292.2138
117502,13.403144241566697,52.569334989469844,115503,115503,11,0,3,3,2018,9,21,7,3,2,6,2,0,1,0,1,0,0,0,798351.8008,5833475.6686
117503,13.463681108488885,52.55109655142238,115504,115504,11,0,3,3,2018,7,18,6,2,6,4,0,0,0,1,0,0,1,0,802577.1913,5831700.9673
117504,13.399063801593742,52.575208617614,115505,115505,11,0,3,3,2018,7,20,6,3,0,6,0,1,1,0,0,0,0,1,798035.5745,5834111.6202
117505,13.388302864838982,52.49400662671338,115506,115506,11,0,2,2,2018,3,10,4,3,5,3,0,0,1,0,0,0,0,1,797856.6446,5825041.7219
117506,13.398451455098865,52.57186310756865,115507,115507,11,0,3,3,2018,5,9,6,3,2,6,0,0,1,0,0,1,0,0,798016.8234,5833737.2408
117507,13.281055654894647,52.49932817394834,115508,115508,11,0,4,4,2018,10,1,5,3,3,6,2,0,1,0,0,0,0,0,790545.6590000001,5825195.7168
117508,13.307453025014286,52.51174192374688,115509,115509,11,0,4,4,2018,2,11,6,3,5,3,0,1,1,0,0,0,0,0,792253.8573,5826682.188999999
117509,13.352272044257422,52.48430812506035,115510,115510,11,0,7,7,2018,11,9,6,2,0,7,0,1,0,0,0,0,0,1,795477.3537,5823815.5488
117510,13.297178860159152,52.510875748604505,115511,115511,11,0,4,4,2018,9,8,2,3,5,2,0,1,1,0,0,0,0,0,791562.8522,5826544.3207
117511,13.281129296086707,52.49924006849497,115512,115512,11,0,4,4,2018,8,13,7,3,2,6,0,0,1,0,0,0,0,0,790551.2361,5825186.2204
117512,13.444564931395044,52.545593234299815,115513,115513,11,0,3,3,2018,3,8,4,2,0,1,0,0,0,0,0,0,1,1,801319.7984,5831009.2029
117513,13.47796622323984,52.56890100116986,115514,115514,11,0,3,3,2018,10,7,3,3,8,1,0,0,1,0,0,0,0,0,803421.9648,5833739.9131
117514,13.418663243564339,52.523818528872226,115515,115515,11,0,1,1,2018,8,15,5,3,0,6,0,0,1,0,0,0,0,0,799713.1429,5828481.0353
117515,13.512491377573655,52.45475210340334,115516,115516,11,0,9,9,2018,4,17,7,3,2,6,0,0,1,0,0,0,0,0,806554.5693,5821199.0441
117516,13.42635463340002,52.53833097897081,115517,115517,11,0,3,3,2018,4,1,7,3,5,2,2,0,1,0,0,0,1,0,800135.4709999999,5830126.047
117517,13.387945153896213,52.49350900234048,115518,115518,11,0,2,2,2018,6,7,6,2,6,4,0,0,0,1,1,0,0,0,797835.7441,5824984.9348
117518,13.381645314622762,52.43922324440485,115519,115519,11,0,7,7,2018,12,17,6,3,3,2,1,0,1,0,0,0,1,1,797774.9782,5818925.2015
117519,13.348448119112208,52.481704601353215,115520,115520,11,0,7,7,2018,9,22,1,3,6,4,2,0,1,1,0,0,0,0,795235.3288,5823510.5122
117520,13.34663090993743,52.57935029620897,115521,115521,11,0,12,12,2018,9,7,3,3,5,2,0,1,1,0,1,0,0,0,794457.2678,5834356.3501
117521,13.465943579312313,52.514670820908755,115522,115522,11,0,2,2,2018,6,8,3,3,2,6,0,0,1,0,0,0,0,0,802981.4494,5827661.9357
117522,13.292063715489164,52.58563587682071,115523,115523,11,0,12,12,2018,6,13,3,3,2,6,0,0,1,0,1,0,0,0,790720.8597,5834833.3717
117523,13.479463987008016,52.484511323195676,115524,115524,11,0,9,9,2018,8,13,5,3,5,3,0,0,1,0,1,0,0,0,804106.561,5824366.79
117524,13.289599712123305,52.510580824787816,115525,115525,11,0,4,4,2018,5,13,6,3,3,6,0,0,1,0,1,0,0,0,791050.8094,5826480.9211
117525,13.395263405122408,52.46719499198677,115526,115526,11,0,7,7,2018,4,8,5,3,2,6,0,0,1,0,0,0,0,0,798510.5261,5822090.4519
117526,13.348588282347665,52.481880392714565,115527,115527,11,0,7,7,2018,12,19,3,3,6,2,2,0,1,1,0,0,0,0,795243.6619,5823530.6249
117527,13.287066115374046,52.494165932508544,115528,115528,11,0,4,4,2018,9,22,7,2,8,1,2,0,0,0,1,0,0,0,790987.5014,5824646.1566
117528,13.453641643773071,52.51622109518553,115529,115529,11,0,2,2,2018,7,20,7,3,0,1,2,0,0,0,1,0,0,1,802136.6423,5827782.6148
117529,13.38578435259998,52.481020152145184,115530,115530,11,0,7,7,2018,4,12,1,3,5,2,0,1,1,0,0,0,0,0,797773.6006,5823587.9069
117530,13.239939748170853,52.50738588346879,115531,115531,11,0,4,4,2018,7,23,7,2,0,1,2,1,0,0,0,0,0,0,787703.8627,5825926.5153
117531,13.297731694164787,52.54666660653896,115532,115532,11,0,4,4,2018,3,14,5,2,9,1,0,0,0,0,1,0,0,0,791363.0667,5830524.7601
117532,13.37828473151791,52.434804173677435,115533,115533,11,0,7,7,2018,5,12,7,3,5,2,0,0,1,0,1,0,0,0,797576.5188,5818420.1727
117533,13.412983556247282,52.54550684080237,115534,115534,11,0,3,3,2018,10,11,6,3,4,6,0,1,0,0,0,0,0,0,799180.4343,5830868.028
117534,13.45388514650389,52.51488595753798,115535,115535,11,0,2,2,2018,2,0,6,3,6,4,2,0,0,1,0,0,1,0,802162.325,5827635.2411
117535,13.3418852504286,52.51400632319604,115536,115536,11,0,1,1,2018,11,18,7,3,1,5,2,0,1,0,0,0,1,0,794573.7072,5827073.9904
117536,13.126302756931882,52.47857893661902,115537,115537,11,0,5,5,2018,9,15,2,3,5,3,0,1,1,0,0,0,0,0,780179.7173,5822277.1374
117537,13.284945494822185,52.53124546823139,115538,115538,11,0,4,4,2018,8,2,1,3,2,6,2,0,1,0,0,0,0,0,790598.5983,5828759.0585
117538,13.348593379388593,52.48188407295557,115539,115539,11,0,7,7,2018,6,9,4,3,6,2,0,0,1,1,0,0,0,0,795243.9831,5823531.0548
117539,13.367730437821198,52.53107217757513,115540,115540,11,0,1,1,2018,10,10,4,3,2,1,0,0,1,0,0,0,0,0,796211.3075,5829076.741
117540,13.501357903182369,52.46234876535889,115541,115541,11,0,9,9,2018,6,8,5,3,3,6,0,0,1,0,0,0,0,0,805745.9185,5821996.1149
117541,13.2303463149599,52.506786791351935,115542,115542,11,0,4,4,2018,8,15,6,2,5,7,0,0,1,0,0,0,0,0,787057.11,5825821.694
117542,13.426612682550235,52.51885350979077,115543,115543,11,0,2,2,2018,4,12,1,3,1,5,0,1,1,0,0,0,1,0,800285.9672,5827962.2708
117543,13.457711443201475,52.4917247173768,115544,115544,11,0,9,9,2018,4,13,7,3,2,3,0,1,1,0,0,0,0,0,802580.9973,5825077.0283
117544,13.384866108191288,52.45115540813178,115545,115545,11,0,7,7,2018,6,21,6,2,6,4,2,0,1,1,0,0,0,1,797913.1305,5820264.7236
117545,13.420079903835402,52.525070885029486,115546,115546,11,0,1,1,2018,12,18,1,3,5,2,2,0,1,0,0,0,0,1,799800.6448,5828626.1211
117546,13.416384430589249,52.52200439891443,115547,115547,11,0,1,1,2018,9,14,2,3,5,2,0,0,1,0,1,0,0,1,799571.012,5828269.929
117547,13.37171740000399,52.50979007829747,115548,115548,11,0,1,1,2018,9,11,3,3,5,3,0,1,1,0,0,0,0,0,796625.068,5826727.6583
117548,13.282288845947015,52.52101514755298,115549,115549,11,0,4,4,2018,6,10,4,3,5,3,0,0,1,0,0,1,0,0,790486.0915,5827611.2324
117549,13.1826920069659,52.51590834671131,115550,115550,11,0,5,5,2018,7,18,1,3,2,6,0,0,1,0,0,0,0,0,783766.1142,5826646.9879
117550,13.403926227716456,52.409944907479066,115551,115551,11,0,7,7,2018,5,17,2,2,6,4,0,0,1,1,0,0,0,0,799487.0445,5815763.1785
117551,13.346691796849065,52.47680307114505,115552,115552,11,0,7,7,2018,2,5,6,3,3,3,2,0,1,0,0,0,1,1,795148.9877,5822958.5245
117552,13.389312995223149,52.497292631984685,115553,115553,11,0,2,2,2018,11,14,1,3,2,6,0,0,1,0,0,0,1,0,797902.9324,5825411.1258
117554,13.56098936441791,52.508642226425245,115555,115555,11,0,10,10,2018,10,20,4,3,2,6,2,0,1,0,0,0,0,0,809468.5088,5827395.5956
117555,13.430983272071721,52.53421792922281,115556,115556,11,0,3,3,2018,8,18,2,3,3,6,0,1,0,0,0,0,0,0,800477.2773,5829688.1812
117556,13.413330602391007,52.54092726021249,115557,115557,11,0,3,3,2018,4,20,1,3,2,6,2,0,1,0,0,0,0,0,799235.1354,5830360.4619
117557,13.426578315702413,52.538539589609385,115558,115558,11,0,3,3,2018,4,9,3,3,5,3,0,0,1,0,0,0,0,1,800149.2055,5830150.1648
117558,13.358623302199435,52.488469385493175,115559,115559,11,0,7,7,2018,5,21,2,3,3,6,1,1,1,0,0,0,0,0,795880.3644,5824304.1037
117559,13.279468427907373,52.5018879854978,115560,115560,11,0,4,4,2018,10,8,4,3,2,6,0,0,1,0,0,0,0,0,790421.0978,5825473.8515
117560,13.426185044949108,52.519228993750865,115561,115561,11,0,1,1,2018,2,9,6,3,0,7,0,1,0,0,0,0,0,0,800254.4093,5828002.2234
117561,13.365003699692625,52.560581093889645,115562,115562,11,0,12,12,2018,12,1,2,3,5,7,2,0,1,0,0,0,0,1,795827.7331,5832345.425
117562,13.313431003311337,52.62060280607458,115563,115563,11,0,12,12,2018,9,11,4,3,6,7,0,0,0,1,0,0,1,0,791934.5504,5838806.4426
117563,13.295129514636892,52.539784117864684,115564,115564,11,0,4,4,2018,8,11,5,3,2,6,0,0,1,0,0,0,0,1,791232.3482,5829749.2441
117564,13.379492495756168,52.46991261026316,115565,115565,11,0,7,7,2018,6,18,5,3,2,6,0,0,1,0,0,0,1,0,797421.6179,5822327.3729
117565,13.284269859320595,52.509508756137706,115566,115566,11,0,4,4,2018,7,16,3,3,2,6,0,0,1,0,0,1,0,0,790696.4357,5826340.2596
117566,13.36938182697766,52.5406861173864,115567,115567,11,0,1,1,2018,2,12,5,3,2,6,0,0,1,0,0,0,0,0,796258.4377,5830152.105
117567,13.37810031727154,52.509609759389974,115568,115568,11,0,1,1,2018,11,17,7,3,6,4,2,1,0,1,0,0,0,0,797059.1533,5826733.892999999
117568,13.319015933637301,52.61073518204749,115569,115569,11,0,12,12,2018,6,15,6,3,5,2,0,1,1,0,0,0,0,0,792378.171,5837732.3021
117569,13.368364425629585,52.54109040125454,115570,115570,11,0,1,1,2018,5,8,3,3,2,2,0,0,1,0,1,0,0,0,796186.7647,5830192.8593
117570,13.332596483541241,52.59688463687697,115571,115571,11,0,12,12,2018,12,9,3,3,2,6,0,0,1,0,0,0,0,0,793389.7156,5836248.0305
117571,13.323523226982081,52.51264608694327,115572,115572,11,0,4,4,2018,10,12,5,3,2,6,0,0,1,0,0,0,0,0,793337.6288,5826847.942000001
117572,13.4110386820976,52.52317403573775,115573,115573,11,0,1,1,2018,2,11,5,3,6,4,0,0,1,1,0,0,0,0,799200.6290000001,5828377.7304
117573,13.351430557296519,52.474710661062566,115574,115574,11,0,7,7,2018,7,16,2,3,3,6,0,0,1,0,0,0,0,0,795484.6342,5822745.3541
117574,13.283420990004648,52.51822495688162,115575,115575,11,0,4,4,2018,4,18,4,3,2,6,1,0,1,0,0,0,0,0,790581.2861,5827305.6595
117575,13.368809115949745,52.54893477555249,115576,115576,11,0,1,1,2018,7,13,1,3,2,6,0,0,1,0,0,0,0,0,796164.0224,5831066.5795
117576,13.294266844503234,52.53785705381699,115577,115577,11,0,4,4,2018,3,5,5,3,2,7,1,0,1,0,0,0,0,0,791186.6502,5829531.5627
117577,13.452526712334627,52.5487213493777,115578,115578,11,0,3,3,2018,5,13,4,2,6,4,0,0,1,1,0,0,0,0,801837.7925,5831390.1973
117578,13.286065453232984,52.51106372134782,115579,115579,11,0,4,4,2018,10,12,3,3,2,6,0,0,1,0,1,0,0,1,790807.9332,5826520.3366
117579,13.157019061647572,52.41931705057515,115580,115580,11,0,6,6,2018,2,11,5,3,6,4,0,0,1,1,0,0,0,0,782644.0175,5815809.5554
117580,13.338359086257324,52.47853587120782,115581,115581,11,0,7,7,2018,11,13,1,2,2,7,0,0,1,0,0,0,0,0,794571.8719,5823117.0646
117581,13.40460957345813,52.52003273169056,115582,115582,11,0,1,1,2018,9,8,6,3,5,2,0,1,1,0,0,0,0,0,798786.1092,5828001.92
117582,13.488292587399517,52.512410997729454,115583,115583,11,0,11,11,2018,8,11,5,3,5,2,0,1,0,0,0,0,1,0,804512.5041,5827504.9258
117583,13.482819069728372,52.58021920799738,115584,115584,11,0,11,11,2018,6,11,6,3,6,7,0,0,0,1,0,0,1,0,803672.2904,5835018.3192
117584,13.17891967925394,52.51653729574025,115585,115585,11,0,5,5,2018,6,15,7,3,5,2,0,1,1,0,0,0,0,0,783506.2531,5826702.0609