,X,Y,OBJECTID_1,OBJECTID,ULAND,UREGBEZ,UKREIS,UGEMEINDE,UJAHR,UMONAT,USTUNDE,UWOCHENTAG,UKATEGORIE,UART,UTYP1,ULICHTVERH,IstRad,IstPKW,IstFuss,IstKrad,IstGkfz,IstSonstig,STRZUSTAND,LINREFX,LINREFY
117585,13.5066187626763,52.458821587753036,115586,115586,11,0,9,9,2018,6,8,2,3,5,2,0,1,1,0,0,0,0,0,806127.562,5821626.4028
117586,13.401408136787325,52.51140568373662,115587,115587,11,0,1,1,2018,8,16,3,3,2,6,0,0,1,0,1,0,0,0,798627.6176,5827029.7839
117587,13.300436186413664,52.48793027725698,115588,115588,11,0,4,4,2018,5,10,5,3,2,6,0,0,1,0,0,0,0,0,791935.907,5824007.083
117588,13.331217510291307,52.60068915630306,115589,115589,11,0,12,12,2018,4,17,4,2,5,2,0,0,0,0,1,0,1,0,793270.9396,5836665.2891
117589,13.435022268269016,52.53510801469836,115590,115590,11,0,3,3,2018,12,15,6,2,3,6,1,1,0,0,0,0,1,0,800744.9398,5829803.9557
117590,13.433336867099285,52.53621202861208,115591,115591,11,0,3,3,2018,9,10,6,3,5,2,0,1,1,0,0,0,0,0,800623.1587,5829919.6317
117591,13.424628816127305,52.538920331902744,115592,115592,11,0,3,3,2018,9,9,6,2,3,6,0,1,1,0,0,0,0,0,800014.4869,5830184.3664
117592,13.41845301802493,52.52411535550908,115593,115593,11,0,1,1,2018,7,6,5,3,5,3,0,1,1,0,0,0,0,0,799696.8678,5828513.1526
117593,13.268809383461983,52.49556007902669,115594,115594,11,0,4,4,2018,7,16,5,3,2,6,0,0,1,0,0,0,0,0,789739.7337,5824727.6198
117594,13.260792098315976,52.434936597963706,115595,115595,11,0,6,6,2018,3,21,2,3,6,4,2,0,1,1,0,0,0,0,789593.9345,5817957.006
117595,13.422231544112337,52.520126120538905,115596,115596,11,0,1,1,2018,5,17,5,3,5,2,0,1,1,0,0,0,0,0,799980.2391,5828085.477999999
117596,13.388732733855267,52.43671030163166,115597,115597,11,0,7,7,2018,2,7,5,3,0,6,0,0,1,0,0,0,1,1,798273.3864,5818675.1601
117597,13.460768868254124,52.51504738093272,115598,115598,11,0,2,2,2018,11,16,4,3,2,6,1,0,1,0,0,0,0,0,802627.9772,5827682.0548
117598,13.270145649905007,52.50923595975677,115599,115599,11,0,4,4,2018,9,0,1,2,5,7,2,0,1,0,0,0,0,0,789740.3379,5826253.0933
117599,13.328022015976105,52.460701813931934,115600,115600,11,0,6,6,2018,8,8,7,2,2,1,0,0,0,0,1,0,1,0,793989.3095,5821092.6528
117601,13.399943739143774,52.570014398679525,115602,115602,11,0,3,3,2018,10,16,2,3,2,6,0,1,1,0,0,0,0,0,798130.4363,5833537.9348
117602,13.315397350789572,52.61808834009372,115603,115603,11,0,12,12,2018,8,9,5,2,2,6,0,0,0,0,0,0,1,0,792084.3259,5838534.9304
117603,13.454204779658392,52.5158856744541,115604,115604,11,0,2,2,2018,4,9,6,3,5,2,0,1,1,0,0,0,0,0,802177.13,5827747.6945
117604,13.459145832622983,52.49291940863535,115605,115605,11,0,9,9,2018,4,13,6,3,5,2,0,0,1,0,0,0,0,0,802670.0955,5825215.8311
117605,13.385760992809358,52.470049032718585,115606,115606,11,0,7,7,2018,5,16,5,3,0,3,0,1,1,0,0,0,0,0,797846.189,5822368.397000001
117606,13.554416519044766,52.55770278848257,115607,115607,11,0,10,10,2018,12,17,5,3,6,2,2,0,0,1,0,0,1,1,808678.0344,5832820.06
117607,13.437625426960617,52.534145169293105,115608,115608,11,0,3,3,2018,9,9,1,2,0,2,0,1,1,0,0,0,0,0,800927.9635,5829707.804
117608,13.29899511622141,52.51099422526392,115609,115609,11,0,4,4,2018,9,9,2,3,3,6,0,0,1,0,0,0,0,0,791685.2392,5826564.8349
117609,13.317570375461875,52.45408901885958,115610,115610,11,0,6,6,2018,6,17,1,3,2,6,0,0,1,0,0,0,0,1,793323.7095,5820315.1077
117610,13.544402444312153,52.50971487662015,115611,115611,11,0,10,10,2018,7,14,6,3,2,6,0,0,1,0,0,0,0,0,808336.1636,5827443.7449
117611,13.34170715942353,52.513994628499155,115612,115612,11,0,1,1,2018,5,16,6,3,1,1,0,1,1,0,0,0,0,0,794561.709,5827071.9629999995
117612,13.286516835103694,52.59328755408883,115613,115613,11,0,12,12,2018,2,6,5,3,5,3,2,0,1,0,0,1,0,0,790294.6929,5835661.5024
117613,13.433937223780072,52.537151916070115,115614,115614,11,0,3,3,2018,11,7,6,3,5,3,0,1,1,0,0,0,0,1,800657.4178,5830026.6008
117615,13.365672164841616,52.41638418407864,115616,115616,11,0,7,7,2018,10,21,3,3,4,6,2,0,1,0,0,0,0,0,796843.5939,5816320.9041
117616,13.26932940021366,52.509184804095966,115617,115617,11,0,4,4,2018,8,13,1,2,0,3,0,0,1,0,1,0,1,0,789685.3167,5826244.1279
117617,13.43721186146842,52.53956831912078,115618,115618,11,0,3,3,2018,4,15,7,3,5,3,0,1,1,0,1,0,0,0,800862.8064,5830308.8392
117618,13.297652675657472,52.511096593546625,115619,115619,11,0,4,4,2018,3,14,7,3,2,6,0,0,1,0,0,0,0,1,791593.5211,5826570.7838
117619,13.347741536649051,52.57441317659165,115620,115620,11,0,12,12,2018,5,15,1,2,5,3,0,0,1,0,1,0,0,1,794565.6020000001,5833812.13
117620,13.367315543720697,52.551479035945654,115621,115621,11,0,1,1,2018,10,18,3,2,5,2,2,0,1,0,1,0,0,1,796045.6776,5831343.2345
117621,13.513691419893732,52.453762521833646,115622,115622,11,0,9,9,2018,1,21,4,3,5,3,2,0,1,0,0,0,0,1,806642.9342,5821094.1589
117622,13.358693457029858,52.488546406198644,115623,115623,11,0,7,7,2018,11,17,6,3,2,6,2,0,1,0,0,0,0,1,795884.6068,5824312.9522
117623,13.34170486512631,52.585767619806575,115624,115624,11,0,12,12,2018,9,15,3,2,5,3,0,1,0,0,1,0,0,0,794080.7153,5835049.5134
117624,13.409105298298723,52.38803706450392,115625,115625,11,0,7,7,2018,8,13,3,3,2,6,0,0,1,0,0,0,0,0,799987.8177,5813349.7028
117625,13.445902876789342,52.634060308037824,115626,115626,11,0,3,3,2018,6,14,4,2,2,6,0,0,1,0,0,1,0,0,800803.1941,5840847.5692
117626,13.31670240706467,52.61426903592533,115627,115627,11,0,12,12,2018,7,14,3,3,1,5,0,0,1,0,0,0,1,0,792198.0757,5838115.7041
117627,13.419810622150875,52.524840074009525,115628,115628,11,0,1,1,2018,6,17,4,3,2,6,0,1,0,0,1,0,0,0,799783.9633,5828599.3474
117628,13.513140486723255,52.45413658343564,115629,115629,11,0,9,9,2018,5,18,2,3,6,4,0,0,1,1,0,0,0,0,806602.9241,5821133.3918
117629,13.314677374445555,52.5122116581349,115630,115630,11,0,4,4,2018,4,21,7,3,5,2,2,0,1,0,0,0,0,0,792740.6514,5826763.7055
117630,13.450343482800696,52.522816895242826,115631,115631,11,0,2,2,2018,7,7,7,3,6,4,0,1,0,1,0,0,0,0,801867.7331,5828501.891
117631,13.411143015129655,52.51872810341549,115632,115632,11,0,1,1,2018,5,8,7,3,2,6,0,1,1,0,0,0,0,0,799237.9532,5827884.0116
117632,13.430256816179572,52.53358705300684,115633,115633,11,0,3,3,2018,1,14,4,3,1,5,0,1,1,0,0,0,0,0,800432.3519,5829615.0335
117633,13.298858580383072,52.4887527475075,115634,115634,11,0,4,4,2018,11,19,6,3,2,6,2,0,1,0,0,0,0,0,791823.412,5824092.1175
117635,13.562582726000295,52.508262300900256,115636,115636,11,0,10,10,2018,10,3,4,3,8,1,2,0,0,0,1,0,0,0,809579.2344,5827360.2108
117636,13.354191965005164,52.478976096950085,115637,115637,11,0,7,7,2018,8,15,2,3,2,2,0,0,1,0,0,0,0,0,795643.4244,5823230.7664
117637,13.281212238435213,52.501429633198214,115638,115638,11,0,4,4,2018,4,18,1,3,2,6,0,0,1,0,0,0,0,0,790542.4081,5825429.9286
117638,13.400506511211402,52.41542164894973,115639,115639,11,0,7,7,2018,4,17,1,2,0,6,0,0,1,0,1,0,0,1,799217.4852,5816357.7199
117639,13.325820781508948,52.51294324328512,115640,115640,11,0,4,4,2018,5,7,2,3,5,2,0,1,0,0,0,0,1,0,793491.4512,5826890.3203
117640,13.4449467450352,52.545507231402176,115641,115641,11,0,3,3,2018,10,17,3,3,5,2,1,0,1,0,0,0,1,1,801346.2598,5831001.2405
117641,13.362597455304579,52.56692124235829,115642,115642,11,0,12,12,2018,1,12,4,3,6,4,0,1,0,1,0,0,0,1,795622.0499,5833040.2514
117642,13.307639636539859,52.51175180067425,115643,115643,11,0,4,4,2018,12,18,7,2,6,2,2,0,1,1,0,0,0,0,792266.4468,5826684.0432
117643,13.369755711188803,52.51570506349197,115644,115644,11,0,1,1,2018,9,11,3,3,5,3,0,1,0,0,0,0,0,0,796452.1690000001,5827377.032000001
117644,13.416384430589249,52.52200439891443,115645,115645,11,0,1,1,2018,8,14,4,2,0,2,0,1,1,0,0,0,0,0,799571.012,5828269.929
117645,13.412467871171913,52.54287535909783,115646,115646,11,0,3,3,2018,6,15,4,3,3,6,0,1,0,0,0,0,0,0,799163.4073,5830573.4059
117646,13.438412153520124,52.54100266361613,115647,115647,11,0,3,3,2018,7,19,3,3,5,2,0,1,1,0,0,0,0,0,800934.3265,5830473.272000001
117647,13.465313288071314,52.51458740773011,115648,115648,11,0,2,2,2018,1,16,4,3,6,4,0,1,0,1,0,0,0,0,802939.2858,5827650.0162
117648,13.467556562795467,52.514508974640954,115649,115649,11,0,2,2,2018,11,14,6,3,5,2,0,1,1,0,0,0,0,0,803091.936,5827650.727000001
117649,13.387618224624955,52.49791051980579,115650,115650,11,0,2,2,2018,6,10,5,3,1,7,0,0,1,0,1,0,0,0,797783.7862,5825472.8032
117650,13.40357212081461,52.569260309047316,115651,115651,11,0,3,3,2018,5,16,3,3,6,4,0,0,0,1,0,0,1,0,798381.286,5833469.14
117651,13.25136516784297,52.50809341447145,115652,115652,11,0,4,4,2018,12,10,1,3,2,6,0,0,1,0,0,0,0,1,788474.1340000001,5826050.8032
117652,13.42413306017651,52.539307577622566,115653,115653,11,0,3,3,2018,10,21,3,3,0,1,2,0,0,0,1,0,0,1,799978.2459999999,5830225.344
117653,13.45828371405491,52.49228859339236,115654,115654,11,0,9,9,2018,1,15,4,3,2,6,0,0,1,0,1,0,0,1,802615.9453,5825142.1014
117654,13.303581142409296,52.511484684936505,115655,115655,11,0,4,4,2018,7,19,2,3,3,6,0,1,0,0,0,0,0,0,791992.9921,5826637.9108
117655,13.301157955795025,52.548589523468245,115656,115656,11,0,12,12,2018,4,17,3,3,2,6,0,0,1,0,0,0,0,0,791582.4733,5830752.3514
117656,13.404765941403024,52.51988270161537,115657,115657,11,0,1,1,2018,7,15,5,3,5,2,0,1,0,0,0,0,1,0,798797.7303,5827985.8926
117657,13.37882549575938,52.47005419694828,115658,115658,11,0,7,7,2018,3,13,4,2,3,6,0,0,1,0,0,1,0,0,797375.3875,5822340.3604
117658,13.311625202740695,52.51201149538385,115659,115659,11,0,4,4,2018,5,13,3,2,6,4,0,0,1,1,0,0,0,0,792535.0015,5826729.0703
117659,13.37719465646335,52.432518794742506,115660,115660,11,0,7,7,2018,10,10,2,3,5,3,0,0,1,0,0,0,0,0,797517.8794,5818161.6647
117660,13.291641805546295,52.58626294694482,115661,115661,11,0,12,12,2018,1,17,2,2,2,6,1,0,1,0,0,0,1,0,790688.1414,5834901.3693
117661,13.369941987642758,52.51583651146586,115662,115662,11,0,1,1,2018,11,16,6,3,5,2,1,1,1,0,0,0,0,1,796463.9140000001,5827392.4082
117662,13.525974486320438,52.51000376701077,115663,115663,11,0,11,11,2018,9,14,6,3,3,6,0,0,1,0,0,1,0,0,807084.4945,5827397.2033
117663,13.337627689631107,52.478603757534934,115664,115664,11,0,7,7,2018,8,16,4,3,0,1,0,0,1,0,0,0,0,0,794521.7812,5823121.6237
117664,13.327299878285508,52.477815840636815,115665,115665,11,0,4,4,2018,6,15,6,3,2,6,0,0,1,0,0,0,0,0,793826.132,5822991.9311
117665,13.613257193335723,52.50489585415235,115666,115666,11,0,10,10,2018,6,13,1,2,3,6,0,0,1,0,1,0,0,0,813039.6162,5827204.8681
117666,13.438870217059907,52.533549271456366,115667,115667,11,0,3,3,2018,8,7,3,2,5,2,0,1,0,0,0,0,1,0,801016.413,5829646.77
117667,13.441832161079335,52.54353672408646,115668,115668,11,0,3,3,2018,5,9,5,3,6,7,0,1,0,1,0,0,0,0,801148.7219,5830769.2079
117668,13.361932639112268,52.413636082721176,115669,115669,11,0,7,7,2018,4,10,3,3,5,2,0,1,0,0,0,1,0,0,796607.9145,5816000.0892
117669,13.357589495817635,52.487337416365996,115670,115670,11,0,7,7,2018,12,13,4,3,6,7,0,0,1,1,0,0,0,0,795817.8257,5824174.0463
117670,13.364398276513612,52.563822616908226,115671,115671,11,0,12,12,2018,9,14,5,2,5,7,0,0,1,0,1,0,0,0,795764.8890000001,5832703.232000001
117671,13.48031551982876,52.51321830676092,115672,115672,11,0,11,11,2018,9,8,6,3,0,1,0,1,0,0,0,0,0,0,803966.0009,5827560.9916
117672,13.448529457255294,52.516284575788966,115673,115673,11,0,2,2,2018,7,15,4,3,1,5,0,0,0,0,1,0,1,0,801789.5757,5827768.2588
117673,13.388644354004327,52.498163072530886,115674,115674,11,0,2,2,2018,7,14,4,2,5,2,0,1,1,0,0,0,0,0,797851.6842,5825505.1114
117674,13.28260362101248,52.528425275473225,115675,115675,11,0,4,4,2018,5,16,5,2,3,6,0,0,1,0,0,1,0,0,790458.4839,5828436.1508
117675,13.371573348859966,52.509791152090685,115676,115676,11,0,1,1,2018,1,23,2,2,5,3,2,1,1,0,0,0,0,1,796615.2917,5826727.1851
117676,13.527095584693324,52.51029430936562,115677,115677,11,0,11,11,2018,11,6,3,3,2,6,1,0,1,0,0,0,0,1,807158.4904,5827434.2705
117677,13.178104420404356,52.51606567460144,115678,115678,11,0,5,5,2018,8,16,6,3,5,3,0,0,1,0,1,0,0,0,783454.0087,5826646.4325
117679,13.26158347545372,52.508706132962025,115680,115680,11,0,4,4,2018,10,12,1,3,2,6,0,0,1,0,0,0,0,0,789163.1332,5826159.8338
117680,13.3673798541119,52.551648713679455,115681,115681,11,0,1,1,2018,8,23,4,2,5,3,2,1,1,0,0,0,0,0,796048.8913,5831362.3582
117681,13.310156963002658,52.558859996638496,115682,115682,11,0,12,12,2018,4,16,5,3,2,6,0,0,1,0,0,0,0,1,792123.9214,5831930.3716
117682,13.349706427059894,52.482885578892706,115683,115683,11,0,7,7,2018,4,14,5,3,0,6,0,0,1,0,1,0,0,0,795312.7991,5823646.9275
117683,13.505919669467676,52.510680195783614,115684,115684,11,0,11,11,2018,5,12,4,3,0,6,0,1,1,0,0,0,0,0,805719.8186,5827387.1552
117684,13.289590253761668,52.494135348045894,115685,115685,11,0,4,4,2018,12,23,5,3,8,1,2,0,1,0,0,0,0,1,791158.9482,5824652.9437
117685,13.477192257248936,52.513539457893216,115686,115686,11,0,11,11,2018,9,7,6,2,6,4,2,0,0,1,0,0,1,0,803751.9984,5827583.5225
117686,13.352582124727222,52.48446019456074,115687,115687,11,0,7,7,2018,9,7,2,2,1,5,0,1,1,0,0,0,0,0,795497.3742,5823833.7214
117687,13.364415775695369,52.56373045351615,115688,115688,11,0,12,12,2018,6,15,7,3,2,2,0,1,0,0,0,0,1,0,795766.6951,5832693.06
117688,13.386301563014722,52.44000863667559,115689,115689,11,0,7,7,2018,7,9,5,3,1,5,0,0,0,0,1,0,1,0,798085.9479,5819031.7168
117689,13.359209874232194,52.57334376308424,115690,115690,11,0,12,12,2018,5,14,5,2,5,7,0,1,0,0,0,0,1,0,795349.401,5833740.217
117690,13.418771583082552,52.52391762562007,115691,115691,11,0,1,1,2018,1,17,2,3,2,6,0,1,0,0,0,0,1,1,799719.8122,5828492.5
117691,13.399459003724909,52.41724704287905,115692,115692,11,0,7,7,2018,11,16,4,3,6,7,0,0,1,1,0,0,0,0,799133.9248,5816556.2653
117693,13.355278950753473,52.485544359769875,115694,115694,11,0,7,7,2018,10,19,2,3,1,5,1,1,1,0,0,0,1,0,795673.0909999999,5823965.2765
117694,13.525342565535507,52.50991033641729,115695,115695,11,0,11,11,2018,8,0,1,2,6,4,2,0,1,1,0,0,0,0,807042.2944,5827384.1279
117695,13.427944249007675,52.531997906945065,115696,115696,11,0,3,3,2018,4,15,6,3,6,7,0,0,1,1,0,0,0,0,800286.4654,5829428.7694
117696,13.282750671631213,52.52866978105605,115697,115697,11,0,4,4,2018,3,7,5,2,0,1,0,0,0,0,1,0,0,1,790466.8372,5828463.9205
117697,13.347637964490067,52.57431890139432,115698,115698,11,0,12,12,2018,5,16,6,3,2,6,0,0,1,0,0,0,0,0,794559.2209999999,5833801.2279
117698,13.359443642818567,52.474398760262496,115699,115699,11,0,7,7,2018,10,14,2,3,5,3,0,0,1,0,0,0,1,0,796030.5885,5822743.5382
117699,13.411309106439164,52.51884675404997,115700,115700,11,0,1,1,2018,1,13,2,1,3,6,0,0,1,0,0,0,1,0,799248.4072,5827897.8886
117700,13.283892427662385,52.49636554552148,115701,115701,11,0,4,4,2018,11,19,5,3,2,6,2,0,1,0,0,0,0,0,790757.6606,5824877.8478
117701,13.397692722738535,52.42035363742667,115702,115702,11,0,7,7,2018,9,21,2,2,1,1,2,0,1,0,0,0,0,0,798992.8458,5816894.2359
117702,13.427229693996374,52.51865902668986,115703,115703,11,0,2,2,2018,8,14,2,3,5,3,0,1,1,0,0,0,0,0,800329.1295,5827943.2249
117703,13.464291086126385,52.55134572112853,115704,115704,11,0,3,3,2018,6,17,3,2,0,1,0,0,0,0,1,0,0,0,802616.8011,5831731.2227
117704,13.464756153830438,52.48689888800489,115705,115705,11,0,9,9,2018,7,8,3,3,5,7,0,1,1,0,0,0,0,0,803092.1496,5824570.2433
117705,13.387312039250268,52.49248435438618,115706,115706,11,0,2,2,2018,6,15,4,3,3,6,0,0,0,0,1,0,1,0,797799.7242,5824868.4332
117706,13.305476580472279,52.57094751569403,115707,115707,11,0,12,12,2018,5,17,1,3,2,6,0,0,1,0,0,0,0,0,791726.5431,5833254.9533
117707,13.368377919223486,52.54108077677927,115708,115708,11,0,1,1,2018,4,21,6,3,2,6,2,0,1,0,0,0,0,1,796187.7440000001,5830191.845
117708,13.282979416838545,52.44184499107096,115709,115709,11,0,6,6,2018,12,7,6,3,6,2,1,0,1,1,0,0,0,1,791055.6357,5818814.1282
117709,13.431352889285282,52.53491289921586,115710,115710,11,0,3,3,2018,10,19,2,3,1,5,2,1,0,0,0,0,1,0,800497.5777,5829766.9654
117710,13.46783604574833,52.5144813339849,115711,115711,11,0,2,2,2018,7,20,7,3,0,6,1,0,1,0,1,0,0,1,803111.0774,5827648.8299
117711,13.281691628878152,52.510084888779275,115712,115712,11,0,4,4,2018,4,12,2,3,2,6,0,0,1,0,0,0,1,1,790517.7779999999,5826393.9074
117712,13.333400691316196,52.51328014451209,115713,115713,11,0,4,4,2018,7,9,4,3,1,1,0,0,1,0,1,0,0,0,794003.2144,5826958.6466
117713,13.398988607214573,52.57343167355806,115714,115714,11,0,3,3,2018,3,14,1,3,5,3,0,0,1,0,0,0,0,0,798042.5486,5833913.8056
117714,13.397557048384547,52.42122122967728,115715,115715,11,0,7,7,2018,5,17,1,3,5,3,0,1,1,0,0,0,0,0,798977.7491,5816990.103999999
117715,13.259917293739456,52.435097674684684,115716,115716,11,0,6,6,2018,10,18,7,3,2,6,2,0,1,0,0,0,0,1,789533.4476,5817971.4007
117716,13.282610741059408,52.44173517430208,115717,115717,11,0,6,6,2018,1,18,1,3,5,2,2,0,1,0,0,0,0,1,791031.3185,5818800.4353
117717,13.401709879094634,52.590023265376985,115718,115718,11,0,3,3,2018,11,7,2,3,6,2,0,0,1,1,0,0,0,1,798114.0842,5835769.1858
117718,13.470684067220054,52.514194777297114,115719,115719,11,0,2,2,2018,9,9,4,3,3,6,0,1,0,0,0,0,0,0,803306.1694,5827628.9582
117719,13.47395169715088,52.51371323211636,115720,115720,11,0,2,2,2018,8,15,2,3,0,4,0,0,0,1,1,0,0,0,803531.0621,5827589.1888
117720,13.208990483352542,52.44724528342698,115721,115721,11,0,6,6,2018,6,18,5,3,2,6,0,0,1,0,1,0,0,0,785994.9487,5819118.6076
117721,13.467525508036074,52.514512045884636,115722,115722,11,0,2,2,2018,3,18,3,3,5,2,2,1,1,0,0,0,0,1,803089.8091,5827650.9378
117722,13.553840612709381,52.50898574784489,115723,115723,11,0,10,10,2018,6,15,6,3,6,3,0,0,1,1,0,0,0,0,808981.3108,5827403.1143
117723,13.444749149808686,52.63429709951691,115724,115724,11,0,3,3,2018,8,3,1,1,8,1,2,0,1,0,0,0,1,0,800723.5501,5840869.0672
117724,13.406426059489114,52.40212165807454,115725,115725,11,0,7,7,2018,5,7,4,3,1,1,0,0,1,0,1,0,1,0,799710.0499,5814904.0259
117725,13.376390456773233,52.51612714099081,115726,115726,11,0,1,1,2018,4,12,2,3,2,6,0,0,1,0,1,0,0,0,796899.2055,5827451.2457
117726,13.208259473001876,52.5107635835755,115727,115727,11,0,5,5,2018,12,17,3,3,2,6,2,0,1,0,0,0,0,1,785533.266,5826176.0458
117727,13.360320102091837,52.57130089173957,115728,115728,11,0,12,12,2018,9,10,3,3,2,6,0,0,1,0,0,0,0,0,795438.3332,5833517.7051
117728,13.382535791207712,52.469806437461976,115729,115729,11,0,7,7,2018,9,17,4,3,2,6,0,0,1,0,0,0,0,0,797628.9082,5822328.1227
117729,13.292280307389,52.493128364062954,115730,115730,11,0,4,4,2018,6,7,5,3,2,6,0,0,1,0,1,0,0,0,791348.1131,5824551.8789
117730,13.454226364378046,52.51580206896953,115731,115731,11,0,2,2,2018,7,21,2,3,5,2,1,1,1,0,0,0,0,0,802179.168,5827738.4926
117731,13.610580239840164,52.504789029769285,115732,115732,11,0,10,10,2018,7,17,3,3,5,2,0,1,1,0,0,0,0,0,812858.8291,5827181.3763
117732,13.402782679546306,52.593140958462655,115733,115733,11,0,3,3,2018,5,6,3,3,5,3,0,0,1,0,1,0,0,0,798165.5109,5836120.1514
117733,13.362700127351673,52.47402380105138,115734,115734,11,0,7,7,2018,12,17,7,3,3,6,2,0,1,0,0,0,0,1,796254.1329999999,5822715.2301
117734,13.283005627881892,52.4973483538212,115735,115735,11,0,4,4,2018,10,18,3,3,2,6,1,0,1,0,0,0,0,1,790691.0102,5824983.5139
117735,13.353369411835484,52.479386159618905,115736,115736,11,0,7,7,2018,1,0,7,2,6,4,2,0,1,1,0,0,0,0,795584.8501,5823272.9736
117736,13.412550662603435,52.46035774008882,115737,115737,11,0,7,7,2018,7,2,2,1,8,1,2,0,0,0,1,0,0,0,799730.5163,5821402.1842
117737,13.294316265318582,52.51069795346779,115738,115738,11,0,4,4,2018,4,7,2,2,0,1,0,1,0,0,0,0,0,0,791369.8977,5826512.9878
117738,13.236297912431988,52.43231104173317,115739,115739,11,0,6,6,2018,7,10,5,3,9,1,0,0,1,0,0,0,0,0,787947.0525,5817567.1822
117739,13.281070477995154,52.50987869458247,115740,115740,11,0,4,4,2018,3,9,3,3,2,6,0,0,1,0,0,0,0,1,790477.0139,5826368.4862
117740,13.254383402094714,52.5082793296412,115741,115741,11,0,4,4,2018,5,20,2,3,2,6,0,0,0,0,0,0,1,0,788677.6172,5826083.5463
117741,13.36506101130945,52.47315367666936,115742,115742,11,0,7,7,2018,10,14,2,3,3,6,0,0,1,0,0,1,0,1,796420.2259999999,5822628.215
117742,13.40895967330632,52.51701489378668,115743,115743,11,0,1,1,2018,1,6,6,3,2,6,2,0,1,0,0,0,0,1,799101.5691,5827684.5336
117743,13.371506687577686,52.47084246679361,115744,115744,11,0,7,7,2018,11,16,4,3,2,6,2,0,1,0,0,0,0,0,796873.2898,5822397.8324
117744,13.335173041320624,52.47825236075806,115745,115745,11,0,4,4,2018,9,18,5,3,2,6,1,0,1,0,0,0,1,1,794357.5431,5823072.5472
117745,13.429310635063846,52.53316525581497,115746,115746,11,0,3,3,2018,8,15,3,3,2,2,0,1,0,0,0,0,1,0,800371.1035,5829564.209
117746,13.413604437635687,52.54990885776766,115747,115747,11,0,3,3,2018,6,8,6,3,6,4,0,1,0,1,0,0,0,0,799192.5258,5831359.8769
117747,13.364255545893093,52.56340706128577,115748,115748,11,0,12,12,2018,6,18,7,3,5,3,0,0,1,0,1,0,0,0,795758.0204,5832656.4575
117748,13.505298585958323,52.45955523605037,115749,115749,11,0,9,9,2018,8,10,2,2,6,3,0,0,1,1,0,0,0,0,806032.8378,5821702.3418
117749,13.411978034220526,52.54119839071671,115750,115750,11,0,3,3,2018,5,9,4,3,0,4,0,0,0,1,1,0,0,0,799141.6295,5830384.9826
117750,13.367635497573756,52.50490280451131,115751,115751,11,0,1,1,2018,4,15,3,3,2,6,0,0,1,0,0,0,0,0,796381.1659,5826167.661
117751,13.355131579436145,52.485657784979026,115752,115752,11,0,7,7,2018,12,20,3,3,3,6,2,1,1,0,0,0,0,1,795662.3296,5823977.2795
117752,13.363155994510587,52.56583551064169,115753,115753,11,0,12,12,2018,9,14,4,3,0,5,0,1,0,0,0,0,1,0,795667.1904,5832921.865
117753,13.514195909265707,52.45341998516717,115754,115754,11,0,9,9,2018,9,14,5,2,3,6,0,0,1,0,0,0,0,0,806679.5721,5821058.2327
117754,13.27315516151534,52.509799933793964,115755,115755,11,0,4,4,2018,7,16,3,3,0,4,0,1,0,1,0,0,0,0,789940.7261,5826327.8766
117755,13.41339127640193,52.54703800643377,115756,115756,11,0,3,3,2018,7,17,3,3,0,4,0,1,0,1,0,0,0,0,799197.6344,5831039.9052
117756,13.380423621107711,52.43787953680148,115757,115757,11,0,7,7,2018,5,8,4,3,2,2,0,0,1,0,0,0,0,0,797701.063,5818770.812000001
117757,13.411972379325828,52.54112065365033,115758,115758,11,0,3,3,2018,1,5,6,2,6,4,2,0,1,1,0,0,0,1,799141.7755,5830376.3189
117758,13.387319197924773,52.44017429691718,115759,115759,11,0,7,7,2018,11,6,3,3,3,6,2,1,1,0,0,0,0,1,798153.95,5819054.333
117759,13.281697163398604,52.50991940622678,115760,115760,11,0,4,4,2018,8,9,5,3,0,2,0,1,1,0,0,0,0,0,790519.2459999999,5826375.536
117761,13.364640401228785,52.561324240988256,115762,115762,11,0,12,12,2018,10,12,7,3,5,3,0,0,1,0,0,0,0,0,795798.1181,5832426.5337
117762,13.412326355971961,52.541145538705166,115763,115763,11,0,3,3,2018,8,1,4,3,0,4,2,0,0,1,1,0,0,0,799165.5941,5830380.554
117763,13.296175405155878,52.57957554377349,115764,115764,11,0,12,12,2018,4,15,4,3,2,6,0,0,1,0,0,0,0,1,791039.4177,5834176.3557
117764,13.357281856968815,52.473946391587035,115765,115765,11,0,7,7,2018,4,12,5,3,2,6,0,0,1,0,0,0,0,0,795886.9029,5822684.3893
117765,13.424321261720113,52.539025354974186,115766,115766,11,0,3,3,2018,5,21,4,3,5,2,1,1,1,0,0,0,0,0,799992.9269,5830194.7592
117766,13.369924509122267,52.54233898474551,115767,115767,11,0,1,1,2018,12,17,4,3,3,6,2,0,1,0,0,0,0,0,796284.0706,5830338.0498
117767,13.323918929474859,52.60776497120079,115768,115768,11,0,12,12,2018,9,12,5,3,0,2,0,1,0,0,0,0,1,0,792729.7489,5837422.0782
117768,13.538193342967253,52.53829400468556,115769,115769,11,0,10,10,2018,8,16,6,3,3,6,0,0,1,0,1,0,0,0,807715.0268,5830593.5486
117769,13.355051277236276,52.47819275033881,115770,115770,11,0,7,7,2018,6,16,6,3,0,7,0,0,0,0,1,0,1,1,795707.0005,5823147.2205