,X,Y,OBJECTID_1,OBJECTID,ULAND,UREGBEZ,UKREIS,UGEMEINDE,UJAHR,UMONAT,USTUNDE,UWOCHENTAG,UKATEGORIE,UART,UTYP1,ULICHTVERH,IstRad,IstPKW,IstFuss,IstKrad,IstGkfz,IstSonstig,STRZUSTAND,LINREFX,LINREFY
117770,13.157390367693846,52.419254894955685,115771,115771,11,0,6,6,2018,7,18,5,3,6,4,0,1,0,1,0,0,0,0,782669.6499,5815804.1
117771,13.39156667782814,52.517041666412446,115772,115772,11,0,1,1,2018,5,14,4,3,6,7,0,1,0,1,0,0,0,0,797922.0587,5827615.4958
117772,13.474249724026155,52.513821509227384,115773,115773,11,0,2,2,2018,1,11,6,3,6,7,0,1,0,1,0,0,0,1,803550.5235,5827602.4779
117773,13.170698637336853,52.420871365104894,115774,115774,11,0,6,6,2018,11,16,3,3,0,5,0,1,1,0,0,0,1,0,783563.7133,5816035.9634
117774,13.159924846588687,52.4196383719968,115775,115775,11,0,6,6,2018,6,7,3,2,6,4,0,0,1,1,0,0,0,0,782839.4397,5815856.6509
117775,13.374614977936654,52.509451028407746,115776,115776,11,0,1,1,2018,12,17,7,3,2,6,2,0,1,0,0,0,0,1,796823.8595,5826701.8973
117776,13.281216365295613,52.50136043029961,115777,115777,11,0,4,4,2018,10,14,1,3,2,6,0,0,1,0,0,0,0,0,790543.1449,5825422.2532
117777,13.303179666444207,52.55103286658464,115778,115778,11,0,12,12,2018,8,14,6,2,8,1,0,0,1,0,0,0,0,0,791703.2376,5831032.1135
117778,13.283939264024685,52.507653914251925,115779,115779,11,0,4,4,2018,4,13,5,2,2,6,0,0,1,0,0,0,0,0,790686.2689,5826132.757999999
117779,13.365300476113047,52.55786795288312,115780,115780,11,0,1,1,2018,3,11,3,3,2,6,0,0,1,0,1,0,0,0,795866.1140000001,5832045.0804
117780,13.301731723241694,52.6430045659888,115781,115781,11,0,12,12,2018,5,8,6,2,5,3,0,1,1,0,0,0,0,0,790994.2743,5841249.0751
117781,13.348747623716116,52.475316717985,115782,115782,11,0,7,7,2018,10,15,6,3,2,6,0,0,1,0,0,0,1,0,795298.4770000001,5822801.731000001
117782,13.446569957634466,52.52764464529546,115783,115783,11,0,3,3,2018,1,17,5,3,2,6,2,0,1,0,0,0,0,0,801578.7928,5829022.6797
117783,13.369548279409935,52.507880151692,115784,115784,11,0,1,1,2018,11,14,5,3,6,7,0,1,0,1,0,0,0,0,796490.8359999999,5826506.4519
117784,13.445559638604115,52.463046573902844,115785,115785,11,0,8,8,2018,9,7,2,3,2,6,0,0,1,0,1,0,0,0,801953.1284,5821838.6742
117785,13.462557662818153,52.55081153905543,115786,115786,11,0,3,3,2018,8,21,7,3,3,6,2,0,1,0,0,1,0,0,802503.0399,5831664.573
117786,13.403297934328632,52.56935320719743,115787,115787,11,0,3,3,2018,6,7,3,3,2,6,0,0,1,0,0,1,0,0,798362.0856,5833478.3299
117787,13.507065356526544,52.51060792445003,115788,115788,11,0,11,11,2018,7,19,2,3,1,5,0,1,1,0,0,0,0,0,805798.0124,5827383.9814
117788,13.297330018773707,52.511075261555746,115789,115789,11,0,4,4,2018,6,17,3,3,2,6,0,0,1,0,0,0,0,0,791571.781,5826567.107999999
117789,13.415945700591028,52.37898293009877,115790,115790,11,0,7,7,2018,5,12,7,3,1,5,0,0,1,0,1,0,0,0,800514.55,5812371.8098
117790,13.434961326560162,52.586429387915345,115791,115791,11,0,3,3,2018,4,16,5,2,3,6,0,0,1,0,0,0,0,0,800389.5312,5835507.8835
117791,13.53147145271542,52.510261948307935,115792,115792,11,0,11,11,2018,12,16,4,3,2,6,1,0,1,0,0,0,0,1,807455.4534,5827449.3253
117792,13.38576277866012,52.48013092272357,115793,115793,11,0,7,7,2018,9,13,1,3,6,2,0,0,1,1,0,0,0,0,797778.1489,5823488.9821
117793,13.36525886614906,52.55807865031143,115794,115794,11,0,1,1,2018,7,16,7,2,5,3,0,0,1,0,1,0,0,0,795861.8759,5832068.3284
117794,13.292558491377957,52.5105964486333,115795,115795,11,0,4,4,2018,4,16,1,3,1,5,0,1,0,0,0,0,1,0,791251.3625,5826494.6042
117795,13.15248312372328,52.41872646483129,115796,115796,11,0,6,6,2018,7,20,2,3,0,3,1,0,1,0,1,0,0,0,782339.5259,5815726.1618
117796,13.302453495317971,52.48611159448564,115797,115797,11,0,4,4,2018,3,15,6,3,2,6,0,0,1,0,0,0,0,1,792084.8492,5823813.1015
117797,13.376288995655134,52.516121027155286,115798,115798,11,0,1,1,2018,5,13,7,3,0,6,0,1,0,0,0,0,0,0,796892.3670000001,5827450.1484
117798,13.451846074115204,52.54858215448617,115799,115799,11,0,3,3,2018,10,14,6,3,0,1,0,0,0,0,1,0,0,0,801792.6324,5831371.8758
117799,13.247155031804242,52.478212900618416,115800,115800,11,0,4,4,2018,1,17,5,3,8,1,2,0,1,0,0,0,0,0,788384.2573,5822712.6607
117800,13.38587590260554,52.47517991187808,115801,115801,11,0,7,7,2018,11,11,7,3,2,6,0,0,1,0,0,0,0,0,797819.3004,5822939.1561
117801,13.406311665325866,52.397314468835404,115802,115802,11,0,7,7,2018,9,6,3,2,1,5,1,0,1,0,0,0,0,0,799734.8929,5814369.2503
117802,13.386056772099801,52.48366820298212,115803,115803,11,0,7,7,2018,8,14,1,3,2,6,0,0,1,0,0,0,0,0,797774.1814,5823883.3561
117803,13.17952726737276,52.51655944014044,115804,115804,11,0,5,5,2018,6,13,4,3,2,6,0,0,1,0,1,0,0,0,783547.3113,5826706.9114
117804,13.427905221700144,52.56902462682878,115805,115805,11,0,3,3,2018,10,11,4,3,2,7,0,0,0,0,1,0,1,0,800030.8232,5833543.9981
117805,13.425437500207336,52.541486155709755,115806,115806,11,0,3,3,2018,6,6,6,3,0,7,0,1,0,0,0,0,0,0,800051.7721,5830472.9153
117806,13.368479907652619,52.54102285341234,115807,115807,11,0,1,1,2018,8,15,6,3,5,2,0,1,1,0,0,0,0,0,796195.046,5830185.826
117807,13.387319197924773,52.44017429691718,115808,115808,11,0,7,7,2018,5,20,3,3,5,3,0,0,1,0,0,0,0,0,798153.95,5819054.333
117808,13.380674962537704,52.438145040623866,115809,115809,11,0,7,7,2018,4,16,1,3,2,6,0,0,1,0,0,0,0,0,797716.344,5818801.3588
117809,13.486831365300471,52.624660728714254,115810,115810,11,0,3,3,2018,12,6,2,3,2,6,1,0,1,0,0,0,0,0,803636.0164,5839974.6753
117810,13.399726631610973,52.57013001266371,115811,115811,11,0,3,3,2018,9,14,3,3,2,6,0,0,1,0,0,0,0,0,798114.948,5833549.8867
117811,13.175406634079074,52.419966692660026,115812,115812,11,0,6,6,2018,9,13,3,3,0,2,0,1,1,0,0,0,0,0,783889.4801,5815953.9052
117812,13.350165309863227,52.48110879743308,115813,115813,11,0,7,7,2018,6,16,4,3,6,4,0,0,1,1,0,0,0,0,795355.8541,5823451.3188
117813,13.293961502646587,52.49198845047688,115814,115814,11,0,4,4,2018,7,9,2,3,2,6,0,0,1,0,0,0,0,0,791469.7193,5824431.9685
117814,13.46503317539942,52.51476223070714,115815,115815,11,0,2,2,2018,5,21,2,3,1,1,1,0,1,0,0,0,0,0,802919.0882,5827668.2699
117815,13.348314408475408,52.574327883112886,115816,115816,11,0,12,12,2018,1,9,5,3,3,6,0,0,1,0,0,0,0,1,794604.9678,5833804.9921
117816,13.248024718678565,52.6155476149139,115817,115817,11,0,12,12,2018,11,16,1,3,0,1,1,0,0,0,1,0,0,1,787543.1507,5837981.3633
117817,13.428565326228812,52.547299829521116,115818,115818,11,0,3,3,2018,8,13,5,3,6,4,0,0,1,1,0,0,0,0,800224.007,5831132.1108
117818,13.411852605152367,52.51917573484509,115819,115819,11,0,1,1,2018,3,11,7,3,5,2,0,0,1,0,0,0,0,0,799283.0186,5827936.7099
117820,13.432522749110115,52.536237772125645,115821,115821,11,0,3,3,2018,10,8,5,2,2,6,0,0,1,0,0,0,0,0,800567.8063,5829919.0978
117821,13.578034678643448,52.50516526874885,115822,115822,11,0,10,10,2018,8,6,3,2,5,3,0,1,1,0,0,0,0,0,810648.9647,5827082.467
117822,13.553477472349055,52.50934376840566,115823,115823,11,0,10,10,2018,4,7,2,3,5,2,0,0,1,0,0,1,0,0,808954.1705,5827441.3489
117823,13.407763453317793,52.56404572450256,115824,115824,11,0,3,3,2018,4,16,3,3,1,5,0,1,0,0,0,0,1,0,798700.6149,5832906.9187
117824,13.367788950485535,52.47190580593409,115825,115825,11,0,7,7,2018,5,15,3,3,2,6,0,0,1,0,0,0,1,0,796613.7822,5822500.7286
117825,13.444860097136168,52.61467424484382,115826,115826,11,0,3,3,2018,10,17,4,3,2,6,2,0,1,0,0,0,0,0,800865.7803,5838688.5207
117826,13.473097281636381,52.56663224628733,115827,115827,11,0,3,3,2018,12,18,2,3,6,2,2,0,0,1,0,1,0,0,803107.8909,5833467.2578
117827,13.354571647841473,52.48539101448762,115828,115828,11,0,7,7,2018,9,20,4,3,3,6,2,1,1,0,0,0,0,0,795626.1268,5823945.3332
117828,13.405137120786838,52.513511866376255,115829,115829,11,0,1,1,2018,8,11,5,3,6,7,0,0,1,1,0,0,0,0,798866.1831,5827279.3308
117829,13.404815885936179,52.52014013232,115830,115830,11,0,1,1,2018,6,17,5,3,5,2,0,1,0,0,1,0,0,0,798799.3675,5828014.7123
117830,13.19716218185191,52.41975050210396,115831,115831,11,0,6,6,2018,7,8,4,3,2,6,0,0,1,0,0,0,0,0,785369.378,5816015.6385
117831,13.429891521659176,52.55335338078154,115832,115832,11,0,3,3,2018,1,16,5,3,2,6,2,0,1,0,0,0,0,1,800272.4851,5831810.4671
117832,13.28918797021112,52.51055484863583,115833,115833,11,0,4,4,2018,11,7,2,3,5,2,0,1,1,0,0,0,0,0,791023.058,5826476.372
117833,13.385737266506052,52.469320579133694,115834,115834,11,0,7,7,2018,6,11,6,3,2,6,0,0,0,0,1,1,0,1,797849.503,5822287.3332
117834,13.424423453168524,52.539246677470246,115835,115835,11,0,3,3,2018,5,18,3,3,5,2,0,1,1,0,0,0,0,0,799998.3416,5830219.7838
117835,13.30650734156525,52.56733916445296,115836,115836,11,0,12,12,2018,12,12,5,3,2,6,0,0,1,0,0,0,1,0,791820.3337,5832858.054
117836,13.389966153978026,52.43397265062902,115837,115837,11,0,7,7,2018,10,10,6,3,1,5,0,0,1,0,1,0,0,0,798375.6881,5818375.9761
196810,13.477149646561749,52.56696654618796,196811,196811,11,0,3,3,2018,1,18,5,2,5,2,2,1,1,0,0,0,0,1,803380.0323,5833521.4699
196811,13.267444551491261,52.40859406111875,196812,196812,11,0,6,6,2018,1,11,4,2,5,2,0,1,1,0,0,0,0,0,790219.0231,5815055.6997
196812,13.342345448365524,52.4824116211285,196813,196813,11,0,7,7,2018,1,18,5,3,2,2,2,1,1,0,0,0,0,1,794816.4643,5823564.1371
196813,13.554364612591016,52.447731513523856,196814,196814,11,0,9,9,2018,1,18,2,3,5,3,2,0,1,0,0,0,1,0,809446.9503,5820597.5055
196814,13.34771367360388,52.57583622669817,196815,196815,11,0,12,12,2018,1,18,5,3,5,2,2,1,1,0,0,0,0,1,794554.1651,5833970.1879
196815,13.578647660247245,52.452438711343916,196816,196816,11,0,9,9,2018,1,17,1,3,5,3,2,0,1,0,0,0,0,0,811062.7447,5821225.0794
196816,13.498060982783382,52.62828979246814,196817,196817,11,0,3,3,2018,1,17,5,2,6,2,2,0,1,1,0,0,0,1,804370.3269,5840425.4478
196817,13.178041371247804,52.54886821265522,196818,196818,11,0,5,5,2018,1,7,6,2,6,2,1,0,1,1,0,0,0,0,783238.3267,5830292.3813
196818,13.332930510401535,52.520466166521175,196819,196819,11,0,1,1,2018,1,17,5,3,5,3,2,0,1,0,0,0,0,1,793923.307,5827755.4556
196819,13.270046383371179,52.54860452745486,196820,196820,11,0,4,4,2018,1,23,3,2,6,4,2,0,1,1,0,0,0,0,789474.2948,5830628.6073
196820,13.47971296137722,52.523714007793245,196821,196821,11,0,11,11,2018,1,17,5,2,6,4,2,0,1,1,0,0,0,1,803852.6170000001,5828724.988
196821,13.46467265991635,52.49738731662589,196822,196822,11,0,2,2,2018,1,16,5,3,5,2,2,0,1,0,0,0,0,1,803014.2792,5825735.625
196822,13.322113767606352,52.57587826384144,196823,196823,11,0,12,12,2018,1,5,2,3,1,5,2,0,1,0,0,0,1,0,792820.3768,5833870.5031
196823,13.426060003953127,52.48094210941439,196824,196824,11,0,8,8,2018,1,15,5,3,2,6,1,0,1,0,0,0,0,1,800507.2522,5823746.2605
196824,13.259486538984337,52.57047621289575,196825,196825,11,0,12,12,2018,1,16,5,3,2,6,0,0,1,0,0,0,1,1,788615.0032,5833017.3536
196825,13.427819464929867,52.46810739263898,196826,196826,11,0,8,8,2018,1,3,7,3,6,2,2,0,0,1,0,0,1,1,800714.2551,5822327.0653
196826,13.343220402960654,52.43970546966886,196827,196827,11,0,6,6,2018,1,15,5,3,5,2,0,0,1,0,0,0,0,1,795161.7034,5818820.9629
196827,13.417785205052835,52.487655959731576,196828,196828,11,0,2,2,2018,1,20,4,3,2,6,2,1,1,0,0,0,0,1,799899.9951,5824458.0394
196828,13.456926203353765,52.4651071689035,196829,196829,11,0,8,8,2018,1,15,5,3,3,6,1,0,1,0,0,1,0,1,802710.615,5822115.331
196829,13.477116455608625,52.56697081665983,196830,196830,11,0,3,3,2018,1,16,7,2,5,2,2,0,1,0,0,0,0,0,803377.7549,5833521.8048
196830,13.433738043027075,52.44342891041346,196831,196831,11,0,8,8,2018,1,14,5,3,6,4,0,0,1,1,0,0,0,1,801284.6375,5819608.8481
196831,13.349784701762175,52.5032566088311,196832,196832,11,0,1,1,2018,1,21,5,3,2,2,2,0,1,0,0,0,1,1,795181.4863,5825911.4699
196832,13.578287058525918,52.459206031534215,196833,196833,11,0,9,9,2018,1,14,5,2,5,3,0,1,1,0,0,0,0,1,810990.5063,5821975.6437
196833,13.380839879749134,52.55245407217186,196834,196834,11,0,1,1,2018,1,16,3,3,2,6,2,0,1,0,0,0,0,0,796955.3891,5831507.2519
196834,13.273238288018485,52.511694940245725,196835,196835,11,0,4,4,2018,1,14,5,2,0,7,0,0,1,0,0,0,0,0,789933.8754,5826538.8449
196835,13.456410625177915,52.517932593635386,196836,196836,11,0,2,2,2018,1,8,2,3,1,5,0,0,1,0,0,0,1,0,802312.6278,5827984.4473
196836,13.260100180849864,52.434317892354066,196837,196837,11,0,6,6,2018,1,14,5,3,0,7,0,0,1,0,1,0,0,1,789550.9897,5817885.4599
196837,13.161809134762333,52.521638253671206,196838,196838,11,0,5,5,2018,1,13,5,2,6,4,0,0,1,1,0,0,0,0,782313.2309999999,5827201.9303
196838,13.386934981291216,52.45692631768302,196839,196839,11,0,7,7,2018,1,20,7,3,1,5,2,0,1,0,0,0,0,1,798014.6062,5820914.6882
196839,13.511977270838257,52.51013058699069,196840,196840,11,0,11,11,2018,1,13,5,3,5,3,0,0,1,0,0,0,0,1,806134.4215,5827351.7734
196840,13.38753895548765,52.52462836272568,196841,196841,11,0,1,1,2018,1,17,4,3,0,1,2,0,0,0,1,0,0,1,797597.6145,5828442.1054
196841,13.492655473867456,52.5425615170477,196842,196842,11,0,11,11,2018,1,19,5,2,5,3,2,1,1,0,0,0,0,1,804599.382,5830874.4047
196842,13.45398841503232,52.469198801922,196843,196843,11,0,8,8,2018,1,13,5,3,5,3,0,0,1,0,0,0,0,1,802483.0959999999,5822557.7725
196843,13.392759565066964,52.52831790384342,196844,196844,11,0,1,1,2018,1,12,2,3,2,6,0,0,1,0,0,1,0,0,797926.5355,5828873.7534
196844,13.328861155639196,52.56365462827546,196845,196845,11,0,12,12,2018,1,11,5,3,0,5,0,0,1,0,1,0,0,1,793358.9503,5832539.2849
196845,13.44039405353087,52.51585825824894,196846,196846,11,0,2,2,2018,1,7,3,3,5,3,1,1,1,0,0,0,0,0,801240.8753,5827686.8524
196846,13.323484276929701,52.59792885575451,196847,196847,11,0,12,12,2018,1,10,5,3,6,4,0,0,1,1,0,0,0,1,792766.0035,5836327.0172
196847,13.427094609835546,52.511895674112225,196848,196848,11,0,2,2,2018,1,13,2,3,5,3,0,1,1,0,0,0,0,0,800366.1529999999,5827190.9406
196848,13.453938637585788,52.488925702966526,196849,196849,11,0,9,9,2018,1,5,5,3,5,2,2,1,1,0,0,0,0,1,802344.2627,5824750.1094
196849,13.521781409288964,52.56700713612997,196850,196850,11,0,11,11,2018,1,5,5,3,5,3,2,1,1,0,0,0,0,1,806402.4427,5833714.8606
196850,13.307028476719447,52.505529792795066,196851,196851,11,0,4,4,2018,1,2,6,3,8,1,2,0,1,0,0,0,0,1,792266.3282,5825989.9846
196851,13.2929735696331,52.506202782269966,196852,196852,11,0,4,4,2018,1,10,5,3,5,3,0,0,1,0,0,0,0,1,791308.5997,5826007.9186
196852,13.26216974385593,52.48117479888182,196853,196853,11,0,4,4,2018,1,12,4,3,5,3,0,0,1,0,0,0,0,0,789383.8184,5823102.0093
196853,13.351178477451382,52.50948568309729,196854,196854,11,0,1,1,2018,1,6,5,3,6,2,2,0,1,1,0,0,0,1,795234.2243,5826609.5324
196854,13.522551677814182,52.4350300115145,196855,196855,11,0,9,9,2018,1,6,2,3,5,3,2,1,1,0,0,0,0,0,807375.0957,5819049.8826
196855,13.423252421940575,52.520103905237285,196856,196856,11,0,1,1,2018,1,6,5,3,5,3,2,1,1,0,0,0,0,1,800049.6057,5828087.2572
196856,13.253224995789745,52.44592814801568,196857,196857,11,0,6,6,2018,1,13,1,3,5,2,0,1,1,0,0,0,0,0,789007.8367,5819148.4108
196857,13.4109676118839,52.50390355569385,196858,196858,11,0,2,2,2018,1,8,5,3,5,3,0,1,1,0,0,0,0,1,799326.9124,5826235.5812
196858,13.428804211619052,52.547752706191865,196859,196859,11,0,3,3,2018,1,7,5,3,6,2,2,0,1,1,0,0,0,1,800237.0983,5831183.4416
196859,13.38427390731498,52.555726997296006,196860,196860,11,0,1,1,2018,1,10,2,3,2,2,0,1,1,0,0,0,0,0,797165.9025,5831885.1879
196860,13.306623948279018,52.555203248025826,196861,196861,11,0,12,12,2018,1,7,5,3,6,2,2,0,1,1,0,0,0,1,791908.8890000001,5831509.602999999
196861,13.367943993415375,52.525891931515226,196862,196862,11,0,1,1,2018,1,15,6,3,5,2,1,0,1,0,0,0,0,0,796260.688,5828501.8409
196862,13.342166217398331,52.61586913851653,196863,196863,11,0,12,12,2018,1,7,5,3,6,7,1,0,0,1,0,0,1,1,793910.1263,5838397.1892
196863,13.232945537233913,52.438231947033216,196864,196864,11,0,6,6,2018,1,10,4,3,3,6,0,0,1,0,0,1,0,0,787680.6825,5818211.9418
196864,13.642911841200835,52.529403686391866,196865,196865,11,0,10,10,2018,1,18,2,3,5,3,2,0,1,0,0,0,0,0,814875.2039,5830057.7798
196865,13.428324419629176,52.479510640385,196866,196866,11,0,8,8,2018,1,19,7,3,6,7,2,0,1,1,0,0,0,0,800670.688,5823596.5947
196866,13.466448522333524,52.50875563252514,196867,196867,11,0,2,2,2018,1,1,6,2,0,1,2,1,0,0,0,0,0,1,803056.4368,5827006.6159
196867,13.456149611587277,52.50981438461813,196868,196868,11,0,2,2,2018,1,18,3,3,2,2,2,1,1,0,0,0,0,0,802350.728,5827081.0534
196868,13.491201507460966,52.4690119077312,196869,196869,11,0,9,9,2018,1,7,5,2,6,2,1,0,1,1,0,0,0,1,805010.3032,5822693.6859
196869,13.39039655928851,52.408836894998295,196870,196870,11,0,7,7,2018,1,10,6,3,6,6,0,0,1,1,0,0,0,0,798574.9208,5815583.992000001
196870,13.368082703176727,52.42107827850749,196871,196871,11,0,7,7,2018,1,18,4,3,6,7,2,0,1,1,0,0,0,1,796975.8333,5816852.5564
196871,13.448499118453224,52.55301206387364,196872,196872,11,0,3,3,2018,1,15,3,3,0,3,0,0,0,0,0,0,1,0,801535.45,5831850.2302
196872,13.360646337863669,52.59692110563365,196873,196873,11,0,12,12,2018,1,7,4,3,6,2,0,0,0,1,0,0,1,1,795287.9558,5836366.715
196873,13.418030296005053,52.46047555759142,196874,196874,11,0,7,7,2018,1,13,4,3,5,2,0,1,0,0,0,1,0,1,800101.7375,5821438.0567
196874,13.398208561425808,52.506989175926144,196875,196875,11,0,2,2,2018,1,8,2,2,6,2,0,0,1,1,0,0,0,0,798440.6008,5826525.6539
196875,13.416636317296607,52.511334174628495,196876,196876,11,0,1,1,2018,1,20,4,2,6,4,2,0,1,1,0,0,0,1,799660.7777,5827085.0154
196876,13.460090726452904,52.54699683972022,196877,196877,11,0,3,3,2018,1,7,4,3,6,4,2,0,0,1,0,0,1,1,802362.1568,5831230.2345
196877,13.351736009645936,52.533089225835575,196878,196878,11,0,1,1,2018,1,14,7,3,5,7,0,0,1,0,0,0,0,0,795113.5992,5829235.3318
196878,13.286680269196589,52.5187183182496,196879,196879,11,0,4,4,2018,1,13,4,3,5,2,0,1,1,0,0,0,0,1,790799.0218,5827373.6378
196879,13.35937750345747,52.546451466027676,196880,196880,11,0,1,1,2018,1,21,5,3,6,2,2,0,1,1,0,0,0,1,795541.6751,5830751.8447
196880,13.493597122982562,52.54129229183919,196881,196881,11,0,11,11,2018,1,16,4,3,5,3,2,0,1,0,0,0,0,1,804671.9914,5830737.3184
196881,13.389929926719244,52.51016150695618,196882,196882,11,0,1,1,2018,1,12,3,3,2,7,0,1,1,0,0,0,0,0,797857.6624,5826844.0196
196882,13.337350188361745,52.47147657303554,196883,196883,11,0,7,7,2018,1,16,4,3,5,2,2,1,1,0,0,0,0,1,794550.6004,5822328.3082
196883,13.578627263998715,52.51325779727559,196884,196884,11,0,10,10,2018,1,13,2,3,0,6,0,0,0,0,0,0,1,0,810632.0031,5827984.4256
196884,13.389319896979446,52.54703237489041,196885,196885,11,0,1,1,2018,1,15,4,3,5,3,0,1,1,0,0,0,0,0,797566.635,5830939.6182
196885,13.197365334955068,52.560552287343036,196886,196886,11,0,5,5,2018,1,15,4,3,2,6,0,0,1,0,0,0,0,1,784472.055,5831667.2414
196886,13.346141739535987,52.49876449593333,196887,196887,11,0,7,7,2018,1,22,7,3,5,3,2,0,1,0,0,0,0,0,794964.4995,5825397.2692
196887,13.447367682268041,52.53061611825057,196888,196888,11,0,3,3,2018,1,17,4,3,5,3,1,0,1,0,0,0,0,1,801612.4812,5829356.2835
196888,13.338904469636006,52.465487321237276,196889,196889,11,0,6,6,2018,1,6,2,3,0,7,2,0,1,0,0,0,0,0,794696.1546,5821668.9538
196889,13.287392589199445,52.51885026830353,196890,196890,11,0,4,4,2018,1,17,4,2,0,4,1,0,1,1,0,0,1,1,790846.448,5827391.1774
196890,13.260749927803266,52.53716363574773,196891,196891,11,0,5,5,2018,1,18,4,3,5,3,2,0,1,0,0,0,0,1,788919.5829,5829319.6215
196891,13.455887670935265,52.47389708921274,196892,196892,11,0,8,8,2018,1,1,7,3,6,2,2,0,1,1,0,0,0,0,802579.7409999999,5823087.927999999
196892,13.281207000358773,52.51282485005826,196893,196893,11,0,4,4,2018,1,19,4,3,6,2,2,0,1,1,0,0,0,1,790466.8208,5826696.5069
196893,13.314570297958632,52.424122706910104,196894,196894,11,0,6,6,2018,1,18,4,3,2,6,2,0,1,0,0,0,0,1,793319.1943,5816972.1612
196894,13.31548811387094,52.4496711397077,196895,196895,11,0,6,6,2018,1,19,4,3,6,2,2,0,1,1,0,0,0,1,793211.6949,5819815.5982
196895,13.301133659959824,52.49492742353076,196896,196896,11,0,4,4,2018,1,11,3,3,2,7,0,0,1,0,0,0,0,0,791936.8307,5824787.6457
196896,13.386430363460152,52.549388451442965,196897,196897,11,0,1,1,2018,1,20,4,3,6,2,2,0,1,1,0,0,0,1,797354.897,5831189.5651
196897,13.409654819317565,52.5040821225238,196898,196898,11,0,2,2,2018,1,11,2,2,6,4,0,1,0,1,0,0,0,0,799236.6581,5826249.9798
196898,13.34306171736235,52.50484683634692,196899,196899,11,0,1,1,2018,1,13,4,3,6,4,0,0,1,1,0,0,0,1,794714.8336,5826060.725
196899,13.601309482377616,52.53585385485492,196900,196900,11,0,10,10,2018,1,16,6,3,5,3,2,1,1,0,0,0,0,0,812009.5934,5830593.7129
196900,13.280447505328775,52.50872153986693,196901,196901,11,0,4,4,2018,1,11,4,3,1,5,0,1,1,0,0,0,0,1,790442.4032,5826237.357000001
196901,13.421367269587591,52.51455180693592,196902,196902,11,0,1,1,2018,1,11,4,3,3,1,0,0,1,0,0,0,0,1,799959.6567,5827462.3165
196902,13.493674123873765,52.636077812116206,196903,196903,11,0,3,3,2018,1,11,4,3,5,3,0,0,1,0,0,0,1,1,804019.5765,5841272.5042
196903,13.345020131818314,52.492414403395,196904,196904,11,0,7,7,2018,1,13,4,2,1,5,0,0,1,0,0,0,0,1,794930.9595,5824686.8739
196904,13.433440570412307,52.50890904287218,196905,196905,11,0,2,2,2018,1,20,5,3,0,7,2,1,0,0,0,0,1,1,800816.9071,5826885.444
196905,13.12927029296394,52.52717165302361,196906,196906,11,0,5,5,2018,1,10,4,3,5,3,0,0,1,0,0,0,0,1,780071.7408,5827690.1086
196906,13.407331505599961,52.581800949166215,196907,196907,11,0,3,3,2018,1,7,2,3,5,3,0,1,0,0,0,0,0,0,798550.5687,5834878.5771
196907,13.338448909700894,52.50335823232553,196908,196908,11,0,4,4,2018,1,11,4,2,6,4,0,0,1,1,0,0,0,1,794411.9289,5825876.4252
196908,13.352345982791851,52.48519134283148,196909,196909,11,0,7,7,2018,1,18,1,3,1,5,2,1,1,0,0,0,0,0,795476.4445,5823914.0204
196909,13.195834018212741,52.54783560245363,196910,196910,11,0,5,5,2018,1,10,4,3,5,3,0,1,0,0,0,1,0,1,784450.6508,5830247.6688
196910,13.338821544355474,52.44889886028265,196911,196911,11,0,6,6,2018,1,14,6,3,5,2,0,1,1,0,0,0,0,0,794801.4459,5819824.8202
196911,13.415836869694338,52.440067410050965,196912,196912,11,0,8,8,2018,1,9,4,3,5,3,0,1,1,0,0,0,0,1,800091.6985,5819160.6472
196912,13.449181230808016,52.537362979067204,196913,196913,11,0,3,3,2018,1,8,4,3,2,7,1,0,1,0,0,0,0,0,801689.0965,5830113.7571
196913,13.588032492971106,52.52088990422208,196914,196914,11,0,10,10,2018,1,7,4,2,6,4,2,0,1,1,0,0,0,1,811215.7206,5828873.2238
196914,13.604044587414752,52.539613373645366,196915,196915,11,0,10,10,2018,1,17,2,3,6,4,2,0,1,1,0,0,0,0,812168.2455,5831023.3879
196915,13.406385582300699,52.39376283656621,196916,196916,11,0,7,7,2018,1,7,4,2,6,2,2,0,1,1,0,0,0,1,799764.0175,5813974.8068
196916,13.41816247591257,52.51541257414419,196917,196917,11,0,1,1,2018,1,7,4,3,3,6,1,0,1,0,0,1,0,1,799736.4798,5827544.6596
196917,13.381546389448733,52.552163187572276,196918,196918,11,0,1,1,2018,1,17,7,3,6,2,2,0,1,1,0,0,0,0,797005.2222,5831477.8321
196918,13.369709604258544,52.55966280020208,196919,196919,11,0,1,1,2018,1,7,4,2,6,2,2,0,1,1,0,0,0,1,796152.6954,5832262.6879
196919,13.342078785270035,52.4824677321935,196920,196920,11,0,7,7,2018,1,18,2,3,5,3,2,1,0,0,0,0,0,0,794797.993,5823569.284
196920,13.496124338998339,52.53424571155656,196921,196921,11,0,11,11,2018,1,7,4,3,6,4,2,0,1,1,0,0,0,1,804892.1315,5829964.8219
196921,13.570973604303294,52.544784175985505,196922,196922,11,0,10,10,2018,1,16,1,3,2,2,1,0,1,0,0,0,0,0,809890.7082,5831455.3373
196922,13.178269390616386,52.548685989283754,196923,196923,11,0,5,5,2018,1,7,4,2,6,4,2,0,1,1,0,0,0,1,783254.9522,5830273.0221
196923,13.345156583215028,52.554428851195404,196924,196924,11,0,1,1,2018,1,7,6,3,6,2,0,0,1,1,0,0,0,0,794524.5723,5831580.3091