,X,Y,OBJECTID_1,OBJECTID,ULAND,UREGBEZ,UKREIS,UGEMEINDE,UJAHR,UMONAT,USTUNDE,UWOCHENTAG,UKATEGORIE,UART,UTYP1,ULICHTVERH,IstRad,IstPKW,IstFuss,IstKrad,IstGkfz,IstSonstig,STRZUSTAND,LINREFX,LINREFY
196924,13.387654670174364,52.4578661219192,196925,196925,11,0,7,7,2018,1,6,4,3,5,2,2,1,1,0,0,0,0,1,798057.1166,5821022.1176
196925,13.28556934963418,52.59274464282638,196926,196926,11,0,12,12,2018,1,13,3,3,1,7,0,0,1,0,0,0,1,0,790234.1502,5835597.3384
196926,13.435360789400685,52.51470769919003,196927,196927,11,0,2,2,2018,1,6,4,3,2,3,1,1,1,0,0,0,0,1,800907.4623,5827537.954
196927,13.337024244542365,52.55259437341118,196928,196928,11,0,1,1,2018,1,6,4,3,5,3,2,1,1,0,0,0,0,1,793985.8969,5831343.2014
196928,13.540902414827436,52.435595579165344,196929,196929,11,0,9,9,2018,1,7,2,3,2,6,1,0,1,0,0,0,0,2,808617.6742,5819191.0552
196929,13.406703728743436,52.53578403789246,196930,196930,11,0,1,1,2018,1,5,4,2,5,3,2,1,1,0,0,0,0,1,798821.0163,5829761.3143
196930,13.381633470335734,52.515144151700255,196931,196931,11,0,1,1,2018,1,9,4,3,6,4,0,1,0,1,0,0,0,0,797261.3601,5827363.5915
196931,13.391626910766256,52.51222288095093,196932,196932,11,0,1,1,2018,1,13,7,3,5,3,0,0,1,0,0,0,0,0,797958.7825,5827080.1479
196932,13.417272529333644,52.605391133712814,196933,196933,11,0,3,3,2018,1,8,4,3,5,3,0,1,1,0,0,0,0,1,799062.7265,5837541.8091
196933,13.534097149239164,52.457243574277136,196934,196934,11,0,9,9,2018,1,20,4,3,6,4,2,0,1,1,0,0,0,1,808004.1493,5821567.9674
196934,13.397532208170306,52.56584616115898,196935,196935,11,0,3,3,2018,1,8,3,3,6,4,1,1,0,1,0,0,0,0,797995.412,5833064.668
196935,13.428231629050224,52.4934500196978,196936,196936,11,0,8,8,2018,1,8,4,3,5,3,1,1,1,0,0,0,0,1,800569.2207,5825145.5145
196936,13.452030569209953,52.510688567810924,196937,196937,11,0,2,2,2018,1,23,5,3,5,2,2,1,1,0,0,0,0,1,802065.3940000001,5827160.95
196937,13.394583999391568,52.50108327802445,196938,196938,11,0,2,2,2018,1,8,4,3,5,7,0,0,1,0,0,0,1,1,798234.806,5825854.232999999
196938,13.553792919354315,52.54911071712474,196939,196939,11,0,10,10,2018,1,16,3,2,6,4,2,0,1,1,0,0,0,0,808696.1767,5831862.4528
196939,13.32163500867907,52.478797231187144,196940,196940,11,0,4,4,2018,1,7,4,2,6,2,1,0,1,1,0,0,0,1,793435.1352,5823077.9545
196940,13.262647166988394,52.52112707050983,196941,196941,11,0,4,4,2018,1,15,4,3,2,6,0,0,1,0,0,1,0,1,789153.6176,5827544.7193
196941,13.415387559338706,52.52078903238954,196942,196942,11,0,1,1,2018,1,16,2,3,2,6,1,0,1,0,0,0,1,0,799511.705,5828130.703
196942,13.517820521605625,52.53538034282965,196943,196943,11,0,10,10,2018,1,7,4,3,6,2,1,0,1,1,0,0,0,1,806354.6946,5830182.9273
196943,13.354391996462743,52.48999992005968,196944,196944,11,0,7,7,2018,1,7,4,2,5,7,1,0,1,0,0,0,0,1,795582.995,5824456.8717
196944,13.38582239535396,52.48487017548093,196945,196945,11,0,2,2,2018,1,20,7,3,5,2,2,0,1,0,0,0,0,0,797750.15,5824015.985
196945,13.300922508257345,52.50323583571208,196946,196946,11,0,4,4,2018,1,8,4,2,6,4,1,0,1,1,0,0,0,1,791867.406,5825710.2796
196946,13.358591347328153,52.43417829984168,196947,196947,11,0,6,6,2018,1,17,4,3,5,3,2,0,1,0,0,0,0,0,796242.8985,5818269.5987
196947,13.298798670838444,52.47324329867658,196948,196948,11,0,4,4,2018,1,17,4,3,6,2,0,0,1,1,0,0,0,0,791922.127,5822367.985
196948,13.37767522010607,52.508244306032886,196949,196949,11,0,1,1,2018,1,9,2,3,3,6,0,0,1,0,1,0,0,0,797039.5432,5826580.3742
196949,13.498568867787153,52.5381371940523,196950,196950,11,0,11,11,2018,1,20,3,3,5,3,2,1,1,0,0,0,0,1,805030.8015,5830407.6788
196950,13.398236819729705,52.49825941398881,196951,196951,11,0,2,2,2018,1,11,2,3,3,6,0,0,1,0,0,0,1,0,798501.7274,5825555.4812
196951,13.377813005500972,52.54416892582634,196952,196952,11,0,1,1,2018,1,11,3,3,2,6,0,0,1,0,0,0,0,1,796806.2841,5830573.9021
196952,13.184003705384205,52.54475343881227,196953,196953,11,0,5,5,2018,1,13,2,2,6,2,0,0,1,1,0,0,0,0,783668.9005,5829858.4467
196953,13.454278848448533,52.54022646178878,196954,196954,11,0,3,3,2018,1,18,3,3,8,1,2,0,1,0,0,0,0,1,802014.8935,5830453.3694
196954,13.307723373897364,52.45951206006433,196955,196955,11,0,6,6,2018,1,15,3,3,1,5,0,0,1,0,0,0,0,1,792619.0563,5820877.9009
196955,13.471274855046424,52.5050805700528,196956,196956,11,0,11,11,2018,1,14,6,2,6,2,0,0,1,1,0,0,0,0,803409.0819,5826618.4497
196956,13.308990943475651,52.506103843498586,196957,196957,11,0,4,4,2018,1,13,3,3,0,5,0,0,0,0,1,0,1,1,792395.6175,5826061.7462
196957,13.256500456334901,52.486208418572616,196958,196958,11,0,4,4,2018,1,12,4,3,5,3,0,1,1,0,0,0,0,0,788966.051,5823638.782000001
196958,13.189831909370556,52.53689279068034,196959,196959,11,0,5,5,2018,1,8,5,3,6,4,1,0,1,1,0,0,0,1,784114.6693,5829007.6442
196959,13.519507938594876,52.42830688476671,196960,196960,11,0,9,9,2018,1,12,3,3,5,2,0,0,1,0,0,0,0,1,807215.1543,5818289.7018
196960,13.307434596974563,52.449653728570134,196961,196961,11,0,6,6,2018,1,6,2,3,6,4,2,0,1,1,0,0,0,0,792664.8882,5819780.9722
196961,13.578874043783676,52.44747996772465,196962,196962,11,0,9,9,2018,1,8,3,3,0,7,1,1,0,0,0,0,0,1,811113.1092,5820674.9417
196962,13.432688572721656,52.47846165013344,196963,196963,11,0,8,8,2018,1,16,1,3,5,3,1,0,1,0,0,0,1,0,800974.0169,5823498.204
196963,13.441081895340552,52.518200618588324,196964,196964,11,0,2,2,2018,1,6,3,3,5,3,2,0,1,0,0,0,0,1,801271.4694,5827950.07
196964,13.29444034781216,52.5765073280101,196965,196965,11,0,12,12,2018,1,14,6,3,2,6,0,0,1,0,0,0,0,1,790942.2747,5833828.3097
196965,13.345610342027989,52.436193423715174,196966,196966,11,0,6,6,2018,1,5,3,3,6,2,2,0,1,1,0,0,0,1,795347.5559,5818440.3795
196966,13.673783694597835,52.46785645410893,196967,196967,11,0,9,9,2018,1,5,4,2,8,1,2,0,1,0,0,0,0,2,817411.3234,5823352.9745
196967,13.198638571106178,52.542887730107296,196968,196968,11,0,5,5,2018,1,13,3,2,5,2,0,0,1,0,0,0,0,1,784672.7439,5829708.7584
196968,13.347668371564119,52.596236605444346,196969,196969,11,0,12,12,2018,1,16,6,2,0,2,2,0,1,0,0,0,1,0,794414.1719,5836237.5037
196969,13.446457813751055,52.478481724786356,196970,196970,11,0,8,8,2018,1,14,3,3,3,6,0,1,0,0,0,0,1,1,801908.308,5823557.9764
196970,13.19333348305922,52.54901234364587,196971,196971,11,0,5,5,2018,1,10,4,3,2,6,0,0,1,0,0,0,0,0,784273.5963,5830368.6048
196971,13.225461735483966,52.42361828371085,196972,196972,11,0,6,6,2018,1,21,3,3,5,3,2,0,1,0,0,0,0,1,787267.4274,5816557.7848
196972,13.362429950046804,52.56724339323232,196973,196973,11,0,12,12,2018,1,6,2,2,6,4,2,0,1,1,0,0,0,0,795608.536,5833075.371
196973,13.556754680117436,52.56903943873397,196974,196974,11,0,10,10,2018,1,17,3,2,6,4,2,0,1,1,0,0,0,1,808756.6822,5834090.0515
196974,13.380409442997587,52.49919972320505,196975,196975,11,0,2,2,2018,1,19,7,3,5,3,2,1,1,0,0,0,0,0,797286.0722,5825586.3536
196975,13.482794260056831,52.46057653282432,196976,196976,11,0,9,9,2018,1,18,3,3,5,3,2,1,1,0,0,0,0,1,804497.9313,5821720.634
196976,13.446193326375205,52.474415913197824,196977,196977,11,0,8,8,2018,1,22,6,3,1,5,2,0,1,0,0,0,0,1,801918.2272,5823104.9738
196977,13.478355104824658,52.60708517377506,196978,196978,11,0,3,3,2018,1,17,3,3,3,6,2,0,1,0,0,0,1,1,803184.2825,5837985.5234
196978,13.395172056339495,52.49594592307602,196979,196979,11,0,2,2,2018,1,19,3,3,2,6,2,0,1,0,0,0,0,0,798309.5118,5825285.6615
196979,13.384275937507525,52.455852406385965,196980,196980,11,0,7,7,2018,1,17,3,3,6,4,2,0,1,1,0,0,0,1,797841.3185,5820784.3468
196980,13.46648894472468,52.433464392960175,196981,196981,11,0,8,8,2018,1,17,3,3,5,3,2,0,1,0,0,0,0,1,803577.5693,5818638.5858
196981,13.342319468189164,52.54749742737442,196982,196982,11,0,1,1,2018,1,16,2,3,5,3,1,1,1,0,0,0,0,0,794378.8064,5830798.2909
196982,13.318445984030564,52.45852220175208,196983,196983,11,0,6,6,2018,1,17,3,3,1,5,2,1,1,0,0,0,0,1,793353.6637,5820811.4156
196983,13.332453629851482,52.5060586578114,196984,196984,11,0,4,4,2018,1,17,3,3,5,2,1,0,1,0,0,0,1,1,793987.2425,5826152.1178
196984,13.52671500623668,52.428799694163416,196985,196985,11,0,9,9,2018,1,17,3,3,5,2,2,0,1,0,0,0,0,1,807701.3581,5818375.1741
196985,13.257307620465474,52.51885274888858,196986,196986,11,0,4,4,2018,1,6,3,3,5,3,2,0,1,0,0,0,0,1,788806.5208,5827270.5215
196986,13.348327428657141,52.42334963228405,196987,196987,11,0,6,6,2018,1,16,2,3,1,5,1,0,1,0,0,0,0,0,795618.1686,5817023.9309
196987,13.173869926546695,52.5227514503891,196988,196988,11,0,5,5,2018,1,5,2,3,1,7,2,0,0,0,0,0,1,0,783123.8234,5827372.9594
196988,13.432685607382902,52.552715045827895,196989,196989,11,0,3,3,2018,1,0,2,3,6,4,2,0,1,1,0,0,0,1,800466.145,5831751.1648
196989,13.412252175790744,52.41722200546514,196990,196990,11,0,8,8,2018,1,16,7,2,6,4,2,0,1,1,0,0,0,0,800003.5042,5816606.568
196990,13.533220802255332,52.52269858437002,196991,196991,11,0,10,10,2018,1,0,2,2,6,7,2,0,0,1,0,0,1,1,807487.1167,5828839.0203
196991,13.404382087688859,52.53310537883607,196992,196992,11,0,1,1,2018,1,20,5,3,5,3,2,1,1,0,0,0,0,1,798681.8669,5829453.9662
196992,13.433681128465608,52.482082019354245,196993,196993,11,0,8,8,2018,1,22,2,3,5,2,2,0,1,0,0,0,0,0,801016.6291,5823904.7346
196993,13.522183036171034,52.40244341061553,196994,196994,11,0,9,9,2018,1,15,3,3,5,2,1,1,1,0,0,0,0,0,807577.0623,5815426.5784
196994,13.315461659384153,52.44617830100278,196995,196995,11,0,6,6,2018,1,13,2,3,6,4,0,1,0,1,0,0,0,0,793233.1247,5819427.2615
196995,13.546732381308393,52.4987620043705,196996,196996,11,0,10,10,2018,1,13,2,2,5,7,0,1,1,0,0,0,0,0,808570.9674,5826236.3936
196996,13.397986389191436,52.52724789928673,196997,196997,11,0,1,1,2018,1,7,2,3,5,3,1,0,1,0,0,0,0,0,798288.1081,5828776.4396
196997,13.355877369768185,52.477807040506974,196998,196998,11,0,7,7,2018,1,6,2,3,5,3,2,0,1,0,0,0,0,1,795765.6540000001,5823107.7360000005
196998,13.429815267267964,52.47014996246269,196999,196999,11,0,8,8,2018,1,22,7,3,3,6,2,0,1,0,0,0,0,0,800835.7824,5822562.4094
196999,13.437498515672212,52.48289894277893,197000,197000,11,0,8,8,2018,1,6,2,2,6,4,2,0,1,1,0,0,0,0,801270.0804,5824011.4699
197000,13.418259154400092,52.515726757860364,199001,199001,11,0,1,1,2018,4,18,3,3,5,2,0,1,1,0,0,0,0,0,799740.8942,5827579.982000001
197001,13.45613862519134,52.484164463842795,199002,199002,11,0,8,8,2018,4,17,6,3,5,2,0,1,1,0,0,0,0,0,802526.2376,5824230.1467
197002,13.177039623043553,52.52544465818561,199003,199003,11,0,5,5,2018,3,9,5,3,2,6,0,0,1,0,0,0,0,0,783321.3814,5827684.7764
197003,13.3657369675096,52.557133651644094,199004,199004,11,0,1,1,2018,4,17,6,3,5,2,0,1,1,0,0,0,0,0,795900.6302,5831965.2558
197004,13.200809904250786,52.5385392366478,199005,199005,11,0,5,5,2018,3,20,5,3,5,2,2,0,1,0,1,0,0,0,784848.0755,5829233.9783
197005,13.399332811987042,52.44429833620811,199006,199006,11,0,7,7,2018,4,16,6,3,2,6,0,0,1,0,0,0,0,0,798942.0038,5819562.4048
197006,13.300819555935893,52.474027947054864,199007,199007,11,0,4,4,2018,4,17,6,2,5,3,0,0,1,0,0,0,0,0,792054.0925,5822463.3784
197007,13.272535912365827,52.519337032609826,199008,199008,11,0,4,4,2018,4,14,3,2,5,2,0,0,1,0,1,0,0,0,789835.8862,5827385.4568
197008,13.425405232722328,52.508541795040514,199009,199009,11,0,1,1,2018,3,20,5,3,3,6,2,1,1,0,0,0,0,0,800274.4838,5826811.1329
197009,13.41972111850754,52.54899533560727,199010,199010,11,0,3,3,2018,4,17,6,3,1,5,0,1,1,0,0,0,0,0,799613.183,5831283.7539
197010,13.409032366775739,52.53397212067589,199011,199011,11,0,3,3,2018,3,19,5,3,5,7,1,0,1,0,1,0,0,0,798991.1662,5829569.5813
197011,13.295872763634977,52.473731962900764,199012,199012,11,0,4,4,2018,4,16,6,3,0,2,0,1,1,0,0,0,0,0,791720.2956,5822410.4653
197012,13.36148387942389,52.59696563856332,199013,199013,11,0,12,12,2018,3,18,5,3,0,2,1,1,1,0,0,0,0,0,795344.3425,5836375.098999999
197013,13.323707852332534,52.58751190711277,199014,199014,11,0,12,12,2018,4,16,6,3,5,2,0,1,1,0,0,0,0,0,792850.6731,5835170.0725
197014,13.345102256699894,52.53905692009005,199015,199015,11,0,1,1,2018,3,18,5,3,5,3,0,1,1,0,0,0,0,0,794623.9514,5829871.5011
197015,13.324620341235224,52.56098375171773,199016,199016,11,0,12,12,2018,3,17,5,3,2,2,0,0,1,0,0,0,0,0,793089.5269,5832225.1584
197016,13.326106785332474,52.53836756529349,199017,199017,11,0,4,4,2018,4,17,3,3,5,2,0,0,1,0,0,0,1,0,793341.1861,5829717.4052
197017,13.47262368353039,52.53217460385518,199018,199018,11,0,11,11,2018,4,15,6,3,2,6,0,0,1,0,0,0,0,0,803313.6388,5829635.4795
197018,13.47350997845768,52.43236754475103,199019,199019,11,0,8,8,2018,3,16,5,3,5,2,0,0,1,0,0,0,1,0,804062.0841,5818546.2325
197019,13.568554567007313,52.56946763265519,199020,199020,11,0,10,10,2018,3,16,5,3,5,3,0,0,1,0,0,0,0,0,809552.7556,5834188.28
197020,13.411804079059026,52.52816350976842,199021,199021,11,0,1,1,2018,4,15,6,3,0,1,0,0,1,0,1,0,0,0,799218.5625,5828935.4722
197021,13.468944196703047,52.531409129968864,199022,199022,11,0,11,11,2018,4,15,6,3,3,2,0,0,1,0,0,0,0,0,803069.5219,5829534.9241
197022,13.502418406596071,52.461240214255895,199023,199023,11,0,9,9,2018,4,11,3,3,5,3,0,1,1,0,0,0,0,0,805825.6059,5821877.4021
197023,13.4428002314436,52.465072983289204,199024,199024,11,0,8,8,2018,3,15,5,3,2,6,0,0,1,0,0,0,0,0,801751.9234,5822052.3549
197024,13.430132391427868,52.455927510244024,199025,199025,11,0,8,8,2018,4,15,6,2,6,4,0,0,1,1,0,0,0,0,800954.4218,5820982.9665
197025,13.313841038424473,52.486793429571456,199026,199026,11,0,4,4,2018,3,15,5,3,5,2,0,1,1,0,0,0,0,0,792853.0135,5823935.0605
197026,13.392349769804024,52.542863756219795,199027,199027,11,0,1,1,2018,4,15,6,2,6,4,0,0,1,1,0,0,0,0,797800.1871,5830488.7994
197027,13.508686952158305,52.500563123024165,199028,199028,11,0,11,11,2018,3,14,5,3,5,3,0,0,1,0,0,0,1,0,805977.8237,5826274.4512
197028,13.372467988237961,52.56821125947504,199029,199029,11,0,12,12,2018,3,14,5,3,6,4,0,0,1,1,0,0,0,0,796281.8597,5833224.1792
197029,13.426402476773731,52.603156765317976,199030,199030,11,0,3,3,2018,4,16,3,3,0,3,0,0,1,0,1,0,0,0,799695.8009,5837331.4211
197030,13.498590027603653,52.547281806939154,199031,199031,11,0,11,11,2018,4,13,6,3,0,6,0,1,0,0,0,0,0,0,804968.7587,5831424.1341
197031,13.343365435963273,52.434898404083604,199032,199032,11,0,6,6,2018,3,13,5,3,0,2,0,0,1,0,0,0,0,0,795203.723,5818287.2559
197032,13.685605529126766,52.442958034297384,199033,199033,11,0,9,9,2018,3,13,5,3,5,3,0,0,1,0,0,0,0,0,818393.5421,5820637.9645
197033,13.386509576901908,52.512739517734396,199034,199034,11,0,1,1,2018,4,12,6,3,5,3,0,0,1,0,0,0,0,0,797608.2681,5827116.4364
197034,13.38059346737512,52.517239611470735,199035,199035,11,0,1,1,2018,3,12,5,3,3,6,0,1,0,0,0,0,1,0,797176.6814,5827592.2106
197035,13.359856768136284,52.53744513601056,199036,199036,11,0,1,1,2018,4,14,3,2,0,7,0,0,1,1,0,1,0,0,795634.7339,5829752.7645
197036,13.297483972945399,52.525485737442295,199037,199037,11,0,4,4,2018,4,12,6,3,5,2,0,1,1,0,0,0,0,0,791486.7058,5828169.473999999
197037,13.310891567512774,52.56794328581161,199038,199038,11,0,12,12,2018,3,12,5,3,2,6,0,0,1,0,0,0,0,0,792113.2542,5832942.9681
197038,13.364990867258792,52.59008857394494,199039,199039,11,0,3,3,2018,4,11,6,2,5,2,0,1,1,0,0,0,0,0,795628.0498,5835625.1047
197039,13.294676424170506,52.53278101003782,199040,199040,11,0,4,4,2018,4,22,2,3,3,6,2,0,1,0,0,0,0,0,791248.0403,5828969.0071
197040,13.572905911920481,52.4703621972531,199041,199041,11,0,9,9,2018,3,11,5,3,6,3,0,0,1,1,0,0,0,1,810546.5406,5823192.3587
197041,13.554489373312636,52.507344868208314,199042,199042,11,0,10,10,2018,4,11,6,3,0,3,0,0,1,0,1,0,0,0,809036.8321,5827223.5255
197042,13.352218935857856,52.49670307916543,199043,199043,11,0,7,7,2018,3,11,5,3,5,3,0,1,1,0,0,0,0,1,795390.5757,5825193.017999999
197043,13.381425778045404,52.528036535796794,199044,199044,11,0,1,1,2018,4,13,3,3,2,6,0,0,0,0,1,1,0,0,797160.1463,5828795.6995
197044,13.438675727309322,52.46936666502953,199045,199045,11,0,8,8,2018,4,9,6,3,6,2,0,0,1,1,0,0,0,0,801442.5584,5822512.3353
197045,13.40245763044894,52.5118783039841,199046,199046,11,0,1,1,2018,3,10,5,3,2,6,0,0,1,0,0,1,0,1,798695.5783,5827086.6615
197046,13.316749597363193,52.47021900762759,199047,199047,11,0,4,4,2018,3,10,5,3,1,5,0,1,1,0,0,0,0,1,793160.663,5822104.622
197047,13.203549004095974,52.544013411815946,199048,199048,11,0,5,5,2018,4,12,3,3,6,7,0,0,1,1,0,0,0,0,784998.2209999999,5829853.2876
197048,13.518937997971275,52.532837633889024,199049,199049,11,0,10,10,2018,4,14,2,3,5,2,0,0,1,0,0,0,0,0,806448.1579999999,5829905.074
197049,13.611653424770765,52.51421739958534,199050,199050,11,0,10,10,2018,4,8,6,3,5,3,0,1,1,0,0,0,0,0,812864.5453,5828233.8919
197050,13.509583692695713,52.53483616791891,199051,199051,11,0,11,11,2018,3,9,5,3,6,4,0,0,1,1,0,0,0,1,805800.2405,5830087.4671
197051,13.522380710449292,52.53579396624253,199052,199052,11,0,10,10,2018,3,9,5,3,2,6,0,0,1,0,0,0,1,1,806660.8686,5830248.2915
197052,13.383472551691044,52.48177345168116,199053,199053,11,0,7,7,2018,4,9,6,3,5,7,0,0,1,0,0,0,0,0,797611.6292,5823662.0936
197053,13.373508289439243,52.554022536558925,199054,199054,11,0,1,1,2018,4,20,2,2,6,4,2,1,0,1,0,0,0,0,796448.0842,5831651.3989
197054,13.303451104085395,52.50672965493897,199055,199055,11,0,4,4,2018,4,10,6,3,0,7,0,0,1,0,0,0,0,0,792015.7308,5826108.8578
197055,13.442559011331909,52.518025474203924,199056,199056,11,0,2,2,2018,3,8,5,3,3,6,0,1,1,0,0,0,0,0,801372.821,5827936.7771
197056,13.284908785168094,52.49171493276132,199057,199057,11,0,4,4,2018,4,12,3,3,2,6,0,0,1,0,0,0,0,0,790857.3346,5824365.0226
197057,13.210357871928572,52.562033645853866,199058,199058,11,0,5,5,2018,4,17,2,3,2,6,0,1,1,0,0,0,0,0,785342.5717,5831883.2682
197058,13.346433842021975,52.43591604918172,199059,199059,11,0,6,6,2018,4,9,6,3,8,1,0,0,0,0,1,0,0,0,795405.3545,5818412.9197
197059,13.489333815662173,52.42071680889003,199060,199060,11,0,8,8,2018,3,8,5,2,5,7,0,0,1,0,0,0,0,1,805217.6358,5817318.1137
197060,13.132902197827322,52.45107332248705,199061,199061,11,0,5,5,2018,4,17,3,3,8,1,0,0,0,0,1,0,0,0,780802.8141,5819245.3455
197061,13.338350417514837,52.451088208141606,199062,199062,11,0,6,6,2018,4,20,6,3,2,6,2,0,1,0,0,0,0,0,794754.8146,5820066.24
197062,13.352421435885825,52.41632555060885,199063,199063,11,0,7,7,2018,3,8,5,3,0,5,0,0,0,0,0,0,1,1,795943.4505,5816259.9881
197063,13.60633339684234,52.488783338448684,199064,199064,11,0,10,10,2018,4,12,5,3,5,3,0,1,1,0,0,0,0,0,812684.5141,5825384.1003
197064,13.521763771766686,52.50100872915011,199065,199065,11,0,11,11,2018,3,1,5,2,5,2,2,0,1,0,0,0,1,1,806861.6842,5826379.5466
197065,13.417506592567461,52.518499726553536,199066,199066,11,0,1,1,2018,4,12,3,3,5,3,0,0,1,0,1,0,0,0,799670.9716,5827885.0598
197066,13.400510733293226,52.53061884080785,199067,199067,11,0,1,1,2018,4,17,5,3,5,7,0,0,1,0,1,0,0,0,798436.3474,5829161.5594
197067,13.351832082668949,52.50962735457815,199068,199068,11,0,1,1,2018,4,16,5,3,2,6,0,0,1,0,0,0,0,1,795277.5994,5826627.9554
197068,13.356425099546385,52.555355207233134,199069,199069,11,0,1,1,2018,3,12,5,3,5,3,0,1,1,0,0,0,0,0,795281.7658,5831729.3868
197069,13.511417296124424,52.48411397814402,199070,199070,11,0,11,11,2018,4,16,5,3,0,1,0,1,1,0,0,0,0,0,806277.446,5824457.8367
197070,13.293464950788465,52.53727235720468,199071,199071,11,0,4,4,2018,4,18,2,2,0,1,0,0,0,0,0,0,1,0,791136.1746,5829463.3337
197071,13.418004434406352,52.51801902007863,199072,199072,11,0,1,1,2018,4,12,5,3,5,2,0,1,1,0,0,0,0,0,799708.0021,5827833.7003
197072,13.281385852236914,52.58506860390539,199073,199073,11,0,12,12,2018,3,9,4,3,0,3,0,1,0,0,0,0,1,0,790001.703,5834727.2789
197073,13.443771764813244,52.525181717677604,199074,199074,11,0,2,2,2018,4,12,3,3,5,7,0,0,1,0,0,0,1,0,801405.9945,5828737.2329
197074,13.486346942495324,52.54089875655248,199075,199075,11,0,11,11,2018,4,15,5,3,0,4,0,0,0,1,0,0,1,0,804183.4062,5830662.9543
197075,13.339410302887638,52.458647054637815,199076,199076,11,0,6,6,2018,3,16,4,3,2,2,0,0,1,0,0,0,0,0,794776.2409999999,5820910.7294
197076,13.454754923209753,52.434753987881905,199077,199077,11,0,8,8,2018,4,14,5,3,0,3,0,0,1,0,0,0,1,0,802771.5966,5818732.6274
197077,13.290581432388267,52.47516246650535,199078,199078,11,0,4,4,2018,3,11,4,3,6,2,0,0,1,1,0,0,0,1,791351.6897,5822548.0849
197078,13.30613857056469,52.49990627420965,199079,199079,11,0,4,4,2018,4,11,3,3,0,6,0,0,1,0,0,0,1,0,792243.3118,5825361.3193
197079,13.338058133569168,52.50518805261553,199080,199080,11,0,4,4,2018,4,14,5,3,6,4,0,0,1,1,0,0,0,0,794373.1826,5826078.2138
197080,13.334609276614607,52.49836603165929,199081,199081,11,0,4,4,2018,4,7,5,3,5,3,0,1,1,0,0,0,0,1,794184.8645,5825305.8746
197081,13.398348598897135,52.5923935487775,199082,199082,11,0,3,3,2018,4,10,5,2,5,3,0,0,1,0,0,0,0,0,797870.4566,5836018.7315
197082,13.283312943337224,52.57565042600547,199083,199083,11,0,12,12,2018,3,13,4,2,2,6,0,0,1,0,0,0,0,1,790194.443,5833688.1856
197083,13.313188723187634,52.480700883961525,199084,199084,11,0,4,4,2018,4,13,5,3,2,6,0,0,1,0,0,0,0,0,792849.2634,5823255.2232
197084,13.378171124278856,52.466509148080775,199085,199085,11,0,7,7,2018,3,14,4,3,2,6,0,0,1,0,0,0,0,1,797354.8936,5821943.6388
197085,13.30444071605016,52.48850001546864,199086,199086,11,0,4,4,2018,4,11,3,3,5,3,0,1,1,0,0,0,0,1,792203.8417,5824086.6251
197086,13.324261325938675,52.49700853199204,199087,199087,11,0,4,4,2018,4,12,5,3,2,6,0,0,1,0,0,0,0,0,793491.9594,5825112.8278
197087,13.571472897819692,52.43517050990647,199088,199088,11,0,9,9,2018,4,11,5,3,2,6,0,0,1,0,0,0,0,0,810697.2265,5819274.9829
197088,13.351215241902691,52.487472394291046,199089,199089,11,0,7,7,2018,4,15,3,3,1,5,0,0,1,0,1,0,0,0,795384.4157,5824162.9256
197089,13.489937048748498,52.520609075642916,199090,199090,11,0,11,11,2018,3,15,4,3,5,3,0,0,1,0,0,0,0,1,804567.238,5828423.0382
197090,13.312963768870821,52.43043622971242,199091,199091,11,0,6,6,2018,4,10,5,3,5,2,0,0,1,0,0,0,0,0,793168.083,5817667.3829
197091,13.311629553281605,52.48953581092191,199092,199092,11,0,4,4,2018,4,9,5,3,2,6,0,0,1,0,0,0,0,0,792684.7266,5824230.9013
197092,13.386202998963425,52.513675579981395,199093,199093,11,0,1,1,2018,3,15,4,3,5,3,0,0,1,0,0,0,0,1,797581.1461,5827219.2123
197093,13.40663011899241,52.5756597966909,199094,199094,11,0,3,3,2018,3,15,4,3,5,3,0,1,1,0,0,0,0,1,798544.8568,5834193.0962
197094,13.427091152220015,52.499137462598114,199095,199095,11,0,2,2,2018,4,11,3,3,5,2,0,0,1,0,0,0,0,0,800453.0243,5825772.8993
197095,13.440628438361552,52.517076462711174,199096,199096,11,0,2,2,2018,4,8,5,3,5,2,0,0,1,0,0,0,1,0,801248.4240000001,5827823.23
197096,13.523982778503413,52.459601940837345,199097,199097,11,0,9,9,2018,3,15,4,2,5,7,0,0,1,0,0,0,1,1,807300.9986,5821786.9509
197097,13.598611923326098,52.53503947354229,199098,199098,11,0,10,10,2018,4,7,5,2,5,2,0,1,1,0,0,0,0,0,811832.556,5830491.5279
197098,13.400115665909365,52.53109587209674,199099,199099,11,0,1,1,2018,4,13,3,2,0,1,0,1,0,0,0,0,0,0,798406.3301,5829212.9447
197099,13.3451211752198,52.581290392117005,199100,199100,11,0,12,12,2018,3,14,4,3,3,6,0,0,1,0,0,0,0,1,794342.031,5834565.822000001
197100,13.15456552994298,52.53290805226011,199101,199101,11,0,5,5,2018,4,5,5,3,5,7,1,0,1,0,1,0,0,0,781749.873,5828426.3081
197101,13.37825864084878,52.565526787578065,199102,199102,11,0,12,12,2018,3,13,4,2,5,3,0,0,1,0,1,0,1,1,796692.1792,5832949.6318
197102,13.561583274788225,52.493379839980065,199103,199103,11,0,10,10,2018,4,13,3,3,2,6,0,0,1,0,0,0,0,0,809616.1542,5825701.8707
197103,13.326102592895054,52.53839301031135,199104,199104,11,0,4,4,2018,3,10,4,3,5,3,0,0,1,0,0,0,0,1,793340.7321,5829720.2164