,X,Y,OBJECTID_1,OBJECTID,ULAND,UREGBEZ,UKREIS,UGEMEINDE,UJAHR,UMONAT,USTUNDE,UWOCHENTAG,UKATEGORIE,UART,UTYP1,ULICHTVERH,IstRad,IstPKW,IstFuss,IstKrad,IstGkfz,IstSonstig,STRZUSTAND,LINREFX,LINREFY
197104,13.297248847004647,52.548004337769385,199105,199105,11,0,4,4,2018,4,22,5,3,9,1,2,0,1,0,0,0,0,1,791321.4785,5830671.4992
197105,13.508335761187872,52.45100885807372,199106,199106,11,0,9,9,2018,3,9,4,3,2,6,0,0,1,0,0,0,0,1,806298.418,5820765.3621
197106,13.429071128937744,52.55647526983613,199107,199107,11,0,3,3,2018,4,5,5,3,8,1,2,0,1,0,0,0,0,1,800195.567,5832154.036
197107,13.329993193695634,52.52378563230324,199108,199108,11,0,1,1,2018,3,9,4,3,5,2,0,1,1,0,0,0,0,1,793701.9835,5828112.444
197108,13.483600212360086,52.43122205081768,199109,199109,11,0,8,8,2018,3,8,4,3,2,2,0,1,1,0,0,0,0,1,804755.4647,5818461.4746
197109,13.444325918444019,52.46796811623454,199110,199110,11,0,8,8,2018,4,11,3,3,2,6,0,0,1,0,0,0,0,0,801835.6602,5822380.5175
197110,13.407402180554936,52.53636113522212,199111,199111,11,0,3,3,2018,4,0,5,3,0,1,2,1,0,0,0,0,0,1,798864.4302,5829828.3529
197111,13.363054727428622,52.52292427321517,199112,199112,11,0,1,1,2018,3,8,4,3,5,2,0,1,1,0,0,0,0,1,795949.208,5828151.9077
197112,13.126317977986064,52.46800694198657,199113,199113,11,0,5,5,2018,3,20,4,3,5,3,2,0,1,0,0,0,0,0,780247.9861,5821102.0422
197113,13.434822421864407,52.542872711054535,199114,199114,11,0,3,3,2018,4,13,5,3,5,3,0,0,1,0,0,0,0,0,800678.2654,5830666.1381
197114,13.564736039838591,52.542849745677614,199115,199115,11,0,10,10,2018,4,16,2,3,2,2,0,0,1,0,0,0,0,0,809481.6904,5831213.5378
197115,13.2513977371619,52.41555744906444,199116,199116,11,0,6,6,2018,3,20,4,3,5,3,2,1,1,0,0,0,0,1,789082.6379,5815765.3218
197116,13.442241277215938,52.591019726993075,199117,199117,11,0,3,3,2018,4,16,5,3,0,3,0,1,1,0,0,0,0,0,800850.8757,5836048.4675
197117,13.420487151476175,52.46174015714818,199118,199118,11,0,7,7,2018,3,20,4,2,5,7,2,0,1,0,0,0,0,1,800259.9219,5821588.8338
197118,13.24106557437706,52.53863222827329,199119,199119,11,0,5,5,2018,4,10,3,3,2,6,0,0,1,0,0,0,1,0,787575.8245,5829404.1479
197119,13.411618280508824,52.50476301902646,199120,199120,11,0,1,1,2018,4,18,4,3,6,4,0,0,0,1,0,0,1,0,799365.1966,5826333.8089
197120,13.335340226778133,52.59566544707141,199121,199121,11,0,12,12,2018,3,17,4,3,0,6,0,0,1,0,1,0,0,1,793583.5809,5836123.697000001
197121,13.502451165459561,52.42479302756076,199122,199122,11,0,8,8,2018,3,17,4,3,5,3,0,0,1,0,0,0,0,1,806080.7039,5817826.6994
197122,13.2842384452351,52.4852840770648,199123,199123,11,0,4,4,2018,4,9,3,3,5,3,0,1,1,0,0,0,0,1,790854.3307,5823647.5199
197123,13.330736456168443,52.49979683135601,199124,199124,11,0,4,4,2018,4,18,4,3,5,2,0,1,1,0,0,0,0,0,793912.5959999999,5825449.117000001
197124,13.573763126585398,52.5271357285009,199125,199125,11,0,10,10,2018,4,17,4,3,2,6,0,0,1,0,0,0,0,0,810204.2665,5829505.878
197125,13.389193680088802,52.550138645034686,199126,199126,11,0,1,1,2018,3,16,4,3,5,5,0,1,1,0,0,0,0,1,797537.0447,5831284.3529
197126,13.387181198730831,52.4579717832557,199127,199127,11,0,7,7,2018,3,16,4,3,5,3,0,0,1,0,0,0,0,1,798024.2551,5821031.9059
197127,13.43491030315032,52.50448661381141,199128,199128,11,0,2,2,2018,4,20,4,2,5,2,1,0,1,0,1,0,0,0,800946.8271,5826400.0418
197128,13.313587129609413,52.51532335674844,199129,199129,11,0,4,4,2018,3,16,4,3,5,2,0,1,0,0,0,0,1,1,792646.016,5827105.1472
197129,13.417303023544278,52.52203063940491,199130,199130,11,0,1,1,2018,3,8,3,3,0,6,0,1,1,0,0,0,0,0,799633.1108,5828276.663
197130,13.598303896405065,52.45258000660519,199131,199131,11,0,9,9,2018,4,17,4,3,0,6,0,0,1,0,1,0,0,0,812396.4034,5821325.7084
197131,13.411822263655337,52.52396765351789,199132,199132,11,0,1,1,2018,4,19,2,3,3,6,1,1,0,0,0,0,0,0,799248.3509999999,5828469.191000001
197132,13.45820231860534,52.499606414064395,199133,199133,11,0,2,2,2018,4,17,4,3,5,3,0,1,1,0,0,0,0,0,802560.1159,5825955.0984
197133,13.326390607148184,52.427621073229005,199134,199134,11,0,6,6,2018,3,23,3,3,5,2,2,0,1,0,0,0,1,0,794099.0717,5817409.0956
197134,13.378527380849187,52.51327000988838,199135,199135,11,0,1,1,2018,4,15,4,3,1,5,0,1,0,0,0,0,1,0,797063.3981,5827142.4826
197135,13.371892030698605,52.50904360139114,199136,199136,11,0,1,1,2018,3,21,3,3,5,2,2,0,0,0,1,0,1,0,796641.944,5826645.407000001
197136,13.468225553458893,52.42776633991906,199137,199137,11,0,8,8,2018,4,16,4,3,5,3,0,0,1,0,0,0,0,0,803734.767,5818012.587
197137,13.20744612217396,52.555744071542634,199138,199138,11,0,5,5,2018,3,21,3,3,3,6,2,1,1,0,0,0,0,0,785186.1663,5831172.6248
197138,13.539718348146408,52.39678750410077,199139,199139,11,0,9,9,2018,4,15,4,3,2,6,0,0,1,0,0,0,1,0,808808.6340000001,5814872.82
197139,13.311132152515526,52.49707216668228,199140,199140,11,0,4,4,2018,4,15,4,3,1,5,0,0,1,0,0,0,0,0,792600.8835,5825066.5535
197140,13.417700202867387,52.4648306774906,199141,199141,11,0,7,7,2018,4,7,3,2,5,3,0,0,1,0,0,0,0,0,800049.673,5821920.739
197141,13.433236035700213,52.48222289561932,199142,199142,11,0,8,8,2018,3,20,3,3,2,7,2,1,1,0,0,0,0,0,800985.4631,5823918.535
197142,13.45770299185128,52.56144127260861,199143,199143,11,0,3,3,2018,4,15,4,3,2,6,0,0,1,0,0,0,1,0,802101.0040000001,5832825.6511
197143,13.335645379988588,52.54169397445922,199144,199144,11,0,1,1,2018,4,14,4,3,2,6,0,0,1,0,0,0,0,0,793965.3986,5830125.997
197144,13.411903521662648,52.40152530694336,199145,199145,11,0,7,7,2018,3,19,3,3,5,3,2,0,1,0,0,0,0,0,800086.4713,5814860.493
197145,13.4509681910122,52.52694464045744,199146,199146,11,0,2,2,2018,4,14,4,2,5,3,0,1,0,0,0,0,0,0,801881.7433,5828963.2871
197146,13.326101752970269,52.53839947947397,199147,199147,11,0,4,4,2018,4,23,2,3,5,3,2,0,1,0,0,0,0,0,793340.632,5829720.932
197147,13.331958070631751,52.5028393870921,199148,199148,11,0,4,4,2018,4,14,4,3,1,7,0,0,0,0,1,0,0,0,793975.1376,5825792.276000001
197148,13.265269848766046,52.50409366292451,199149,199149,11,0,4,4,2018,3,19,3,2,5,7,2,0,1,0,1,0,0,0,789443.4842,5825661.9349
197149,13.513882250806171,52.44668700226034,199150,199150,11,0,9,9,2018,4,14,4,3,2,6,0,0,1,0,1,0,0,0,806705.1120000001,5820308.5799
197150,13.241103853387942,52.51043098386217,199151,199151,11,0,4,4,2018,3,19,3,3,1,5,2,1,1,0,0,0,1,0,787762.9006,5826269.6334
197151,13.327259834983392,52.527539370929404,199152,199152,11,0,1,1,2018,4,14,4,2,1,5,0,1,1,0,0,0,0,0,793491.6167,5828518.5412
197152,13.436112318170755,52.48397081739855,199153,199153,11,0,8,8,2018,3,19,3,3,1,5,1,1,1,0,0,0,1,0,801168.6867,5824124.8151
197153,13.35385889215569,52.562090803184354,199154,199154,11,0,12,12,2018,4,14,4,3,5,2,0,0,1,0,0,0,0,0,795062.6573,5832467.5328
197154,13.416435253674765,52.51970521185407,199155,199155,11,0,1,1,2018,4,13,4,3,9,1,0,0,1,0,0,0,0,0,799590.1205,5828014.592999999
197155,13.494734064942124,52.545268949559784,199156,199156,11,0,11,11,2018,4,15,3,3,2,6,0,0,1,0,0,0,0,0,804721.4561,5831184.1063
197156,13.365150898533381,52.52581672842642,199157,199157,11,0,1,1,2018,3,18,3,3,6,4,0,1,0,1,0,0,0,0,796071.8452,5828482.0075
197157,13.473639566725636,52.438095096851846,199158,199158,11,0,8,8,2018,4,11,4,3,1,5,0,0,1,0,0,0,0,0,804031.4083,5819183.3607
197158,13.293535608675427,52.626051999996655,199159,199159,11,0,12,12,2018,4,10,4,3,1,5,0,0,1,0,0,0,0,0,790552.5533,5839331.654
197159,13.314513646603544,52.5102661483033,199160,199160,11,0,4,4,2018,3,18,3,3,5,2,0,0,1,0,1,0,0,0,792742.4936,5826546.7962
197160,13.340522670534297,52.49976867723915,199161,199161,11,0,7,7,2018,3,9,3,3,2,6,0,0,1,0,1,0,0,0,794576.6124,5825485.9162
197161,13.327297424986467,52.44856157298806,199162,199162,11,0,6,6,2018,4,13,2,3,6,4,0,0,1,1,0,0,0,0,794021.0727,5819740.3171
197162,13.318637666545884,52.56638933738902,199163,199163,11,0,12,12,2018,4,8,4,2,1,5,0,0,1,0,0,0,0,0,792648.2402,5832801.6773
197163,13.493779722632064,52.541129894580614,199164,199164,11,0,11,11,2018,3,9,3,3,5,3,0,0,1,0,0,0,0,0,804685.4913,5830720.0409
197164,13.365619851451047,52.56294787297561,199165,199165,11,0,12,12,2018,3,4,3,3,8,1,2,0,1,0,0,0,0,0,795853.5240000001,5832611.02
197165,13.389702391542606,52.49591503686294,199166,199166,11,0,2,2,2018,4,9,4,3,5,2,0,1,1,0,0,0,0,0,797938.672,5825259.618
197166,13.425708495877421,52.478788995885076,199167,199167,11,0,8,8,2018,3,1,3,3,1,5,2,1,1,0,0,0,0,0,800498.0894,5823505.4860000005
197167,13.418974786491413,52.530543257811814,199168,199168,11,0,3,3,2018,3,15,3,3,2,2,0,0,1,0,0,0,1,0,799688.422,5829229.762
197168,13.409346513020502,52.52407695366222,199169,199169,11,0,1,1,2018,4,8,4,3,2,6,0,0,1,0,1,0,0,0,799079.7669,5828471.0654
197169,13.599712106224231,52.45195984559445,199170,199170,11,0,9,9,2018,4,8,4,2,6,4,0,0,1,1,0,0,0,0,812496.4168,5821262.8826
197170,13.403119603473373,52.53191656988575,199171,199171,11,0,1,1,2018,4,12,3,3,0,6,0,0,1,0,1,0,0,0,798604.3713,5829316.6027
197171,13.346071798504608,52.544907311298,199172,199172,11,0,1,1,2018,3,15,3,3,5,3,0,0,1,0,0,0,0,0,794650.4296,5830525.7335
197172,13.451905295550286,52.50839382690752,199173,199173,11,0,2,2,2018,4,20,4,3,0,7,2,1,0,0,0,0,0,0,802072.6548,5826905.3756
197173,13.436918274965564,52.449866883956155,199174,199174,11,0,8,8,2018,3,15,3,3,6,4,0,0,1,1,0,0,0,0,801456.6139,5820337.6808
197174,13.330662047815164,52.56259155614414,199175,199175,11,0,12,12,2018,4,21,4,3,5,2,2,0,1,0,0,0,0,1,793488.0377,5832428.4574
197175,13.458765928801125,52.50642979485815,199176,199176,11,0,2,2,2018,3,14,3,3,5,2,0,1,1,0,0,0,0,0,802551.4271,5826715.8476
197176,13.575563183328136,52.489019483388795,199177,199177,11,0,10,10,2018,3,13,3,3,5,3,0,1,1,0,0,0,0,0,810595.2784,5825277.3749
197177,13.419716117586365,52.39358051529208,199178,199178,11,0,7,7,2018,3,12,3,3,0,4,0,0,0,1,0,0,1,0,800671.6672,5814009.9605
197178,13.519270607290046,52.45401882013674,199179,199179,11,0,9,9,2018,3,13,3,3,5,3,0,0,1,0,0,0,0,0,807019.9748,5821146.3701
197179,13.306479306043537,52.419460463275534,199180,199180,11,0,6,6,2018,4,17,2,3,5,7,0,0,1,0,1,0,0,0,792800.3347,5816421.1085
197180,13.231087866142106,52.538202764598424,199181,199181,11,0,5,5,2018,4,11,4,3,5,2,0,1,0,0,0,0,1,0,786902.3862,5829316.6529
197181,13.336116946105404,52.50008546593053,199182,199182,11,0,4,4,2018,4,14,1,3,1,5,0,1,1,0,0,0,0,0,794275.641,5825503.1403
197182,13.389460089859336,52.52139118969473,199183,199183,11,0,1,1,2018,4,14,7,3,0,1,0,1,0,0,0,0,0,1,797749.7729999999,5828090.232999999
197183,13.354479628915328,52.49739244756818,199184,199184,11,0,7,7,2018,4,21,3,3,1,5,2,1,1,0,0,0,0,0,795539.3064,5825278.9024
197184,13.2999327561554,52.522932060808,199185,199185,11,0,4,4,2018,4,22,7,2,0,1,2,1,0,0,0,0,0,0,791669.6563,5827895.5331
197185,13.309176647702756,52.603345322414285,199186,199186,11,0,12,12,2018,4,16,2,3,2,6,0,1,1,0,0,0,0,0,791761.6002,5836871.0041
197186,13.603766869651412,52.48163566064797,199187,199187,11,0,10,10,2018,4,17,6,3,1,5,0,1,1,0,0,0,0,0,812561.1309,5824578.5893
197187,13.45075485281035,52.548435113264105,199188,199188,11,0,3,3,2018,4,1,6,3,0,7,2,0,0,1,0,0,1,1,801719.7068,5831350.9636
197188,13.569679681747855,52.44463255757296,199189,199189,11,0,9,9,2018,4,20,1,3,2,6,2,0,1,0,0,0,1,0,810508.7898,5820318.877
197189,13.389803637065002,52.43431758127394,199190,199190,11,0,7,7,2018,4,15,6,2,5,2,0,0,1,0,0,0,0,0,798362.3149,5818413.6423
197190,13.36925923029758,52.55709901651453,199191,199191,11,0,1,1,2018,4,14,6,2,5,7,0,0,1,0,0,0,1,0,796139.4744,5831975.8753
197191,13.521839004773398,52.525873103291566,199192,199192,11,0,10,10,2018,4,7,4,3,5,2,0,1,0,0,1,0,0,0,806693.3665,5829143.3559
197192,13.414122443059455,52.49857835184567,199193,199193,11,0,2,2,2018,4,14,1,3,0,2,0,0,1,0,1,0,0,0,799577.1368,5825656.8028
197193,13.339941250339693,52.588050213653354,199194,199194,11,0,12,12,2018,4,17,3,3,5,2,0,0,1,0,0,0,0,0,793946.0253,5835296.0258
197194,13.3084969994268,52.59077049283414,199195,199195,11,0,12,12,2018,4,14,6,2,1,5,0,0,1,0,0,0,0,0,791799.2574,5835470.5391
197195,13.506306073498928,52.43752044477654,199196,199196,11,0,9,9,2018,4,16,2,2,5,3,0,0,1,0,0,0,0,1,806254.2593,5819257.6103
197196,13.380217700295127,52.44524612260026,199197,199197,11,0,7,7,2018,4,14,6,3,6,4,0,0,1,1,0,0,0,0,797637.3571,5819588.7405
197197,13.37671158113112,52.51064286307229,199198,199198,11,0,1,1,2018,4,14,6,3,6,4,0,0,0,1,0,0,1,0,796958.0002,5826843.0003
197198,13.493933887009545,52.643070289410545,199199,199199,11,0,3,3,2018,4,18,2,3,2,6,0,0,1,0,0,0,1,1,803988.5907,5842050.7772
197199,13.437336023912039,52.49348985504568,199200,199200,11,0,2,2,2018,4,14,6,3,0,3,0,0,1,0,0,0,1,0,801186.5947,5825187.9253
197200,13.421933545084832,52.5051262712804,199201,199201,11,0,1,1,2018,4,14,6,3,5,3,0,0,1,0,0,0,0,0,800062.3355,5826417.0578
197201,13.393735563063617,52.57267081224265,199202,199202,11,0,3,3,2018,4,15,1,3,5,3,0,1,1,0,0,0,0,0,797691.9849,5833807.5187
197202,13.427797526273984,52.53362710553502,199203,199203,11,0,3,3,2018,4,13,6,3,2,6,0,0,1,0,0,0,1,0,800265.3913,5829609.2377
197203,13.555315973392675,52.43837452714753,199204,199204,11,0,9,9,2018,4,7,3,3,4,2,0,1,1,0,0,0,0,0,809577.2394,5819561.6441
197204,13.41230648074628,52.531144373172616,199205,199205,11,0,3,3,2018,4,13,1,3,0,7,0,1,1,0,0,0,0,1,799232.3289,5829268.8717
197205,13.470462708859316,52.46252353228631,199206,199206,11,0,8,8,2018,4,16,3,3,5,7,0,1,1,0,0,0,0,0,803647.3238,5821885.0586
197206,13.300287561048224,52.57005216195121,199207,199207,11,0,12,12,2018,4,13,6,3,5,3,0,1,1,0,0,0,0,0,791381.0661,5833134.4361
197207,13.361892788947964,52.497990635751364,199208,199208,11,0,7,7,2018,4,14,2,3,6,4,0,1,0,1,0,0,0,0,796038.1633,5825375.7949
197208,13.34143285256331,52.58840864148885,199209,199209,11,0,12,12,2018,4,13,6,3,2,6,0,0,1,0,0,0,1,1,794044.599,5835341.953
197209,13.518768081635294,52.50965055602802,199210,199210,11,0,11,11,2018,4,12,6,3,2,6,0,0,1,0,0,0,1,1,806598.2703,5827327.2772
197210,13.47704687390335,52.56689968302632,199211,199211,11,0,3,3,2018,4,0,4,2,5,3,2,0,1,0,0,0,1,0,803373.5340000001,5833513.6057
197211,13.198923178049453,52.532865643873215,199212,199212,11,0,5,5,2018,4,13,1,3,2,6,0,0,1,0,0,0,0,0,784756.9504,5828595.8754
197212,13.291731570599355,52.49735962637164,199213,199213,11,0,4,4,2018,4,11,6,3,2,6,0,0,1,0,0,0,0,1,791282.885,5825019.972999999
197213,13.266128013848526,52.502263687711675,199214,199214,11,0,4,4,2018,4,8,3,3,5,2,0,0,1,0,0,0,0,0,789513.7301,5825461.9734
197214,13.435020685437493,52.50868257289125,199215,199215,11,0,2,2,2018,4,11,6,2,6,4,0,0,1,1,0,0,0,1,800925.6141,5826866.8662
197215,13.309489545289285,52.510873124874,199216,199216,11,0,4,4,2018,4,16,4,3,6,4,0,0,1,1,0,0,0,0,792397.7384,5826593.8774
197216,13.405594118026366,52.529387997096215,199217,199217,11,0,1,1,2018,4,13,1,2,5,3,0,1,0,0,0,0,1,0,798789.2835,5829045.8123
197217,13.378052081334062,52.4076366716384,199218,199218,11,0,7,7,2018,4,11,6,2,5,3,0,0,1,0,0,1,0,1,797743.9306,5815399.6148
197218,13.414268922349667,52.527524780013934,199219,199219,11,0,1,1,2018,4,10,3,3,1,5,0,1,1,0,0,0,1,0,799389.9971,5828874.7134
197219,13.435130803619963,52.432114499240924,199220,199220,11,0,8,8,2018,4,14,3,3,5,7,0,0,1,0,1,0,0,0,801456.5490000001,5818357.119
197220,13.439028667299638,52.49498496523982,199221,199221,11,0,2,2,2018,4,10,6,3,5,2,0,1,1,0,0,0,0,1,801291.1903,5825361.1706
197221,13.328967556593033,52.47250003596589,199222,199222,11,0,7,7,2018,4,9,6,3,5,3,0,1,1,0,0,0,0,1,793974.785,5822407.8745
197222,13.435112773533918,52.42700637317071,199223,199223,11,0,8,8,2018,4,14,2,2,0,6,0,0,1,0,1,0,0,0,801490.2271,5817789.2994
197223,13.49358975769556,52.543658432095604,199224,199224,11,0,11,11,2018,4,9,6,3,5,3,0,0,1,0,0,0,0,1,804655.0862,5831000.2692
197224,13.316458754315205,52.4990889732114,199225,199225,11,0,4,4,2018,4,9,6,3,0,2,0,1,0,0,0,0,1,1,792948.8045,5825312.3462
197225,13.323720384729073,52.58751138098998,199226,199226,11,0,12,12,2018,4,13,4,3,5,2,0,0,1,0,1,0,0,0,792851.525,5835170.065
197226,13.664568845583641,52.41091022416776,199227,199227,11,0,9,9,2018,4,11,1,3,5,3,0,1,1,0,0,0,0,0,817195.215,5816983.676
197227,13.319982498425134,52.47876744304398,199228,199228,11,0,4,4,2018,4,8,6,3,2,6,0,0,1,0,0,0,0,1,793323.1847,5823067.9229999995
197228,13.140088555708575,52.53423088298469,199229,199229,11,0,5,5,2018,4,16,3,3,1,7,0,0,1,0,0,0,0,0,780760.0874,5828516.8719
197229,13.266293308352376,52.575886390337246,199230,199230,11,0,12,12,2018,4,8,6,3,4,7,0,0,1,0,0,0,1,0,789040.3689,5833645.9978
197230,13.492397101323752,52.56516631551494,199231,199231,11,0,11,11,2018,4,20,2,3,9,1,1,0,1,0,0,0,0,1,804425.1571,5833385.7002
197231,13.607318503755927,52.53400382931258,199232,199232,11,0,10,10,2018,4,7,6,3,5,3,0,1,1,0,0,0,0,1,812429.9807,5830414.1342
197232,13.35467359045652,52.4971299478594,199233,199233,11,0,7,7,2018,4,7,6,3,5,3,0,1,1,0,0,0,0,0,795554.2266,5825250.5207
197233,13.519264890411586,52.53074510454412,199234,199234,11,0,10,10,2018,4,13,3,3,5,3,0,1,1,0,0,0,0,0,806484.9039,5829673.8944
197234,13.394846477236142,52.54312533978735,199235,199235,11,0,1,1,2018,4,20,6,3,5,3,2,0,1,0,0,0,0,1,797967.6027,5830528.1929
197235,13.41274528620302,52.44461727659693,199236,199236,11,0,7,7,2018,4,18,6,3,6,4,0,0,1,1,0,0,0,0,799850.771,5819653.4975
197236,13.428979118096445,52.48836305890009,199237,199237,11,0,8,8,2018,4,10,2,2,5,3,0,1,1,0,0,0,0,1,800654.6697,5824583.2346
197237,13.279942426661966,52.518467044106856,199238,199238,11,0,4,4,2018,4,17,6,3,6,4,0,0,1,1,0,0,0,0,790343.8215,5827318.5546
197238,13.330993079692302,52.50148545041053,199239,199239,11,0,4,4,2018,4,17,6,3,5,3,0,0,1,0,0,0,0,0,793918.7262,5825637.8527
197239,13.375271670663881,52.51181997196881,199240,199240,11,0,1,1,2018,4,9,4,3,2,2,0,0,1,0,0,0,0,0,796852.4094,5826967.9048
197240,13.34656521883565,52.43532861141062,199241,199241,11,0,6,6,2018,4,9,1,3,6,7,0,0,0,1,0,0,1,0,795418.213,5818348.1644
197241,13.36457609712579,52.49747450318679,199242,199242,11,0,7,7,2018,4,16,6,3,5,3,0,1,1,0,0,0,0,0,796223.6594,5825329.4457
197242,13.390125001273072,52.51569655958089,199243,199243,11,0,1,1,2018,4,19,3,3,1,5,0,1,1,0,0,0,0,0,797833.4139,5827460.0339
197243,13.406245864629641,52.51370446212884,199244,199244,11,0,1,1,2018,4,15,6,3,6,7,0,0,1,1,0,0,0,0,798940.0583,5827305.3337
197244,13.199698213933866,52.53522705877587,199245,199245,11,0,5,5,2018,4,21,2,3,1,5,1,0,1,0,0,0,0,0,784794.1879,5828861.4204
197245,13.203857194510414,52.53990268813352,199246,199246,11,0,5,5,2018,4,22,6,2,5,2,2,1,1,0,0,0,0,1,785045.7667,5829397.5785
197246,13.383916279915509,52.551168537665866,199247,199247,11,0,1,1,2018,4,16,6,3,2,6,0,1,1,0,0,0,0,0,797172.5131,5831377.0483
197247,13.21926685447002,52.56016654243848,199248,199248,11,0,5,5,2018,4,16,1,3,0,1,0,0,0,0,1,0,0,0,785958.2189,5831711.0444
197248,13.256570386586516,52.415994348801405,199249,199249,11,0,6,6,2018,4,15,6,2,4,7,0,0,1,0,0,0,0,0,789431.3326,5815834.6068
197249,13.487615439134984,52.618053107360964,199250,199250,11,0,3,3,2018,4,9,4,1,6,2,0,0,1,1,0,0,0,0,803734.8507,5839243.5806
197250,13.430403442793507,52.551256723097495,199251,199251,11,0,3,3,2018,4,4,1,3,5,3,2,0,1,0,0,0,0,0,800321.5012,5831579.5643
197251,13.258365022894836,52.43569874622549,199252,199252,11,0,6,6,2018,4,12,2,3,0,1,0,0,0,0,1,0,0,1,789424.0513,5818031.9859
197252,13.353889990034213,52.56209017026948,199253,199253,11,0,12,12,2018,4,17,6,3,5,2,0,0,1,0,0,0,1,0,795064.7679999999,5832467.5898
197253,13.373052302804382,52.42489579482172,199254,199254,11,0,7,7,2018,4,17,6,3,5,2,0,0,1,0,0,0,1,0,797287.82,5817297.3196
197254,13.378904955339506,52.46594331176721,199255,199255,11,0,7,7,2018,4,8,4,3,1,5,0,1,1,0,0,0,0,0,797408.5276,5821883.7721
197255,13.441132492050636,52.43798820822747,199256,199256,11,0,8,8,2018,4,4,1,3,1,5,2,0,1,0,0,0,0,0,801824.0828,5819035.0367
197256,13.39081432979455,52.39514682131568,199257,199257,11,0,7,7,2018,4,18,3,2,2,6,0,0,1,0,1,0,0,0,798695.8885,5814064.1116
197257,13.345101805745651,52.448846085555154,199258,199258,11,0,6,6,2018,4,19,5,3,5,2,1,0,1,0,1,0,0,0,795228.301,5819844.628
197258,13.424723701577525,52.497188628602345,199259,199259,11,0,2,2,2018,4,16,2,3,6,4,0,0,1,1,0,0,0,0,800305.7328,5825546.4327
197259,13.378948572139842,52.52827369574514,199260,199260,11,0,1,1,2018,4,9,5,3,6,7,0,1,0,1,0,0,0,0,796990.6188,5828811.8508
197260,13.288086623096385,52.58495925254743,199261,199261,11,0,12,12,2018,4,16,5,3,3,6,0,1,0,0,0,0,0,0,790456.0844,5834742.1205
197261,13.614949437871314,52.454791409405225,199262,199262,11,0,9,9,2018,4,21,5,3,5,3,2,0,1,0,0,0,0,0,813510.8964,5821643.682999999
197262,13.339596371830766,52.503481637474394,199263,199263,11,0,4,4,2018,4,9,3,3,2,6,0,1,1,0,0,0,0,0,794488.9324,5825894.8269
197263,13.294524428326119,52.44495105476897,199264,199264,11,0,6,6,2018,4,15,3,3,2,6,0,1,0,0,0,0,1,0,791819.2616,5819205.989
197264,13.352196367482946,52.59224538069382,199265,199265,11,0,12,12,2018,4,20,5,3,6,4,2,0,1,1,0,0,0,0,794747.4621,5835812.3985
197265,13.200221161888305,52.53683734190362,199266,199266,11,0,5,5,2018,4,13,3,3,6,4,0,1,0,1,0,0,0,0,784819.2003,5829042.4777
197266,13.255177396024875,52.44979759170637,199267,199267,11,0,6,6,2018,4,18,5,3,5,3,0,0,1,0,0,0,0,0,789115.0696,5819586.3284
197267,13.37562586290568,52.456581011698105,199268,199268,11,0,7,7,2018,4,16,2,3,6,4,0,0,1,1,0,0,0,1,797249.0666,5820829.6604
197268,13.352713683000575,52.54313855424897,199269,199269,11,0,1,1,2018,4,18,5,2,5,7,0,0,1,0,1,0,0,0,795112.3818,5830356.3113
197269,13.270569846958585,52.515299105408246,199270,199270,11,0,4,4,2018,4,18,5,3,5,3,0,0,1,0,0,0,0,0,789729.1745,5826928.7303
197270,13.376611097380056,52.486160245882175,199271,199271,11,0,2,2,2018,4,16,4,3,6,4,0,1,0,1,0,0,0,0,797116.4128,5824121.3895
197271,13.367561832127214,52.52601367313897,199272,199272,11,0,1,1,2018,4,17,1,3,0,1,1,0,0,0,1,0,0,0,796233.9604,5828513.8019
197272,13.29897980084413,52.51952623949767,199273,199273,11,0,4,4,2018,4,18,5,3,3,6,0,0,1,0,0,0,0,0,791627.6311,5827513.1169
197273,13.441546478852668,52.48116448725615,199274,199274,11,0,8,8,2018,4,9,3,3,0,3,0,1,0,0,1,0,0,0,801556.6384,5823835.6084
197274,13.330672575171947,52.49540803204047,199275,199275,11,0,4,4,2018,4,14,3,3,2,6,0,0,1,0,1,0,0,0,793937.5697,5824961.0421
197275,13.320270973514006,52.47688731820686,199276,199276,11,0,4,4,2018,4,18,5,3,0,1,0,1,0,0,0,0,0,0,793355.2836,5822860.1199
197276,13.602243666492706,52.53604999832687,199277,199277,11,0,10,10,2018,4,17,5,3,5,3,0,0,1,0,0,0,0,0,812071.5109,5830619.5569
197277,13.55110389160307,52.42889954630388,199278,199278,11,0,9,9,2018,4,13,2,3,2,6,0,0,1,0,0,0,0,0,809357.5856,5818490.5267
197278,13.360519804766012,52.59689391844715,199279,199279,11,0,12,12,2018,4,17,5,3,5,2,0,0,1,0,0,0,1,0,795279.5748,5836363.1744
197279,13.31286191788391,52.49971476257187,199280,199280,11,0,4,4,2018,4,11,4,3,2,6,0,1,1,0,0,0,0,0,792700.6529999999,5825367.2987
197280,13.3077310275436,52.498151061347926,199281,199281,11,0,4,4,2018,4,19,7,2,3,6,0,1,1,0,0,0,0,0,792362.9924,5825172.6803
197281,13.446551239438914,52.49154255000378,199282,199282,11,0,9,9,2018,4,15,2,2,5,3,0,1,1,0,0,0,0,0,801825.1081,5825010.0167
197282,13.453906477000306,52.54782099042218,199283,199283,11,0,3,3,2018,4,17,5,3,6,4,0,0,1,1,0,0,0,0,801937.4658,5831295.9064