,X,Y,OBJECTID_1,OBJECTID,ULAND,UREGBEZ,UKREIS,UGEMEINDE,UJAHR,UMONAT,USTUNDE,UWOCHENTAG,UKATEGORIE,UART,UTYP1,ULICHTVERH,IstRad,IstPKW,IstFuss,IstKrad,IstGkfz,IstSonstig,STRZUSTAND,LINREFX,LINREFY
197283,13.328401432911072,52.47741997859259,199284,199284,11,0,7,7,2018,4,17,5,2,6,4,0,1,0,1,0,0,0,0,793903.5327,5822952.4184
197284,13.37955902947766,52.510951400982435,199285,199285,11,0,1,1,2018,4,14,4,3,6,4,0,0,0,1,1,0,0,0,797149.0165,5826889.0245
197285,13.197811797651301,52.520200655576026,199286,199286,11,0,5,5,2018,4,19,7,2,6,4,0,0,1,1,0,0,0,0,784763.6196,5827183.7075
197286,13.565835416947927,52.456030969089724,199287,199287,11,0,9,9,2018,4,17,5,3,4,6,0,1,0,0,0,0,0,0,810167.5082,5821569.1646
197287,13.287574708250265,52.480785460572996,199288,199288,11,0,4,4,2018,4,7,3,3,0,2,0,0,1,0,1,0,0,0,791110.4528,5823160.9499
197288,13.407272775543287,52.386669678224344,199289,199289,11,0,7,7,2018,4,16,5,3,1,5,0,1,1,0,0,0,0,0,799872.4781,5813190.113
197289,13.381050749380595,52.522820099270284,199290,199290,11,0,1,1,2018,4,11,3,3,1,5,0,1,1,0,0,0,0,0,797169.9768,5828214.3563
197290,13.33123606768845,52.56213278469843,199291,199291,11,0,12,12,2018,4,16,5,2,2,7,0,0,1,0,1,0,1,0,793529.9861,5832379.8029
197291,13.199409030972545,52.53463049641021,199292,199292,11,0,5,5,2018,4,12,5,3,5,2,0,1,1,0,0,0,0,0,784778.4513,5828793.967
197292,13.452883051549929,52.533812482085104,199293,199293,11,0,3,3,2018,4,7,2,3,5,3,0,1,0,0,0,0,1,1,801964.3690000001,5829734.6368
197293,13.335469839300606,52.52710058165037,199294,199294,11,0,1,1,2018,4,12,5,3,5,3,0,0,1,0,1,0,0,0,794051.1089,5828503.2255
197294,13.201568543186312,52.5368660995451,199295,199295,11,0,5,5,2018,4,12,5,2,2,7,0,1,1,0,0,0,0,0,784910.3378,5829050.9986
197295,13.292073915859206,52.497251291201536,199296,199296,11,0,4,4,2018,4,8,4,3,2,6,0,1,1,0,0,0,0,0,791306.8259,5825009.3141
197296,13.407925273138135,52.452541598089574,199297,199297,11,0,7,7,2018,4,19,7,3,5,2,0,0,1,0,0,0,0,0,799469.5861,5820514.2422
197297,13.494880117532578,52.500698927664956,199298,199298,11,0,11,11,2018,4,18,3,3,5,3,0,1,1,0,0,0,0,0,805040.3948,5826231.0483
197298,13.285100596142506,52.47959169423239,199299,199299,11,0,4,4,2018,4,11,5,3,6,2,0,0,1,1,0,0,0,0,790950.4366,5823018.2797
197299,13.32970137956885,52.5631777792665,199300,199300,11,0,12,12,2018,4,18,2,3,0,2,0,0,1,0,1,0,0,0,793419.0487,5832489.704
197300,13.267562076283259,52.4288785649777,199301,199301,11,0,6,6,2018,4,11,5,2,5,3,0,0,1,0,0,0,0,0,790093.6791,5817310.8274
197301,13.518866684314132,52.53283518469492,199302,199302,11,0,10,10,2018,4,10,5,2,5,2,0,0,1,0,0,0,0,0,806443.3416,5829904.4986
197302,13.380417728159454,52.518206070161646,199303,199303,11,0,1,1,2018,4,21,3,3,5,2,2,0,0,0,1,0,1,0,797158.2356,5827698.9063
197303,13.31394104337348,52.49040678298326,199304,199304,11,0,4,4,2018,4,10,5,2,5,2,0,1,1,0,0,0,0,0,792835.7668,5824337.0924
197304,13.462859754570092,52.422305248546465,199305,199305,11,0,8,8,2018,4,10,2,3,1,5,0,1,1,0,0,0,0,1,803407.7547,5817383.0527
197305,13.626288268933209,52.46029914923163,199306,199306,11,0,9,9,2018,4,10,5,2,5,2,0,0,1,0,1,0,0,0,814241.479,5822305.1346
197306,13.498999954020636,52.53417666250968,199307,199307,11,0,11,11,2018,4,14,5,3,3,6,0,0,1,0,1,0,0,0,805087.5079999999,5829969.3156
197307,13.272904539635926,52.540088954982956,199308,199308,11,0,4,4,2018,4,21,1,3,2,6,2,0,1,0,0,0,0,0,789724.0998,5829693.5636
197308,13.331260394066348,52.49516739509461,199309,199309,11,0,4,4,2018,4,9,5,3,3,6,0,1,1,0,0,0,0,0,793979.0543,5824936.6912
197309,13.401731815953884,52.588550483026076,199310,199310,11,0,3,3,2018,4,15,5,2,2,2,0,0,1,0,1,0,0,0,798125.578,5835605.58
197310,13.444330341748493,52.45468392244458,199311,199311,11,0,8,8,2018,4,7,4,3,1,5,0,1,1,0,0,0,0,0,801926.9572,5820904.0616
197311,13.399626261945945,52.45506586397318,199312,199312,11,0,7,7,2018,4,16,7,2,0,6,0,0,1,0,1,0,0,1,798888.9317,5820760.3972
197312,13.478062094141904,52.454792867189596,199313,199313,11,0,9,9,2018,4,17,3,3,5,7,0,0,1,0,1,0,0,0,804216.5815,5821057.8538
197313,13.458336083141033,52.52914769206305,199314,199314,11,0,3,3,2018,4,8,5,3,2,6,0,0,0,0,1,0,1,0,802366.0471,5829239.0265
197314,13.274322251834151,52.51555322010646,199315,199315,11,0,4,4,2018,4,16,2,3,5,3,0,1,1,0,0,0,0,0,789981.9517,5826972.06
197315,13.234316947567454,52.438515873550884,199316,199316,11,0,6,6,2018,4,8,5,3,1,5,0,1,1,0,0,0,0,0,787771.9908,5818248.9678
197316,13.217087236163518,52.52878378963443,199317,199317,11,0,5,5,2018,4,13,5,2,0,7,0,0,1,0,0,0,0,0,786014.75,5828214.061000001
197317,13.400073688534464,52.509555581781065,199318,199318,11,0,1,1,2018,4,15,7,3,5,2,0,1,1,0,0,0,0,0,798549.679,5826818.624
197318,13.311048942469087,52.49917246611948,199319,199319,11,0,4,4,2018,4,7,5,3,6,4,0,0,1,1,0,0,0,0,792581.2772,5825299.6655
197319,13.315270261634774,52.57783863713386,199320,199320,11,0,12,12,2018,4,8,5,3,5,2,0,1,1,0,0,0,0,0,792343.9059,5834060.6081
197320,13.346299511547643,52.50123670147946,199321,199321,11,0,7,7,2018,4,18,1,3,2,2,0,0,1,0,0,0,0,0,794958.6331,5825672.6984
197321,13.317953581490698,52.49173461247652,199322,199322,11,0,4,4,2018,4,7,5,3,1,5,0,1,1,0,0,0,0,0,793099.1693,5824500.9795
197322,13.364653951416535,52.49089991844809,199323,199323,11,0,7,7,2018,4,11,3,3,1,7,0,0,1,0,0,0,0,0,796273.1869,5824599.0099
197323,13.309548190904296,52.47870573127016,199324,199324,11,0,4,4,2018,4,15,7,3,5,2,0,1,1,0,0,0,0,1,792615.4604,5823018.6879
197324,13.333019000745214,52.505173173223106,199325,199325,11,0,4,4,2018,4,16,3,3,5,7,0,0,1,0,1,0,0,0,794031.5047,5826056.0014
197325,13.28808277201876,52.51304899873846,199326,199326,11,0,4,4,2018,4,7,5,3,2,6,0,0,1,0,0,0,0,0,790931.6122,5826749.141
197326,13.391372557285127,52.531922546546966,199327,199327,11,0,1,1,2018,4,21,5,2,4,1,2,1,0,0,0,0,1,0,797808.0942,5829268.6701
197327,13.34602374043352,52.4961030774187,199328,199328,11,0,7,7,2018,4,16,2,3,2,6,0,0,1,0,1,0,0,1,794974.3303,5825100.9718
197328,13.312607718913018,52.50629186180376,199329,199329,11,0,4,4,2018,4,12,5,3,8,1,0,0,1,0,0,0,0,0,792639.6705,5826097.3157
197329,13.233346279275413,52.61600637729946,199330,199330,11,0,12,12,2018,4,15,5,3,5,2,0,1,1,0,0,0,0,0,786547.0648,5837973.8463
197330,13.393324337682731,52.52487699731748,199331,199331,11,0,1,1,2018,4,9,5,3,0,1,0,1,0,0,0,0,0,0,797988.1396,5828493.6388
197331,13.354757402374213,52.49004415409257,199332,199332,11,0,7,7,2018,4,15,5,3,2,6,0,1,1,0,0,0,0,0,795607.4899,5824463.2858
197332,13.549421938167365,52.56875284975669,199333,199333,11,0,11,11,2018,4,16,4,3,5,2,0,1,1,0,0,0,0,0,808262.1168,5834026.7975
197333,13.398948938509946,52.508227577994916,199334,199334,11,0,1,1,2018,4,15,5,2,5,3,0,0,1,0,1,0,0,0,798482.412,5826666.3635
197334,13.308154024447957,52.47786561243953,199335,199335,11,0,4,4,2018,4,13,7,3,5,2,0,0,1,0,0,0,0,1,792526.423,5822919.654
197335,13.43020263249658,52.510347623322446,199336,199336,11,0,2,2,2018,4,18,4,3,3,2,0,1,1,0,0,0,0,0,800587.4919,5827031.833
197336,13.369845474445267,52.52420212395968,199337,199337,11,0,1,1,2018,4,20,5,3,6,4,2,0,1,1,0,0,0,0,796400.9834,5828321.8371
197337,13.396978196473345,52.53853889898486,199338,199338,11,0,1,1,2018,4,9,3,2,6,4,0,0,1,1,0,0,0,0,798143.1726,5830027.2359
197338,13.419820803656313,52.51485418371022,199339,199339,11,0,1,1,2018,4,16,4,3,5,2,1,1,1,0,0,0,0,0,799852.7324,5827489.4919
197339,13.19765697031713,52.52319800616643,199340,199340,11,0,5,5,2018,4,20,5,2,1,5,2,1,1,0,0,0,0,0,784733.7161,5827516.2669
197340,13.600838673540581,52.479050263538845,199341,199341,11,0,10,10,2018,4,13,3,3,5,2,0,0,1,0,0,0,1,0,812380.7792,5824278.5644
197341,13.342945059444617,52.492303718900224,199342,199342,11,0,7,7,2018,4,18,4,2,6,4,1,0,1,1,0,0,0,0,794790.9191,5824666.0879999995
197342,13.353592290145675,52.50090861499432,199343,199343,11,0,7,7,2018,4,10,3,2,5,2,0,0,1,0,1,0,0,0,795455.5078,5825666.0851
197343,13.388906655779106,52.39842651057218,199344,199344,11,0,7,7,2018,4,15,5,3,6,2,0,0,1,1,0,0,0,0,798544.0137,5814420.75
197344,13.54530528530868,52.425649329175435,199345,199345,11,0,9,9,2018,4,14,3,3,5,3,0,1,1,0,0,0,0,0,808986.4038,5818104.4563
197345,13.621080568144512,52.506066749672,199346,199346,11,0,10,10,2018,4,16,4,3,6,6,0,1,0,1,0,0,0,0,813561.8386,5827368.996
197346,13.379325814253502,52.522488181662105,199347,199347,11,0,1,1,2018,4,7,4,3,0,1,0,0,0,0,1,0,0,1,797055.2747,5828170.3554
197347,13.611343090077783,52.47799700944368,199348,199348,11,0,10,10,2018,4,15,5,2,5,3,0,0,1,0,0,0,1,0,813101.0817,5824207.0553
197348,13.577998390299234,52.42035970321992,199349,199349,11,0,9,9,2018,4,15,2,3,6,4,0,0,1,1,0,0,0,0,811244.9503,5817657.0284
197349,13.312363341223127,52.42983807646287,199350,199350,11,0,6,6,2018,4,14,4,2,0,3,0,1,0,0,0,1,0,0,793131.2633,5817598.4598
197350,13.386925204027676,52.559520666397425,199351,199351,11,0,1,1,2018,4,15,4,3,1,5,0,1,1,0,0,0,0,0,797319.832,5832317.7841
197351,13.693855016197308,52.4386763599949,199352,199352,11,0,9,9,2018,4,14,5,3,5,2,0,1,1,0,0,0,0,0,818984.755,5820198.5546
197352,13.482618256736483,52.461917857461344,199353,199353,11,0,9,9,2018,4,6,4,3,5,2,0,0,1,0,1,0,0,0,804476.715,5821868.971
197353,13.385230494514953,52.50229272883146,199354,199354,11,0,2,2,2018,4,13,5,3,3,6,0,1,1,0,0,0,0,0,797592.1818,5825950.0194
197354,13.550077333727279,52.39956944142766,199355,199355,11,0,9,9,2018,4,11,7,3,5,3,0,0,0,0,1,0,1,0,809493.4173,5815226.3593
197355,13.267433214752392,52.53093996148353,199356,199356,11,0,5,5,2018,4,15,4,3,2,6,0,0,1,0,1,0,0,0,789413.5266,5828654.6519
197356,13.424934396935846,52.48138584966682,199357,199357,11,0,8,8,2018,4,19,5,3,1,5,0,1,1,0,0,0,0,0,800427.8414,5823790.8917
197357,13.434771552964802,52.466119078536536,199358,199358,11,0,8,8,2018,4,14,3,3,5,3,0,1,1,0,0,0,0,0,801199.7523,5822135.074
197358,13.464911309049684,52.47030932566695,199359,199359,11,0,8,8,2018,4,15,4,3,6,4,0,0,0,1,0,0,1,0,803216.8695,5822727.0563
197359,13.395404521470413,52.524371522914215,199360,199360,11,0,1,1,2018,4,19,5,3,5,7,0,0,1,0,1,0,0,0,798132.5883,5828446.0571
197360,13.40794961299076,52.4891719856841,199361,199361,11,0,2,2,2018,4,8,2,3,5,3,0,1,1,0,0,0,0,0,799222.3477,5824585.6896
197361,13.530924530522682,52.43506397290966,199362,199362,11,0,9,9,2018,4,16,4,3,3,6,0,0,1,0,1,0,0,0,807943.6138,5819089.3502
197362,13.302527664719422,52.5480029349675,199363,199363,11,0,4,4,2018,4,16,4,3,0,2,0,0,1,0,0,0,1,0,791679.1767,5830692.6936
197363,13.267556528288052,52.408980596598965,199364,199364,11,0,6,6,2018,4,19,5,2,5,2,0,1,1,0,0,0,0,0,790224.0944,5815099.1138
197364,13.37098865430617,52.5110942071065,199365,199365,11,0,1,1,2018,4,6,2,2,5,3,0,1,1,0,0,0,0,0,796566.8556,5826869.6126
197365,13.460130846111806,52.431845473475114,199366,199366,11,0,8,8,2018,4,14,4,3,5,2,0,0,1,0,0,0,0,0,803156.7729999999,5818431.9281
197366,13.330268305446351,52.50036832382053,199367,199367,11,0,4,4,2018,4,14,4,2,3,6,0,0,1,0,1,0,0,0,793877.0239,5825510.7305
197367,13.384502354281613,52.449253719449246,199368,199368,11,0,7,7,2018,4,18,5,3,6,2,0,0,1,1,0,0,0,0,797901.2779,5820051.8541
197368,13.306808949125262,52.55483830641244,199369,199369,11,0,12,12,2018,4,8,4,3,3,6,0,0,1,0,1,0,0,0,791923.8478,5831469.7887
197369,13.443199687995913,52.47058898831411,199370,199370,11,0,8,8,2018,4,13,4,3,5,3,0,0,1,0,0,0,0,0,801741.2618,5822667.1037
197370,13.301981832183097,52.518976126387855,199371,199371,11,0,4,4,2018,4,18,5,3,6,4,0,0,0,1,0,0,1,0,791834.8288,5827464.1179
197371,13.497938951143613,52.43814528486629,199372,199372,11,0,9,9,2018,4,12,2,3,6,7,0,0,1,1,0,0,0,1,805681.59,5819291.5835
197372,13.247752352179374,52.538086224479294,199373,199373,11,0,5,5,2018,4,13,4,3,5,2,0,0,1,0,0,0,1,0,788032.5992,5829370.1552
197373,13.205265460923432,52.53779726519427,199374,199374,11,0,5,5,2018,4,13,5,3,6,7,0,1,0,1,0,0,0,0,785154.8694,5829169.1199
197374,13.306343029818327,52.47680920850585,199375,199375,11,0,4,4,2018,4,10,4,2,5,2,0,0,1,0,0,0,0,0,792410.5279999999,5822794.892000001
197375,13.358688136308448,52.49044548829528,199376,199376,11,0,7,7,2018,4,9,7,3,1,5,0,1,1,0,0,0,0,1,795871.4835,5824524.011
197376,13.426615459242766,52.50575926721821,199377,199377,11,0,1,1,2018,4,13,4,3,5,3,0,1,1,0,0,0,0,0,800375.554,5826506.906
197377,13.303412511562493,52.61967270115938,199378,199378,11,0,12,12,2018,4,12,5,3,8,1,0,0,1,0,0,0,0,0,791263.0140000001,5838662.487000001
197378,13.315981495574439,52.525796596129034,199379,199379,11,0,1,1,2018,4,18,3,3,5,2,0,1,1,0,0,0,0,0,792738.6561,5828278.9751
197379,13.19114718667693,52.53639065978442,199380,199380,11,0,5,5,2018,4,12,4,2,3,6,0,0,1,0,1,0,0,0,784207.0639,5828957.0142
197380,13.434337045946705,52.545823090051506,199381,199381,11,0,3,3,2018,4,17,5,3,6,4,0,0,1,1,0,0,0,0,800625.1873,5830992.0367
197381,13.389659187967329,52.51183940049233,199382,199382,11,0,1,1,2018,4,23,2,3,1,5,2,1,1,0,0,0,0,0,797827.9426,5827029.3953
197382,13.330166103218145,52.523805931677636,199383,199383,11,0,1,1,2018,4,11,4,3,2,6,0,0,1,0,0,0,0,0,793713.5705,5828115.4047
197383,13.149505016316946,52.53524095263101,199384,199384,11,0,5,5,2018,4,10,4,3,1,5,0,0,1,0,0,0,0,0,781391.9085,5828665.8614
197384,13.274140197462057,52.43543618558799,199385,199385,11,0,6,6,2018,4,12,5,3,5,2,0,1,0,0,1,0,0,0,790497.4445,5818066.1715
197385,13.434986137129991,52.465924043562744,199386,199386,11,0,8,8,2018,4,19,1,3,6,7,0,0,1,1,0,0,0,0,801215.6521,5822114.2926
197386,13.537459227140653,52.53448356746004,199387,199387,11,0,10,10,2018,4,9,4,2,6,4,0,0,1,1,0,0,0,0,807691.9536,5830166.9146
197387,13.314667554062884,52.46400202254997,199388,199388,11,0,6,6,2018,4,9,4,3,0,5,0,1,1,0,0,0,0,0,793060.6799,5821405.1445
197388,13.43007376018591,52.503465938919895,199389,199389,11,0,2,2,2018,4,17,5,3,3,2,0,0,0,0,1,1,0,0,800625.7693,5826266.4233
197389,13.41967814490099,52.50181813695932,199390,199390,11,0,2,2,2018,4,21,4,3,1,5,2,1,1,0,0,0,0,0,799931.9157,5826039.9873
197390,13.474908316690213,52.51129952959734,199391,199391,11,0,2,2,2018,4,21,7,3,5,2,2,1,1,0,0,0,0,0,803612.5881,5827324.9471
197391,13.498829385507726,52.56323369661306,199392,199392,11,0,11,11,2018,4,12,5,3,1,5,0,0,1,0,0,0,0,0,804874.2229,5833198.0998
197392,13.588368156561875,52.440161415089435,199393,199393,11,0,9,9,2018,4,17,3,3,5,7,0,0,0,0,1,0,1,0,811809.583,5819902.5406
197393,13.362670675186768,52.5665903509842,199394,199394,11,0,12,12,2018,4,9,4,3,5,2,0,1,1,0,0,0,0,0,795629.2370000001,5833003.7735
197394,13.435131055148249,52.49115517572992,199395,199395,11,0,8,8,2018,4,22,7,3,5,2,2,1,1,0,0,0,0,0,801052.9749,5824919.2293
197395,13.513999063234136,52.46223289534097,199396,199396,11,0,9,9,2018,4,12,5,3,0,4,0,1,0,1,0,0,0,0,806604.8919,5822036.8843
197396,13.284245636248965,52.48528063671297,199397,199397,11,0,4,4,2018,4,18,3,3,5,3,0,1,1,0,0,0,0,0,790854.8414,5823647.1665
197397,13.446034417994685,52.436933609991065,199398,199398,11,0,8,8,2018,4,8,4,3,0,1,0,0,1,0,1,0,0,0,802164.2751,5818938.3347
197398,13.561887543158104,52.49382770064049,199399,199399,11,0,10,10,2018,4,16,5,3,5,2,0,0,1,0,1,0,0,0,809633.6444,5825752.9527
197399,13.499515774741605,52.522886433845855,199400,199400,11,0,11,11,2018,4,17,2,3,5,2,0,1,1,0,0,0,0,1,805200.8399,5828716.6634
197400,13.405366376237225,52.59068196716103,199401,199401,11,0,3,3,2018,4,8,4,3,0,1,0,0,0,0,1,0,0,1,798357.1189,5835857.5391
197401,13.583340021811953,52.43276745746213,199402,199402,11,0,9,9,2018,4,12,5,3,1,5,0,0,1,0,0,0,0,0,811520.2959,5819059.0655
197402,13.477725718187134,52.457874252207574,199403,199403,11,0,9,9,2018,4,8,4,3,2,6,0,0,1,0,0,0,0,0,804172.4768,5821398.9126
197403,13.538463664002547,52.52471591173258,199404,199404,11,0,10,10,2018,4,16,5,3,5,3,0,0,1,0,0,0,0,0,807828.4208,5829085.6067
197404,13.458655180001298,52.52702440016779,199405,199405,11,0,11,11,2018,4,11,5,2,1,5,0,0,1,0,0,0,0,0,802402.2816,5829004.3715
197405,13.268472713758133,52.49581756198922,199406,199406,11,0,4,4,2018,4,14,1,3,0,1,0,1,1,0,0,0,0,0,789715.1991,5824754.8872
197406,13.272489639247208,52.4371881940833,199407,199407,11,0,6,6,2018,4,7,4,3,6,2,0,0,1,1,0,0,0,0,790373.7835,5818254.2686
197407,13.41789230669258,52.51464963825579,199408,199408,11,0,1,1,2018,4,16,5,3,1,5,0,1,0,0,0,0,1,0,799723.3592,5827458.7387
197408,13.475352131152935,52.50192479576198,199409,199409,11,0,11,11,2018,4,17,3,3,5,2,0,1,0,0,0,0,1,0,803707.3897,5826284.8677
197409,13.559703216781216,52.47950789824696,199410,199410,11,0,10,10,2018,4,11,5,3,5,3,0,1,1,0,0,0,0,0,809586.1447,5824152.0616
197410,13.195464551017857,52.53358290933829,199411,199411,11,0,5,5,2018,4,15,3,2,6,2,0,0,1,1,0,0,0,0,784517.8652,5828661.9476
197411,13.346301294703483,52.50102123608948,199412,199412,11,0,7,7,2018,4,23,4,3,5,2,2,0,1,0,0,0,0,0,794960.1981,5825648.7569
197412,13.30578022451304,52.476500384989826,199413,199413,11,0,4,4,2018,4,16,5,3,1,5,0,0,1,0,1,0,0,0,792374.3806,5822758.285
197413,13.538631988523846,52.524750525963704,199414,199414,11,0,10,10,2018,4,16,2,3,2,2,0,0,1,0,0,0,1,0,807839.5891,5829090.1726
197414,13.552204494014445,52.439415321171886,199415,199415,11,0,9,9,2018,4,7,4,2,5,2,0,0,1,0,1,0,0,1,809358.5987,5819663.9757
197415,13.427442112323394,52.56055614776761,199416,199416,11,0,3,3,2018,4,11,5,3,5,3,0,1,1,0,0,0,0,0,800057.3283,5832600.8265
197416,13.358926733339484,52.54398096523764,199417,199417,11,0,1,1,2018,4,7,4,3,5,3,0,0,1,0,0,0,0,0,795527.7465,5830475.4022
197417,13.336557796127709,52.50410337643451,199418,199418,11,0,4,4,2018,4,11,5,3,3,6,0,0,1,0,1,0,0,0,794278.6765,5825951.5288
197418,13.592468819408488,52.547218276623184,199419,199419,11,0,10,10,2018,4,15,4,3,6,7,0,1,0,1,0,0,0,0,811329.9190000001,5831818.5164
197419,13.612083152751534,52.514552091755526,199420,199420,11,0,10,10,2018,4,16,5,3,0,1,0,0,0,0,1,0,0,0,812891.3015,5828272.9543
197420,13.28958857660702,52.49693238418864,199421,199421,11,0,4,4,2018,4,11,5,2,3,6,0,0,1,0,0,0,1,0,791140.3349,5824963.8315
197421,13.184321678452035,52.42406322039153,199422,199422,11,0,6,6,2018,4,16,2,3,8,1,0,0,1,0,0,0,0,1,784468.9432,5816444.3441
197422,13.383077195049644,52.530548954315826,199423,199423,11,0,1,1,2018,4,21,4,3,5,2,2,1,1,0,0,0,0,0,797255.1051,5829081.7588
197423,13.431243976641927,52.57133042337605,199424,199424,11,0,3,3,2018,4,11,5,2,1,5,0,0,1,0,1,0,0,0,800241.1648,5833814.1886
197424,13.29534175240253,52.539556176650215,199425,199425,11,0,4,4,2018,4,4,4,3,5,3,2,0,1,0,0,0,1,0,791248.2425,5829724.7656
197425,13.441907001522287,52.550260422135494,199426,199426,11,0,3,3,2018,4,11,5,3,5,3,0,1,1,0,0,0,0,0,801107.7081,5831516.8324
197426,13.572722611585071,52.54999929022088,199427,199427,11,0,10,10,2018,4,16,4,3,5,2,0,1,1,0,0,0,0,0,809972.4161,5832042.4714
197427,13.539330636168074,52.53447744579682,199428,199428,11,0,10,10,2018,4,10,5,2,6,4,0,0,1,1,0,0,0,0,807818.8302,5830174.2251
197428,13.220350442789902,52.43175110892498,199429,199429,11,0,6,6,2018,4,16,7,2,0,3,0,1,0,0,0,0,1,0,786867.2267,5817441.4508
197429,13.57171119481343,52.54622453181885,199430,199430,11,0,10,10,2018,4,20,4,3,5,3,2,0,1,0,0,1,0,0,809930.5242,5831618.5916
197430,13.438002297171742,52.4881372581728,199431,199431,11,0,8,8,2018,4,9,5,3,0,1,0,1,0,0,0,0,0,0,801268.4224,5824595.7901
197431,13.319903979381067,52.42800760463714,199432,199432,11,0,6,6,2018,4,9,3,3,5,3,0,0,1,0,0,0,0,0,793655.7671,5817425.6511
197432,13.427005225668124,52.51181501164459,199433,199433,11,0,2,2,2018,4,9,5,3,5,2,0,1,0,0,0,0,1,0,800360.6424,5827181.6029
197433,13.427055203438973,52.49905395321748,199434,199434,11,0,2,2,2018,4,14,3,2,5,7,0,0,1,0,1,0,0,0,800451.1559,5825763.4678
197434,13.293441709575427,52.49746183828063,199435,199435,11,0,4,4,2018,4,18,4,3,3,6,0,1,1,0,0,0,0,0,791398.2203,5825038.2422
197435,13.397419815453526,52.59312426330061,199436,199436,11,0,3,3,2018,4,18,4,2,6,7,0,0,1,1,0,0,0,0,797802.6277,5836096.1083
197436,13.229080017396068,52.425796474135296,199437,199437,11,0,6,6,2018,4,9,5,3,2,6,0,1,1,0,0,0,0,0,787499.1117,5816814.3007
197437,13.3536458351265,52.4947529777855,199438,199438,11,0,7,7,2018,4,13,2,3,0,5,0,1,0,0,0,0,1,0,795500.4638,5824982.1115
197438,13.299672940019061,52.519742235135716,199439,199439,11,0,4,4,2018,4,18,4,3,2,2,0,0,1,0,0,0,0,0,791673.1958,5827539.9289
197439,13.416623985224387,52.532356054778134,199440,199440,11,0,3,3,2018,4,8,5,3,5,7,0,0,1,0,1,0,0,0,799516.7248,5829421.4778
197440,13.226904063317628,52.58412460096685,199441,199441,11,0,12,12,2018,4,11,4,2,1,5,0,0,1,0,1,0,0,0,786319.2819,5834404.4217
197441,13.338838414716534,52.526389289920864,199442,199442,11,0,1,1,2018,4,9,7,2,2,6,0,0,1,0,0,0,0,1,794284.2277,5828437.9109
197442,13.422426470444176,52.49904641131246,199443,199443,11,0,2,2,2018,4,18,4,3,5,2,0,1,0,0,0,0,1,0,800137.2311,5825743.3547
197443,13.408004122762199,52.452490594896965,199444,199444,11,0,7,7,2018,4,8,5,3,5,2,0,0,1,0,0,0,1,0,799475.2868,5820508.9006
197444,13.456674696633772,52.5022317089917,199445,199445,11,0,2,2,2018,4,23,3,3,2,6,2,1,1,0,0,0,1,0,802438.4538,5826240.4785
197445,13.284281355061287,52.59449584619154,199446,199446,11,0,12,12,2018,4,18,4,3,5,2,0,0,1,0,0,0,0,0,790135.382,5835786.8
197446,13.361603312237525,52.54493204561253,199447,199447,11,0,1,1,2018,4,22,7,3,2,2,2,1,1,0,0,0,0,0,795702.7219,5830592.0922
197447,13.434357784453367,52.49034303690868,199448,199448,11,0,8,8,2018,4,17,4,3,5,2,0,1,1,0,0,0,0,0,801006.066,5824825.7359
197448,13.418729629063842,52.54950930911247,199449,199449,11,0,3,3,2018,4,8,5,2,5,2,0,0,1,0,1,0,0,0,799542.5002,5831336.7588
197449,13.429449238823967,52.55660663786417,199450,199450,11,0,3,3,2018,4,8,3,3,2,6,0,0,1,0,0,1,0,0,800220.2833,5832170.2124
197450,13.429669331458461,52.52107058952607,199451,199451,11,0,2,2,2018,4,17,4,3,5,2,0,1,1,0,0,0,0,0,800478.0633,5828221.4267
197451,13.388136669324874,52.52735982111982,199452,199452,11,0,1,1,2018,4,8,5,3,6,4,0,0,1,1,0,0,0,0,797619.6461,5828748.1688
197452,13.36287686100236,52.56229691670414,199453,199453,11,0,12,12,2018,4,12,3,3,2,6,0,0,1,0,0,0,0,0,795672.1116,5832527.4078
197453,13.546940962930845,52.431504796724965,199454,199454,11,0,9,9,2018,4,17,4,3,5,2,0,1,1,0,0,0,0,0,809056.5156,5818762.2417
197454,13.496448390067398,52.542719195290935,199455,199455,11,0,11,11,2018,4,16,4,3,2,6,0,0,1,0,1,0,0,0,804855.3076,5830907.9672
197455,13.370180209178006,52.488063907722704,199456,199456,11,0,7,7,2018,4,8,5,2,0,3,0,1,0,0,0,0,0,0,796667.2303,5824306.5073
197456,13.524332345319795,52.55984278370345,199457,199457,11,0,11,11,2018,4,9,2,3,5,2,0,1,0,0,0,0,1,1,806625.2338,5832929.4468
197457,13.371905225153473,52.509003109821656,199458,199458,11,0,1,1,2018,4,7,3,3,0,2,0,1,1,0,0,0,0,0,796643.1118,5826640.9607
197458,13.492780741238876,52.56679591425972,199459,199459,11,0,11,11,2018,4,19,3,3,5,3,1,0,1,0,0,0,0,0,804439.8397,5833568.4415
197459,13.441165281456824,52.54953622689946,199460,199460,11,0,3,3,2018,4,7,5,3,5,2,0,1,1,0,0,0,0,0,801062.4179,5831433.2421
197460,13.305241542566378,52.46460262752262,199461,199461,11,0,6,6,2018,4,8,4,3,5,3,0,1,1,0,0,0,0,0,792416.7733,5821433.6587
197461,13.297281137845848,52.597862001064904,199462,199462,11,0,12,12,2018,4,8,7,3,0,5,0,0,1,0,1,0,0,0,790992.9717,5836213.397999999
197462,13.299854389824974,52.521443540210335,199463,199463,11,0,4,4,2018,4,18,3,3,3,6,0,0,1,0,0,1,0,0,791674.2154,5827729.7651