,X,Y,OBJECTID_1,OBJECTID,ULAND,UREGBEZ,UKREIS,UGEMEINDE,UJAHR,UMONAT,USTUNDE,UWOCHENTAG,UKATEGORIE,UART,UTYP1,ULICHTVERH,IstRad,IstPKW,IstFuss,IstKrad,IstGkfz,IstSonstig,STRZUSTAND,LINREFX,LINREFY
197463,13.329788493693506,52.53289997408497,199464,199464,11,0,1,1,2018,4,7,5,3,2,3,0,0,1,0,0,0,0,0,793627.2304,5829124.6707
197464,13.454384386121365,52.53228040646475,199465,199465,11,0,3,3,2018,4,19,3,3,1,5,0,1,1,0,0,0,1,0,802076.6545,5829570.6444
197465,13.508019983602548,52.56444571416213,199466,199466,11,0,11,11,2018,4,18,3,3,0,2,0,1,1,0,0,0,0,0,805488.2767,5833371.7374
197466,13.393586045671091,52.581631317629444,199467,199467,11,0,3,3,2018,4,7,5,3,2,5,0,1,1,0,0,0,0,0,797621.0882,5834802.8439
197467,13.444368451876125,52.57431811470222,199468,199468,11,0,3,3,2018,4,21,2,2,9,1,2,0,1,0,0,0,0,0,801109.4566,5834201.0355
197468,13.416971423033583,52.52397657176138,199469,199469,11,0,1,1,2018,4,18,3,3,1,5,0,1,1,0,0,0,0,0,799597.3709999999,5828491.5689
197469,13.182826354508212,52.51283591909493,199470,199470,11,0,5,5,2018,4,18,3,3,5,2,0,0,1,0,1,0,0,0,783795.0437,5826305.9991
197470,13.35321187877569,52.55089195021783,199471,199471,11,0,1,1,2018,4,7,5,3,2,6,0,0,1,0,0,0,0,0,795094.063,5831220.1367
197471,13.346445906396227,52.614672088750225,199472,199472,11,0,12,12,2018,4,18,1,3,5,7,0,0,1,0,0,0,0,0,794207.6964,5838281.6141
197472,13.299573015918426,52.49401031195616,199473,199473,11,0,4,4,2018,4,22,5,3,5,3,2,0,1,0,0,0,0,0,791837.0344,5824679.3919
197473,13.396798545992914,52.487759402546146,199474,199474,11,0,2,2,2018,4,8,2,3,0,2,0,1,1,0,0,0,0,1,798475.3481,5824382.481000001
197474,13.439978809087432,52.48168793379023,199475,199475,11,0,8,8,2018,4,19,3,3,5,3,0,0,1,0,1,0,0,0,801446.6744,5823887.2343
197475,13.297105814550168,52.526742527588006,199476,199476,11,0,4,4,2018,4,15,3,3,2,6,0,0,1,0,0,0,0,0,791452.7385,5828307.6391
197476,13.398026891532636,52.51754375453331,199477,199477,11,0,1,1,2018,4,16,4,3,2,6,0,1,1,0,0,0,0,0,798356.687,5827698.016
197477,13.437725326806731,52.47870478802743,199478,199478,11,0,8,8,2018,4,17,1,3,2,6,0,1,1,0,0,0,0,0,801314.1657,5823546.2554
197478,13.335479151236818,52.595673034052325,199479,199479,11,0,12,12,2018,4,20,3,2,5,7,0,0,1,0,1,0,0,0,793592.9332,5836125.1066
197479,13.413155905221071,52.54768282675735,199480,199480,11,0,3,3,2018,4,19,3,3,5,2,1,1,1,0,0,0,0,0,799177.295,5831110.597999999
197480,13.419668082871507,52.50180397825136,199481,199481,11,0,2,2,2018,4,20,4,3,1,5,2,1,1,0,0,0,0,0,799931.3297,5826038.3718
197481,13.354991151197678,52.51805778253409,199482,199482,11,0,1,1,2018,4,7,4,3,0,2,0,1,0,0,1,0,0,0,795435.2142,5827577.9307
197482,13.296898344143694,52.442776316595975,199483,199483,11,0,6,6,2018,4,13,7,3,2,6,0,0,1,0,0,0,1,1,791994.8929999999,5818973.8666
197483,13.60373754325064,52.54677899675336,199484,199484,11,0,10,10,2018,4,16,4,3,3,6,0,0,1,0,0,0,0,0,812096.5329999999,5831818.441000001
197484,13.375184816152315,52.5368622883978,199485,199485,11,0,1,1,2018,4,18,3,3,1,5,0,1,1,0,0,0,0,0,796677.5115,5829750.9602
197485,13.427927123525073,52.54551353289697,199486,199486,11,0,3,3,2018,4,19,3,3,5,2,2,1,1,0,0,0,0,0,800192.9689,5830930.9117
197486,13.334534137032652,52.53054429885562,199487,199487,11,0,1,1,2018,4,1,4,3,6,4,2,0,1,1,1,0,0,0,793964.6507,5828882.1784
197487,13.372421509405141,52.5569694538969,199488,199488,11,0,1,1,2018,4,17,2,2,6,4,0,1,0,1,0,0,0,1,796354.5726,5831974.4749
197488,13.407750795157124,52.50002332907446,199489,199489,11,0,2,2,2018,4,19,3,3,5,2,1,1,1,0,0,0,0,0,799135.1069,5825790.9578
197489,13.325878871066791,52.506656698012065,199490,199490,11,0,4,4,2018,4,21,4,3,0,3,2,1,1,0,0,0,0,0,793537.3302,5826191.8062
197490,13.305709740899214,52.50987113594546,199491,199491,11,0,4,4,2018,4,19,3,3,6,4,0,0,0,1,0,0,1,0,792148.0587,5826467.185
197491,13.341582051053901,52.50509044738365,199492,199492,11,0,1,1,2018,4,16,4,3,2,6,0,0,1,0,0,0,0,0,794612.8442,5826081.7561
197492,13.124069262166259,52.47366461733868,199493,199493,11,0,5,5,2018,4,18,4,3,5,3,0,1,1,0,0,0,0,0,780059.3670000001,5821722.2032
197493,13.376139989404022,52.454820363085226,199494,199494,11,0,7,7,2018,4,13,7,3,2,6,0,0,1,0,0,0,1,1,797295.8492,5820636.0862
197494,13.433708789389833,52.482063083729145,199495,199495,11,0,8,8,2018,4,19,3,3,2,3,0,1,1,0,0,0,0,0,801018.6355,5823902.7454
197495,13.586387204273732,52.44076731526022,199496,199496,11,0,9,9,2018,4,14,4,3,2,6,0,1,0,0,0,0,1,0,811670.7563,5819961.3223
197496,13.351470681446974,52.5097022043053,199497,199497,11,0,1,1,2018,4,11,3,3,5,2,0,1,1,0,0,0,0,0,795252.5878,5826634.795
197497,13.416359187031446,52.52170910376874,199498,199498,11,0,1,1,2018,4,21,4,3,2,6,2,0,1,0,0,0,1,0,799571.3122,5828237.003
197498,13.559572709536765,52.479404178335855,199499,199499,11,0,10,10,2018,4,17,3,3,0,3,0,0,1,0,1,0,0,0,809578.0177,5824139.9739
197499,13.403785027825153,52.52892465511339,199500,199500,11,0,1,1,2018,4,19,4,3,5,2,0,1,0,0,0,0,0,0,798669.801,5828986.8161
197500,13.197550314241749,52.532096528398775,199501,199501,11,0,5,5,2018,4,20,3,3,2,6,2,0,1,0,0,0,0,0,784668.8708,5828504.9624
197501,13.392225380086641,52.4670048390508,199502,199502,11,0,7,7,2018,4,20,7,3,5,3,2,0,1,0,0,0,0,0,798305.5863,5822056.7512
197502,13.404141267327473,52.448903580237705,199503,199503,11,0,7,7,2018,4,18,4,2,1,1,0,0,1,0,0,1,1,0,799237.3267,5820094.1913
197503,13.326072063650134,52.575721186231775,199504,199504,11,0,12,12,2018,4,16,3,3,2,6,0,0,1,0,0,0,0,0,793089.464,5833869.1393
197504,13.504322144193974,52.454804549717544,199505,199505,11,0,9,9,2018,4,17,3,3,5,2,0,1,1,0,0,0,0,0,805999.5268,5821170.1958
197505,13.365636869135795,52.473258452621785,199506,199506,11,0,7,7,2018,4,18,4,3,2,6,0,0,1,0,0,0,1,0,796458.6064,5822642.227000001
197506,13.390700283279346,52.495913804126644,199507,199507,11,0,2,2,2018,4,16,2,3,5,2,0,1,1,0,0,0,0,1,798006.375,5825263.603999999
197507,13.260558471663414,52.516684377665094,199508,199508,11,0,4,4,2018,4,17,3,3,6,4,0,1,0,1,0,0,0,0,789041.1943,5827042.5274
197508,13.519475855264506,52.5192043072697,199509,199509,11,0,10,10,2018,4,17,4,3,2,6,0,0,1,0,0,0,0,0,806579.6667,5828392.1162
197509,13.37669883134228,52.49153331285976,199510,199510,11,0,2,2,2018,4,17,3,3,5,2,0,0,1,0,0,0,0,0,797086.1083,5824718.9568
197510,13.414037125565324,52.507875463210404,199511,199511,11,0,1,1,2018,4,17,4,3,2,2,0,1,1,0,0,0,0,0,799508.0637,5826689.7917
197511,13.328479439915426,52.53213321062894,199512,199512,11,0,1,1,2018,4,6,4,3,3,6,0,0,1,0,1,0,0,0,793543.6202,5829034.1134
197512,13.364574428954313,52.41149827014164,199513,199513,11,0,7,7,2018,4,17,4,2,2,6,0,0,1,0,1,0,1,0,796801.8359999999,5815773.3321
197513,13.518242371361348,52.432671503279245,199514,199514,11,0,9,9,2018,4,19,7,2,9,1,0,0,0,0,1,0,0,0,807098.7894,5818769.4085
197514,13.482944800630488,52.5003070317097,199515,199515,11,0,11,11,2018,4,16,3,3,2,6,0,0,1,0,0,1,1,0,804233.5563,5826137.069
197515,13.413155905221071,52.54768282675735,199516,199516,11,0,3,3,2018,4,17,4,3,5,2,0,1,1,0,0,0,0,0,799177.295,5831110.597999999
197516,13.334902137278707,52.5956415216625,199517,199517,11,0,12,12,2018,4,9,3,3,6,6,0,0,1,1,0,0,0,0,793554.0891,5836119.2521
197517,13.528595272652815,52.42268650284423,199518,199518,11,0,9,9,2018,4,17,4,3,1,5,0,1,1,0,0,0,0,0,807871.7507,5817703.7617
197518,13.206593386509034,52.43414710463564,199519,199519,11,0,6,6,2018,4,14,3,3,5,3,0,1,1,0,0,0,0,0,785917.0334,5817653.1958
197519,13.1790172434803,52.53384582468851,199520,199520,11,0,5,5,2018,4,7,3,2,6,4,0,0,1,1,0,0,0,0,783401.3034,5828626.3884
197520,13.3338352279787,52.446111873101145,199521,199521,11,0,6,6,2018,4,7,3,3,2,2,0,0,1,0,1,0,0,0,794481.4288,5819494.6908
197521,13.428676202589363,52.5188815166683,199522,199522,11,0,2,2,2018,4,17,4,3,0,2,0,0,1,0,1,0,0,0,800425.6853,5827973.9806
197522,13.438206744747253,52.500232196606646,199523,199523,11,0,2,2,2018,4,13,2,3,6,2,0,0,1,1,0,0,0,0,801199.5213,5825940.9444
197523,13.559178824335813,52.44661269845311,199524,199524,11,0,9,9,2018,4,8,3,3,2,6,0,0,1,0,0,0,0,0,809781.7354,5820493.8166
197524,13.359840704462357,52.5234593062746,199525,199525,11,0,1,1,2018,4,15,3,3,5,3,0,0,1,0,0,0,0,0,795727.71,5828198.1872
197525,13.519653255465107,52.505851254916934,199526,199526,11,0,11,11,2018,4,8,3,3,0,2,0,1,1,0,0,0,0,0,806684.7809,5826908.7777
197526,13.603044642129273,52.536725104907006,199527,199527,11,0,10,10,2018,4,17,4,3,2,7,0,0,1,0,1,0,0,0,812120.9985,5830698.0565
197527,13.488327697154073,52.500557132799365,199528,199528,11,0,11,11,2018,4,14,2,3,5,2,0,1,0,0,1,0,0,0,804596.9396,5826187.5904
197528,13.404743315535963,52.393597340653294,199529,199529,11,0,7,7,2018,4,16,3,2,5,3,0,1,1,0,0,0,0,0,799653.4739,5813949.5969
197529,13.620159109563739,52.488490271707924,199530,199530,11,0,10,10,2018,4,16,3,3,5,3,0,1,1,0,0,0,0,0,813624.5839,5825411.5668
197530,13.459055060558477,52.52608795169971,199531,199531,11,0,11,11,2018,4,17,4,3,6,2,0,0,1,1,0,0,0,0,802435.8303,5828901.9674
197531,13.273658758860266,52.409925739163064,199532,199532,11,0,6,6,2018,4,14,4,3,0,1,0,0,0,1,1,0,1,0,790632.6713,5815228.7117
197532,13.287419922238591,52.475731183843536,199533,199533,11,0,4,4,2018,4,16,4,2,5,3,0,1,1,0,0,0,0,0,791133.3527,5822598.5355
197533,13.48500872401318,52.54019073206807,199534,199534,11,0,11,11,2018,4,15,7,3,0,1,0,0,0,0,1,0,0,1,804097.6204,5830578.6142
197534,13.432747362965431,52.596174842479094,199535,199535,11,0,3,3,2018,4,16,3,3,5,2,0,0,1,0,0,0,0,0,800172.9548,5836581.8274
197535,13.473552753536573,52.53619320098768,199536,199536,11,0,11,11,2018,4,16,4,3,2,2,0,1,1,0,0,0,0,0,803348.8748,5830086.0348
197536,13.430416559993258,52.499220156984755,199537,199537,11,0,2,2,2018,4,7,3,2,5,2,0,1,1,0,0,0,0,0,800678.0277,5825795.9506
197537,13.267496348350567,52.40812818975286,199538,199538,11,0,6,6,2018,4,16,3,3,2,6,0,0,1,0,0,0,0,0,790225.6058,5815004.1256
197538,13.482622731244929,52.51610232539512,199539,199539,11,0,11,11,2018,4,16,4,3,2,7,0,1,1,0,0,0,0,0,804102.5095,5827891.262999999
197539,13.307778230418515,52.506579935937125,199540,199540,11,0,4,4,2018,4,19,3,3,0,6,0,0,1,0,0,0,1,0,792310.2039,5826109.7478
197540,13.455600815508824,52.45311839511357,199541,199541,11,0,8,8,2018,4,11,3,3,5,2,0,1,1,0,0,0,0,0,802702.9722,5820777.2815
197541,13.531353391629224,52.49269843735455,199542,199542,11,0,11,11,2018,4,11,3,3,5,3,0,1,1,0,0,0,0,0,807570.1856,5825496.7772
197542,13.420899867162115,52.55398163911325,199543,199543,11,0,3,3,2018,4,7,2,3,5,3,0,0,1,0,0,0,1,1,799659.0321,5831842.8669
197543,13.318316796411214,52.518675159306504,199544,199544,11,0,4,4,2018,4,16,3,2,5,2,0,0,1,0,1,0,0,0,792944.4079999999,5827496.9086
197544,13.51234593583759,52.562936327281214,199545,199545,11,0,11,11,2018,4,15,3,3,5,2,0,1,1,0,0,0,0,0,805791.7807,5833222.3306
197545,13.214035010559735,52.531737401369924,199546,199546,11,0,5,5,2018,4,8,4,3,0,1,0,0,1,0,1,0,0,0,785788.6375,5828530.2641
197546,13.280859062187991,52.476927281268786,199547,199547,11,0,4,4,2018,4,18,3,3,5,3,0,1,1,0,0,0,0,0,790680.1655,5822705.0275
197547,13.182349835080895,52.53843528550679,199548,199548,11,0,5,5,2018,4,17,5,3,5,2,0,0,1,0,0,0,0,1,783597.5892,5829149.6396
197548,13.499564595482356,52.52302776588273,199549,199549,11,0,11,11,2018,4,14,2,2,6,4,0,0,1,1,0,0,0,0,805203.1686,5828732.5782
197549,13.402238932898074,52.52965998690282,199550,199550,11,0,1,1,2018,4,14,2,3,1,5,0,0,0,0,1,0,1,0,798560.0031,5829062.1416
197550,13.503453167887022,52.41162026118603,199551,199551,11,0,8,8,2018,4,17,5,3,5,2,0,0,1,0,0,0,0,0,806240.1685,5816366.8938
197551,13.355148580951212,52.501779480482256,199552,199552,11,0,1,1,2018,4,12,2,3,2,6,0,1,1,0,0,0,0,0,795555.2237,5825769.2581
197552,13.345736733191838,52.50006886329929,199553,199553,11,0,7,7,2018,4,16,5,2,5,3,0,1,1,0,0,0,0,0,794928.2855,5825540.5923
197553,13.327411310703257,52.508584480060996,199554,199554,11,0,4,4,2018,4,12,2,2,1,5,0,1,1,0,0,1,0,0,793628.3991,5826412.3184
197554,13.296960476120336,52.573404352781026,199555,199555,11,0,12,12,2018,4,16,5,3,1,5,0,0,1,0,0,0,0,1,791133.5063,5833493.5884
197555,13.40068773823514,52.58042618721272,199556,199556,11,0,3,3,2018,4,10,2,3,5,7,0,0,1,0,0,1,0,0,798110.095,5834698.261
197556,13.378278734365056,52.46694625375615,199557,199557,11,0,7,7,2018,4,10,2,3,2,6,0,0,1,0,0,0,0,0,797359.2488,5821992.6657
197557,13.417348633706212,52.49071403807294,199558,199558,11,0,2,2,2018,4,10,2,3,1,5,0,1,1,0,0,0,0,0,799849.5456,5824796.1188
197558,13.331185630878515,52.50371194445066,199559,199559,11,0,4,4,2018,4,10,2,2,5,2,0,0,1,0,0,0,1,0,793916.9165,5825886.1121
197559,13.345725240146074,52.50668379517291,199560,199560,11,0,1,1,2018,4,16,5,3,6,7,0,0,1,1,0,0,0,1,794883.1762,5826275.7907
197560,13.275215313770511,52.626908210516454,199561,199561,11,0,12,12,2018,4,9,2,3,5,3,0,0,1,0,0,0,0,1,789307.7353,5839353.0502
197561,13.208351808134966,52.56184606539882,199562,199562,11,0,5,5,2018,4,16,5,3,3,6,0,0,0,0,1,1,0,1,785207.8998,5831854.4764
197562,13.379385698645274,52.451455572347115,199563,199563,11,0,7,7,2018,4,15,5,3,6,4,0,0,1,1,0,0,0,1,797538.9464,5820275.475
197563,13.416995469137087,52.56674613936779,199564,199564,11,0,3,3,2018,4,15,5,3,1,5,0,0,1,0,0,0,0,0,799307.5064,5833245.3744
197564,13.14796585548556,52.53276513560854,199565,199565,11,0,5,5,2018,4,8,2,2,5,2,0,0,1,0,1,0,0,1,781303.4218,5828384.6503
197565,13.381693716748572,52.51471966594214,199566,199566,11,0,1,1,2018,4,15,5,2,1,5,0,1,1,0,0,0,0,1,797268.314,5827316.6591
197566,13.435034301202268,52.46099630827116,199567,199567,11,0,8,8,2018,4,15,5,3,5,2,0,1,1,0,0,0,0,1,801252.6068,5821566.7977
197567,13.515886116422243,52.55815137549193,199568,199568,11,0,11,11,2018,4,15,5,3,5,3,1,1,1,0,0,0,0,1,806064.9113,5832705.5476
197568,13.159793414079461,52.5284621957674,199569,199569,11,0,5,5,2018,4,8,2,3,1,5,0,0,1,0,0,0,0,1,782132.7764,5827952.5658
197569,13.375031026372294,52.445157204121905,199570,199570,11,0,7,7,2018,4,15,5,3,0,2,0,0,1,0,1,0,0,1,797285.697,5819557.478999999
197570,13.332771638851964,52.469012496566904,199571,199571,11,0,7,7,2018,4,8,2,3,5,2,0,1,0,0,0,0,1,0,794256.2796,5822035.7438
197571,13.513387915091819,52.46793471651621,199572,199572,11,0,9,9,2018,4,7,2,3,2,3,0,1,1,0,0,1,0,0,806523.7351,5822668.0019
197572,13.312687992366815,52.480474079358366,199573,199573,11,0,4,4,2018,4,14,5,3,5,2,0,0,1,0,0,0,0,0,792816.7902,5823227.9811
197573,13.492584852811374,52.51197483024379,199574,199574,11,0,11,11,2018,4,5,2,3,2,6,1,0,1,0,0,0,0,0,804806.584,5827474.586
197574,13.165364827455328,52.551134601909496,199575,199575,11,0,5,5,2018,4,13,5,3,5,2,0,0,1,0,0,0,0,0,782364.7875,5830494.5669
197575,13.308580726902836,52.6030589544007,199576,199576,11,0,12,12,2018,4,18,2,3,0,1,0,1,0,0,0,0,0,0,791723.1774,5836836.7598
197576,13.342515936030026,52.5241565999767,199577,199577,11,0,1,1,2018,4,12,5,3,0,2,0,1,1,0,0,0,0,1,794548.4889,5828204.7665
197577,13.324713048270848,52.51720972855221,199578,199578,11,0,4,4,2018,4,12,5,2,0,6,0,0,1,0,1,0,0,1,793387.875,5827360.033
197578,13.448411008096885,52.58462517167922,199579,199579,11,0,3,3,2018,4,15,2,3,0,1,0,0,0,0,1,0,0,0,801312.4179,5835363.5274
197579,13.563052876372227,52.57194501048973,199580,199580,11,0,11,11,2018,4,11,5,3,5,3,0,0,1,0,1,0,0,1,809162.7328,5834439.9924
197580,13.526144339774358,52.49325368105472,199581,199581,11,0,11,11,2018,4,12,2,3,0,1,0,1,0,0,0,0,0,0,807212.9318,5825536.2844
197581,13.427918831176706,52.545699709291924,199582,199582,11,0,3,3,2018,4,11,5,3,5,2,0,1,1,0,0,0,0,1,800191.135,5830951.57
197582,13.314105241034374,52.51600767122088,199583,199583,11,0,4,4,2018,4,8,2,3,8,1,0,0,1,0,0,0,0,0,792676.5957,5827183.3122
197583,13.355065666450482,52.51828437475255,199584,199584,11,0,1,1,2018,4,11,2,3,2,6,0,0,1,0,0,0,1,0,795438.7446,5827603.4216
197584,13.398441976974286,52.52653375213982,199585,199585,11,0,1,1,2018,4,10,5,3,0,3,0,1,0,0,0,0,1,1,798323.8375,5828698.9492
197585,13.32660499727727,52.592101004271534,199586,199586,11,0,12,12,2018,4,20,2,3,5,3,2,0,1,0,0,0,1,0,793016.1491,5835691.9365
197586,13.425818919487064,52.46570851241104,199587,199587,11,0,8,8,2018,4,9,5,3,5,7,0,0,1,0,0,0,0,1,800594.8235,5822052.1025
197587,13.335060298260874,52.530493767489126,199588,199588,11,0,1,1,2018,4,17,1,2,0,7,0,0,1,1,0,0,0,0,794000.6547,5828878.7076
197588,13.375023772476402,52.53567426691015,199589,199589,11,0,1,1,2018,4,9,5,3,1,5,0,1,1,0,0,0,0,1,796674.6156,5829618.2506
197589,13.424489144270304,52.49984080452539,199590,199590,11,0,2,2,2018,4,15,1,3,1,5,0,1,1,0,0,0,0,0,800271.7265,5825840.2354
197590,13.37193457491044,52.519401507383186,199591,199591,11,0,1,1,2018,4,9,5,3,0,1,0,0,0,0,1,0,0,1,796574.9864,5827796.847
197591,13.442174960886714,52.46976164295574,199592,199592,11,0,8,8,2018,4,18,1,3,6,4,0,0,1,1,0,0,0,0,801677.3731,5822570.8625
197592,13.379335218716214,52.446352556118185,199593,199593,11,0,7,7,2018,4,8,5,3,2,6,0,0,1,0,0,0,1,1,797569.9559,5819708.0787
197593,13.22171809816557,52.43092861163365,199594,199594,11,0,6,6,2018,4,20,1,3,0,7,1,1,1,0,0,0,0,0,786965.4953,5817355.4632
197594,13.41038857491976,52.55091405545065,199595,199595,11,0,3,3,2018,4,22,1,3,5,3,2,1,1,0,0,0,0,0,798967.7982,5831458.2555
197595,13.329285038282421,52.50537582659405,199596,199596,11,0,4,4,2018,4,8,5,3,6,4,0,0,1,1,0,0,0,0,793776.8966,5826063.307999999
197596,13.409732458012641,52.49039851430068,199597,199597,11,0,2,2,2018,4,17,1,3,1,5,0,1,1,0,0,0,0,0,799334.9702,5824729.4123
197597,13.36601257692698,52.5423612587325,199598,199598,11,0,1,1,2018,4,8,5,3,3,6,0,1,0,0,0,1,0,0,796018.8228,5830324.4517
197598,13.570312179251195,52.542154557119524,199599,199599,11,0,10,10,2018,4,17,1,3,2,6,0,0,1,0,0,0,0,0,809864.4368,5831160.2353
197599,13.262406823632436,52.54132017514142,199600,199600,11,0,5,5,2018,4,8,5,3,5,3,0,1,1,0,0,0,0,1,789004.5494,5829788.2748
197600,13.434256247876803,52.48469042338886,199601,199601,11,0,8,8,2018,4,17,1,3,3,6,0,0,1,0,1,0,0,0,801037.8233,5824197.0479
197601,13.340506356230414,52.445464977283656,199602,199602,11,0,6,6,2018,4,8,5,3,5,3,0,0,1,0,0,0,1,0,794938.8309,5819450.031
197602,13.324296026061456,52.56493423434806,199603,199603,11,0,12,12,2018,4,16,1,3,1,5,0,1,1,0,0,0,0,0,793041.194,5832662.9381
197603,13.4136121900966,52.547643527788885,199604,199604,11,0,3,3,2018,4,7,5,3,5,3,0,0,1,0,0,0,0,1,799208.4792,5831108.1243
197604,13.200629695916588,52.536660706921694,199605,199605,11,0,5,5,2018,4,16,1,3,5,3,0,1,1,0,0,0,0,0,784848.0349,5829024.458
197605,13.337630363017404,52.45946966129243,199606,199606,11,0,6,6,2018,4,14,1,3,5,3,0,1,1,0,0,0,0,0,794649.8903,5820994.8916
197606,13.385590789910767,52.46609880286414,199607,199607,11,0,7,7,2018,4,7,5,3,5,3,0,1,1,0,0,0,0,0,797861.339,5821928.636
197607,13.323220112049045,52.471575069332225,199608,199608,11,0,7,7,2018,4,13,1,3,5,7,0,1,1,0,0,0,0,0,793590.8389,5822281.6602
197608,13.588889414785273,52.51786220755556,199609,199609,11,0,10,10,2018,4,7,5,3,2,6,0,0,1,0,0,0,0,0,811295.2478,5828540.426
197609,13.457780282898344,52.512772657109785,199610,199610,11,0,2,2,2018,4,11,1,3,5,2,0,1,1,0,0,0,0,0,802440.9720000001,5827416.69
197610,13.350518604688064,52.54203619234556,199611,199611,11,0,1,1,2018,4,6,5,3,1,5,0,1,1,0,0,0,0,1,794971.0305,5830224.7988
197611,13.437172420935855,52.45557762389361,199612,199612,11,0,8,8,2018,4,10,1,3,5,3,0,1,1,0,0,0,0,0,801434.8215,5820973.4651
197612,13.496102809974234,52.41739158931493,199613,199613,11,0,8,8,2018,4,0,5,3,0,7,2,0,1,0,0,0,0,0,805700.6292,5816977.1816
197613,13.371440336214174,52.54010612163938,199614,199614,11,0,1,1,2018,4,10,1,3,1,7,0,0,1,0,1,0,0,0,796401.8525,5830096.1024
197614,13.501683126552873,52.56596148035016,199615,199615,11,0,11,11,2018,4,9,1,3,5,3,0,1,1,0,0,0,0,0,805048.5561,5833513.3552
197615,13.377929600536644,52.52898491269127,199616,199616,11,0,1,1,2018,4,12,5,3,0,1,0,0,0,0,1,0,0,1,796916.7416,5828886.7039
197616,13.576879267321667,52.455464944993174,199617,199617,11,0,9,9,2018,4,0,1,3,2,6,2,0,1,0,1,0,0,0,810921.3228,5821553.7921
197617,13.467387943626726,52.596971639106684,199618,199618,11,0,3,3,2018,4,10,5,3,0,1,0,1,0,0,0,0,0,1,802511.9734,5836815.3312
197618,13.416283779751561,52.529113874264965,199619,199619,11,0,3,3,2018,4,12,1,3,5,2,0,1,0,0,1,0,0,0,799515.7545,5829059.7061
197619,13.278037356862507,52.49045514629418,199620,199620,11,0,4,4,2018,4,12,1,2,1,5,0,1,1,0,0,0,0,0,790399.44,5824197.307999999
197620,13.419672424429276,52.49916259839625,199621,199621,11,0,2,2,2018,4,3,4,3,2,6,2,0,1,0,0,1,0,1,799949.6265,5825744.8098
197621,13.422836341165574,52.54480841596593,199622,199622,11,0,3,3,2018,4,14,1,3,2,7,0,0,1,0,0,0,0,0,799852.8288,5830831.3476
197622,13.450357082395787,52.52077808615503,199623,199623,11,0,2,2,2018,4,23,4,3,6,4,2,0,1,1,0,0,0,0,801882.6513,5828275.3437
197623,13.297526829770991,52.5345974724244,199624,199624,11,0,4,4,2018,4,14,1,3,2,6,0,0,1,0,0,0,0,0,791429.2065,5829182.4295
197624,13.354835704025982,52.599769284780855,199625,199625,11,0,12,12,2018,4,13,4,3,5,7,0,1,1,0,0,0,0,0,794875.5276,5836659.4823
197625,13.34368312246856,52.479274785248315,199626,199626,11,0,7,7,2018,4,7,4,2,0,7,0,1,1,0,0,0,0,1,794928.2435,5823220.9482
197626,13.233662345219905,52.43254943463973,199627,199627,11,0,6,6,2018,4,20,4,3,5,3,1,1,1,0,0,0,0,0,787766.4385,5817583.1705
197627,13.331511176744206,52.50486261916214,199628,199628,11,0,4,4,2018,4,17,4,3,1,5,0,0,1,0,0,0,1,0,793931.3113,5826015.3364
197628,13.275677058606336,52.59756359791764,199629,199629,11,0,12,12,2018,4,9,1,3,8,1,0,1,0,0,0,0,0,0,789532.7245,5836093.1657
197629,13.35897809810912,52.4200829149439,199630,199630,11,0,6,6,2018,4,15,4,3,2,2,0,0,1,0,0,0,1,0,796363.823,5816704.509
197630,13.405211962128115,52.53410328941114,199631,199631,11,0,1,1,2018,4,1,1,3,0,1,2,1,0,0,0,0,0,0,798731.3337,5829568.3203
197631,13.604623628870476,52.53690525243901,199632,199632,11,0,10,10,2018,4,16,4,3,2,6,0,0,1,0,0,0,0,0,812226.7255,5830724.9175
197632,13.301995375184335,52.50814832435198,199633,199633,11,0,4,4,2018,4,17,4,3,2,6,0,0,1,0,0,0,1,0,791907.5871,5826260.6505
197633,13.431386900400256,52.492397861313705,199634,199634,11,0,8,8,2018,4,12,7,2,3,6,0,1,0,0,0,0,1,0,800790.4654,5825041.7262
197634,13.428982482287172,52.502415983312346,199635,199635,11,0,2,2,2018,4,17,4,3,6,4,0,0,1,1,0,0,0,0,800558.9246,5826145.1758
197635,13.515465537782646,52.57537048370189,199636,199636,11,0,11,11,2018,4,9,7,2,9,1,0,0,1,0,0,0,0,0,805916.4083,5834617.5472
197636,13.187247951269851,52.5226831987625,199637,199637,11,0,5,5,2018,4,17,4,3,2,7,0,0,1,0,0,0,0,0,784031.3084,5827417.9883
197637,13.24768073848493,52.5380509476101,199638,199638,11,0,5,5,2018,4,18,4,3,5,2,0,0,1,0,0,0,0,0,788027.9767,5829365.9479
197638,13.4249624710851,52.48117909083269,199639,199639,11,0,8,8,2018,4,19,7,3,1,5,1,1,1,0,0,0,0,0,800431.157,5823768.0282
197639,13.39442085904776,52.50111932611257,199640,199640,11,0,2,2,2018,4,18,4,3,5,2,0,1,1,0,0,0,0,0,798223.4959999999,5825857.565
197640,13.27885688720129,52.575716470051525,199641,199641,11,0,12,12,2018,4,19,7,3,2,6,1,0,1,0,0,0,0,0,789892.2563,5833677.5876
197641,13.399543999622145,52.50459442043998,199642,199642,11,0,2,2,2018,4,18,4,3,5,3,0,0,1,0,1,0,0,0,798547.4188,5826265.0113
197642,13.3128050473399,52.48047841897551,199643,199643,11,0,4,4,2018,4,18,7,3,5,2,0,0,1,0,0,0,0,0,792824.7051,5823228.9386