,X,Y,OBJECTID_1,OBJECTID,ULAND,UREGBEZ,UKREIS,UGEMEINDE,UJAHR,UMONAT,USTUNDE,UWOCHENTAG,UKATEGORIE,UART,UTYP1,ULICHTVERH,IstRad,IstPKW,IstFuss,IstKrad,IstGkfz,IstSonstig,STRZUSTAND,LINREFX,LINREFY
197643,13.379721001113278,52.50660749954654,199644,199644,11,0,2,2,2018,4,16,4,3,5,3,0,1,1,0,0,0,0,0,797189.3414,5826406.8757
197644,13.31434371319958,52.49843966297666,199645,199645,11,0,4,4,2018,4,17,7,3,0,1,0,0,0,0,1,0,0,0,792809.6512,5825231.5858
197645,13.150238256286135,52.41478025293081,199646,199646,11,0,6,6,2018,4,15,4,3,0,5,0,1,1,0,0,0,0,0,782212.183,5815278.7413
197646,13.334354030208097,52.505447400623076,199647,199647,11,0,4,4,2018,4,17,7,3,2,6,0,1,1,0,0,0,0,0,794120.2197,5826091.926
197647,13.379707560520007,52.59093649702145,199648,199648,11,0,3,3,2018,4,15,4,3,2,7,0,0,1,0,0,0,0,0,796618.5254,5835779.8536
197648,13.325412882589582,52.6082977538434,199649,199649,11,0,12,12,2018,4,17,7,3,5,3,0,0,1,0,0,0,0,0,792827.2804,5837487.3713
197649,13.261367770191086,52.408514967694245,199650,199650,11,0,6,6,2018,4,17,7,3,5,3,0,1,0,0,1,0,0,0,789806.47,5815022.5021
197650,13.369704314079835,52.55965994510087,199651,199651,11,0,1,1,2018,4,17,7,3,6,4,0,0,1,1,0,0,0,0,796152.3563,5832262.3488
197651,13.354834855118025,52.54409753013601,199652,199652,11,0,1,1,2018,4,15,4,2,5,3,0,1,1,0,0,0,0,0,795249.6806,5830471.5881
197652,13.470390352258143,52.55371749524939,199653,199653,11,0,3,3,2018,4,13,4,3,5,3,0,0,1,0,0,0,0,0,803013.6649,5832020.464
197653,13.461185466458721,52.50086769923161,199654,199654,11,0,2,2,2018,4,17,7,3,5,3,0,0,1,0,0,0,0,0,802753.7866,5826107.8044
197654,13.186277731237132,52.53260969595407,199655,199655,11,0,5,5,2018,4,14,4,3,2,6,0,0,1,0,0,0,0,0,783901.4297,5828517.5523
197655,13.457063515336491,52.473244898667296,199656,199656,11,0,8,8,2018,4,17,7,3,2,7,0,0,1,0,1,0,0,0,802664.0268,5823020.3732
197656,13.41410816613462,52.51361967218977,199657,199657,11,0,1,1,2018,4,14,4,3,0,1,0,0,0,0,1,0,0,1,799473.7759,5827328.5370000005
197657,13.322160594087185,52.60879195787375,199658,199658,11,0,12,12,2018,4,17,7,3,2,6,0,0,1,0,0,0,0,0,792603.9144,5837529.083
197658,13.434783741306589,52.48115121420773,199659,199659,11,0,8,8,2018,4,13,4,3,6,4,0,0,1,1,0,0,0,0,801097.8142,5823805.8816
197659,13.25443148621692,52.561669322436856,199660,199660,11,0,12,12,2018,4,16,7,3,6,4,0,1,0,1,0,0,0,0,788330.4722,5832018.2017
197660,13.591595485374086,52.43233881291742,199661,199661,11,0,9,9,2018,4,12,4,3,5,3,0,0,1,0,0,0,0,0,812084.1263,5819047.0931
197661,13.441577451865358,52.5322528103228,199662,199662,11,0,3,3,2018,4,17,7,3,5,2,0,1,1,0,0,0,0,0,801208.7886,5829513.982999999
197662,13.41478233468738,52.458747575365905,199663,199663,11,0,7,7,2018,4,11,4,2,2,6,0,0,0,0,0,1,1,1,799892.985,5821232.4934
197663,13.460854329478693,52.52963114311461,199664,199664,11,0,11,11,2018,4,16,7,2,2,3,0,0,1,0,0,0,1,0,802533.4185,5829303.3259
197664,13.605114511460847,52.5323643489039,199665,199665,11,0,10,10,2018,4,14,7,3,6,4,0,0,1,1,0,0,0,0,812292.2574,5830222.3715
197665,13.391958713397932,52.5096505199432,199666,199666,11,0,1,1,2018,4,22,4,3,5,3,2,0,1,0,0,0,0,0,797998.707,5826795.6073
197666,13.35826190277412,52.54592684997979,199667,199667,11,0,1,1,2018,4,22,7,3,1,5,2,0,1,0,0,0,0,0,795469.6096,5830688.9599
197667,13.322289419685434,52.50589086633012,199668,199668,11,0,4,4,2018,4,10,4,3,3,6,0,1,0,0,0,0,1,0,793298.9888,5826092.0786
197668,13.342498382949374,52.44695624512863,199669,199669,11,0,6,6,2018,4,20,7,3,6,2,2,0,1,1,0,0,0,0,795064.1444,5819623.9268
197669,13.378794563170896,52.52749427504932,199670,199670,11,0,1,1,2018,4,20,4,3,5,2,2,1,1,0,0,0,0,0,796985.4437,5828724.5851
197670,13.564119577263078,52.5445489451577,199671,199671,11,0,10,10,2018,4,15,7,3,2,6,0,0,1,0,0,0,0,0,809427.9509999999,5831399.7414
197671,13.420815677053676,52.54878432307145,199672,199672,11,0,3,3,2018,4,10,4,3,0,2,0,1,0,0,0,0,1,0,799688.7842,5831264.8517
197672,13.32107215845803,52.593633200948325,199673,199673,11,0,12,12,2018,4,15,7,3,5,3,0,1,1,0,0,0,0,0,792631.4067,5835839.7485
197673,13.429584359815744,52.57185157186451,199674,199674,11,0,3,3,2018,4,10,4,3,5,2,0,0,1,0,0,0,0,0,800125.2121,5833865.1974
197674,13.396046969612165,52.50706128535163,199675,199675,11,0,2,2,2018,4,14,7,3,3,6,0,1,0,0,0,0,0,0,798293.5119,5826524.7244
197675,13.349390512930677,52.54213599756241,199676,199676,11,0,1,1,2018,4,10,4,3,2,2,0,0,1,0,0,0,1,0,794893.913,5830231.276000001
197676,13.478679609542954,52.47755474347301,199677,199677,11,0,9,9,2018,4,18,7,3,5,2,0,1,1,0,0,0,0,0,804101.373,5823590.301
197677,13.376668892290486,52.4882620210483,199678,199678,11,0,2,2,2018,4,14,7,3,2,6,0,0,1,0,0,0,0,0,797106.152,5824355.2358
197678,13.19685719842304,52.51311022825457,199679,199679,11,0,5,5,2018,4,20,4,3,5,2,2,0,1,0,0,0,0,0,784744.7864,5826391.8008
197679,13.366722427461115,52.46208608932368,199680,199680,11,0,7,7,2018,4,13,7,3,5,3,0,1,1,0,0,0,0,0,796607.4843,5821404.8998
197680,13.331072975853647,52.486001589408026,199681,199681,11,0,4,4,2018,4,19,4,3,0,3,1,0,1,0,1,0,0,0,794027.5459,5823917.1497
197681,13.256506139975706,52.4862050707414,199682,199682,11,0,4,4,2018,4,13,7,3,0,3,0,1,0,0,0,0,0,0,788966.4586,5823638.4326
197682,13.462017749281266,52.5589450089114,199683,199683,11,0,3,3,2018,4,10,4,3,5,2,0,0,1,0,0,0,0,0,802410.4532,5832566.3029
197683,13.364150571463938,52.47642594490364,199684,199684,11,0,7,7,2018,4,17,1,3,0,1,0,1,0,0,0,0,0,0,796336.4176,5822988.182
197684,13.500156535847236,52.63559581334889,199685,199685,11,0,3,3,2018,4,7,4,3,0,6,0,1,0,0,0,0,0,1,804461.2569,5841246.3324
197685,13.42418510227589,52.41694658968638,199686,199686,11,0,8,8,2018,4,19,4,3,2,2,0,0,1,0,1,0,0,0,800816.3259999999,5816625.612000001
197686,13.326790181379822,52.44510483283036,199687,199687,11,0,6,6,2018,4,13,7,3,0,1,0,1,0,0,0,0,0,0,794009.6711,5819354.0353
197687,13.525449770481515,52.48162999938,199688,199688,11,0,11,11,2018,4,16,1,2,0,6,0,1,1,0,0,0,0,0,807246.921,5824241.4443
197688,13.247751151131856,52.53809579770445,199689,199689,11,0,5,5,2018,4,18,4,2,5,2,0,0,1,0,0,0,0,0,788032.4551,5829371.2145
197689,13.393901326488054,52.508799122154294,199690,199690,11,0,1,1,2018,4,9,4,3,0,3,0,1,1,0,0,0,0,1,798136.2175,5826709.0068
197690,13.377613226469979,52.407852644842976,199691,199691,11,0,7,7,2018,4,15,1,2,8,1,0,0,1,0,0,0,0,0,797712.6436,5815421.8101
197691,13.476332256009984,52.53308999195567,199692,199692,11,0,11,11,2018,4,20,4,2,5,2,2,0,1,0,0,0,0,0,803558.6826,5829752.8321
197692,13.259845568653938,52.516179332688296,199693,199693,11,0,4,4,2018,4,13,7,3,5,3,0,1,1,0,0,0,0,0,788996.1714,5826983.5327
197693,13.385484817453339,52.47156222623666,199694,199694,11,0,7,7,2018,4,15,1,3,2,6,0,0,1,0,0,0,0,0,797817.2137,5822535.4446
197694,13.41950741379304,52.48756024872321,199695,199695,11,0,2,2,2018,4,19,4,2,6,4,0,0,1,1,0,0,0,0,800017.4987,5824454.5639
197695,13.34822153525146,52.50181388037926,199696,199696,11,0,7,7,2018,4,12,7,3,0,5,0,0,1,0,0,0,1,0,795085.1348,5825744.7144
197696,13.433322680005992,52.519867952918474,199697,199697,11,0,2,2,2018,4,12,7,3,5,3,0,0,1,0,0,0,1,0,800733.9765,5828102.9916
197697,13.370202650890427,52.465982393244495,199698,199698,11,0,7,7,2018,4,9,4,3,2,6,0,0,0,0,0,1,1,1,796817.5139,5821852.279
197698,13.360577844018215,52.576439016905994,199699,199699,11,0,12,12,2018,4,12,7,3,2,6,0,0,1,0,0,0,0,0,795421.2043,5834089.8613
197699,13.260933512904616,52.5176180856815,199700,199700,11,0,4,4,2018,4,13,1,3,2,7,0,1,1,0,0,0,0,0,789060.4893,5827147.815
197700,13.157838207507364,52.54306612050642,199701,199701,11,0,5,5,2018,4,8,4,3,5,2,0,0,1,0,0,0,0,1,781906.5599,5829568.2407
197701,13.367092631274517,52.51750627295301,199702,199702,11,0,1,1,2018,4,12,7,3,0,3,0,1,0,0,0,0,1,0,796259.4596,5827566.2877
197702,13.234886926818593,52.52928018789128,199703,199703,11,0,5,5,2018,4,13,1,2,0,7,0,1,0,0,0,0,0,0,787218.1608,5828340.0016
197703,13.273960085247586,52.57579348473647,199704,199704,11,0,12,12,2018,4,8,4,3,5,3,0,0,1,0,1,0,0,1,789560.1517,5833666.4563
197704,13.406014246610024,52.5540999066791,199705,199705,11,0,3,3,2018,4,13,1,3,2,6,0,0,1,0,1,0,0,0,798649.7667,5831794.2163
197705,13.390757490691572,52.49598029308228,199706,199706,11,0,2,2,2018,4,7,4,3,5,2,0,1,1,0,0,0,0,1,798009.8057,5825271.2305
197706,13.49511799052152,52.50468315218674,199707,199707,11,0,11,11,2018,4,11,7,2,6,4,0,0,1,1,0,0,0,0,805028.9092,5826674.8753
197707,13.613981583102715,52.51655304702499,199708,199708,11,0,10,10,2018,4,7,4,3,2,6,0,0,1,0,0,0,0,1,813005.7801,5828503.5795
197708,13.182416666144789,52.53842560581121,199709,199709,11,0,5,5,2018,4,11,7,3,5,2,0,0,1,0,1,0,0,0,783602.1812,5829148.8266
197709,13.573130939000823,52.444408021198775,199710,199710,11,0,9,9,2018,4,12,1,3,2,6,0,0,1,0,0,0,1,0,810744.7559,5820308.7788
197710,13.436822571150156,52.45689721430645,199711,199711,11,0,8,8,2018,4,7,4,3,5,2,0,1,1,0,0,0,0,1,801402.0438,5821118.6701
197711,13.352863349513425,52.51622245199042,199712,199712,11,0,1,1,2018,4,10,7,3,1,5,0,1,1,0,0,0,1,0,795303.262,5827365.2184
197712,13.301940727970644,52.509623749374846,199713,199713,11,0,4,4,2018,4,12,1,3,2,6,0,0,1,0,0,0,0,0,791894.0925,5826424.4244
197713,13.41839817857179,52.558772435966006,199714,199714,11,0,3,3,2018,4,7,4,3,5,3,0,0,1,0,0,0,0,0,799456.8829,5832364.9493
197714,13.319917366973744,52.47680462614017,199715,199715,11,0,4,4,2018,4,22,7,3,2,6,2,1,1,0,0,0,0,0,793331.8354,5822849.4908
197715,13.421401825081642,52.56246577607727,199716,199716,11,0,3,3,2018,4,11,1,3,5,3,0,1,1,0,0,0,0,0,799635.1471,5832787.9394
197716,13.461161298184312,52.512188640090926,199717,199717,11,0,2,2,2018,4,10,7,3,0,4,0,0,0,1,1,0,0,0,802674.257,5827365.9675
197717,13.517941184212882,52.535528276373284,199718,199718,11,0,10,10,2018,4,5,4,2,2,6,2,0,1,0,0,0,1,1,806361.8411,5830199.8819
197718,13.443535382129388,52.41750033098639,199719,199719,11,0,8,8,2018,4,10,7,3,5,3,0,0,1,0,0,0,0,0,802127.5547,5816767.9637
197719,13.320687021949613,52.456768348963614,199720,199720,11,0,6,6,2018,4,11,1,3,5,2,0,1,1,0,0,0,0,0,793517.502,5820625.5881
197720,13.449522106424046,52.469989730769996,199721,199721,11,0,8,8,2018,4,19,7,3,1,1,0,0,1,0,0,0,0,0,802174.5093,5822626.9628
197721,13.385708282363405,52.52843672859914,199722,199722,11,0,1,1,2018,4,5,4,3,0,1,1,1,0,0,0,0,0,1,797447.7420000001,5828857.842
197722,13.308159541900427,52.556320256018374,199723,199723,11,0,12,12,2018,4,7,7,3,5,2,0,0,1,0,1,0,0,0,792005.4964,5831639.981000001
197723,13.16534495133135,52.46716758481401,199724,199724,11,0,5,5,2018,4,23,7,2,4,6,2,0,1,0,0,0,0,0,782902.7759,5821161.0352
197724,13.392977556542014,52.54536950677685,199725,199725,11,0,1,1,2018,4,20,7,3,5,7,1,0,1,0,1,0,0,0,797825.7446,5830769.9023
197725,13.380585062737307,52.517285667400856,199726,199726,11,0,1,1,2018,4,9,4,3,8,1,0,1,0,0,0,0,0,0,797175.8003,5827597.295
197726,13.38921623588725,52.54716549905111,199727,199727,11,0,1,1,2018,4,19,7,3,5,3,0,1,1,0,0,0,0,0,797558.7095,5830953.9867
197727,13.50021702121197,52.44111000290103,199728,199728,11,0,9,9,2018,4,15,3,3,0,7,0,0,1,0,0,0,1,0,805815.7681,5819630.7422
197728,13.562199832585168,52.43702046895426,199729,199729,11,0,9,9,2018,4,22,7,2,8,1,2,0,0,0,1,0,0,0,810054.3275,5819440.7063
197729,13.295100865565825,52.44455187792385,199730,199730,11,0,6,6,2018,4,19,7,3,5,3,1,0,1,0,0,0,1,0,791861.0542,5819163.9511
197730,13.389766402794807,52.49590831259774,199731,199731,11,0,2,2,2018,4,21,3,3,5,2,2,1,1,0,0,0,0,0,797943.0599,5825259.1351
197731,13.502956236939822,52.418191485630636,199732,199732,11,0,8,8,2018,4,6,7,3,0,7,0,0,1,0,1,0,0,0,806160.8149,5817095.1287
197732,13.454494621084814,52.47466780635774,199733,199733,11,0,8,8,2018,4,18,7,3,6,2,0,0,0,1,0,0,1,0,802479.902,5823167.747
197733,13.40765888852042,52.573910408683005,199734,199734,11,0,3,3,2018,4,7,3,3,5,2,0,1,1,0,0,0,0,0,798626.4212,5834002.9199
197734,13.243091035492592,52.53864144131571,199735,199735,11,0,5,5,2018,4,0,7,2,1,5,2,0,1,0,0,1,0,0,787713.04,5829413.2543
197735,13.306383533057856,52.499794004078254,199736,199736,11,0,4,4,2018,4,17,7,2,2,6,0,0,1,0,0,0,0,0,792260.6740000001,5825349.8331
197736,13.373947155981426,52.59763965917586,199737,199737,11,0,3,3,2018,4,16,7,3,5,2,0,1,1,0,0,0,0,0,796183.329,5836501.197000001
197737,13.378542848940075,52.52924768287818,199738,199738,11,0,1,1,2018,4,16,3,2,0,1,0,1,0,0,0,0,0,0,796956.5369,5828918.4364
197738,13.405555591978784,52.529898484630486,199739,199739,11,0,1,1,2018,4,9,6,3,1,7,0,1,1,0,0,0,0,0,798783.2025,5829102.3919
197739,13.624956584796447,52.45291081750772,199740,199740,11,0,9,9,2018,4,15,7,3,3,6,0,1,1,0,0,0,0,0,814203.7440000001,5821478.2106
197740,13.403178579668415,52.52329134128111,199741,199741,11,0,1,1,2018,4,14,7,3,6,4,0,0,1,1,0,0,0,0,798666.9555,5828358.176
197741,13.345105176224596,52.49133405743312,199742,199742,11,0,7,7,2018,4,17,3,3,5,3,0,0,1,0,0,0,0,0,794943.9670000001,5824567.142000001
197742,13.332218921627314,52.52183030329186,199743,199743,11,0,1,1,2018,4,16,6,3,6,7,0,0,1,1,0,0,0,0,793865.9451,5827904.1787
197743,13.309458188695967,52.62736176153576,199744,199744,11,0,12,12,2018,4,13,7,3,5,3,0,0,1,0,0,0,0,0,791620.8139,5839541.6119
197744,13.437516515215552,52.45527896579522,199745,199745,11,0,8,8,2018,4,17,3,3,2,6,0,0,1,0,0,0,0,0,801460.2276,5820941.7082
197745,13.306677802280312,52.50102153740213,199746,199746,11,0,4,4,2018,4,19,6,3,0,6,0,0,1,0,1,0,0,0,792272.4835,5825487.467
197746,13.425749139254131,52.503313088108214,199747,199747,11,0,2,2,2018,4,13,7,3,5,2,0,1,1,0,0,0,0,0,800333.4946,5826231.4139
197747,13.385827180679465,52.48503473373744,199748,199748,11,0,2,2,2018,4,17,3,3,5,2,0,1,0,0,0,0,1,0,797749.3620000001,5824034.295
197748,13.499637389563086,52.429704848667384,199749,199749,11,0,8,8,2018,4,12,6,2,1,7,0,0,1,0,1,0,0,0,805855.4720000001,5818360.6849
197749,13.309297783722188,52.50655188239718,199750,199750,11,0,4,4,2018,4,20,6,3,5,3,2,0,1,0,0,0,0,0,792413.4512,5826112.7903
197750,13.204545355222,52.536283416910614,199751,199751,11,0,5,5,2018,4,13,7,3,6,7,0,0,1,1,0,0,0,0,785115.8817,5828997.9998
197751,13.613269917073382,52.509869480972796,199752,199752,11,0,10,10,2018,4,16,3,3,2,6,0,1,1,0,0,0,1,0,813005.0894,5827757.6861
197752,13.445920384954205,52.50196535728535,199753,199753,11,0,2,2,2018,4,12,6,3,0,7,0,1,0,0,0,0,0,0,801710.853,5826165.8239
197753,13.372055295908213,52.46982534498086,199754,199754,11,0,7,7,2018,4,12,7,3,5,2,0,0,1,0,0,0,0,0,796917.3822,5822287.039
197754,13.448929998074176,52.427597430276975,199755,199755,11,0,8,8,2018,4,16,3,3,1,7,0,0,1,0,0,0,0,0,802424.9586,5817912.7937
197755,13.499475849118804,52.57205516466807,199756,199756,11,0,11,11,2018,4,18,6,3,1,5,0,1,1,0,0,0,0,0,804856.7422,5834181.2870000005
197756,13.140269592289462,52.45260288286518,199757,199757,11,0,5,5,2018,4,9,7,3,5,3,0,1,1,0,0,0,0,0,781293.3965,5819444.0558
197757,13.406857858984926,52.51859591739785,199758,199758,11,0,1,1,2018,4,15,7,3,2,6,0,0,0,0,1,1,0,0,798948.3097,5827851.5423
197758,13.334596163008074,52.58745849142696,199759,199759,11,0,12,12,2018,4,16,3,3,5,2,0,0,1,0,0,0,0,0,793588.1416,5835208.4572
197759,13.354733871005347,52.41332311743825,199760,199760,11,0,7,7,2018,4,11,6,3,0,3,0,0,1,0,0,0,0,0,796120.7455,5815935.7542
197760,13.294942466530097,52.49613424296956,199761,199761,11,0,4,4,2018,4,16,7,3,1,5,0,0,1,0,1,0,0,0,791508.8198,5824896.743
197761,13.613704769942858,52.53217443117399,199762,199762,11,0,10,10,2018,4,14,7,2,6,4,0,0,1,1,0,0,0,0,812875.8226,5830238.5206
197762,13.432936461926,52.49946445981824,199763,199763,11,0,2,2,2018,4,16,3,3,5,2,0,1,0,0,0,0,1,0,800847.2866,5825833.6136
197763,13.439428153496358,52.48724530185718,199764,199764,11,0,8,8,2018,4,4,6,3,1,5,0,1,1,0,0,0,0,0,801371.27,5824502.61
197764,13.505885025938744,52.45404093088798,199765,199765,11,0,9,9,2018,4,12,6,3,1,5,0,1,1,0,0,0,0,0,806110.947,5821091.9545
197765,13.204750325617018,52.53008681428008,199766,199766,11,0,5,5,2018,4,16,3,3,5,7,0,0,1,0,0,0,1,0,785169.9668,5828310.0275
197766,13.453976086553357,52.46323074534472,199767,199767,11,0,8,8,2018,4,8,6,3,5,3,0,0,1,0,0,1,0,0,802523.2320000001,5821894.402000001
197767,13.603769442426374,52.48594103491271,199768,199768,11,0,10,10,2018,4,15,7,2,6,4,0,0,1,1,0,0,0,0,812530.7436,5825057.0954
197768,13.43258301438756,52.45275133328286,199769,199769,11,0,8,8,2018,4,8,6,3,6,2,0,0,1,1,0,0,0,0,801142.5125,5820640.1726
197769,13.37777609911582,52.442520858007285,199770,199770,11,0,7,7,2018,4,16,3,3,5,2,0,0,1,0,1,0,1,0,797489.9163,5819275.7668
197770,13.422152218381177,52.553917267533656,199771,199771,11,0,3,3,2018,4,9,6,3,5,3,0,0,1,0,0,0,0,0,799744.3146,5831840.9207
197771,13.394181574805545,52.50110431847462,199772,199772,11,0,2,2,2018,4,16,7,2,5,3,0,1,1,0,0,0,0,0,798207.3671,5825854.9074
197772,13.627627736073553,52.52689646703066,199773,199773,11,0,10,10,2018,4,16,3,3,5,3,0,1,1,0,0,0,0,0,813857.1492,5829712.469
197773,13.44944640000516,52.537068450500094,199774,199774,11,0,3,3,2018,4,9,6,3,5,2,0,1,1,0,0,0,0,0,801709.0895,5830082.1315
197774,13.435303137322402,52.4256635896355,199775,199775,11,0,8,8,2018,4,12,7,3,6,4,0,0,1,1,1,0,0,0,801512.3359999999,5817640.8505
197775,13.408261912299288,52.537175271277036,199776,199776,11,0,3,3,2018,4,15,3,3,6,4,0,0,1,1,0,0,0,0,798917.1612,5829922.4069
197776,13.315701474530716,52.567015230416345,199777,199777,11,0,12,12,2018,4,13,7,3,2,2,0,0,1,0,0,0,0,0,792445.2017,5832859.3247
197777,13.293937277778328,52.53412309058624,199778,199778,11,0,4,4,2018,4,15,3,3,0,1,0,0,0,0,1,0,0,1,791189.0487,5829115.1954
197778,13.448676383906527,52.49040089311281,199779,199779,11,0,9,9,2018,4,15,3,3,5,3,0,0,1,0,0,0,0,0,801977.1156,5824892.0229
197779,13.425942508805564,52.47599243846663,199780,199780,11,0,8,8,2018,4,10,6,3,0,7,0,0,1,0,0,0,1,0,800533.0514,5823195.6346
197780,13.451937776834338,52.51070455956503,199781,199781,11,0,2,2,2018,4,12,7,3,5,2,0,0,1,0,0,0,1,0,802058.9916,5827162.3387
197781,13.500002200789876,52.44018290688693,199782,199782,11,0,9,9,2018,4,15,3,2,2,7,0,0,1,0,1,0,0,0,805807.6061,5819526.7918
197782,13.42317830643805,52.48671421058522,199783,199783,11,0,2,2,2018,4,10,6,3,5,7,0,0,1,0,1,0,0,0,800272.338,5824375.806
197783,13.372262452802634,52.55596453310232,199784,199784,11,0,1,1,2018,4,15,3,3,5,2,0,1,1,0,0,0,0,0,796350.578,5831862.1251
197784,13.325385373480632,52.503418006045706,199785,199785,11,0,4,4,2018,4,9,6,3,1,4,0,1,1,1,0,0,0,0,793525.4625,5825829.8164
197785,13.207198898621233,52.538885054611036,199786,199786,11,0,5,5,2018,4,11,7,3,2,6,0,0,1,0,0,0,0,0,785278.8522,5829297.6829
197786,13.468431947683644,52.55814794357261,199787,199787,11,0,3,3,2018,4,14,3,3,2,7,0,0,0,0,1,0,1,1,802850.4376,5832504.6526
197787,13.337291690070426,52.45014791269144,199788,199788,11,0,6,6,2018,4,9,6,3,0,7,0,0,1,0,1,0,0,1,794689.203,5819957.403
197788,13.401407568153765,52.54661178357853,199789,199789,11,0,3,3,2018,4,12,7,2,0,1,0,1,0,0,0,0,0,0,798388.5342,5830942.847999999
197789,13.564135613987528,52.52027361352418,199790,199790,11,0,10,10,2018,4,14,3,3,1,5,0,0,1,0,0,0,0,0,809599.9812,5828701.8269
197790,13.331024908799426,52.49062959650848,199791,199791,11,0,4,4,2018,4,9,7,3,0,1,0,0,0,0,1,0,0,0,793993.3814,5824431.3558
197791,13.394972750720674,52.5034155098252,199792,199792,11,0,2,2,2018,4,14,3,3,4,6,0,0,1,0,0,0,0,0,798245.3682,5826115.0624
197792,13.391519515377427,52.50093218360695,199793,199793,11,0,2,2,2018,4,9,6,2,5,3,0,1,0,0,0,0,0,0,798027.9664,5825824.7701
197793,13.251511327332947,52.42375092183669,199794,199794,11,0,6,6,2018,4,13,3,3,6,4,0,0,0,1,0,1,0,0,789036.7036,5816676.4993
197794,13.446174941454606,52.54491853778097,199795,199795,11,0,3,3,2018,4,13,3,2,5,3,0,0,1,0,1,0,0,0,801433.5208,5830940.946
197795,13.39011800160039,52.50945423395674,199796,199796,11,0,1,1,2018,4,8,6,3,5,3,0,0,1,0,1,0,0,0,797875.2055,5826766.1848
197796,13.40187434984338,52.5289767223086,199797,199797,11,0,1,1,2018,4,12,6,3,5,2,0,1,0,0,0,0,0,0,798539.9295,5828984.6886
197797,13.391723384437904,52.45756346589796,199798,199798,11,0,7,7,2018,4,13,3,2,1,5,0,1,0,0,0,1,0,0,798335.4165,5821005.293
197798,13.436535704045653,52.517704649949906,199799,199799,11,0,2,2,2018,4,9,6,3,5,2,0,1,0,0,0,0,1,0,800966.6222,5827875.9571
197799,13.45043260196511,52.49632167771044,199800,199800,11,0,9,9,2018,4,12,3,2,5,3,0,1,0,0,0,1,0,0,802055.6351,5825557.4446
197800,13.314449057734635,52.454824770922926,199801,199801,11,0,6,6,2018,4,8,6,2,1,5,0,1,1,0,0,0,0,0,793106.8676,5820384.2038
197801,13.34633287497731,52.54770791949718,199802,199802,11,0,1,1,2018,4,11,3,3,2,6,0,0,1,0,0,0,0,0,794649.3393,5830838.0876
197802,13.459053753509734,52.56252038646581,199803,199803,11,0,3,3,2018,4,7,6,3,2,6,0,0,1,0,0,0,0,0,802185.0709,5832951.2539
197803,13.337922839202552,52.53471030500189,199804,199804,11,0,1,1,2018,4,18,6,2,5,7,0,0,1,0,1,0,0,0,794166.4763,5829359.0536
197804,13.385003388733017,52.5310998793818,199805,199805,11,0,1,1,2018,4,10,3,3,1,5,0,1,1,0,0,0,0,0,797381.9439,5829150.9377
197805,13.355636178402603,52.57769868410915,199806,199806,11,0,12,12,2018,4,7,6,3,5,3,0,0,1,0,1,0,0,0,795078.1155,5834209.6203
197806,13.436244301347234,52.47281118797701,199807,199807,11,0,8,8,2018,4,10,3,3,5,2,0,1,0,0,0,0,1,0,801253.964,5822885.022000001
197807,13.53434180001691,52.43141417998939,199808,199808,11,0,9,9,2018,4,6,6,3,5,3,0,1,1,0,0,0,0,0,808201.2422,5818698.2936
197808,13.415661385600213,52.50997889765718,199809,199809,11,0,1,1,2018,4,23,6,3,5,7,2,1,1,0,0,0,0,0,799603.8942,5826930.3294
197809,13.318263731130777,52.58927406102912,199810,199810,11,0,12,12,2018,4,14,6,2,5,2,0,1,1,0,0,0,0,0,792470.3712,5835343.819
197810,13.338344744653828,52.6091321861425,199811,199811,11,0,12,12,2018,4,9,3,3,6,4,0,0,1,1,0,0,0,0,793696.7276,5837632.782000001
197811,13.393431854344131,52.39790593440311,199812,199812,11,0,7,7,2018,4,10,6,3,2,6,0,0,1,0,0,0,0,0,798855.196,5814381.6076
197812,13.371120312292506,52.56410785274377,199813,199813,11,0,12,12,2018,4,13,6,3,2,6,0,0,1,0,1,0,0,0,796218.2698,5832762.5491
197813,13.33908596795093,52.5180548263316,199814,199814,11,0,1,1,2018,4,8,3,3,5,7,0,0,1,0,1,0,0,0,794356.7914,5827512.5478
197814,13.43550627605254,52.49153603674542,199815,199815,11,0,2,2,2018,4,0,6,3,8,1,2,1,0,0,0,0,0,0,801075.8266,5824963.1267
197815,13.340406237195374,52.492314801309576,199816,199816,11,0,7,7,2018,4,23,6,3,5,7,2,0,1,0,1,0,0,0,794618.6,5824656.946
197816,13.355123816195462,52.458985367646925,199817,199817,11,0,7,7,2018,4,13,6,3,1,5,0,1,1,0,0,0,1,0,795840.8594,5821012.642000001
197817,13.277648627093,52.43011814354482,199818,199818,11,0,6,6,2018,4,8,3,3,1,7,0,1,1,0,0,0,0,0,790770.8311,5817489.1894
197818,13.386615636495916,52.549380722073174,199819,199819,11,0,1,1,2018,4,21,6,3,0,2,2,1,1,0,0,0,0,0,797367.5025,5831189.4705
197819,13.420192124973935,52.55327978793419,199820,199820,11,0,3,3,2018,4,12,6,3,3,6,0,1,1,0,0,0,0,0,799615.872,5831761.9155
197820,13.332705429422258,52.455864048124646,199821,199821,11,0,6,6,2018,4,18,6,3,5,2,0,1,1,0,0,0,0,0,794339.5859,5820574.03
197821,13.184857920574384,52.53419388939994,199822,199822,11,0,5,5,2018,4,12,6,3,5,2,0,1,1,0,0,0,0,0,783794.9602,5828688.0542
197822,13.408338412828874,52.452457658622606,199823,199823,11,0,7,7,2018,4,8,3,3,2,6,0,0,1,0,0,0,1,0,799498.2103,5820506.6273