,X,Y,OBJECTID_1,OBJECTID,ULAND,UREGBEZ,UKREIS,UGEMEINDE,UJAHR,UMONAT,USTUNDE,UWOCHENTAG,UKATEGORIE,UART,UTYP1,ULICHTVERH,IstRad,IstPKW,IstFuss,IstKrad,IstGkfz,IstSonstig,STRZUSTAND,LINREFX,LINREFY
197823,13.415327418927056,52.451473790827954,199824,199824,11,0,7,7,2018,4,17,6,3,0,1,0,0,0,0,1,0,0,0,799979.4886,5820426.305
197824,13.388998032409788,52.48979218759799,199825,199825,11,0,2,2,2018,4,11,6,3,6,4,0,0,0,1,0,1,0,0,797932.3256,5824576.1684
197825,13.433173310835485,52.52317416855461,199826,199826,11,0,2,2,2018,4,6,3,3,9,1,0,0,1,0,0,0,0,0,800701.2404,5828469.8415
197826,13.353164326456106,52.441416412917,199827,199827,11,0,6,6,2018,4,16,6,3,0,7,0,0,1,0,0,0,1,0,795825.6738,5819051.8444
197827,13.28642859628827,52.64138653273779,199828,199828,11,0,12,12,2018,4,10,6,3,5,3,0,0,1,0,0,0,0,0,789970.308,5841007.472
197828,13.413246183212173,52.49177517574379,199829,199829,11,0,2,2,2018,4,9,6,2,6,4,0,0,1,1,0,0,0,0,799563.9936,5824897.0126
197829,13.553247693180827,52.43399007234621,199830,199830,11,0,9,9,2018,4,6,3,3,5,3,0,0,1,0,0,0,0,0,809467.5173,5819065.4822
197830,13.348024195146454,52.575795678228715,199831,199831,11,0,12,12,2018,4,16,6,3,5,2,0,1,1,0,0,0,0,0,794575.4642,5833966.9506
197831,13.499894053511115,52.435891533333,199832,199832,11,0,9,9,2018,4,8,6,3,6,7,0,0,1,1,0,0,0,0,805830.0156,5819049.3781
197832,13.47978399475997,52.52306741920522,199833,199833,11,0,11,11,2018,4,8,6,2,5,2,0,1,0,0,0,0,1,0,803861.9008,5828653.4228
197833,13.385250820694877,52.53244205284048,199834,199834,11,0,1,1,2018,4,6,3,3,6,2,0,0,1,1,0,0,0,0,797389.6357,5829301.1385
197834,13.337384206663225,52.52536470759541,199835,199835,11,0,1,1,2018,4,16,6,3,5,2,0,0,1,0,1,0,0,0,794192.4994,5828318.0935
197835,13.327235374756524,52.44849661762327,199836,199836,11,0,6,6,2018,4,16,6,3,2,7,0,0,1,0,0,0,0,0,794017.2919,5819732.8445
197836,13.569136475885438,52.44424797396232,199837,199837,11,0,9,9,2018,4,7,6,3,2,6,0,0,1,0,0,0,1,0,810474.6072,5820273.797
197837,13.401579405087842,52.50609295484522,199838,199838,11,0,2,2,2018,4,13,3,3,6,4,0,1,0,1,0,0,0,0,798675.2962,5826439.9981
197838,13.312734326570835,52.48986107996668,199839,199839,11,0,4,4,2018,4,16,6,2,0,4,0,0,0,1,1,0,0,0,792757.522,5824271.5387
197839,13.613401783468904,52.498590426349686,199840,199840,11,0,10,10,2018,4,5,6,2,5,3,1,1,0,0,0,0,1,0,813094.2861,5826504.7186
197840,13.456730894339627,52.52856167770819,199841,199841,11,0,3,3,2018,4,16,3,3,0,2,0,1,1,0,0,0,0,0,802261.2689,5829167.1618
197841,13.444691728597418,52.511379407923926,199842,199842,11,0,2,2,2018,4,16,6,3,4,6,0,1,1,0,0,0,0,0,801562.9859999999,5827207.0135
197842,13.312201723523732,52.51554424056629,199843,199843,11,0,4,4,2018,4,11,6,3,3,5,0,0,1,0,0,0,1,0,792550.6033,5827124.0766
197843,13.359243799108881,52.48645592817303,199844,199844,11,0,7,7,2018,4,21,6,3,3,6,2,1,1,0,0,0,0,0,795935.9973,5824082.8561
197844,13.280428284974944,52.518494739651786,199845,199845,11,0,4,4,2018,4,20,3,3,2,6,2,0,1,0,0,0,0,0,790376.5825,5827323.5896
197845,13.413842641204624,52.4243121877351,199846,199846,11,0,8,8,2018,4,15,6,2,0,6,0,0,1,0,0,0,1,0,800063.3828,5817401.2244
197846,13.318783084925757,52.47109982086078,199847,199847,11,0,4,4,2018,4,20,3,3,6,7,1,0,1,1,0,0,0,0,793292.8308,5822210.7893
197847,13.349454548437402,52.515087397888784,199848,199848,11,0,1,1,2018,4,15,6,3,0,6,0,0,1,0,1,0,0,0,795079.735,5827225.102000001
197848,13.350687377468708,52.51516039712839,199849,199849,11,0,1,1,2018,4,21,6,3,5,3,2,0,1,0,0,0,0,0,795162.8421,5827238.2619
197849,13.416085559297596,52.48053795791039,199850,199850,11,0,8,8,2018,4,19,6,3,6,4,0,1,0,1,0,0,0,0,799833.137,5823659.8327
197850,13.353138068700344,52.50258977855359,199851,199851,11,0,1,1,2018,4,20,3,3,2,6,1,0,1,0,0,0,0,0,795413.4123,5825851.084
197851,13.429542596239886,52.49821520571918,199852,199852,11,0,2,2,2018,4,14,6,3,5,3,0,0,1,0,0,0,0,0,800625.6097,5825680.6106
197852,13.299739188076305,52.51936314186523,199853,199853,11,0,4,4,2018,4,19,6,3,5,7,0,1,1,0,0,0,0,0,791680.2017,5827498.0602
197853,13.419382467120155,52.51844074245171,199854,199854,11,0,1,1,2018,4,19,6,3,0,5,0,0,1,0,1,0,0,0,799798.5619,5827886.3028
197854,13.322504149377687,52.50879801881229,199855,199855,11,0,4,4,2018,4,18,3,2,6,4,0,0,1,1,0,0,0,0,793294.1737,5826416.0828
197855,13.38365660391635,52.41124461056242,199856,199856,11,0,7,7,2018,4,15,6,3,2,6,0,0,1,0,0,0,0,0,798100.5348,5815823.7528
197856,13.33168653866743,52.44682194064102,199857,199857,11,0,6,6,2018,4,15,6,2,5,2,0,1,0,0,0,0,0,0,794330.7590000001,5819564.848999999
197857,13.514530946730705,52.46232799152322,199858,199858,11,0,9,9,2018,4,19,3,2,0,1,0,1,0,0,0,0,0,0,806640.338,5822049.7141
197858,13.3849522665085,52.55054193892735,199859,199859,11,0,1,1,2018,4,14,6,3,3,6,0,0,1,0,1,0,0,0,797246.9435,5831311.6755
197859,13.306112199621232,52.4657625098174,199860,199860,11,0,6,6,2018,4,17,6,3,4,6,0,1,0,0,0,0,0,0,792468.1826,5821566.1092
197860,13.498835264981265,52.51029350238974,199861,199861,11,0,11,11,2018,4,17,3,1,6,4,0,0,0,1,0,0,1,0,805242.093,5827314.1605
197861,13.57049219354928,52.543325591885186,199862,199862,11,0,10,10,2018,4,14,6,3,3,6,0,1,0,0,0,0,1,0,809868.3759999999,5831291.159
197862,13.43162463684524,52.550777382346936,199863,199863,11,0,3,3,2018,4,17,6,3,0,2,0,0,1,0,1,0,0,0,800407.5165,5831531.3773
197863,13.403784210358227,52.55148467893528,199864,199864,11,0,3,3,2018,4,19,2,3,5,2,0,1,1,0,0,0,0,0,798516.46,5831494.3006
197864,13.346726879654176,52.54025488447782,199865,199865,11,0,1,1,2018,4,16,6,3,5,2,0,1,0,0,0,0,1,0,794726.0215,5830011.2963
197865,13.56170603855493,52.50452411087198,199866,199866,11,0,10,10,2018,4,8,2,3,2,6,0,0,1,0,0,0,0,0,809546.0829,5826940.9811
197866,13.37104369588026,52.59083941956394,199867,199867,11,0,3,3,2018,4,21,2,3,5,3,2,1,1,0,0,0,0,0,796032.7142,5835733.4202
197867,13.305929812872474,52.52460470625272,199868,199868,11,0,4,4,2018,4,14,6,3,5,3,0,1,1,0,0,0,0,0,792065.1352,5828105.7276
197868,13.345359640198494,52.528524807229566,199869,199869,11,0,1,1,2018,4,16,6,3,0,7,0,1,0,0,0,0,0,0,794711.9982,5828701.9129
197869,13.29081970512752,52.49719960368309,199870,199870,11,0,4,4,2018,4,19,2,3,2,6,0,0,1,0,0,0,0,0,791222.0848,5824998.5038
197870,13.44731837643702,52.46556084943792,199871,199871,11,0,8,8,2018,4,14,6,3,5,3,0,0,1,0,0,0,0,0,802055.2890000001,5822125.4858
197871,13.328506233067086,52.522211045632275,199872,199872,11,0,4,4,2018,4,19,2,3,6,2,0,0,1,1,0,0,0,0,793611.6864,5827931.3718
197872,13.384810697409625,52.550626435290106,199873,199873,11,0,1,1,2018,4,15,6,3,5,2,0,1,1,0,0,0,0,0,797236.78,5831320.4832
197873,13.329599819636098,52.50351903368446,199874,199874,11,0,4,4,2018,4,18,2,3,2,6,0,0,1,0,0,0,0,0,793810.6436,5825858.2079
197874,13.41800716977638,52.51649763652333,199875,199875,11,0,1,1,2018,4,13,6,3,5,3,0,0,1,0,0,0,0,0,799718.555,5827664.615
197875,13.433561242901034,52.44523513127071,199876,199876,11,0,8,8,2018,4,13,6,3,5,3,0,1,1,0,0,0,0,0,801260.2899,5819808.8633
197876,13.371500888952525,52.46939343275081,199877,199877,11,0,7,7,2018,4,18,2,3,5,2,0,1,1,0,0,0,0,0,796882.6602,5822236.7512
197877,13.418065470438304,52.5153735923277,199878,199878,11,0,1,1,2018,4,12,6,3,0,2,0,1,1,0,1,0,0,0,799730.1678,5827539.9236
197878,13.315447522596529,52.44888968481121,199879,199879,11,0,6,6,2018,4,16,6,2,5,7,0,0,1,0,1,0,0,0,793214.1348,5819728.5745
197879,13.5973947528285,52.502266172514155,199880,199880,11,0,10,10,2018,4,18,2,3,5,3,0,1,1,0,0,0,0,0,811982.4940000001,5826843.853999999
197880,13.379321280456253,52.49222038031746,199881,199881,11,0,2,2,2018,4,12,6,3,3,6,0,1,0,0,0,0,0,0,797259.3884,5824806.1284
197881,13.640822774871655,52.527997445494684,199882,199882,11,0,10,10,2018,4,16,6,2,5,3,0,1,1,0,0,0,0,0,814743.6764,5829892.3687
197882,13.311360159307675,52.56979007221799,199883,199883,11,0,12,12,2018,4,18,2,3,5,3,0,0,1,0,0,0,0,0,792132.7022,5833150.1405
197883,13.426181890065838,52.499369502935146,199884,199884,11,0,2,2,2018,4,22,6,3,5,7,2,0,1,0,0,0,0,0,800389.7636,5825794.9018
197884,13.258195238611188,52.43536667731232,199885,199885,11,0,6,6,2018,4,18,2,3,5,2,0,1,1,0,0,0,0,0,789414.6956,5817994.395
197885,13.49812514046098,52.42693893585665,199886,199886,11,0,8,8,2018,4,12,6,3,0,6,0,1,1,0,0,0,0,0,805771.9016,5818046.8663
197886,13.473835623138056,52.4252779097525,199887,199887,11,0,8,8,2018,4,17,2,3,0,2,0,0,1,0,1,0,0,0,804133.0722,5817759.6355
197887,13.509919561102354,52.503497210802394,199888,199888,11,0,11,11,2018,4,11,6,3,5,3,0,0,1,0,0,0,0,0,806041.0216,5826605.7853
197888,13.421321326150709,52.51456793286047,199889,199889,11,0,1,1,2018,4,15,6,3,3,6,0,0,1,0,0,0,0,0,799956.4314,5827463.9177
197889,13.416599748678033,52.51096990538095,199890,199890,11,0,1,1,2018,4,16,2,3,5,3,0,1,1,0,0,0,0,0,799660.7792,5827044.3761
197890,13.434460274142443,52.48459002207406,199891,199891,11,0,8,8,2018,4,12,6,3,3,6,0,0,1,0,0,0,0,0,801052.3537,5824186.7403
197891,13.436608270852616,52.50377445722182,199892,199892,11,0,2,2,2018,4,16,2,3,2,6,0,0,1,0,0,0,0,0,801066.8615,5826327.9765
197892,13.33832567252202,52.46724535371673,199893,199893,11,0,7,7,2018,4,11,6,3,2,6,0,0,1,0,0,0,0,0,794645.1070000001,5821861.994
197893,13.291581539370489,52.45804687638299,199894,199894,11,0,6,6,2018,4,15,6,3,2,6,0,0,1,0,1,0,0,0,791532.7799,5820649.7074
197894,13.621985536351636,52.446679392243034,199895,199895,11,0,9,9,2018,4,15,6,3,1,7,0,0,1,0,0,0,0,0,814046.4034,5820772.7276
197895,13.41982033922731,52.48751774787056,199896,199896,11,0,2,2,2018,4,15,2,3,6,7,0,1,0,1,0,0,0,0,800039.0203,5824451.1418
197896,13.307125094121533,52.41770236104095,199897,199897,11,0,6,6,2018,4,21,6,2,0,1,2,1,0,0,0,0,0,0,792855.8846,5816228.3145
197897,13.350572413773568,52.51233182598237,199898,199898,11,0,1,1,2018,4,16,6,3,6,4,0,0,1,1,0,0,0,1,795174.0259,5826923.3977
197898,13.416234890738856,52.52178180504803,199899,199899,11,0,1,1,2018,4,20,6,3,0,1,2,1,0,0,0,0,0,0,799562.39,5828244.567000001
197899,13.314387761191226,52.50946827647839,199900,199900,11,0,4,4,2018,4,8,6,3,2,6,0,0,1,0,0,0,1,0,792739.2651,5826457.6012
197900,13.490743850858006,52.515253250210364,199901,199901,11,0,11,11,2018,4,15,2,3,6,4,0,0,1,1,0,0,0,0,804659.0366,5827831.1804
197901,13.416492754836106,52.487819695801846,199902,199902,11,0,2,2,2018,4,18,6,3,0,1,0,0,0,0,1,0,0,0,799811.1876,5824470.8648
197902,13.425872966626134,52.4189200225219,199903,199903,11,0,8,8,2018,4,9,5,3,0,4,0,0,0,1,0,0,1,1,800917.5775,5816851.9847
197903,13.376800665261214,52.46155275072488,199904,199904,11,0,7,7,2018,4,12,5,2,2,6,0,0,1,0,0,0,0,1,797295.2976,5821387.0985
197904,13.30597858869744,52.52563770171922,199905,199905,11,0,4,4,2018,4,15,2,3,5,2,0,1,1,0,0,0,0,0,792061.5809,5828220.7437
197905,13.645680787571358,52.346531571188144,199906,199906,11,0,9,9,2018,4,14,6,2,9,1,0,0,1,0,0,0,0,0,816372.046,5809746.024
197906,13.353370444898045,52.53673766124095,199907,199907,11,0,1,1,2018,4,15,2,2,5,2,0,1,1,0,0,0,0,0,795199.8797,5829647.5455
197907,13.387546110568895,52.52386690517022,199908,199908,11,0,1,1,2018,4,17,5,3,3,2,0,1,1,0,0,0,0,0,797603.2531,5828357.5005
197908,13.348561032851839,52.53583072188199,199909,199909,11,0,1,1,2018,4,18,5,3,5,3,0,0,1,0,1,0,0,1,794880.0039,5829527.0541
197909,13.257515334315329,52.421196169319295,199910,199910,11,0,6,6,2018,4,15,2,3,5,3,0,0,1,0,0,0,0,0,789461.4437,5816416.5879
197910,13.441535135825585,52.501302373604496,199911,199911,11,0,2,2,2018,4,16,5,2,5,3,0,1,1,0,0,0,0,0,801417.9555,5826073.7972
197911,13.497816787451502,52.613735244316686,199912,199912,11,0,3,3,2018,4,5,5,3,5,3,0,0,1,0,0,0,0,0,804454.9302,5838806.7608
197912,13.384150548863532,52.53087237179308,199913,199913,11,0,1,1,2018,4,15,2,3,6,6,0,1,0,1,0,0,0,0,797325.6742,5829122.1327
197913,13.302526875998604,52.44488798584776,199914,199914,11,0,6,6,2018,4,8,5,3,0,3,0,1,0,0,0,0,1,0,792363.1945,5819231.366
197914,13.418794424545279,52.50141675397559,199915,199915,11,0,2,2,2018,4,21,5,2,2,7,2,1,1,0,0,0,0,0,799874.7099,5825991.6997
197915,13.393429641793613,52.5260419202999,199916,199916,11,0,1,1,2018,4,20,5,3,1,1,2,0,1,0,0,0,0,0,797987.3835,5828623.5526
197916,13.417873230967514,52.53616308671646,199917,199917,11,0,3,3,2018,4,8,5,3,6,4,0,1,0,1,0,0,0,0,799575.4515,5829849.8088
197917,13.403221941347175,52.50573161941825,199918,199918,11,0,2,2,2018,4,18,5,3,5,3,0,0,1,0,1,0,0,1,798789.1494,5826406.6414
197918,13.185011114771367,52.53797379288304,199919,199919,11,0,5,5,2018,4,18,5,3,5,3,0,0,1,0,0,0,0,1,783780.9415,5829108.8151
197919,13.56976602691463,52.54076739667906,199920,199920,11,0,10,10,2018,4,22,5,2,5,2,2,0,1,0,0,0,0,0,809837.21,5831003.717
197920,13.346129300564249,52.50105667449457,199921,199921,11,0,7,7,2018,5,16,2,3,5,2,0,0,1,0,1,0,0,0,794948.2941,5825651.9924
197921,13.452961569695661,52.4930743083451,199922,199922,11,0,9,9,2018,5,16,2,3,6,4,0,0,1,1,0,0,0,0,802249.4869,5825207.1110000005
197922,13.315442774101934,52.577834586622544,199923,199923,11,0,12,12,2018,5,9,6,3,5,2,0,0,1,0,0,0,1,0,792355.6142,5834060.8579
197923,13.467512797773145,52.50268371247813,199924,199924,11,0,2,2,2018,5,14,2,3,6,4,0,0,0,1,1,0,0,0,803170.4469,5826336.2285
197924,13.469725416589885,52.520402354703435,199925,199925,11,0,2,2,2018,5,9,6,3,5,2,0,1,1,0,0,0,0,0,803198.368,5828314.8645
197925,13.409275582045654,52.54127850370469,199926,199926,11,0,3,3,2018,5,14,2,3,1,5,0,0,1,0,1,0,0,0,798957.9469,5830382.6739
197926,13.425364231816136,52.479167701101474,199927,199927,11,0,8,8,2018,5,21,6,3,6,4,2,0,1,1,0,0,0,0,800472.1429,5823546.1435
197927,13.354323017527022,52.536783405497815,199928,199928,11,0,1,1,2018,5,8,6,3,5,2,0,0,1,0,1,0,0,0,795264.1334,5829656.5315
197928,13.37559557261262,52.434152947816685,199929,199929,11,0,7,7,2018,5,14,2,3,0,6,0,1,1,0,0,0,0,0,797398.2279,5818336.707
197929,13.377215023965777,52.46364248502949,199930,199930,11,0,7,7,2018,5,23,6,2,1,5,2,1,1,0,0,0,0,0,797309.3306,5821621.0753
197930,13.418449403204212,52.55428641805667,199931,199931,11,0,3,3,2018,5,8,6,3,5,3,0,0,1,0,0,0,0,0,799490.9419,5831866.555
197931,13.575240897448607,52.446812717650154,199932,199932,11,0,9,9,2018,5,14,2,3,1,5,0,1,1,0,0,0,0,0,810871.0942,5820585.1249
197932,13.437995693656113,52.48128833274036,199933,199933,11,0,8,8,2018,5,13,2,3,0,5,0,1,0,0,0,0,1,0,801314.8372,5823834.5344
197933,13.296926618617267,52.54801101036404,199934,199934,11,0,4,4,2018,5,13,2,3,5,2,0,0,1,0,0,0,0,0,791299.6003,5830670.9385
197934,13.398518568233747,52.44002644699678,199935,199935,11,0,7,7,2018,5,7,6,3,5,3,0,0,1,0,0,1,0,0,798915.6552,5819084.2253
197935,13.363608651989002,52.56246947196265,199936,199936,11,0,12,12,2018,5,14,2,3,6,4,0,0,1,1,1,0,0,0,795720.5179,5832549.5902
197936,13.418255370696118,52.53662886688101,199937,199937,11,0,3,3,2018,5,7,6,3,5,3,0,1,1,0,0,0,0,0,799598.1759,5829903.1671
197937,13.414037429195911,52.507875857972365,199938,199938,11,0,1,1,2018,5,7,6,2,5,2,0,1,0,0,0,1,0,0,799508.0816,5826689.8368
197938,13.298457797917374,52.57828336462126,199939,199939,11,0,12,12,2018,5,14,2,2,5,2,0,0,1,0,1,0,0,0,791202.5334,5834041.9506
197939,13.55776665204792,52.525162712068386,199940,199940,11,0,10,10,2018,5,7,6,3,1,5,0,1,1,0,0,0,0,0,809133.816,5829217.8724
197940,13.330838936874384,52.50053231606698,199941,199941,11,0,4,4,2018,5,16,5,3,5,2,0,0,1,0,1,0,0,0,793914.6359,5825531.2837
197941,13.559040296932476,52.441809679633465,199942,199942,11,0,9,9,2018,5,15,2,2,6,4,0,0,1,1,0,0,0,0,809806.0723,5819959.4118
197942,13.275420584202832,52.512846489538624,199943,199943,11,0,4,4,2018,5,16,5,3,5,3,0,0,1,0,1,0,0,0,790074.2772,5826675.6188
197943,13.443113549441641,52.4372961213296,199944,199944,11,0,8,8,2018,5,15,2,3,5,7,0,0,1,0,0,0,0,0,801963.3859999999,5818966.4013
197944,13.341800072173353,52.49452169300346,199945,199945,11,0,7,7,2018,5,16,2,3,0,7,0,0,1,0,0,0,0,0,794698.3899,5824907.9353
197945,13.331962637666662,52.44257042988831,199946,199946,11,0,6,6,2018,5,13,2,3,2,6,0,0,1,0,0,0,0,0,794377.8887,5819093.4222
197946,13.283836147311533,52.41900913365668,199947,199947,11,0,6,6,2018,5,15,5,3,6,7,0,0,1,1,0,0,0,0,791264.5288,5816279.3527
197947,13.543798591388295,52.56810909144314,199948,199948,11,0,11,11,2018,5,16,2,3,2,6,0,0,1,0,1,0,0,0,807885.8119,5833931.2016
197948,13.53953307331398,52.42150661566095,199949,199949,11,0,9,9,2018,5,7,5,3,5,3,0,1,1,0,0,0,0,0,808623.197,5817619.336
197949,13.45861651561316,52.527116011071996,199950,199950,11,0,11,11,2018,5,18,5,3,5,3,0,0,1,0,0,0,0,0,802399.0305,5829014.3914
197950,13.39332909516049,52.53930447478361,199951,199951,11,0,1,1,2018,5,7,2,3,0,3,0,0,0,0,1,1,0,0,797890.6776,5830097.24
197951,13.466337707956713,52.51180629813637,199952,199952,11,0,2,2,2018,5,23,2,3,5,3,2,0,1,0,1,0,0,0,803027.9072,5827345.2155
197952,13.410521665718994,52.50335615660462,199953,199953,11,0,2,2,2018,5,19,5,3,5,3,1,1,1,0,0,0,0,0,799300.3894,5826172.8885
197953,13.405409837628994,52.488832004394105,199954,199954,11,0,2,2,2018,5,19,2,2,5,2,0,1,0,0,0,0,0,0,799052.339,5824537.368
197954,13.581207824671027,52.548541889996635,199955,199955,11,0,10,10,2018,5,19,5,3,2,6,0,0,1,0,0,0,0,0,810557.5888,5831917.0304
197955,13.373733348858956,52.563188316845924,199956,199956,11,0,12,12,2018,5,20,2,3,5,3,1,1,1,0,0,0,0,0,796401.4648,5832671.0894
197956,13.343190318381795,52.52885190116854,199957,199957,11,0,1,1,2018,5,10,2,3,3,2,0,0,1,0,0,0,1,0,794562.752,5828729.403
197957,13.339921875475662,52.49231546476636,199958,199958,11,0,7,7,2018,5,19,5,3,2,7,0,1,0,0,0,0,1,0,794585.7343,5824655.0413
197958,13.326571532337999,52.487158333514394,199959,199959,11,0,4,4,2018,5,20,2,3,5,2,1,1,1,0,0,0,0,0,793714.3871,5824027.3821
197959,13.446556789230714,52.47860303751739,199960,199960,11,0,8,8,2018,5,20,2,3,6,7,0,0,1,1,0,0,0,0,801914.1932,5823571.874
197960,13.465742480656186,52.5515243114811,199961,199961,11,0,3,3,2018,5,7,5,3,0,6,0,1,0,0,0,0,1,0,802713.9026,5831757.1681
197961,13.426168742323348,52.499259102271566,199962,199962,11,0,2,2,2018,5,20,5,3,5,3,1,1,0,0,0,0,1,0,800389.6253,5825782.5764
197962,13.538742479507167,52.43156313670233,199963,199963,11,0,9,9,2018,5,17,2,3,6,2,0,0,1,1,0,0,0,0,808499.1556,5818733.6501
197963,13.241168498850731,52.60187390006223,199964,199964,11,0,12,12,2018,5,16,5,3,4,1,0,0,1,0,0,0,0,0,787168.8367,5836434.1169
197964,13.319131182996653,52.56626957186774,199965,199965,11,0,12,12,2018,5,16,5,3,0,5,0,1,0,0,0,0,1,0,792682.4646,5832790.3698
197965,13.595094514135567,52.528785981105784,199966,199966,11,0,10,10,2018,5,18,2,3,1,5,0,0,0,0,0,1,1,0,811638.5090000001,5829781.3036
197966,13.322650458886347,52.48808723706722,199967,199967,11,0,4,4,2018,5,18,2,3,5,7,0,1,1,0,0,0,0,0,793442.1409,5824114.6704
197967,13.34798399374088,52.53118638593693,199968,199968,11,0,1,1,2018,5,18,5,3,3,6,0,1,1,0,0,0,0,0,794872.0466,5829008.477999999
197968,13.233746423937236,52.527376177346824,199969,199969,11,0,5,5,2018,5,0,2,3,8,1,2,0,1,0,0,0,0,0,787153.2807,5828123.8205
197969,13.305559448260592,52.499688517503216,199970,199970,11,0,4,4,2018,5,17,5,3,5,7,0,0,1,0,0,0,1,0,792205.4736,5825334.7689
197970,13.323098207970029,52.490851502022856,199971,199971,11,0,4,4,2018,5,18,2,3,5,2,0,1,0,0,1,0,0,0,793454.0968,5824423.7404
197971,13.150372432250235,52.55396696467796,199972,199972,11,0,5,5,2018,5,16,5,3,2,6,0,0,1,0,0,0,0,0,781330.7996,5830750.776000001
197972,13.428325743745894,52.473073477171056,199973,199973,11,0,8,8,2018,5,19,5,3,2,6,0,0,1,0,0,0,0,0,800714.7221,5822881.1357
197973,13.19568137917463,52.52948992413484,199974,199974,11,0,5,5,2018,5,18,2,3,0,2,0,0,1,0,0,0,1,0,784559.0525,5828207.8465
197974,13.602229494670794,52.53604609640447,199975,199975,11,0,10,10,2018,5,18,5,2,5,2,0,0,1,0,1,0,0,0,812070.5782,5830619.0619
197975,13.285869104868071,52.595056352927415,199976,199976,11,0,12,12,2018,5,18,5,2,5,3,0,0,1,0,0,0,0,0,790239.1442,5835855.4984
197976,13.394355478763075,52.51327738097135,199977,199977,11,0,1,1,2018,5,18,2,3,1,5,0,0,1,0,1,0,0,0,798136.6664,5827208.6321
197977,13.461850511721424,52.55878211117496,199978,199978,11,0,3,3,2018,5,17,5,3,2,6,0,0,1,0,0,0,0,0,802400.2465,5832547.4957
197978,13.627189230654142,52.46361357655679,199979,199979,11,0,9,9,2018,5,16,5,2,5,3,0,1,1,0,0,0,0,0,814279.002,5822677.418
197979,13.522051189538438,52.402379153467464,199980,199980,11,0,9,9,2018,5,7,2,3,5,2,0,1,1,0,0,0,0,0,807568.547,5815418.8751
197980,13.150144342813082,52.55401016923396,199981,199981,11,0,5,5,2018,5,7,2,2,5,7,0,0,1,0,1,0,0,0,781315.0691,5830754.6882
197981,13.445876875951752,52.54463738044088,199982,199982,11,0,3,3,2018,5,15,5,2,5,3,0,1,1,0,0,0,0,0,801415.2525,5830908.4499
197982,13.560646570898745,52.459805279898326,199983,199983,11,0,9,9,2018,5,8,2,3,5,7,0,0,1,0,0,0,0,0,809788.6795,5821966.3494
197983,13.208019036221119,52.54765618752217,199984,199984,11,0,5,5,2018,5,22,5,3,8,1,2,0,1,0,0,0,0,0,785277.4943,5830275.8834
197984,13.387643070229075,52.53335707034083,199985,199985,11,0,1,1,2018,5,7,2,3,0,2,0,1,1,0,0,0,0,0,797545.5918,5829412.7129999995
197985,13.440392240730626,52.556076226634616,199986,199986,11,0,3,3,2018,5,4,5,3,6,7,2,1,0,1,0,0,0,0,800965.2273,5832156.908
197986,13.572633250773876,52.550093850396344,199987,199987,11,0,10,10,2018,5,7,5,2,5,3,0,0,1,0,0,0,0,0,809965.6947,5832052.5965
197987,13.466539752538853,52.550512630903455,199988,199988,11,0,3,3,2018,5,7,2,3,0,7,0,0,1,0,1,0,0,1,802774.8908,5831648.0743
197988,13.347103616016335,52.50103623063146,199989,199989,11,0,7,7,2018,5,7,5,3,5,2,0,1,1,0,0,0,0,0,795014.5197,5825653.7054
197989,13.301933271055468,52.48831311299101,199990,199990,11,0,4,4,2018,5,8,2,3,2,6,0,1,0,0,0,0,0,0,792034.9482,5824055.6958
197990,13.438710691536816,52.4652831436985,199991,199991,11,0,8,8,2018,5,9,2,3,5,3,0,0,1,0,0,0,0,0,801472.8706,5822058.6165
197991,13.36858341603124,52.5106011794694,199992,199992,11,0,1,1,2018,5,7,2,3,5,3,0,1,1,0,0,0,0,0,796407.0668,5826804.9233
197992,13.386310802187404,52.54973548454228,199993,199993,11,0,1,1,2018,5,9,5,3,2,7,0,0,1,0,1,0,1,0,797344.4472,5831227.6439
197993,13.515323055097088,52.4938506112562,199994,199994,11,0,11,11,2018,5,9,5,3,5,2,0,1,1,0,0,0,0,0,806474.6741,5825556.5846
197994,13.166467761893172,52.51928487964686,199995,199995,11,0,5,5,2018,5,8,2,2,2,6,0,0,0,0,1,0,1,0,782644.2231,5826958.5884
197995,13.416186169711116,52.4879901239191,199996,199996,11,0,2,2,2018,5,9,2,3,2,6,0,0,1,0,0,0,1,0,799789.2255,5824488.5329
197996,13.300651738962726,52.519221996461496,199997,199997,11,0,4,4,2018,5,9,2,3,2,6,0,0,1,0,0,0,0,0,791743.0121,5827486.0638
197997,13.33125070214273,52.41996475763733,199998,199998,11,0,6,6,2018,5,10,5,3,5,3,0,1,1,0,0,0,0,0,794480.3714,5816577.9135
197998,13.329886951743612,52.4643579788677,199999,199999,11,0,6,6,2018,5,9,2,3,5,2,0,1,1,0,0,0,0,0,794091.5279,5821506.6343
197999,13.307784754882436,52.466818817746976,200000,200000,11,0,6,6,2018,5,11,5,3,6,4,0,1,0,1,0,0,0,0,792574.7127,5821690.2994
198000,13.401793693707287,52.52907356951018,200001,200001,11,0,1,1,2018,5,12,5,2,0,1,0,1,0,0,0,0,0,0,798533.8045,5828995.1189
198001,13.411287351039624,52.50432588981063,200002,200002,11,0,2,2,2018,5,12,5,3,4,6,0,0,1,0,0,0,0,0,799345.7256,5826283.8496
198002,13.398539411843267,52.59242725288925,200003,200003,11,0,3,3,2018,5,10,2,3,5,3,0,0,1,0,0,0,0,0,797883.1435,5836023.2668