,X,Y,OBJECTID_1,OBJECTID,ULAND,UREGBEZ,UKREIS,UGEMEINDE,UJAHR,UMONAT,USTUNDE,UWOCHENTAG,UKATEGORIE,UART,UTYP1,ULICHTVERH,IstRad,IstPKW,IstFuss,IstKrad,IstGkfz,IstSonstig,STRZUSTAND,LINREFX,LINREFY
198183,13.317434590615113,52.493451550039175,200184,200184,11,0,4,4,2018,4,10,2,3,1,5,0,1,1,0,0,0,0,0,793052.5287,5824689.7088
198184,13.391853985107153,52.509568408865775,200185,200185,11,0,1,1,2018,5,9,3,3,5,3,0,0,1,0,0,0,0,0,797992.1609,5826786.0479999995
198185,13.348099809937198,52.502332342357775,200186,200186,11,0,7,7,2018,5,11,7,3,2,6,0,0,1,0,0,0,0,0,795073.4019,5825801.842999999
198186,13.366523594356131,52.41757356894679,200187,200187,11,0,7,7,2018,5,8,3,3,6,2,0,0,1,1,0,0,0,0,796893.4585,5816456.6028
198187,13.499794666603039,52.5456800455401,200188,200188,11,0,11,11,2018,5,8,3,3,1,5,0,0,1,0,0,0,1,0,805061.5019,5831251.2071
198188,13.163032401227436,52.54900084508506,200189,200189,11,0,5,5,2018,5,12,7,3,1,5,0,1,1,0,0,0,0,0,782220.4534,5830248.2507
198189,13.496503036382766,52.53399598357463,200190,200190,11,0,11,11,2018,4,10,2,3,5,3,0,1,1,0,0,0,0,0,804919.5305,5829938.6682
198190,13.427847989135067,52.5503407796844,200191,200191,11,0,3,3,2018,5,8,3,3,5,3,0,1,0,0,0,0,1,0,800154.6246,5831467.1137
198191,13.346433226676,52.49721907038954,200192,200192,11,0,7,7,2018,4,10,2,3,1,5,0,1,1,0,0,0,0,0,794994.6299,5825226.6885
198192,13.439628581110988,52.50059837258768,200193,200193,11,0,2,2,2018,5,8,3,3,2,6,0,1,0,0,0,0,0,0,801293.4573,5825987.583
198193,13.337998437823586,52.4511217629834,200194,200194,11,0,6,6,2018,5,12,7,3,3,6,0,0,1,0,1,0,0,0,794730.688,5820068.532000001
198194,13.579422064616034,52.443573324467856,200195,200195,11,0,9,9,2018,5,8,3,2,6,4,0,0,0,1,0,0,1,0,811177.8944,5820243.1215
198195,13.242677041504011,52.433671044068575,200196,200196,11,0,6,6,2018,5,12,7,3,5,3,0,0,1,0,0,0,0,0,788371.558,5817743.815
198196,13.619893075288957,52.53915530877997,200197,200197,11,0,10,10,2018,4,8,2,3,6,4,0,0,1,1,0,0,0,0,813245.4791,5831041.2484
198197,13.207700613995641,52.52861525204439,200198,200198,11,0,5,5,2018,5,8,3,3,2,6,0,0,1,0,0,0,0,0,785379.5153,5828158.1303
198198,13.405426098932251,52.53433194033777,200199,200199,11,0,1,1,2018,5,4,7,2,0,1,2,1,0,0,0,0,0,0,798744.2935,5829594.6217
198199,13.516949869042357,52.46178598278694,200200,200200,11,0,9,9,2018,5,11,3,3,6,4,0,0,1,1,0,0,0,0,806808.324,5821999.757999999
198200,13.291681889272585,52.63329308555268,200201,200201,11,0,12,12,2018,5,16,6,3,6,2,0,0,1,1,0,0,0,0,790379.1678,5840129.0394
198201,13.398118659828825,52.49825659590914,200202,200202,11,0,2,2,2018,4,22,2,3,3,6,2,0,1,0,1,0,1,0,798493.7313,5825554.6789
198202,13.198203680507454,52.53303258482243,200203,200203,11,0,5,5,2018,4,0,2,3,6,2,2,0,1,1,0,0,0,0,784707.0981,5828611.59
198203,13.278045475836075,52.51838282912082,200204,200204,11,0,4,4,2018,5,9,3,3,5,7,0,0,1,0,0,0,1,0,790215.7536,5827301.5569
198204,13.146638503923436,52.41399770572569,200205,200205,11,0,6,6,2018,5,20,6,3,1,5,0,1,1,0,0,0,0,0,781972.5105,5815177.6936
198205,13.442386052402055,52.465776819140856,200206,200206,11,0,8,8,2018,4,14,2,3,5,2,0,0,1,0,0,0,0,0,801718.9878,5822128.8507
198206,13.441928985992249,52.47377630029617,200207,200207,11,0,8,8,2018,5,11,3,3,1,7,0,0,1,0,0,0,1,0,801633.1877,5823016.0445
198207,13.476769104936016,52.53696076396595,200208,200208,11,0,11,11,2018,5,21,6,3,0,3,1,1,0,0,0,0,0,0,803561.5561,5830184.8869
198208,13.196575478665107,52.56291294591645,200209,200209,11,0,5,5,2018,5,19,6,3,5,3,1,1,0,0,0,0,0,0,784403.2607,5831926.524
198209,13.297962007830586,52.57819891988239,200210,200210,11,0,12,12,2018,4,19,2,2,5,2,0,1,0,0,0,1,0,0,791169.5225,5834030.5605
198210,13.3915727764906,52.42275307508203,200211,200211,11,0,7,7,2018,5,12,3,3,1,5,0,1,1,0,0,0,0,0,798560.7372,5817135.5968
198211,13.411086575776984,52.39416805334761,200212,200212,11,0,7,7,2018,5,7,6,3,5,2,0,1,1,0,0,0,0,0,800080.9093,5814039.3689
198212,13.271683574654586,52.54124100467735,200213,200213,11,0,5,5,2018,4,19,2,3,1,5,0,0,0,0,1,0,1,0,789633.76,5829816.71
198213,13.36834630661033,52.525812023822574,200214,200214,11,0,1,1,2018,5,15,6,3,5,7,0,1,1,0,0,0,0,0,796288.5,5828494.6127
198214,13.298061480976946,52.47348832639752,200215,200215,11,0,4,4,2018,4,20,2,2,6,4,0,0,1,1,0,0,0,0,791870.4670000001,5822392.2374
198215,13.304441527228875,52.48825948294183,200216,200216,11,0,4,4,2018,5,12,3,3,5,2,0,0,1,0,1,0,0,0,792205.493,5824059.892999999
198216,13.527297120829008,52.56838723022996,200217,200217,11,0,11,11,2018,5,17,6,3,5,3,0,1,1,0,0,0,0,0,806766.3471,5833891.7206
198217,13.27205055980435,52.453562801345136,200218,200218,11,0,6,6,2018,4,18,2,3,5,2,0,1,1,0,0,0,0,0,790236.1716,5820072.5673
198218,13.282076553384126,52.583301506032115,200219,200219,11,0,12,12,2018,5,12,3,3,5,3,0,0,1,0,0,0,0,0,790060.1461,5834533.6424
198219,13.563950973365722,52.55647051772421,200220,200220,11,0,10,10,2018,5,17,6,3,5,3,0,0,1,0,0,0,0,0,809332.5596,5832723.9939
198220,13.660045945807388,52.41325410743208,200221,200221,11,0,9,9,2018,4,17,2,2,5,2,0,1,1,0,0,0,0,0,816871.002,5817224.302
198221,13.356415385164874,52.56895806000758,200222,200222,11,0,12,12,2018,4,17,2,2,5,2,0,1,1,0,0,0,0,0,795189.6517,5833241.2961
198222,13.418274813832127,52.55422784358522,200223,200223,11,0,3,3,2018,5,12,3,3,5,3,0,1,1,0,0,0,0,0,799479.5134,5831859.319
198223,13.18294897364618,52.512695662980775,200224,200224,11,0,5,5,2018,5,16,6,3,2,2,0,0,1,0,0,0,0,0,783804.2640000001,5826290.8914
198224,13.317465095605511,52.50121892630146,200225,200225,11,0,4,4,2018,4,17,2,3,3,6,0,0,1,0,0,0,1,0,793002.8890000001,5825553.1796
198225,13.428596706178322,52.583079662278024,200226,200226,11,0,3,3,2018,4,17,2,2,0,2,0,1,1,0,0,0,0,0,799981.5696,5835109.0487
198226,13.52225266997857,52.40242552591421,200227,200227,11,0,9,9,2018,5,13,3,3,5,3,0,1,1,0,0,0,0,0,807581.9205,5815424.8873
198227,13.298824344689288,52.52383695734578,200228,200228,11,0,4,4,2018,5,16,6,2,6,4,0,0,1,1,0,0,0,0,791588.5079999999,5827991.63
198228,13.424558733162119,52.54695640333835,200229,200229,11,0,3,3,2018,5,16,6,3,6,4,0,0,1,1,0,0,0,0,799954.8755,5831077.2567
198229,13.38759181505392,52.52431623650341,200230,200230,11,0,1,1,2018,4,17,2,3,3,6,0,1,0,0,0,0,0,0,797603.3105,5828407.6314
198230,13.596747290290851,52.53645597667453,200231,200231,11,0,10,10,2018,5,13,3,3,5,3,0,1,1,0,0,0,0,0,811696.1391,5830640.8914
198231,13.302342212020571,52.51884545417518,200232,200232,11,0,4,4,2018,5,14,6,3,5,2,0,0,1,0,1,0,0,0,791860.1312,5827451.0523
198232,13.313396618497205,52.42315605021347,200233,200233,11,0,6,6,2018,4,16,2,3,2,2,0,1,1,0,0,0,0,0,793245.8651,5816859.9493
198233,13.315310466633607,52.44582889622478,200234,200234,11,0,6,6,2018,5,14,3,3,2,6,0,0,1,0,0,0,0,0,793225.1795,5819387.8108
198234,13.41537891754566,52.52271245212741,200235,200235,11,0,1,1,2018,5,14,6,3,5,3,0,0,1,0,0,0,1,0,799498.0190000001,5828344.449
198235,13.265155285719544,52.44197791166288,200236,200236,11,0,6,6,2018,4,16,2,2,2,7,0,0,1,0,0,0,0,0,789844.0773,5818757.1749
198236,13.374099557864294,52.55394747285612,200237,200237,11,0,1,1,2018,4,16,2,3,2,6,0,0,1,0,0,0,0,0,796488.6483,5831645.4881
198237,13.55308266278166,52.40350429497764,200238,200238,11,0,9,9,2018,5,14,3,2,2,7,0,0,1,0,0,0,1,0,809670.1348,5815676.5671
198238,13.591805952560312,52.44702663743275,200239,200239,11,0,9,9,2018,5,14,6,3,5,3,0,0,1,0,1,0,0,0,811994.495,5820680.3961
198239,13.492236014528675,52.41379441379817,200240,200240,11,0,8,8,2018,5,14,3,3,5,7,0,0,1,0,0,0,0,0,805462.7468,5816561.012999999
198240,13.476959878356276,52.522984159703185,200241,200241,11,0,11,11,2018,5,14,6,3,5,3,0,1,1,0,0,0,0,0,803671.0188,5828632.2687
198241,13.352851857365987,52.50398163806805,200242,200242,11,0,1,1,2018,4,16,2,3,5,3,0,1,1,0,0,0,0,0,795384.6563,5826004.6155
198242,13.559135013499406,52.44840554088633,200243,200243,11,0,9,9,2018,4,15,2,3,2,6,0,0,1,0,0,0,0,0,809766.1635,5820692.886
198243,13.288575884227665,52.51892176572754,200244,200244,11,0,4,4,2018,5,15,3,3,5,3,0,0,1,0,0,0,1,0,790926.208,5827403.8984
198244,13.33038603595252,52.5003776580895,200245,200245,11,0,4,4,2018,5,14,6,3,3,6,0,1,1,0,0,0,0,0,793884.9475,5825512.2478
198245,13.358633864590542,52.59681663253652,200246,200246,11,0,12,12,2018,4,15,2,3,2,6,0,0,1,0,0,0,0,0,795152.4503,5836346.8538
198246,13.528858596710355,52.55652996687496,200247,200247,11,0,10,10,2018,4,15,2,3,5,7,0,0,1,0,0,0,0,0,806954.9775,5832580.5238
198247,13.328024024609087,52.56391688190834,200248,200248,11,0,12,12,2018,5,15,3,3,6,4,0,0,1,1,0,0,0,0,793300.4959999999,5832565.0267
198248,13.389503229654215,52.447790053213225,200249,200249,11,0,7,7,2018,5,14,6,3,0,7,0,0,0,0,0,0,1,0,798250.7871,5819909.8277
198249,13.391111258030245,52.515757970180246,200250,200250,11,0,1,1,2018,5,11,6,3,5,2,0,1,1,0,0,0,0,0,797899.8732,5827470.9341
198250,13.418328537577707,52.49994409016886,200251,200251,11,0,2,2,2018,5,15,3,3,2,5,0,1,1,0,0,0,1,0,799853.1434,5825826.081
198251,13.38594911260626,52.51454989082714,200252,200252,11,0,1,1,2018,5,17,6,3,3,6,0,1,1,0,0,0,0,0,797558.0156,5827315.3423
198252,13.319875417446617,52.525829374779285,200253,200253,11,0,1,1,2018,4,15,2,3,2,6,0,0,1,0,0,0,0,0,793002.4191,5828298.4371
198253,13.32714762821791,52.42814863537514,200254,200254,11,0,6,6,2018,5,16,3,2,0,6,0,0,1,0,0,0,1,0,794146.9906,5817470.8183
198254,13.496117739075933,52.52645208032097,200255,200255,11,0,11,11,2018,5,15,6,2,5,2,0,1,1,0,0,0,0,0,804945.7444,5829098.5812
198255,13.372851408964154,52.53833141826261,200256,200256,11,0,1,1,2018,4,14,2,3,5,7,0,1,1,0,0,0,0,0,796509.4539,5829904.6503
198256,13.509215763416595,52.546516900150024,200257,200257,11,0,11,11,2018,5,16,3,3,5,2,0,1,1,0,0,0,0,0,805694.0334,5831384.1403
198257,13.267272558250356,52.40966320198915,200258,200258,11,0,6,6,2018,4,14,2,3,6,4,0,0,1,1,0,0,0,0,790200.3056,5815173.8451
198258,13.370832494770438,52.51782182687911,200259,200259,11,0,1,1,2018,5,17,3,3,0,2,0,1,1,0,0,0,0,0,796510.913,5827616.735
198259,13.504952311467473,52.41232886265289,200260,200260,11,0,8,8,2018,5,16,3,2,5,3,0,1,1,0,0,0,0,0,806337.1411,5816452.0098
198260,13.36817598064257,52.52403382293888,200261,200261,11,0,1,1,2018,5,19,6,2,6,2,0,0,1,1,0,0,0,0,796288.935,5828296.267999999
198261,13.35080683543516,52.486382741215884,200262,200262,11,0,7,7,2018,4,14,2,3,1,5,0,1,1,0,0,0,0,0,795364.0138,5824040.1393
198262,13.370351935619306,52.51693646885706,200263,200263,11,0,1,1,2018,5,17,3,3,0,1,0,0,0,0,0,0,1,0,796484.297,5827516.3525
198263,13.435441725811176,52.4911169458126,200264,200264,11,0,8,8,2018,5,13,6,3,3,6,0,0,1,0,1,0,0,0,801074.3135,5824916.2771
198264,13.368246100438704,52.55008081282432,200265,200265,11,0,1,1,2018,5,22,3,3,5,5,2,0,1,0,0,0,0,0,796118.1498,5831191.6467
198265,13.58640868928038,52.45149207992392,200266,200266,11,0,9,9,2018,4,14,2,2,5,2,0,0,1,0,1,0,0,0,811596.4118,5821153.3595
198266,13.552364904378074,52.5666011634894,200267,200267,11,0,10,10,2018,5,16,2,3,5,3,0,0,1,0,0,0,0,0,808476.5377,5833800.2525
198267,13.186747158465266,52.42620400689122,200268,200268,11,0,6,6,2018,5,13,6,3,5,2,0,1,1,0,0,0,0,0,784619.957,5816691.862000001
198268,13.33480210717685,52.42096117901264,200269,200269,11,0,6,6,2018,5,13,6,3,5,3,0,0,1,0,1,0,0,0,794715.0587,5816703.1569
198269,13.21557863691642,52.538099481983174,200270,200270,11,0,5,5,2018,5,7,2,3,5,2,0,1,1,0,0,0,0,0,785851.9013,5829243.5587
198270,13.310920682809437,52.61301976278789,200271,200271,11,0,12,12,2018,5,12,6,3,5,3,0,1,1,0,0,0,0,0,791815.2220000001,5837953.3999
198271,13.513032037610564,52.44773761278057,200272,200272,11,0,9,9,2018,4,13,2,2,5,3,0,0,1,0,0,0,0,0,806640.0665,5820421.7339
198272,13.624819354560385,52.45172552459106,200273,200273,11,0,9,9,2018,5,10,2,3,0,2,0,1,1,0,0,0,0,0,814202.8751,5821345.882
198273,13.436147253652177,52.49796710001557,200274,200274,11,0,2,2,2018,5,12,6,3,5,3,0,1,0,0,0,0,0,0,801075.3214,5825680.5883
198274,13.472115163417705,52.41797171036146,200275,200275,11,0,8,8,2018,4,14,2,3,0,1,0,1,0,0,0,0,0,0,804066.51,5816940.348999999
198275,13.390121087313387,52.51305270097288,200276,200276,11,0,1,1,2018,5,20,2,3,5,3,1,0,1,0,0,0,0,0,797851.0503,5827166.1589
198276,13.301131132998927,52.491583207526105,200277,200277,11,0,4,4,2018,4,13,2,3,0,4,0,0,1,1,0,0,0,0,791958.8369,5824415.9226
198277,13.416251259839965,52.49968730565353,200278,200278,11,0,2,2,2018,5,17,2,2,5,7,0,1,1,0,0,0,0,0,799713.9887,5825788.9048
198278,13.40581736105258,52.489514865581704,200279,200279,11,0,2,2,2018,5,11,6,3,5,2,0,1,1,0,0,0,0,0,799075.3501,5824614.9557
198279,13.544211802944266,52.42802518427465,200280,200280,11,0,9,9,2018,5,16,2,3,2,7,0,0,1,0,1,0,0,0,808895.4763,5818363.8308
198280,13.642975926114907,52.455949139960545,200281,200281,11,0,9,9,2018,5,11,6,3,5,2,0,0,1,0,0,0,1,0,815405.4821,5821894.5082
198281,13.476156234723327,52.53283929018246,200282,200282,11,0,11,11,2018,4,13,2,3,6,2,0,0,0,1,0,0,1,0,803548.4835,5829724.2267
198282,13.387454469833493,52.53350064298317,200283,200283,11,0,1,1,2018,5,8,2,3,5,2,0,1,1,0,0,0,0,0,797531.8367,5829427.8923
198283,13.352133534820394,52.55383265625321,200284,200284,11,0,1,1,2018,5,11,6,3,5,7,0,0,1,0,0,0,0,0,795001.2522,5831542.5798
198284,13.314287530765078,52.57668523946949,200285,200285,11,0,12,12,2018,5,0,2,3,5,3,2,0,1,0,0,1,0,0,792285.0435,5833928.4192
198285,13.467266483315475,52.59698330406896,200286,200286,11,0,3,3,2018,5,11,6,3,5,3,0,0,1,0,0,0,0,0,802503.6726,5836816.1175
198286,13.563673471198056,52.54858686102077,200287,200287,11,0,10,10,2018,4,13,2,3,6,4,0,0,1,1,0,0,0,0,809369.2867,5831846.6042
198287,13.424297705198429,52.485834256373366,200288,200288,11,0,8,8,2018,4,12,2,3,1,5,0,1,1,0,0,0,1,0,800354.2929,5824282.6633
198288,13.446178061303561,52.59074613089673,200289,200289,11,0,3,3,2018,5,17,2,3,4,6,0,1,0,0,0,0,0,0,801119.2320000001,5836034.5098
198289,13.373722419056902,52.55069322657546,200290,200290,11,0,1,1,2018,5,14,6,3,5,3,0,1,1,0,0,0,0,0,796485.0612,5831282.2314
198290,13.350007581869033,52.54510107507379,200291,200291,11,0,1,1,2018,4,12,2,3,5,3,0,1,1,0,0,0,0,0,794915.8293,5830563.3678
198291,13.34291574112868,52.60083810441906,200292,200292,11,0,12,12,2018,5,20,6,3,1,5,0,0,0,0,1,0,1,0,794061.6406,5836729.5447
198292,13.56047671295324,52.525116798299656,200293,200293,11,0,10,10,2018,4,12,2,3,3,6,0,1,1,0,0,0,0,0,809317.8497,5829224.3954
198293,13.40042565654762,52.51004101880153,200294,200294,11,0,1,1,2018,5,17,2,3,5,3,0,1,1,0,0,0,0,0,798570.2537,5826874.0364
198294,13.406046031699722,52.51916427821103,200295,200295,11,0,1,1,2018,5,20,6,3,5,7,0,0,1,0,1,0,0,0,798889.4033,5827911.347999999
198295,13.327530841433274,52.50306933325004,200296,200296,11,0,4,4,2018,4,12,2,3,0,7,0,1,0,0,0,0,1,0,793673.3112,5825799.7962
198296,13.342923374113653,52.525266653641424,200297,200297,11,0,1,1,2018,4,12,2,3,0,2,0,1,0,0,0,0,1,0,794568.6749,5828329.8133
198297,13.290220332101955,52.49719827144802,200298,200298,11,0,4,4,2018,5,17,2,3,5,3,0,1,1,0,0,0,0,0,791181.4333,5824995.9357
198298,13.282109270925107,52.59400860045489,200299,200299,11,0,12,12,2018,5,10,6,3,5,2,0,1,1,0,0,0,0,0,789991.5798,5835723.8944
198299,13.720469431866016,52.438483862716616,200300,200300,11,0,9,9,2018,5,17,2,3,5,7,0,0,1,0,1,0,0,0,820793.7635,5820295.147999999
198300,13.294751076865563,52.57597296641225,200301,200301,11,0,12,12,2018,5,20,6,2,6,4,1,0,1,1,0,0,0,0,790966.8582,5833770.1692
198301,13.411046696866569,52.55411479080553,200302,200302,11,0,3,3,2018,4,12,2,3,5,2,0,1,1,0,0,0,0,0,798990.6002,5831816.7388
198302,13.429335850773873,52.5516813233705,200303,200303,11,0,3,3,2018,5,16,2,3,3,6,0,1,0,0,0,1,0,0,800246.2684,5831622.3085
198303,13.392169282992091,52.50681565834303,200304,200304,11,0,2,2,2018,5,20,6,3,6,4,0,1,0,1,0,0,0,0,798032.1896,5826481.3895
198304,13.360213746053786,52.47530845248448,200305,200305,11,0,7,7,2018,4,10,2,3,2,6,0,0,1,0,1,0,0,0,796076.7424,5822847.8096
198305,13.39036477599544,52.50765574208556,200306,200306,11,0,1,1,2018,5,16,2,3,5,2,0,1,1,0,0,0,0,0,797904.1184,5826567.3061
198306,13.587138355751385,52.42571547952846,200307,200307,11,0,9,9,2018,5,10,6,3,1,5,0,1,1,0,0,0,0,0,811828.1596,5818291.7159
198307,13.395685085096586,52.49851289932469,200308,200308,11,0,2,2,2018,4,19,1,3,2,6,0,0,1,0,0,0,0,0,798326.9151,5825573.0964
198308,13.388882428215885,52.49939849182692,200309,200309,11,0,2,2,2018,4,18,1,2,0,1,0,0,1,0,1,0,0,0,797859.4728,5825643.4087
198309,13.449946716702655,52.55100676085976,200310,200310,11,0,3,3,2018,5,9,6,3,4,6,0,1,1,0,0,0,0,0,801647.2924,5831633.4079
198310,13.495944112697835,52.506090666007736,200311,200311,11,0,11,11,2018,4,18,1,2,6,7,0,0,1,1,0,0,0,0,805075.1786,5826834.8064
198311,13.545377005902646,52.42553933071299,200312,200312,11,0,9,9,2018,4,18,1,3,2,6,0,0,1,0,0,0,0,0,808992.047,5818092.538
198312,13.156206995410507,52.546856015824964,200313,200313,11,0,5,5,2018,5,7,5,3,5,3,0,1,1,0,0,0,0,0,781771.7109999999,5829983.1354
198313,13.15745504908922,52.53985078523526,200314,200314,11,0,5,5,2018,5,10,2,2,5,3,0,0,1,0,1,0,0,0,781901.2156,5829209.336
198314,13.477826605281761,52.51413450653568,200315,200315,11,0,11,11,2018,5,7,5,3,5,2,0,1,1,0,0,0,0,0,803790.9027,5827652.3315
198315,13.131069560985855,52.463383332665394,200316,200316,11,0,5,5,2018,5,10,2,2,5,2,0,0,1,0,1,0,0,0,780599.9920000001,5820606.5604
198316,13.311025668018384,52.472266711280575,200317,200317,11,0,4,4,2018,5,7,5,3,5,3,0,1,1,0,0,0,0,0,792758.5205,5822308.982000001
198317,13.521940743470905,52.52589556653652,200318,200318,11,0,10,10,2018,5,7,2,2,5,2,0,0,0,0,0,0,1,0,806700.1065,5829146.2854
198318,13.332860891865346,52.486009469429206,200319,200319,11,0,4,4,2018,5,11,2,3,1,5,0,0,1,0,1,0,0,0,794148.8112,5823925.3152
198319,13.418423222703572,52.45196433802685,200320,200320,11,0,8,8,2018,5,6,5,3,2,6,0,0,1,0,1,0,0,0,800186.3712,5820493.7016
198320,13.491461302936075,52.62234428497806,200321,200321,11,0,3,3,2018,5,11,2,3,4,6,0,0,1,0,0,0,0,0,803965.2387,5839736.7531
198321,13.587510385839785,52.549534782632065,200322,200322,11,0,10,10,2018,5,7,2,2,2,6,0,0,1,0,0,0,0,0,810977.568,5832054.562000001
198322,13.519443017349277,52.52233311174259,200323,200323,11,0,10,10,2018,5,6,2,2,3,6,0,0,1,0,0,1,0,0,806555.6274,5828739.7202
198323,13.451836399259602,52.5084062781638,200324,200324,11,0,2,2,2018,5,6,5,3,5,5,0,0,1,0,0,0,0,0,802067.897,5826906.4709
198324,13.368191765838732,52.56386095560352,200325,200325,11,0,12,12,2018,5,19,2,3,5,3,0,0,1,0,0,0,0,0,796021.5759,5832723.0714
198325,13.389641905279571,52.51194820050264,200326,200326,11,0,1,1,2018,5,4,5,3,1,1,2,1,0,0,0,1,0,0,797826.0340000001,5827041.4168
198326,13.406717546629126,52.498472086333045,200327,200327,11,0,2,2,2018,5,19,2,3,5,2,1,1,1,0,0,0,0,0,799075.5619,5825614.2564
198327,13.395644579162095,52.424434799049976,200328,200328,11,0,7,7,2018,5,12,5,3,5,3,0,0,1,0,1,0,0,0,798826.0313,5817339.3631
198328,13.475150135978167,52.505320826856526,200329,200329,11,0,11,11,2018,5,20,5,3,0,3,0,0,1,0,1,0,0,0,803670.2512,5826661.4665
198329,13.289439207436544,52.50939853839813,200330,200330,11,0,4,4,2018,5,19,2,3,9,1,0,0,1,0,1,0,0,0,791047.7453,5826348.8603
198330,13.519480248026245,52.52853138933312,200331,200331,11,0,10,10,2018,5,13,5,3,2,6,0,0,1,0,0,0,0,0,806514.9362,5829428.7718
198331,13.426590901997844,52.499278425333436,200332,200332,11,0,2,2,2018,5,18,2,2,5,2,0,0,1,0,0,0,1,0,800418.1292,5825786.4827
198332,13.200386506697823,52.53651257065218,200333,200333,11,0,5,5,2018,5,13,5,3,5,2,0,0,1,0,0,0,1,0,784832.5116,5829007.031
198333,13.440864061070695,52.50479738924882,200334,200334,11,0,2,2,2018,5,11,5,3,5,2,0,0,1,0,0,1,0,0,801348.5022,5826459.4482
198334,13.435320504451784,52.46017540504552,200335,200335,11,0,8,8,2018,5,18,2,3,5,2,0,0,1,0,1,0,0,0,801277.6490000001,5821476.753
198335,13.459001441915794,52.52618000123781,200336,200336,11,0,11,11,2018,5,11,5,3,2,2,0,0,1,0,0,0,0,0,802431.5624,5828911.9733
198336,13.170671088702033,52.510153779427135,200337,200337,11,0,5,5,2018,5,7,5,3,5,2,0,1,1,0,0,0,0,0,782987.9670000001,5825960.096
198337,13.323931206749856,52.49556970144676,200338,200338,11,0,4,4,2018,5,18,2,3,5,2,1,1,1,0,0,0,0,0,793479.1578,5824951.5582
198338,13.498203185194544,52.56382441674009,200339,200339,11,0,11,11,2018,5,5,5,2,5,3,1,1,1,0,0,0,0,0,804827.7085,5833261.1051
198339,13.35226602374841,52.474100926939364,200340,200340,11,0,7,7,2018,5,18,2,3,5,3,0,0,1,0,1,0,0,0,795545.4291,5822681.0052
198340,13.264373386706335,52.54856971570717,200341,200341,11,0,5,5,2018,5,7,5,2,6,4,0,0,1,1,0,0,0,0,789090.1267,5830601.9682
198341,13.377335247296893,52.54961409764057,200342,200342,11,0,1,1,2018,5,18,2,3,3,6,0,0,1,0,1,0,1,0,796737.1314,5831177.1573
198342,13.41546216352472,52.543952024324895,200343,200343,11,0,3,3,2018,5,19,5,3,5,2,0,1,1,0,0,0,0,0,799358.9788,5830705.5071
198343,13.359146895144255,52.50987573181564,200344,200344,11,0,1,1,2018,5,18,5,3,5,2,0,1,1,0,0,0,0,0,795772.0005,5826685.5415
198344,13.271135634670598,52.42297330257275,200345,200345,11,0,6,6,2018,5,17,2,3,5,3,0,1,1,0,0,0,0,0,790375.3336,5816668.8149
198345,13.561620450667943,52.506856535763426,200346,200346,11,0,10,10,2018,5,18,5,3,2,6,0,0,1,0,0,0,0,0,809523.8687,5827199.8414
198346,13.488332473496444,52.45128569360193,200347,200347,11,0,9,9,2018,5,18,2,3,5,3,0,1,1,0,0,0,0,0,804938.19,5820711.4065
198347,13.430784447051575,52.42163249767793,200348,200348,11,0,8,8,2018,5,17,5,3,2,6,0,0,1,0,0,0,0,0,801232.8273,5817173.9481
198348,13.30894488954599,52.516583952632,200349,200349,11,0,4,4,2018,5,16,2,3,6,4,0,0,1,1,0,0,0,0,792322.8503,5827226.4323
198349,13.328410881391244,52.46483285354363,200350,200350,11,0,7,7,2018,5,17,5,3,0,3,0,1,0,0,0,0,1,0,793988.1526,5821553.401000001
198350,13.3103012872345,52.49350422098696,200351,200351,11,0,4,4,2018,5,17,5,3,5,3,0,1,1,0,0,0,0,0,792568.2319,5824666.6035
198351,13.352890875690347,52.50241853372573,200352,200352,11,0,1,1,2018,5,17,2,2,5,2,0,1,1,0,0,0,0,0,795397.7951,5825831.0377
198352,13.384105914271984,52.555836319985,200353,200353,11,0,1,1,2018,5,17,2,3,2,6,0,0,1,0,0,0,0,0,797153.7821,5831896.6462
198353,13.419482773004795,52.591467316222364,200354,200354,11,0,3,3,2018,5,16,5,3,5,3,0,1,1,0,0,0,0,0,799307.3072,5836003.3967
198354,13.466288554839293,52.49699011031282,200355,200355,11,0,2,2,2018,5,17,2,3,2,6,0,0,1,0,0,0,0,0,803126.6268,5825698.2687
198355,13.361553457535909,52.59696933808911,200356,200356,11,0,12,12,2018,5,18,2,2,6,4,0,0,0,1,0,0,1,0,795349.0268,5836375.7955
198356,13.32858726829222,52.5311345454151,200357,200357,11,0,1,1,2018,5,16,5,3,5,7,0,0,1,0,1,0,0,0,793557.5977,5828923.5506
198357,13.324304272595775,52.47874239023978,200358,200358,11,0,4,4,2018,5,16,2,3,5,3,0,0,1,0,0,0,0,0,793616.6523,5823082.72
198358,13.388295896607328,52.52013404200048,200359,200359,11,0,1,1,2018,5,16,5,3,6,4,0,1,1,1,0,0,0,0,797679.3521,5827945.6962
198359,13.487993974822665,52.51554681645793,200360,200360,11,0,11,11,2018,5,16,2,3,1,5,0,0,1,0,0,0,0,0,804470.5479,5827852.1916
198360,13.340486261815839,52.47446630770385,200361,200361,11,0,7,7,2018,5,16,5,3,1,5,0,1,1,0,0,0,0,0,794743.4634,5822673.4237
198361,13.501931880834821,52.51813886866334,200362,200362,11,0,11,11,2018,5,16,2,3,6,4,0,1,0,1,0,0,0,0,805397.6054,5828199.235