,X,Y,OBJECTID_1,OBJECTID,ULAND,UREGBEZ,UKREIS,UGEMEINDE,UJAHR,UMONAT,USTUNDE,UWOCHENTAG,UKATEGORIE,UART,UTYP1,ULICHTVERH,IstRad,IstPKW,IstFuss,IstKrad,IstGkfz,IstSonstig,STRZUSTAND,LINREFX,LINREFY
198362,13.301939156817216,52.61713084841342,200363,200363,11,0,12,12,2018,5,15,2,3,6,4,0,0,0,1,1,0,0,0,791180.2322,5838373.9962
198363,13.354506889190947,52.56841796231678,200364,200364,11,0,12,12,2018,5,16,5,3,2,6,0,0,1,0,0,0,0,0,795064.0277,5833173.4471
198364,13.321956570516472,52.59482239729209,200365,200365,11,0,12,12,2018,5,15,2,3,5,3,0,1,1,0,0,0,0,0,792683.3356,5835975.5224
198365,13.382779240937898,52.53050473753365,200366,200366,11,0,1,1,2018,5,15,2,2,6,4,0,0,0,1,0,0,1,0,797235.2074,5829075.6156
198366,13.423026440849375,52.50015558572911,200367,200367,11,0,2,2,2018,5,15,5,3,3,6,0,1,1,0,0,0,0,0,800170.3631,5825869.1326
198367,13.470248424731455,52.55363293437961,200368,200368,11,0,3,3,2018,5,15,2,3,5,2,0,0,1,0,0,0,0,0,803004.6332,5832010.4687
198368,13.352171632371595,52.50551490531643,200369,200369,11,0,1,1,2018,5,15,2,3,5,3,0,0,1,0,0,0,0,0,795328.2287,5826172.2507
198369,13.32699220979228,52.618023817720356,200370,200370,11,0,12,12,2018,5,16,5,3,1,5,0,0,1,0,0,0,0,0,792869.1532,5838574.8559
198370,13.325351611198982,52.45553130569048,200371,200371,11,0,6,6,2018,5,15,2,3,5,2,0,0,1,0,0,0,0,0,793842.4722,5820507.0751
198371,13.34165697773514,52.44200457118975,200372,200372,11,0,6,6,2018,5,15,5,3,0,6,0,0,0,0,0,0,1,0,795040.1268,5819070.1132
198372,13.404476934511496,52.495141663604095,200373,200373,11,0,2,2,2018,5,15,2,3,5,3,0,0,1,0,0,0,0,0,798946.1928,5825234.7999
198373,13.404289350110506,52.53311498374831,200374,200374,11,0,1,1,2018,5,21,5,3,0,1,1,1,0,0,0,0,0,0,798675.5159,5829454.6495
198374,13.20072608334995,52.53838828301392,200375,200375,11,0,5,5,2018,5,14,2,3,2,6,0,0,1,0,0,0,0,0,784843.3727,5829216.8678
198375,13.386091677936781,52.558738506636296,200376,200376,11,0,1,1,2018,5,15,2,3,5,2,0,1,1,0,0,0,0,0,797268.6638,5832227.4095
198376,13.485151355819054,52.51597315396618,200377,200377,11,0,11,11,2018,5,16,4,3,5,7,0,1,0,0,0,0,0,0,804274.8546,5827887.5754
198377,13.377383684457016,52.48077784222339,200378,200378,11,0,7,7,2018,5,15,2,2,3,6,0,1,0,0,1,0,0,0,797205.1588,5823526.329
198378,13.3421516098935,52.48248377524553,200379,200379,11,0,7,7,2018,5,10,4,3,5,7,0,1,1,0,0,0,0,0,794802.8275,5823571.3648
198379,13.328417382498973,52.53306360233397,200380,200380,11,0,1,1,2018,5,23,4,3,6,2,2,0,0,1,0,0,1,0,793533.2012,5829137.274
198380,13.479604669469689,52.52282473259316,200381,200381,11,0,11,11,2018,5,14,2,3,2,6,0,0,1,0,0,0,0,0,803851.4207,5828625.6937
198381,13.184130842149713,52.54465922932969,200382,200382,11,0,5,5,2018,5,14,2,3,2,6,0,0,1,0,1,0,0,0,783678.1243,5829848.4751
198382,13.450427839097465,52.50935017077119,200383,200383,11,0,2,2,2018,5,23,4,3,5,3,2,1,0,0,0,0,0,0,801965.8941,5827005.4801
198383,13.403674208058455,52.52307270073712,200384,200384,11,0,1,1,2018,5,21,4,3,2,6,2,1,1,0,0,0,0,0,798702.0418,5828335.9281
198384,13.477083573675973,52.563234740158215,200385,200385,11,0,3,3,2018,5,13,2,3,0,3,0,0,1,0,0,0,1,0,803401.3452,5833106.4213
198385,13.45626016814759,52.510042944401405,200386,200386,11,0,2,2,2018,5,20,4,3,2,7,0,1,1,0,0,0,0,0,802356.6545,5827106.9203
198386,13.299126890090434,52.46258514524854,200387,200387,11,0,6,6,2018,5,13,2,3,1,5,0,1,1,0,0,0,0,0,792015.0286,5821184.6504
198387,13.244994313153038,52.614345939238575,200388,200388,11,0,12,12,2018,5,22,4,2,5,2,2,1,1,0,0,0,0,0,787346.0032,5837835.6958
198388,13.34834096357354,52.419586168149465,200389,200389,11,0,6,6,2018,5,13,2,3,5,3,0,0,1,0,0,0,0,0,795644.2963,5816605.6826
198389,13.310541573098275,52.421151864429824,200390,200390,11,0,6,6,2018,5,13,4,2,6,4,0,0,1,1,0,0,0,0,793065.1667,5816625.5906
198390,13.197019642572501,52.561967794173405,200391,200391,11,0,5,5,2018,5,15,4,3,6,2,0,0,1,1,0,0,0,0,784439.4693,5831823.2182
198391,13.383562405677347,52.5550670771071,200392,200392,11,0,1,1,2018,5,13,2,3,2,6,0,1,1,0,0,0,0,0,797122.1657,5831808.9051
198392,13.29750114514038,52.5067675306419,200393,200393,11,0,4,4,2018,5,17,4,3,0,6,0,0,1,0,1,0,0,0,791611.9353,5826088.9903
198393,13.495906940411375,52.506027799480066,200394,200394,11,0,11,11,2018,5,18,4,3,5,2,0,1,0,0,0,0,1,0,805073.0935,5826827.6619
198394,13.31673714132344,52.56676872967765,200395,200395,11,0,12,12,2018,5,16,2,3,0,1,0,0,0,0,1,0,0,0,792516.9892,5832836.1299
198395,13.297122843014677,52.51045615748828,200396,200396,11,0,4,4,2018,5,18,4,3,0,6,0,1,0,0,0,0,0,0,791561.8339,5826497.4561
198396,13.357359250423816,52.535932889141996,200397,200397,11,0,1,1,2018,5,18,4,3,5,2,0,1,1,0,0,0,0,0,795475.6326,5829574.4389
198397,13.497824631540553,52.415129042609976,200398,200398,11,0,8,8,2018,5,20,2,2,5,3,1,0,1,0,1,0,0,0,805833.314,5816733.0087
198398,13.333923579083494,52.50428636010173,200399,200399,11,0,4,4,2018,5,19,4,3,5,3,0,1,1,0,0,0,0,0,794098.7843,5825961.121
198399,13.471267145704667,52.453132631357526,200400,200400,11,0,9,9,2018,5,13,2,3,0,1,0,1,0,0,0,0,0,0,803766.6504,5820844.7012
198400,13.519656807403765,52.50583354448529,200401,200401,11,0,11,11,2018,5,15,4,3,5,2,0,1,1,0,0,0,0,0,806685.1452,5826906.8244
198401,13.385931456219339,52.516118082848976,200402,200402,11,0,1,1,2018,5,12,2,3,1,5,0,0,1,0,0,0,1,0,797546.21,5827489.5707
198402,13.607706377431006,52.45306661631438,200403,200403,11,0,9,9,2018,5,19,4,3,2,6,0,0,1,0,0,0,0,0,813031.3715,5821420.5423
198403,13.466647822562466,52.55013920547266,200404,200404,11,0,3,3,2018,5,20,4,3,5,3,0,1,1,0,0,0,0,0,802784.7866,5831607.024
198404,13.362589551926716,52.52289590270971,200405,200405,11,0,1,1,2018,5,23,1,3,0,7,2,0,0,0,1,0,0,0,795917.8616,5828146.8449
198405,13.526764013826996,52.43766127421421,200406,200406,11,0,9,9,2018,5,15,4,3,5,3,0,1,1,0,0,0,0,0,807642.8804,5819360.2745
198406,13.29901379938271,52.45409920873142,200407,200407,11,0,6,6,2018,5,13,4,3,6,4,0,1,0,1,0,0,0,0,792063.572,5820240.9744
198407,13.42401588572748,52.51334914933042,200408,200408,11,0,2,2,2018,5,16,1,3,5,3,0,1,1,0,0,0,0,0,800147.4606,5827339.668
198408,13.444132460857698,52.485422578764755,200409,200409,11,0,8,8,2018,5,18,1,3,5,7,0,0,1,0,1,0,0,0,801702.9459,5824319.69
198409,13.317031061101256,52.58823353424757,200410,200410,11,0,12,12,2018,5,13,4,3,5,2,0,0,1,0,0,0,1,0,792393.8604,5835223.159
198410,13.394290835995244,52.506954940283464,200411,200411,11,0,2,2,2018,5,15,1,3,5,3,0,0,1,0,0,0,1,0,798175.1309999999,5826505.6411
198411,13.48840625482568,52.502209598383644,200412,200412,11,0,11,11,2018,5,12,4,3,5,3,0,1,0,0,0,0,1,0,804590.8299,5826371.5835
198412,13.42830975283553,52.464065606483224,200413,200413,11,0,8,8,2018,5,15,1,3,1,5,0,0,1,0,1,0,0,0,800775.1237,5821879.8813
198413,13.346737674708965,52.42889199730004,200414,200414,11,0,6,6,2018,5,12,4,3,0,3,0,0,1,0,1,0,0,0,795473.0316,5817633.4487
198414,13.342031274272985,52.51789548082018,200415,200415,11,0,1,1,2018,5,15,1,3,5,2,0,0,1,0,0,0,0,0,794557.564,5827506.8653
198415,13.352974218687494,52.50961443128434,200416,200416,11,0,1,1,2018,5,10,4,3,0,7,0,0,1,0,1,0,0,0,795355.1428,5826631.1966
198416,13.475338966342473,52.502844434280824,200417,200417,11,0,11,11,2018,5,9,4,3,5,3,0,1,0,0,0,1,0,0,803700.1497,5826387.0248
198417,13.359267810178132,52.54638353475024,200418,200418,11,0,1,1,2018,5,18,1,2,5,2,0,0,1,0,1,0,0,0,795534.6992,5830743.8444
198418,13.306401242445373,52.5288371259718,200419,200419,11,0,4,4,2018,5,8,4,3,5,2,0,1,1,0,0,0,0,0,792068.9809999999,5828578.0754
198419,13.52721262349676,52.4379167500277,200420,200420,11,0,9,9,2018,5,19,1,3,2,6,0,0,1,0,0,0,0,0,807671.5698,5819390.581
198420,13.186210671102845,52.51764031317293,200421,200421,11,0,5,5,2018,5,8,4,3,5,2,0,0,1,0,0,0,0,0,783993.5385,5826853.3581
198421,13.208719311612658,52.56363200141328,200422,200422,11,0,5,5,2018,5,14,1,2,1,7,0,0,1,0,0,0,0,0,785221.195,5832054.4467
198422,13.452238978355858,52.47101649955927,200423,200423,11,0,8,8,2018,5,20,1,3,5,3,1,0,1,0,0,0,0,0,802351.8737,5822752.4666
198423,13.378966215950332,52.552926879521344,200424,200424,11,0,1,1,2018,5,14,4,2,0,1,0,0,1,0,1,0,0,0,796825.2525,5831552.0846
198424,13.279902044695016,52.50553763650999,200425,200425,11,0,4,4,2018,5,12,1,3,2,6,0,0,1,0,0,0,0,0,790426.4237,5825881.2633
198425,13.404737239331359,52.52970976561887,200426,200426,11,0,1,1,2018,5,12,1,3,1,5,0,1,1,0,0,0,1,0,798729.0129999999,5829078.0247
198426,13.576285671361706,52.454633164789236,200427,200427,11,0,9,9,2018,5,17,4,2,5,3,0,1,1,0,0,0,0,0,810886.887,5821458.7902
198427,13.435465608421307,52.48075011087256,200428,200428,11,0,8,8,2018,5,18,4,2,6,4,0,1,0,1,0,0,0,0,801146.8281,5823764.1473
198428,13.354820445242552,52.44882101790703,200429,200429,11,0,6,6,2018,5,13,1,3,0,3,0,0,1,0,1,0,0,0,795888.4752,5819881.6449
198429,13.218513612612686,52.525277231479045,200430,200430,11,0,5,5,2018,5,15,4,3,1,1,0,0,1,0,0,0,0,0,786134.2622,5827829.9514
198430,13.399375363385424,52.45297007950963,200431,200431,11,0,7,7,2018,5,12,1,3,3,2,0,0,1,0,1,0,0,0,798886.1047,5820526.418
198431,13.184962318285127,52.53419768547871,200432,200432,11,0,5,5,2018,5,12,1,3,5,3,0,0,1,0,0,0,0,0,783802.0121,5828688.8871
198432,13.392627042901326,52.50562295875918,200433,200433,11,0,2,2,2018,5,17,4,3,1,5,0,1,0,0,0,0,1,0,798071.3148,5826350.7159
198433,13.345229656671819,52.48902182070378,200434,200434,11,0,7,7,2018,5,9,1,3,6,2,0,0,1,1,0,0,0,0,794967.9033,5824310.6476
198434,13.426330246835013,52.46577020355582,200435,200435,11,0,8,8,2018,5,14,1,2,6,4,0,0,1,1,0,0,0,0,800629.1133,5822061.0898
198435,13.525371227182966,52.481638063458824,200436,200436,11,0,11,11,2018,5,13,4,2,0,1,0,1,0,0,0,0,0,0,807241.535,5824242.006
198436,13.362788289810275,52.56660814503992,200437,200437,11,0,12,12,2018,5,11,1,2,5,7,0,0,1,0,1,0,0,0,795637.0831,5833006.2339
198437,13.392693143634881,52.465533515678885,200438,200438,11,0,7,7,2018,5,23,1,2,5,3,2,0,1,0,0,0,0,0,798347.301,5821895.1518
198438,13.481162123593528,52.45269866171208,200439,200439,11,0,9,9,2018,5,16,1,2,0,7,0,1,0,0,0,0,0,0,804441.5337,5820838.171
198439,13.39656817573326,52.524043283357045,200440,200440,11,0,1,1,2018,5,15,4,3,0,1,0,1,0,0,0,0,0,0,798213.7027,5828414.387
198440,13.373603367128904,52.597934312707736,200441,200441,11,0,3,3,2018,5,11,1,2,3,6,0,1,1,0,0,0,0,0,796158.0713,5836532.5337
198441,13.207407438022887,52.584235851647435,200442,200442,11,0,5,5,2018,5,1,1,3,0,1,2,1,0,0,0,0,0,0,784998.5342,5834339.4803
198442,13.274263982613261,52.45887840928385,200443,200443,11,0,6,6,2018,5,14,7,3,1,5,0,0,1,0,0,0,0,0,790351.463,5820672.3104
198443,13.370291260710056,52.54467189921093,200444,200444,11,0,1,1,2018,5,19,4,3,3,6,0,0,1,0,0,0,1,0,796293.193,5830598.857999999
198444,13.464568905399355,52.47013312635313,200445,200445,11,0,8,8,2018,5,1,1,2,5,3,2,0,1,0,0,0,0,0,803194.8413,5822706.0336
198445,13.403904362722434,52.49845115892082,200446,200446,11,0,2,2,2018,5,17,7,2,1,6,0,1,0,0,0,1,1,0,798884.8763,5825600.2673
198446,13.345700406220047,52.49424169021852,200447,200447,11,0,7,7,2018,5,8,4,3,5,2,0,1,1,0,0,0,0,0,794964.8684,5824892.7575
198447,13.341508859019525,52.483789649666214,200448,200448,11,0,7,7,2018,5,17,7,3,5,3,0,1,1,0,0,0,0,0,794750.4703,5823713.8852
198448,13.534634316626256,52.40932285575572,200449,200449,11,0,9,9,2018,5,11,7,3,5,3,0,1,0,0,0,0,1,0,808375.4369,5816244.2834
198449,13.418430419107318,52.518190283391746,200450,200450,11,0,1,1,2018,5,7,4,2,6,4,0,0,1,1,0,0,0,0,799735.7179,5827854.5066
198450,13.299964347208991,52.52290906750977,200451,200451,11,0,4,4,2018,5,23,7,3,0,5,2,0,1,0,0,0,1,0,791671.9506,5827893.1052
198451,13.470756640315228,52.60154806769202,200452,200452,11,0,3,3,2018,5,7,4,2,5,3,0,0,1,0,1,0,0,0,802708.3711,5837338.1348
198452,13.43492616739826,52.466786647972924,200453,200453,11,0,8,8,2018,5,19,7,3,5,7,0,0,1,0,0,0,0,0,801205.6845,5822209.9169
198453,13.500611427435773,52.56152043230372,200454,200454,11,0,11,11,2018,5,5,4,3,5,2,0,1,1,0,0,0,0,0,805006.8233,5833015.2234
198454,13.56773040675159,52.51311231280866,200455,200455,11,0,10,10,2018,5,5,4,3,1,5,0,0,1,0,0,0,1,0,809894.151,5827921.3601
198455,13.375839822741725,52.50683146669652,200456,200456,11,0,1,1,2018,5,18,7,3,6,4,0,0,1,1,0,0,0,0,796924.6029,5826415.7804
198456,13.454196895145133,52.51219019328851,200457,200457,11,0,2,2,2018,5,19,7,3,5,7,1,1,1,0,0,0,0,0,802201.9838,5827336.9264
198457,13.415849881791225,52.52021187033903,200458,200458,11,0,1,1,2018,5,0,4,3,2,6,2,0,1,0,0,0,0,0,799546.9811,5828068.4741
198458,13.366334705601316,52.44942424987868,200459,200459,11,0,7,7,2018,5,8,3,3,3,6,0,0,1,0,0,0,1,0,796666.3631,5819995.9656
198459,13.409758360933845,52.387233439728135,200460,200460,11,0,7,7,2018,5,19,7,3,5,3,0,1,1,0,0,0,0,0,800037.685,5813263.096
198460,13.389638735124947,52.55397087975463,200461,200461,11,0,1,1,2018,5,22,3,3,2,6,2,0,1,0,0,0,0,1,797541.2402,5831712.1358
198461,13.447617799294253,52.5532528140003,200462,200462,11,0,3,3,2018,5,15,7,3,5,7,0,0,1,0,1,0,0,0,801474.09,5831873.3011
198462,13.414696426101791,52.53838368411572,200463,200463,11,0,3,3,2018,5,16,7,3,1,5,0,1,1,0,0,0,0,0,799345.0192,5830083.4226
198463,13.318574196079464,52.4636049541998,200464,200464,11,0,6,6,2018,5,9,3,2,3,6,0,1,0,0,0,0,1,0,793328.5397,5821376.885
198464,13.357508327641833,52.53600713945261,200465,200465,11,0,1,1,2018,5,15,7,3,5,3,0,1,1,0,0,0,0,0,795485.2374,5829583.3029
198465,13.37062310556253,52.46887627337996,200466,200466,11,0,7,7,2018,5,14,7,3,5,3,0,0,1,0,0,0,0,0,796826.5611,5822175.6581
198466,13.501900741633834,52.49832522892206,200467,200467,11,0,11,11,2018,5,15,3,3,5,3,0,0,1,0,0,0,0,0,805533.067,5825996.9502
198467,13.442437363272765,52.500813235781386,200468,200468,11,0,2,2,2018,5,13,7,3,3,6,0,0,1,0,1,0,0,0,801482.5029,5826023.2033
198468,13.477967106283753,52.51471778428128,200469,200469,11,0,11,11,2018,5,13,7,3,2,6,0,0,1,0,1,0,0,0,803796.4011,5827717.7515
198469,13.382807559428933,52.491508362497065,200470,200470,11,0,2,2,2018,5,15,3,3,0,2,0,0,1,0,1,0,0,0,797500.7218,5824741.3639
198470,13.292995608900288,52.467570647489964,200471,200471,11,0,6,6,2018,5,18,7,3,5,2,0,0,1,0,0,0,0,0,791565.7806,5821713.9983
198471,13.437557261000233,52.500294830259676,200472,200472,11,0,2,2,2018,5,13,7,3,2,6,0,0,1,0,1,0,0,0,801155.0383,5825945.1933
198472,13.388691910815467,52.50074443111332,200473,200473,11,0,2,2,2018,5,18,3,3,5,7,0,1,1,0,0,0,0,1,797837.4408,5825792.2198
198473,13.415593247487605,52.52723848437349,200474,200474,11,0,1,1,2018,5,11,7,3,3,6,0,1,0,0,0,0,0,0,799481.7209,5828848.3935
198474,13.300047109894445,52.50966280572811,200475,200475,11,0,4,4,2018,5,11,3,3,5,3,0,1,1,0,0,0,0,0,791765.411,5826421.102000001
198475,13.334415570194954,52.50853981251251,200476,200476,11,0,4,4,2018,5,12,7,3,5,3,0,1,0,0,0,0,1,0,794103.723,5826435.897999999
198476,13.285226018024185,52.47947682048793,200477,200477,11,0,4,4,2018,5,10,3,3,5,2,0,1,1,0,0,0,0,0,790959.7072,5823006.0172
198477,13.640996145229911,52.52799746516909,200478,200478,11,0,10,10,2018,5,20,7,3,5,3,1,0,1,0,0,0,0,0,814755.4276,5829893.128
198478,13.504126112934337,52.4119287020375,200479,200479,11,0,8,8,2018,5,10,7,3,2,7,0,1,1,0,0,0,0,0,806283.7655,5816404.0295
198479,13.406749444008224,52.49497490351328,200480,200480,11,0,2,2,2018,5,10,3,3,5,3,0,1,1,0,0,0,0,0,799101.4896,5825225.6875
198480,13.382011092436766,52.4821968343239,200481,200481,11,0,7,7,2018,5,20,7,3,1,5,1,1,1,0,0,0,0,0,797509.5948,5823703.1228
198481,13.416037356597776,52.495621950374364,200482,200482,11,0,2,2,2018,5,6,7,3,5,7,0,0,1,0,0,0,0,0,799727.1629,5825336.1655
198482,13.311043496881812,52.622249087090786,200483,200483,11,0,12,12,2018,5,10,3,3,0,3,0,1,1,0,0,0,0,0,791762.082,5838979.752
198483,13.329724524662128,52.47070665640514,200484,200484,11,0,7,7,2018,5,20,7,3,0,1,0,0,0,0,1,0,0,0,794038.1332,5822211.6257
198484,13.418009496412964,52.5180795468034,200485,200485,11,0,1,1,2018,5,15,7,3,5,2,0,1,1,0,0,0,0,0,799707.9329,5827840.4487
198485,13.403266854416456,52.52988742808946,200486,200486,11,0,1,1,2018,5,18,7,3,3,6,0,0,1,0,0,0,0,0,798628.1359999999,5829091.679
198486,13.44447299601223,52.53411991579792,200487,200487,11,0,3,3,2018,5,7,3,3,6,7,0,1,0,1,0,0,0,0,801392.2468,5829733.6075
198487,13.37784163211411,52.472439747977845,200488,200488,11,0,7,7,2018,5,15,7,2,5,2,0,0,1,0,0,0,0,0,797292.5068,5822601.4543
198488,13.433102073535162,52.452433174423106,200489,200489,11,0,8,8,2018,5,15,7,3,5,3,0,0,1,0,0,0,0,0,801179.932,5820606.977000001
198489,13.35343562126519,52.49258903398901,200490,200490,11,0,7,7,2018,5,14,7,3,1,5,0,0,1,0,0,0,1,0,795500.7283,5824740.7301
198490,13.396113576995516,52.53813002657064,200491,200491,11,0,1,1,2018,5,20,3,3,2,6,2,0,1,0,0,0,0,1,798087.3491,5829978.2146
198491,13.571464014379828,52.43507668535562,200492,200492,11,0,9,9,2018,5,14,7,2,6,4,0,0,0,1,0,0,1,0,810697.2840000001,5819264.517000001
198492,13.249171481919124,52.52406388431366,200493,200493,11,0,4,4,2018,5,11,7,3,0,1,0,1,0,0,0,0,0,0,788220.6936,5827817.1978
198493,13.519673368744321,52.42814202070946,200494,200494,11,0,9,9,2018,5,15,6,3,3,2,0,0,1,0,0,1,0,0,807227.5415,5818272.0826
198494,13.157214261067233,52.53442332999468,200495,200495,11,0,5,5,2018,5,19,3,3,5,3,1,0,1,0,0,0,0,1,781919.7026,5828605.0962
198495,13.345918367152393,52.54470494020301,200496,200496,11,0,1,1,2018,5,13,7,3,1,5,0,1,1,0,0,0,0,0,794641.3896,5830502.6128
198496,13.398043735842545,52.58492170187767,200497,200497,11,0,3,3,2018,5,19,3,3,5,3,1,0,1,0,0,0,0,1,797900.5556,5835186.9899
198497,13.521855581385338,52.525899938836574,200498,200498,11,0,10,10,2018,5,8,7,2,5,2,0,1,1,0,0,0,0,0,806694.303,5829146.409
198498,13.504910404161146,52.59659277387097,200499,200499,11,0,3,3,2018,5,15,6,3,5,3,0,1,1,0,0,0,0,0,805054.0937,5836931.4996
198499,13.362723161053882,52.49783225383185,200500,200500,11,0,7,7,2018,5,18,3,3,2,6,0,0,1,0,0,0,0,1,796095.5572,5825361.5999
198500,13.368369298990006,52.574373299396925,200501,200501,11,0,12,12,2018,5,8,7,2,5,3,0,1,1,0,0,0,0,0,795962.7222,5833892.2373
198501,13.50531433073032,52.437182259848655,200502,200502,11,0,9,9,2018,5,15,6,3,2,6,0,0,1,0,0,0,0,0,806189.2427,5819215.8155
198502,13.378277152431867,52.45189038309327,200503,200503,11,0,7,7,2018,5,9,3,3,5,2,0,1,1,0,0,0,0,0,797460.735,5820319.232999999
198503,13.364640050885816,52.562713387151156,200504,200504,11,0,12,12,2018,5,9,7,3,5,2,0,1,1,0,0,0,0,0,795788.7371,5832580.9346
198504,13.41041963776396,52.52778147131718,200505,200505,11,0,1,1,2018,5,0,6,3,1,5,2,1,1,0,0,0,0,0,799127.3142,5828887.2641
198505,13.416893105212168,52.49792679512078,200506,200506,11,0,2,2,2018,5,17,6,3,6,2,0,0,0,1,0,0,1,0,799769.5168,5825595.8979
198506,13.558309188665461,52.454694800836975,200507,200507,11,0,9,9,2018,5,9,3,3,2,6,0,0,1,0,1,0,0,0,809665.9009,5821388.3333
198507,13.435710609542015,52.424614612110325,200508,200508,11,0,8,8,2018,5,10,7,3,1,5,0,0,1,0,0,0,0,0,801547.1898,5817525.9637
198508,13.334398883988538,52.47056270780373,200509,200509,11,0,7,7,2018,5,16,6,3,6,7,0,1,0,1,0,0,0,0,794356.3811,5822214.6871
198509,13.29621356109756,52.51933057266439,200510,200510,11,0,4,4,2018,5,15,6,3,0,2,0,1,1,0,0,0,0,0,791441.3673,5827480.1831
198510,13.409414395113265,52.454613082541606,200511,200511,11,0,7,7,2018,5,9,3,3,5,2,0,1,1,0,0,0,0,0,799556.6274,5820750.6615
198511,13.495258350488035,52.4377451208529,200512,200512,11,0,9,9,2018,5,12,7,2,5,3,0,0,1,0,1,0,0,0,805502.2835,5819235.7574
198512,13.68942723363662,52.42426933819792,200513,200513,11,0,9,9,2018,5,15,6,3,4,6,0,1,1,0,0,0,0,0,818788.1287,5818577.8638
198513,13.430292526008722,52.50187611313521,200514,200514,11,0,2,2,2018,5,8,3,3,5,2,0,1,0,0,1,0,0,0,800651.469,5826090.6325
198514,13.332619899925747,52.46908674945001,200515,200515,11,0,7,7,2018,5,12,7,3,5,2,0,0,1,0,0,0,1,0,794245.4836,5822043.3781
198515,13.427766555956257,52.48108349867515,200516,200516,11,0,8,8,2018,5,18,6,3,5,3,0,0,1,0,0,0,0,0,800622.0936,5823769.0864
198516,13.28954683728568,52.58260163478164,200517,200517,11,0,12,12,2018,5,8,3,3,5,2,0,1,1,0,0,0,0,0,790570.556,5834485.9547
198517,13.463304650604455,52.508271616543645,200518,200518,11,0,2,2,2018,5,4,7,2,5,3,1,1,1,0,0,0,0,0,802846.5637,5826939.6106
198518,13.196886697300329,52.53140040613805,200519,200519,11,0,5,5,2018,5,1,7,3,5,3,2,0,1,0,0,0,0,0,784628.3933,5828424.9646
198519,13.269353843372548,52.57588301548881,200520,200520,11,0,12,12,2018,5,14,6,3,2,6,0,0,1,0,0,0,0,0,789247.6411,5833657.9053
198520,13.466971062452846,52.614967697843596,200521,200521,11,0,3,3,2018,5,7,3,3,5,3,0,0,1,0,1,0,0,0,802359.6154,5838813.7592
198521,13.381588361433751,52.46134759435438,200522,200522,11,0,7,7,2018,5,0,7,3,9,1,2,0,1,0,0,0,0,0,797621.7247,5821384.0338
198522,13.22702155936352,52.62592416954888,200523,200523,11,0,12,12,2018,5,12,6,3,5,3,0,1,1,0,0,0,0,0,786054.4152,5839051.1086
198523,13.495906368184526,52.48798628829132,200524,200524,11,0,11,11,2018,5,6,3,2,5,7,0,0,1,0,0,0,1,0,805198.137,5824822.464
198524,13.541914853881908,52.52578335458578,200525,200525,11,0,10,10,2018,5,14,7,2,6,4,0,0,1,1,0,0,0,0,808054.896,5829218.9879
198525,13.389314794548635,52.51399762597622,200526,200526,11,0,1,1,2018,5,11,6,3,1,5,0,1,1,0,0,0,0,0,797789.9777,5827267.8547
198526,13.288270946612913,52.513060728128956,200527,200527,11,0,4,4,2018,5,9,6,3,0,2,0,1,1,0,0,0,0,0,790944.2954,5826751.204
198527,13.42544065059902,52.499575886978576,200528,200528,11,0,2,2,2018,5,13,3,3,5,3,0,1,1,0,0,0,0,0,800338.0758,5825814.7532
198528,13.577466884993415,52.444285490629504,200529,200529,11,0,9,9,2018,5,12,7,3,0,1,0,1,0,0,0,0,0,0,811040.0866,5820313.8419
198529,13.363751055622783,52.50820325111339,200530,200530,11,0,1,1,2018,5,9,6,3,5,3,0,1,1,0,0,0,0,0,796095.4954,5826518.5431
198530,13.569347481162527,52.442793876105966,200531,200531,11,0,9,9,2018,5,6,6,3,5,3,0,1,1,0,0,0,0,0,810499.1763,5820113.0963
198531,13.339297389148008,52.46034597912064,200532,200532,11,0,6,6,2018,5,18,3,3,5,3,0,0,1,0,0,0,0,1,794757.2129,5821099.1023
198532,13.319510080705392,52.45298208222863,200533,200533,11,0,6,6,2018,5,7,6,3,2,6,0,0,1,0,1,1,0,0,793462.7915,5820199.958
198533,13.40205102959514,52.426281413214284,200534,200534,11,0,7,7,2018,5,19,6,3,1,5,0,0,1,0,0,0,0,0,799248.8136,5817571.1475
198534,13.324781099246902,52.52155601686615,200535,200535,11,0,4,4,2018,5,9,3,3,2,6,0,1,1,0,0,0,0,0,793363.4973,5827843.4011
198535,13.188389960625939,52.534322253726785,200536,200536,11,0,5,5,2018,5,22,6,2,4,6,2,0,1,0,0,0,0,0,784033.5439,5828716.2327
198536,13.497864074768044,52.433715210409495,200537,200537,11,0,9,9,2018,5,2,6,2,5,3,2,0,1,0,1,0,0,0,805707.2059999999,5818798.895
198537,13.35593943526948,52.59810260871947,200538,200538,11,0,12,12,2018,5,17,6,2,6,4,0,0,0,1,0,0,1,0,794961.4357,5836478.7513
198538,13.343749725360361,52.546330965947135,200539,200539,11,0,1,1,2018,5,10,3,3,5,2,0,0,1,0,0,0,0,0,794483.5373,5830674.4819
198539,13.318418425514276,52.53110151388183,200540,200540,11,0,1,1,2018,5,17,6,3,0,5,0,0,1,0,0,0,0,0,792868.5247,5828878.517999999
198540,13.239963519389875,52.44282995992426,200541,200541,11,0,6,6,2018,5,12,6,2,6,4,0,0,1,1,0,0,0,0,788127.3803,5818751.0175
198541,13.519624358459046,52.50599537896197,200542,200542,11,0,11,11,2018,5,7,3,2,6,4,0,0,1,1,0,0,0,0,806681.8165,5826924.6731