,X,Y,OBJECTID_1,OBJECTID,ULAND,UREGBEZ,UKREIS,UGEMEINDE,UJAHR,UMONAT,USTUNDE,UWOCHENTAG,UKATEGORIE,UART,UTYP1,ULICHTVERH,IstRad,IstPKW,IstFuss,IstKrad,IstGkfz,IstSonstig,STRZUSTAND,LINREFX,LINREFY
198542,13.431227066754994,52.46766176668272,200543,200543,11,0,8,8,2018,5,20,6,3,6,7,0,1,0,1,0,0,0,0,800948.6059999999,5822291.7452
198543,13.406922788315333,52.58639066888897,200544,200544,11,0,3,3,2018,5,16,6,3,5,3,0,0,1,0,0,0,0,0,798491.6709,5835387.0197
198544,13.204182594849048,52.54053858039154,200545,200545,11,0,5,5,2018,5,8,3,2,3,2,0,0,1,0,1,0,0,0,785063.696,5829469.5479
198545,13.449539298381929,52.537199037361965,200546,200546,11,0,3,3,2018,5,17,6,3,1,1,0,0,1,0,1,0,0,0,801714.4890000001,5830097.0345
198546,13.543521142221195,52.53429075132527,200547,200547,11,0,10,10,2018,5,8,3,3,6,4,0,0,1,1,0,0,0,0,808104.1479999999,5830171.3809
198547,13.274935540661788,52.59791351778902,200548,200548,11,0,12,12,2018,5,1,3,3,9,1,2,0,1,0,0,0,0,0,789480.2266,5836129.0798
198548,13.347475940752153,52.57265399463143,200549,200549,11,0,12,12,2018,5,19,6,3,5,2,0,1,1,0,0,0,0,0,794559.4215,5833615.5113
198549,13.574217206096888,52.466658000383575,200550,200550,11,0,9,9,2018,5,12,6,3,2,6,0,0,1,0,0,0,0,0,810661.6615,5822786.32
198550,13.298625287903795,52.441209472860706,200551,200551,11,0,6,6,2018,5,18,3,3,0,3,1,0,1,0,0,0,0,1,792122.5678,5818806.699
198551,13.326342812283485,52.532568904237884,200552,200552,11,0,1,1,2018,5,18,6,3,2,6,0,0,1,0,0,0,0,0,793395.8849,5829073.8425
198552,13.536480792912972,52.49201860816386,200553,200553,11,0,11,11,2018,5,14,3,2,6,4,0,0,1,1,0,0,0,0,807922.78,5825443.1006
198553,13.449107542903574,52.47354552789933,200554,200554,11,0,8,8,2018,5,18,6,3,6,2,1,0,1,1,0,0,0,0,802121.9833,5823020.4358
198554,13.427025458423284,52.55213819460534,200555,200555,11,0,3,3,2018,5,19,6,2,5,3,0,0,1,0,1,0,0,0,800086.6169,5831663.4646
198555,13.413716576129254,52.52010637317952,200556,200556,11,0,1,1,2018,5,18,3,2,0,1,0,1,0,0,0,0,0,1,799403.0622,5828047.8868
198556,13.33759780717316,52.46030794465236,200557,200557,11,0,6,6,2018,5,6,6,3,0,3,0,1,1,0,0,0,0,0,794642.0759999999,5821087.9333
198557,13.333441596102665,52.56411182643629,200558,200558,11,0,12,12,2018,5,17,5,3,1,5,0,0,1,0,0,0,1,0,793666.1457,5832608.7606
198558,13.390259833007322,52.50859156871191,200559,200559,11,0,1,1,2018,5,18,3,3,5,3,0,1,1,0,0,0,0,1,797890.665,5826670.8875
198559,13.490772859255175,52.543206663732796,200560,200560,11,0,11,11,2018,5,23,5,3,5,2,2,0,1,0,1,0,0,1,804467.3397,5830938.1536
198560,13.479951529662149,52.517003774964344,200561,200561,11,0,11,11,2018,5,18,3,3,0,1,1,0,0,0,1,0,0,1,803915.1614,5827980.1899
198561,13.419052025436176,52.5103264221835,200562,200562,11,0,1,1,2018,5,18,6,3,1,5,0,1,1,0,0,0,0,0,799831.4629,5826983.0497
198562,13.42791251063036,52.492644132792385,200563,200563,11,0,8,8,2018,5,17,3,3,5,3,0,0,1,0,0,0,0,1,800553.0738,5825054.6134
198563,13.352223810116572,52.54243983440642,200564,200564,11,0,1,1,2018,5,16,3,3,3,6,0,1,0,0,0,0,0,1,795083.8772,5830276.6433
198564,13.389717802141307,52.434304404726994,200565,200565,11,0,7,7,2018,5,17,6,3,2,2,0,0,0,0,1,0,1,0,798356.573,5818411.823
198565,13.466858601464086,52.524034848833324,200566,200566,11,0,11,11,2018,5,22,5,3,5,2,2,0,1,0,1,0,0,1,802978.9742,5828706.544
198566,13.238208101730239,52.54240539910886,200567,200567,11,0,5,5,2018,5,16,3,3,5,3,0,1,1,0,0,0,0,0,787357.4878,5829812.1542
198567,13.525852697225787,52.482980265013886,200568,200568,11,0,11,11,2018,5,21,5,3,6,4,2,0,1,1,0,0,0,1,807264.8401,5824393.2322
198568,13.402521444071784,52.53850779354897,200569,200569,11,0,1,1,2018,5,16,3,2,5,2,0,1,1,0,0,0,0,0,798519.0584,5830046.7224
198569,13.180312155979204,52.53402122129445,200570,200570,11,0,5,5,2018,5,17,6,3,5,7,0,0,1,0,1,0,0,0,783487.9466,5828650.976
198570,13.326891718854714,52.51980891161932,200571,200571,11,0,4,4,2018,5,16,3,3,2,6,0,0,1,0,0,0,0,0,793518.2564,5827657.8002
198571,13.317943346984668,52.50874807861568,200572,200572,11,0,4,4,2018,5,16,6,3,2,7,0,0,1,0,1,0,0,0,792985.1953,5826391.9913
198572,13.454063622886213,52.440585476265106,200573,200573,11,0,8,8,2018,5,17,5,3,2,3,0,1,1,0,0,0,0,0,802684.6155,5819377.8663
198573,13.415337736078088,52.543831080330925,200574,200574,11,0,3,3,2018,5,16,3,3,1,5,0,1,1,0,0,0,0,1,799351.3712,5830691.5477
198574,13.281251404981596,52.49948536487352,200575,200575,11,0,4,4,2018,5,16,6,3,5,3,0,1,1,0,0,0,0,0,790557.9,5825213.9775
198575,13.600155534411405,52.47471567700823,200576,200576,11,0,10,10,2018,5,16,3,3,5,3,0,1,1,0,0,0,0,0,812365.1644,5823793.8638
198576,13.309248357516953,52.43887437205817,200577,200577,11,0,6,6,2018,5,16,6,3,5,3,0,0,1,0,0,0,0,0,792859.6352,5818590.201
198577,13.430076842305652,52.50346464624548,200578,200578,11,0,2,2,2018,5,17,5,3,2,1,0,0,1,0,1,0,0,0,800625.9872,5826266.2925
198578,13.577153976627118,52.45577316015122,200579,200579,11,0,9,9,2018,5,20,5,2,5,2,2,1,1,0,0,0,0,1,810937.8,5821589.231000001
198579,13.501468556760736,52.54909159732618,200580,200580,11,0,11,11,2018,5,15,3,2,5,2,0,1,1,0,0,0,0,0,805151.2237,5831637.4663
198580,13.283102408777347,52.59411674618201,200581,200581,11,0,12,12,2018,5,16,6,2,2,2,0,0,1,0,0,0,1,0,790058.0887,5835739.9139
198581,13.398212557132199,52.50699481260614,200582,200582,11,0,2,2,2018,5,21,5,3,6,2,2,0,1,1,0,0,0,1,798440.8336,5826526.2969
198582,13.3695072003503,52.58947350767011,200583,200583,11,0,3,3,2018,5,14,3,3,6,4,0,0,1,1,0,0,0,0,795937.9213,5835575.2865
198583,13.46722867322518,52.55994897072851,200584,200584,11,0,3,3,2018,5,15,6,3,5,2,0,1,1,0,0,0,0,0,802756.5112,5832699.7711
198584,13.490650326355462,52.53789305371364,200585,200585,11,0,11,11,2018,5,15,6,3,5,3,0,1,1,0,0,0,0,0,804495.8544,5830347.0603
198585,13.613334631706481,52.499198284390935,200586,200586,11,0,10,10,2018,5,19,5,2,0,1,1,0,1,0,1,0,0,1,813085.4065,5826571.9836
198586,13.57449423125916,52.41393296624302,200587,200587,11,0,9,9,2018,5,14,3,3,6,4,0,0,0,1,1,0,0,0,811052.1317,5816927.6587
198587,13.601329467197745,52.53576677610911,200588,200588,11,0,10,10,2018,5,10,6,3,5,2,0,0,1,0,0,0,0,0,812011.566,5830584.1215
198588,13.313951742308511,52.48094769308317,200589,200589,11,0,4,4,2018,5,18,5,3,8,1,0,0,1,0,0,0,0,0,792899.4028,5823285.754
198589,13.385559371333716,52.46858781702993,200590,200590,11,0,7,7,2018,5,10,6,3,5,3,0,0,1,0,1,0,0,0,797842.3811,5822205.1541
198590,13.258819382680686,52.52181599743874,200591,200591,11,0,4,4,2018,5,17,5,3,2,6,0,0,1,0,0,0,0,0,788889.5618,5827605.9513
198591,13.36683917251543,52.55215072468255,200592,200592,11,0,1,1,2018,5,7,3,3,5,2,0,1,1,0,0,0,0,0,796008.8762,5831415.9352
198592,13.379304021124716,52.49221491294036,200593,200593,11,0,2,2,2018,5,10,6,3,5,2,0,1,1,0,0,0,0,0,797258.2544,5824805.4496
198593,13.378722182315194,52.57621518569688,200594,200594,11,0,3,3,2018,5,16,5,3,5,2,0,1,1,0,0,0,0,0,796651.3365,5834139.5413
198594,13.343314867100997,52.53101823463385,200595,200595,11,0,1,1,2018,5,20,2,3,1,5,0,1,1,0,0,0,1,0,794556.6802,5828970.6992
198595,13.250441011621378,52.41779917620885,200596,200596,11,0,6,6,2018,5,10,6,3,1,5,0,0,1,0,0,0,0,0,789002.9385,5816010.6647
198596,13.196138984573595,52.52102496500325,200597,200597,11,0,5,5,2018,5,13,5,3,5,3,0,1,1,0,0,0,0,0,784644.8604,5827268.7286
198597,13.254186514740612,52.44406802197146,200598,200598,11,0,6,6,2018,5,13,5,3,7,7,0,0,1,0,0,0,0,0,789085.334,5818945.5042
198598,13.366401831312626,52.56811198148526,200599,200599,11,0,12,12,2018,5,13,2,3,3,6,0,1,1,0,0,0,0,0,795871.6899,5833188.2168
198599,13.393572270904533,52.53390088107564,200600,200600,11,0,1,1,2018,5,9,6,3,0,1,0,0,0,0,1,0,0,0,797943.7857,5829497.6477
198600,13.438558053397006,52.45259325980444,200601,200601,11,0,8,8,2018,5,13,5,2,5,2,0,0,1,0,1,0,0,0,801549.3187,5820647.5564
198601,13.499365892633088,52.519706799222746,200602,200602,11,0,11,11,2018,5,11,5,2,6,7,0,0,1,1,0,0,0,0,805212.7476,5828362.6332
198602,13.40069977386332,52.50425890330453,200603,200603,11,0,2,2,2018,5,15,2,3,5,2,0,1,1,0,0,0,0,0,798628.0851,5826232.5052
198603,13.443157884894188,52.46988628611738,200604,200604,11,0,8,8,2018,5,9,6,3,5,2,0,1,1,0,0,0,0,0,801743.2372,5822588.8268
198604,13.384408840558832,52.52056364085892,200605,200605,11,0,1,1,2018,5,8,6,2,6,4,0,1,0,1,0,0,0,0,797412.9031,5827977.4029
198605,13.341087232045975,52.476148404560604,200606,200606,11,0,7,7,2018,5,0,5,3,6,4,2,0,1,1,0,0,0,0,794772.9963,5822862.8431
198606,13.351455195389812,52.50974403036609,200607,200607,11,0,1,1,2018,5,16,2,3,2,2,0,0,1,0,0,1,0,0,795251.2569,5826639.3805
198607,13.366171063997593,52.523956934352,200608,200608,11,0,1,1,2018,5,7,6,2,3,6,0,1,1,0,0,1,0,0,796153.53,5828279.484
198608,13.238767510505436,52.59894925327171,200609,200609,11,0,12,12,2018,5,16,5,2,0,5,0,1,0,0,0,0,1,0,787025.4851,5836099.4596
198609,13.437507058650574,52.59447896819602,200610,200610,11,0,3,3,2018,5,15,2,3,5,3,0,1,1,0,0,0,0,0,800506.7181,5836413.1855
198610,13.600847798627226,52.47865438798007,200611,200611,11,0,10,10,2018,5,7,6,3,2,6,0,0,1,0,0,0,0,0,812384.2066,5824234.6067
198611,13.392750094128935,52.49196760639832,200612,200612,11,0,2,2,2018,5,12,5,3,5,2,0,0,1,0,0,0,1,0,798172.1581,5824833.4663
198612,13.444918834379315,52.479245482174825,200613,200613,11,0,8,8,2018,5,15,4,3,1,5,0,1,1,0,0,0,0,0,801798.6341,5823636.4242
198613,13.31677722954131,52.501132388615645,200614,200614,11,0,4,4,2018,5,17,2,3,0,2,0,1,1,0,0,0,0,0,792956.8063,5825540.7664
198614,13.320885007044966,52.456819263450264,200615,200615,11,0,6,6,2018,5,7,6,3,6,2,0,0,1,1,0,0,0,0,793530.6061,5820632.0526
198615,13.271851503917155,52.53699084654528,200616,200616,11,0,5,5,2018,5,18,2,3,0,2,0,1,1,0,0,0,0,0,789673.1511,5829344.9692
198616,13.436380389824588,52.551937850529136,200617,200617,11,0,3,3,2018,5,5,6,3,5,3,1,0,1,0,0,0,0,0,800721.7828,5831680.1945
198617,13.42337580195159,52.50917613927335,200618,200618,11,0,1,1,2018,5,14,4,3,1,5,0,1,0,0,0,0,1,0,800132.5257,5826873.1885
198618,13.200771236269386,52.53846959934373,200619,200619,11,0,5,5,2018,5,16,4,3,5,2,0,0,1,0,0,0,0,0,784845.906,5829226.085
198619,13.34729471822,52.41210305260706,200620,200620,11,0,7,7,2018,5,6,2,3,5,2,0,0,1,0,0,0,0,0,795623.3038,5815769.6609
198620,13.435348663042667,52.53043001504898,200621,200621,11,0,3,3,2018,5,14,6,3,5,3,0,0,1,0,0,0,0,0,800799.0717,5829285.3762
198621,13.261440412456539,52.43691838110896,200622,200622,11,0,6,6,2018,5,16,4,3,6,4,0,1,0,1,0,0,0,0,789624.9668,5818179.8863
198622,13.330664565792894,52.42066589047053,200623,200623,11,0,6,6,2018,5,21,4,2,5,3,2,0,1,0,0,0,0,1,794435.8626,5816653.4532
198623,13.265683513971215,52.416595398158826,200624,200624,11,0,6,6,2018,5,9,2,3,0,7,0,0,0,0,1,0,0,0,790046.7495,5815937.9849
198624,13.202128014843602,52.53139585295779,200625,200625,11,0,5,5,2018,5,12,6,3,0,1,0,0,0,0,0,0,1,0,784983.7174,5828445.1644
198625,13.327638222449082,52.56397145827254,200626,200626,11,0,12,12,2018,5,13,6,3,0,2,0,0,0,1,0,0,1,0,793273.9996,5832569.5226
198626,13.343360082004207,52.531842929615294,200627,200627,11,0,1,1,2018,5,22,2,3,2,2,2,0,1,0,0,0,0,0,794554.2193,5829062.5485
198627,13.395187510057333,52.53920847571225,200628,200628,11,0,1,1,2018,5,13,6,3,6,7,0,0,1,1,0,0,0,0,798017.2743,5830094.2523
198628,13.501446972041109,52.54683893921237,200629,200629,11,0,11,11,2018,5,14,4,3,5,3,0,0,1,0,1,0,0,0,805165.4090000001,5831387.0064
198629,13.256445396794506,52.48626478791649,200630,200630,11,0,4,4,2018,5,7,2,3,5,3,0,1,0,0,0,0,1,0,788961.945,5823644.8270000005
198630,13.249883605190947,52.42086186714239,200631,200631,11,0,6,6,2018,5,13,6,3,2,6,0,0,1,0,0,0,0,0,788945.0082,5816348.8587
198631,13.305853805517962,52.62062367475225,200632,200632,11,0,12,12,2018,5,13,4,3,2,2,0,0,1,0,0,0,0,0,791421.8391,5838778.0675
198632,13.265626796140811,52.44221351438559,200633,200633,11,0,6,6,2018,5,15,2,3,5,2,0,1,1,0,0,0,0,0,789874.5557,5818785.2562
198633,13.328109266644725,52.569472662908794,200634,200634,11,0,12,12,2018,5,12,4,3,6,4,0,0,1,1,0,0,0,0,793269.1577,5833182.9018
198634,13.292044147487323,52.57552453052953,200635,200635,11,0,12,12,2018,5,11,2,3,2,6,0,0,1,0,0,0,0,0,790786.5262,5833709.3959
198635,13.491634500817792,52.50325193352678,200636,200636,11,0,11,11,2018,5,11,2,3,5,2,0,0,1,0,1,0,0,0,804802.5673,5826501.0738
198636,13.324893756068366,52.50236116087221,200637,200637,11,0,4,4,2018,5,16,5,3,2,6,0,1,1,0,0,0,0,0,793499.1656,5825710.347
198637,13.194679234813329,52.51943429845831,200638,200638,11,0,5,5,2018,5,11,4,3,1,5,0,1,1,0,0,0,0,0,784556.1752,5827086.156
198638,13.275637565073175,52.50153630223975,200639,200639,11,0,4,4,2018,5,10,2,3,5,2,0,1,1,0,0,0,0,0,790163.5649,5825419.3411
198639,13.369008122429605,52.42934156117694,200640,200640,11,0,6,6,2018,5,21,5,3,6,7,0,0,1,1,0,0,0,0,796983.1043,5817774.8097
198640,13.382887628965154,52.53070044312656,200641,200641,11,0,1,1,2018,5,10,2,3,6,4,0,0,1,1,0,0,0,0,797241.2312,5829097.8148
198641,13.308538153944893,52.49006801678936,200642,200642,11,0,4,4,2018,5,9,4,3,5,2,0,1,1,0,0,0,0,0,792471.4416,5824277.5165
198642,13.47144083496486,52.5074043040728,200643,200643,11,0,2,2,2018,5,9,2,3,7,7,0,1,0,0,0,0,0,0,803404.3143,5826877.4183
198643,13.183376150411535,52.5418107459373,200644,200644,11,0,5,5,2018,5,15,5,3,2,6,0,0,1,0,0,0,1,0,783645.3652,5829528.8797
198644,13.325391608687015,52.4616573162042,200645,200645,11,0,6,6,2018,5,15,5,3,6,4,0,1,0,1,0,0,0,0,793804.3521,5821188.1426
198645,13.35213454991668,52.50553696450406,200646,200646,11,0,1,1,2018,5,12,2,3,5,2,0,1,1,0,0,0,0,0,795325.5656,5826174.5507
198646,13.343609910671216,52.55864454617101,200647,200647,11,0,1,1,2018,5,14,5,3,5,3,0,1,1,0,0,0,0,0,794391.5302,5832042.562999999
198647,13.376631676884895,52.58735273011986,200648,200648,11,0,3,3,2018,5,9,4,3,2,6,0,1,1,0,0,0,0,0,796434.5313,5835368.8597
198648,13.211225341760757,52.56839721508923,200649,200649,11,0,5,5,2018,5,8,2,3,2,6,0,0,1,0,0,0,0,0,785359.9770000001,5832594.0458
198649,13.398386209561446,52.5070538339441,200650,200650,11,0,2,2,2018,5,14,5,3,5,3,0,1,0,0,1,0,0,0,798452.2104,5826533.5757
198650,13.519560232222506,52.42830368261406,200651,200651,11,0,9,9,2018,5,9,4,3,5,2,0,0,1,0,0,0,0,0,807218.7294,5818289.5685
198651,13.379971200784526,52.55274654429506,200652,200652,11,0,1,1,2018,5,13,2,3,0,6,0,0,1,0,1,0,0,0,796894.5589,5831536.1805
198652,13.452117213515727,52.55766695665882,200653,200653,11,0,3,3,2018,5,14,4,3,5,3,0,1,1,0,0,0,0,0,801748.5861,5832382.747
198653,13.376312305140154,52.45887653234847,200654,200654,11,0,7,7,2018,5,8,2,3,5,2,0,1,1,0,0,0,0,0,797280.1929,5821087.6305
198654,13.325885300309286,52.5056906600269,200655,200655,11,0,4,4,2018,5,23,5,3,2,6,2,0,1,0,0,0,0,0,793544.2107,5826084.4571
198655,13.434682478716178,52.462007907922036,200656,200656,11,0,8,8,2018,5,8,2,3,5,2,0,0,1,0,0,0,0,0,801221.807,5821677.7636
198656,13.35688645092011,52.5236197668239,200657,200657,11,0,1,1,2018,5,23,5,3,5,2,2,0,1,0,0,0,0,0,795526.3455,5828203.908
198657,13.607716349628982,52.51802512654375,200658,200658,11,0,10,10,2018,5,6,4,3,2,2,0,0,1,0,0,0,0,0,812570.5314,5828639.9999
198658,13.39115942389915,52.536203235795014,200659,200659,11,0,1,1,2018,5,8,2,3,5,2,0,1,0,0,0,1,0,0,797764.6481,5829743.5789
198659,13.428631384741538,52.48124077725361,200660,200660,11,0,8,8,2018,5,14,5,3,1,5,0,1,1,0,0,0,0,0,800679.7068,5823790.172
198660,13.593152178624885,52.43263632689097,200661,200661,11,0,9,9,2018,5,8,2,3,5,2,0,1,1,0,0,0,0,0,812187.7685,5819086.8913
198661,13.331289189562776,52.51375759810171,200662,200662,11,0,4,4,2018,5,13,5,3,5,7,0,0,1,0,1,0,0,0,793856.8394,5827003.1081
198662,13.350155985350588,52.414286103835316,200663,200663,11,0,7,7,2018,5,22,4,2,5,2,2,0,1,0,1,0,0,0,795803.152,5816024.0228
198663,13.285072436653287,52.518720420576365,200664,200664,11,0,4,4,2018,5,22,4,2,6,4,2,0,1,1,0,0,0,0,790689.9890000001,5827367.387999999
198664,13.375487028278506,52.48932045994486,200665,200665,11,0,2,2,2018,5,8,2,3,5,3,0,1,1,0,0,0,0,0,797018.8223,5824468.0115
198665,13.403152983971017,52.53195109975176,200666,200666,11,0,1,1,2018,5,22,5,2,0,1,2,1,0,0,0,0,0,0,798606.3993,5829320.5789
198666,13.372777255732386,52.54826257327073,200667,200667,11,0,1,1,2018,5,20,4,3,0,1,1,1,0,0,0,0,0,1,796437.4239,5831008.1795
198667,13.526144071178095,52.42377860966983,200668,200668,11,0,9,9,2018,5,12,5,3,6,4,0,0,1,1,0,0,0,0,807697.5825,5817814.6883
198668,13.317510519816176,52.50609941837733,200669,200669,11,0,4,4,2018,5,20,4,3,5,2,1,0,1,0,0,0,0,1,792973.4765,5826095.833
198669,13.442294163731654,52.546609811508645,200670,200670,11,0,3,3,2018,5,8,2,3,5,3,0,1,0,0,0,0,1,0,801158.9638,5831112.6996
198670,13.428955110620482,52.48739253980046,200671,200671,11,0,8,8,2018,5,11,5,3,2,2,0,0,1,0,1,0,0,0,800659.6682,5824475.2652
198671,13.46711004620034,52.55996118128332,200672,200672,11,0,3,3,2018,5,18,4,3,2,6,0,1,1,0,0,0,0,0,802748.3916,5832700.6298
198672,13.355962715110063,52.494588665906754,200673,200673,11,0,7,7,2018,5,19,4,2,6,4,0,1,0,1,0,0,0,0,795658.7453,5824973.3438
198673,13.44151051839356,52.5515040205485,200674,200674,11,0,3,3,2018,5,8,2,3,5,7,0,1,1,0,0,0,0,0,801072.3219,5831653.3968
198674,13.282100073074893,52.43291894158949,200675,200675,11,0,6,6,2018,5,22,5,3,2,2,2,1,1,0,0,0,0,0,791054.7947,5817818.4412
198675,13.217550080537254,52.56041136222661,200676,200676,11,0,5,5,2018,5,7,2,3,5,2,0,1,1,0,0,0,0,0,785840.3272,5831731.4464
198676,13.448822185867057,52.47862147346475,200677,200677,11,0,8,8,2018,5,11,5,3,6,4,0,0,1,1,0,0,0,0,802067.8035,5823583.4074
198677,13.382334960249514,52.489847899247856,200678,200678,11,0,2,2,2018,5,19,4,3,5,7,0,0,1,0,0,0,0,0,797479.878,5824554.8577
198678,13.246540821305153,52.54424345557656,200679,200679,11,0,5,5,2018,5,6,2,3,3,6,0,0,1,0,0,0,1,0,787910.1477,5830049.7124
198679,13.374248246111836,52.52794635539506,200680,200680,11,0,1,1,2018,5,11,5,3,5,3,0,1,1,0,0,0,0,0,796674.202,5828756.1133
198680,13.576860790772901,52.495382941130714,200681,200681,11,0,10,10,2018,5,17,4,3,5,2,0,1,1,0,0,0,0,0,810638.4015,5825990.2
198681,13.526561092489159,52.48587731135842,200682,200682,11,0,11,11,2018,5,6,2,3,2,6,0,0,1,0,0,1,0,0,807292.6887,5824718.2342
198682,13.605579385128832,52.48779505239381,200683,200683,11,0,10,10,2018,5,11,5,3,5,3,0,1,1,0,0,0,0,0,812640.3779,5825270.9941
198683,13.208905828815105,52.56443708426489,200684,200684,11,0,5,5,2018,5,8,4,3,6,4,0,0,1,1,0,0,0,0,785228.5999,5832144.674
198684,13.338695549348678,52.601311027534926,200685,200685,11,0,12,12,2018,5,7,4,3,6,4,0,0,1,1,0,0,0,0,793772.8642,5836764.8875
198685,13.469213570015711,52.53142217855197,200686,200686,11,0,11,11,2018,5,14,5,3,2,6,0,0,1,0,0,1,0,0,803087.6903,5829537.507
198686,13.337939806581627,52.51380328429378,200687,200687,11,0,1,1,2018,5,7,4,3,5,2,0,1,0,0,0,0,1,0,794307.5215,5827035.3112
198687,13.406303092703133,52.39848689496906,200688,200688,11,0,7,7,2018,5,15,1,3,5,2,0,1,1,0,0,0,0,0,799726.3546,5814499.5254
198688,13.408921699722647,52.571094307313174,200689,200689,11,0,3,3,2018,5,9,5,3,2,6,0,1,1,0,0,0,0,0,798731.0994,5833695.1527
198689,13.402910296910493,52.49391374022593,200690,200690,11,0,2,2,2018,5,13,6,3,5,2,0,0,1,0,0,0,0,0,798848.2508,5825091.8270000005
198690,13.312997287709017,52.58058200450384,200691,200691,11,0,12,12,2018,5,17,4,3,6,4,0,0,1,1,0,0,0,0,792171.7321,5834356.3157
198691,13.378359879184668,52.477925903936956,200692,200692,11,0,7,7,2018,5,18,5,3,5,2,0,0,1,0,1,0,0,0,797290.6545,5823213.3646
198692,13.350761727431507,52.51159338960301,200693,200693,11,0,1,1,2018,5,11,4,3,6,6,0,1,0,1,0,0,0,0,795191.8188,5826842.0961
198693,13.328454096644613,52.464815553481294,200694,200694,11,0,7,7,2018,5,18,4,3,5,2,0,0,1,0,1,0,0,0,793991.2018,5821551.6542
198694,13.496193582937071,52.41575595073304,200695,200695,11,0,8,8,2018,5,16,4,3,0,2,0,0,1,0,0,0,1,0,805718.1262,5816795.7765
198695,13.339007539636741,52.49227957518734,200696,200696,11,0,7,7,2018,5,10,4,3,5,2,0,1,1,0,0,0,0,0,794523.9418,5824647.3181
198696,13.3397713169357,52.588009660653476,200697,200697,11,0,12,12,2018,5,13,6,3,5,2,0,1,0,0,0,0,1,0,793934.7931,5835290.8249
198697,13.347930643694458,52.5962499643363,200698,200698,11,0,12,12,2018,5,9,6,3,2,6,0,0,1,0,0,0,0,0,794431.8337,5836240.0607
198698,13.55532437264057,52.497884711715784,200699,200699,11,0,10,10,2018,5,16,4,3,5,3,0,1,1,0,0,0,0,0,809159.92,5826175.6927
198699,13.428643738373324,52.58160380654951,200700,200700,11,0,3,3,2018,5,17,5,3,4,7,0,1,0,0,0,0,0,0,799994.844,5834945.208
198700,13.375218275701704,52.510025894474424,200701,200701,11,0,1,1,2018,5,21,4,3,1,5,2,1,1,0,0,0,0,0,796860.8944,5826768.2763
198701,13.387415005046446,52.5253701473489,200702,200702,11,0,1,1,2018,5,20,4,3,2,7,0,1,1,0,0,0,0,0,797584.1912,5828524.0415
198702,13.539967168005376,52.525940259620704,200703,200703,11,0,10,10,2018,5,16,5,3,5,2,0,1,1,0,0,0,0,0,807921.7676,5829228.1047
198703,13.322625711198578,52.48635813037154,200704,200704,11,0,4,4,2018,5,19,4,3,2,2,0,0,1,0,0,0,0,0,793451.985,5823922.3793
198704,13.370656648655247,52.4999488062926,200705,200705,11,0,1,1,2018,5,15,5,3,5,3,0,1,1,0,0,0,0,0,796619.4628,5825629.4535
198705,13.305568468244381,52.51343484183422,200706,200706,11,0,4,4,2018,5,14,4,3,0,5,0,0,1,0,0,0,0,0,792114.8144,5826862.722
198706,13.418437540052578,52.55352363897232,200707,200707,11,0,3,3,2018,5,6,5,3,5,3,0,1,1,0,0,0,0,0,799495.3392,5831781.7251
198707,13.154903046758163,52.52172805894626,200708,200708,11,0,5,5,2018,5,16,7,2,3,6,0,0,1,0,0,0,0,0,781844.4001,5827184.8956
198708,13.419824457104573,52.490008602884025,200709,200709,11,0,2,2,2018,5,19,4,3,2,7,0,1,0,0,0,0,1,0,800022.3254,5824728.0084
198709,13.588001352871787,52.52472985318424,200710,200710,11,0,10,10,2018,5,21,6,2,8,1,0,0,0,0,1,0,0,0,811186.4308,5829299.8609
198710,13.306486312902765,52.555063872155095,200711,200711,11,0,12,12,2018,5,8,6,3,2,6,0,0,1,0,0,0,1,0,791900.4907,5831493.5537
198711,13.525958603207894,52.493541808909214,200712,200712,11,0,11,11,2018,5,19,4,3,5,2,0,1,1,0,0,0,0,0,807198.3208,5825567.5163
198712,13.415750149930071,52.52669601374384,200713,200713,11,0,1,1,2018,5,15,5,3,5,2,0,1,0,0,0,0,1,0,799496.0523,5828788.7515
198713,13.40522192983451,52.50518470568223,200714,200714,11,0,2,2,2018,5,18,4,3,5,2,0,1,1,0,0,0,0,0,798928.5085,5826354.1426
198714,13.402306166407206,52.6028819498018,200715,200715,11,0,3,3,2018,5,17,4,3,5,2,0,1,1,0,0,0,0,0,798067.0422,5837200.8696
198715,13.398728610516846,52.48888827027513,200716,200716,11,0,2,2,2018,5,17,4,3,1,5,0,1,1,0,0,0,0,0,798598.6472,5824515.9403
198716,13.322773290026705,52.4890542745257,200717,200717,11,0,4,4,2018,5,18,6,3,5,5,0,1,1,0,0,0,0,0,793444.0302,5824222.6564
198717,13.311949950004106,52.5005839028747,200718,200718,11,0,4,4,2018,5,22,4,3,0,2,2,0,1,0,0,0,1,0,792633.012,5825460.2033
198718,13.57340518657224,52.444473141382396,200719,200719,11,0,9,9,2018,5,22,4,2,6,4,2,0,0,1,0,1,0,0,810762.9219,5820317.1973
198719,13.328407782203527,52.46799537624374,200720,200720,11,0,7,7,2018,5,17,6,3,5,2,0,1,1,0,0,0,0,0,793966.8439,5821904.9019
198720,13.231364674810376,52.52776607601319,200721,200721,11,0,5,5,2018,5,10,5,3,6,7,0,1,0,1,0,0,0,0,786989.2706,5828157.6755
198721,13.32759180919328,52.468986166410254,200722,200722,11,0,7,7,2018,5,18,4,3,0,1,0,1,0,0,0,0,0,0,793904.8449,5822011.7036
198722,13.494545229187935,52.503702813210666,200723,200723,11,0,11,11,2018,5,15,4,3,0,4,0,0,0,1,0,0,1,0,804996.8589,5826563.4941