,X,Y,OBJECTID_1,OBJECTID,ULAND,UREGBEZ,UKREIS,UGEMEINDE,UJAHR,UMONAT,USTUNDE,UWOCHENTAG,UKATEGORIE,UART,UTYP1,ULICHTVERH,IstRad,IstPKW,IstFuss,IstKrad,IstGkfz,IstSonstig,STRZUSTAND,LINREFX,LINREFY
198723,13.460906960872867,52.52979386544226,200724,200724,11,0,11,11,2018,5,15,4,3,5,3,0,1,0,0,0,0,1,0,802535.8662,5829321.6326
198724,13.49596361781758,52.56688714187218,200725,200725,11,0,11,11,2018,5,15,4,3,5,3,0,1,1,0,0,0,0,0,804654.7687,5833592.0354
198725,13.617131982888957,52.455295272213974,200726,200726,11,0,9,9,2018,5,16,4,3,0,3,0,1,1,0,0,0,0,0,813655.4963,5821709.1678
198726,13.422673296043188,52.544625788954676,200727,200727,11,0,3,3,2018,5,15,6,3,5,3,0,0,1,0,0,0,0,0,799843.0269,5830810.3709
198727,13.24546037080053,52.43995314612168,200728,200728,11,0,6,6,2018,5,16,4,3,1,5,0,1,0,0,0,0,1,0,788519.5609,5818453.2096
198728,13.42516804514797,52.52793657610793,200729,200729,11,0,3,3,2018,5,19,5,3,2,6,0,0,1,0,1,0,0,0,800126.0169,5828965.805
198729,13.430163749817812,52.510147419277175,200730,200730,11,0,2,2,2018,5,16,4,3,5,2,0,1,1,0,0,0,0,0,800586.223,5827009.419
198730,13.297901859334136,52.57816370473019,200731,200731,11,0,12,12,2018,5,15,4,3,6,2,0,0,1,1,0,0,0,0,791165.6833,5834026.4032
198731,13.470241248988945,52.51546652531921,200732,200732,11,0,2,2,2018,5,20,5,3,1,5,1,1,0,0,0,0,1,0,803267.3743,5827768.4433
198732,13.444533959280687,52.501014560180856,200733,200733,11,0,2,2,2018,5,15,4,3,5,2,0,1,1,0,0,0,0,0,801623.3327,5826054.3471
198733,13.42146291411422,52.57540364952549,200734,200734,11,0,3,3,2018,5,15,4,3,5,3,0,0,1,0,0,0,1,0,799550.9898,5834226.1982
198734,13.354481790261913,52.5096599812718,200735,200735,11,0,1,1,2018,5,15,4,3,3,6,0,0,1,0,1,0,0,0,795457.0765,5826642.4356
198735,13.230810818521974,52.60928670455376,200736,200736,11,0,12,12,2018,5,16,4,2,5,3,0,0,1,0,1,0,0,0,786419.4291,5837216.8373
198736,13.50876967621618,52.452587540602465,200737,200737,11,0,9,9,2018,5,14,5,3,2,6,0,0,0,0,1,0,1,0,806316.9129,5820942.663
198737,13.576513824579251,52.561368268365705,200738,200738,11,0,10,10,2018,5,16,4,2,5,3,0,1,1,0,0,0,0,0,810148.9676,5833322.342
198738,13.454006979615967,52.469179877716684,200739,200739,11,0,8,8,2018,5,12,6,3,5,3,0,0,1,0,1,0,0,0,802484.4859999999,5822555.747
198739,13.22951739093824,52.585188185456964,200740,200740,11,0,12,12,2018,5,15,4,2,5,3,0,1,1,0,0,0,0,0,786489.2733,5834533.0334
198740,13.508234327917545,52.45036533217332,200741,200741,11,0,9,9,2018,5,20,5,3,5,3,0,1,1,0,0,0,0,0,806296.0013,5820693.4084
198741,13.466179163393914,52.49690103982084,200742,200742,11,0,2,2,2018,5,15,4,2,5,2,0,1,1,0,0,0,0,0,803119.8198,5825687.9092
198742,13.26162556511806,52.543071948142604,200743,200743,11,0,5,5,2018,5,14,5,3,5,3,0,0,1,0,0,0,0,0,788940.0854,5829979.8573
198743,13.42697817110674,52.51179815102104,200744,200744,11,0,2,2,2018,5,15,4,2,5,2,0,0,1,0,0,0,0,0,800358.9229,5827179.6162
198744,13.371245583257208,52.51113328730219,200745,200745,11,0,1,1,2018,5,5,5,3,5,2,0,1,0,0,1,0,0,0,796584.0157,5826875.0131
198745,13.512589838318686,52.55523451859157,200746,200746,11,0,11,11,2018,5,17,4,2,6,4,0,0,1,1,0,0,0,0,805861.9407,5832367.362000001
198746,13.196335666213493,52.54621543235621,200747,200747,11,0,5,5,2018,5,23,6,3,1,1,2,0,1,0,0,0,1,0,784495.1329999999,5830069.557999999
198747,13.306765840771416,52.500889371941994,200748,200748,11,0,4,4,2018,5,18,5,3,6,2,0,0,1,1,0,0,0,0,792279.333,5825473.1335
198748,13.371910986947723,52.446710152604815,200749,200749,11,0,7,7,2018,5,7,4,3,5,3,0,0,1,0,0,0,0,0,797063.3331,5819717.238
198749,13.341124975660925,52.4639304489199,200750,200750,11,0,6,6,2018,5,7,4,3,5,2,0,1,1,0,0,0,0,0,794857.3124,5821504.9806
198750,13.206485833915016,52.534827466079534,200751,200751,11,0,5,5,2018,5,17,6,3,6,4,0,1,0,1,0,0,0,0,785256.8543,5828843.8403
198751,13.359723973781087,52.549013585818,200752,200752,11,0,1,1,2018,5,6,6,3,0,1,0,0,0,0,1,0,0,0,795547.9164,5831038.043
198752,13.199107174579208,52.534850445488864,200753,200753,11,0,5,5,2018,5,7,4,3,2,6,0,0,1,0,0,0,0,0,784756.566,5828817.2231
198753,13.223436208791446,52.5372895714061,200754,200754,11,0,5,5,2018,5,16,5,3,2,6,0,0,1,0,1,0,0,0,786389.7365,5829184.7213
198754,13.372122533010595,52.46978650496303,200755,200755,11,0,7,7,2018,5,6,4,3,5,2,0,0,1,0,0,0,0,0,796922.2079,5822282.9987
198755,13.12699349401174,52.4770970178679,200756,200756,11,0,5,5,2018,5,14,5,3,3,6,0,1,0,0,0,0,0,0,780236.0248,5822115.094
198756,13.440683626361034,52.51726666985485,200757,200757,11,0,2,2,2018,5,6,4,3,5,2,0,1,0,0,0,0,1,0,801250.8631,5827844.6013
198757,13.274818491078587,52.541602661125715,200758,200758,11,0,4,4,2018,5,12,7,3,1,5,0,0,1,0,1,0,0,0,789843.8292,5829869.5103
198758,13.415280572683288,52.52069115734577,200759,200759,11,0,1,1,2018,5,6,4,3,2,6,0,0,1,0,1,0,0,0,799505.118,5828119.38
198759,13.394041327128432,52.53219997705077,200760,200760,11,0,1,1,2018,5,15,6,3,5,3,0,1,1,0,0,0,0,0,797987.108,5829310.535
198760,13.381350826211385,52.5558799082924,200761,200761,11,0,1,1,2018,5,7,6,3,4,6,0,1,0,0,0,0,0,0,796966.8434,5831890.1336
198761,13.314508320492251,52.51023239524417,200762,200762,11,0,4,4,2018,5,0,4,3,4,6,2,1,0,0,0,0,0,0,792742.3570000001,5826543.0229
198762,13.341869010684904,52.45876756760108,200763,200763,11,0,6,6,2018,5,9,6,3,1,5,0,1,1,0,0,0,0,0,794942.3721,5820934.1715
198763,13.339697746710579,52.52575244561221,200764,200764,11,0,1,1,2018,5,6,4,3,0,6,0,0,1,0,1,0,0,0,794346.7465,5828370.634
198764,13.512071241803492,52.568061281503354,200765,200765,11,0,11,11,2018,5,17,5,3,2,6,0,1,0,0,0,1,0,0,805737.483,5833790.768999999
198765,13.165076638030698,52.5334681165039,200766,200766,11,0,5,5,2018,5,6,4,2,3,6,0,0,1,0,0,1,1,0,782458.7788,5828529.6933
198766,13.328792833371955,52.43622239619354,200767,200767,11,0,6,6,2018,5,13,4,3,6,7,0,0,1,1,0,0,0,0,794204.9292,5818374.9173
198767,13.346175797363346,52.52497162418592,200768,200768,11,0,1,1,2018,5,13,4,3,5,2,0,1,1,0,0,0,0,0,794791.1456,5828310.3152
198768,13.47970098234289,52.498513251514254,200769,200769,11,0,11,11,2018,5,17,6,3,2,6,0,1,1,0,0,0,0,0,804025.9241,5825924.0201
198769,13.34455219130198,52.5383855680413,200770,200770,11,0,1,1,2018,5,13,5,3,6,2,0,0,1,1,0,0,0,0,794591.1723,5829794.6323
198770,13.328676280557113,52.46525364139698,200771,200771,11,0,7,7,2018,5,6,4,3,6,4,0,1,0,1,0,0,0,0,794003.3625,5821601.2529
198771,13.432713994145885,52.47838372925086,200772,200772,11,0,8,8,2018,5,12,4,3,2,2,0,0,1,0,0,0,0,0,800976.2746,5823489.6495
198772,13.426987836080876,52.552213216614035,200773,200773,11,0,3,3,2018,5,16,5,2,5,3,0,1,1,0,0,0,0,0,800083.5555,5831671.6464
198773,13.544202803621745,52.54090155222961,200774,200774,11,0,10,10,2018,5,7,5,3,6,4,0,1,0,1,0,0,0,0,808103.9956,5830909.0313
198774,13.426761763361506,52.476167647497384,200775,200775,11,0,8,8,2018,5,12,4,3,5,2,0,1,0,0,0,1,0,0,800587.4566,5823218.5219
198775,13.446521822308302,52.49863144376335,200776,200776,11,0,2,2,2018,5,14,1,3,1,5,0,1,1,0,0,0,0,0,801774.5073,5825797.7913
198776,13.376743951024062,52.491456704327604,200777,200777,11,0,2,2,2018,5,12,4,3,5,2,0,1,1,0,0,0,0,0,797089.6864,5824710.6278
198777,13.250365541459393,52.45342479606005,200778,200778,11,0,6,6,2018,5,12,4,3,5,3,0,1,1,0,0,0,0,0,788764.5299,5819970.2357
198778,13.391664388479926,52.54375679408341,200779,200779,11,0,1,1,2018,5,11,4,3,6,7,0,0,1,1,0,0,0,0,797747.6909,5830585.227000001
198779,13.385419889021232,52.46712304921644,200780,200780,11,0,7,7,2018,5,16,6,2,5,3,0,0,1,0,0,0,1,0,797842.8142,5822041.7729
198780,13.43329511609982,52.529160810176705,200781,200781,11,0,3,3,2018,5,11,4,3,6,4,0,1,0,1,0,0,0,0,800668.556,5829135.7416
198781,13.355594630422411,52.45990130088636,200782,200782,11,0,7,7,2018,5,20,5,2,4,7,0,1,0,0,0,0,0,0,795866.6772,5821116.3772
198782,13.197181818125696,52.54378851477502,200783,200783,11,0,5,5,2018,5,10,4,3,3,6,0,0,1,0,0,1,0,0,784568.1875,5829803.1333
198783,13.424876815824428,52.52811631046614,200784,200784,11,0,3,3,2018,5,10,4,3,3,6,0,1,0,0,0,1,0,0,800105.0484,5828984.5694
198784,13.179866907805284,52.50368412256977,200785,200785,11,0,5,5,2018,5,18,5,3,1,1,0,0,1,0,0,0,0,0,783653.3331,5825277.0825
198785,13.243072414315055,52.60159351961092,200786,200786,11,0,12,12,2018,5,10,4,3,5,3,0,0,1,0,1,0,0,0,787299.5254,5836410.5443
198786,13.312441330261139,52.42229171067794,200787,200787,11,0,6,6,2018,5,10,4,2,6,4,0,0,1,1,0,0,0,0,793186.6931,5816759.998
198787,13.433606876419153,52.505051964931475,200788,200788,11,0,2,2,2018,5,13,5,3,2,6,0,0,1,0,0,0,1,0,800854.5587,5826457.4392
198788,13.532076033274695,52.56793955871858,200789,200789,11,0,11,11,2018,5,7,6,3,6,4,0,0,0,1,1,0,0,0,807093.1175,5833862.3253
198789,13.553060271374907,52.43971153060898,200790,200790,11,0,9,9,2018,5,10,4,3,6,4,0,0,1,1,0,0,0,0,809414.6458,5819700.5655
198790,13.324933272957717,52.608193116948,200791,200791,11,0,12,12,2018,5,6,5,3,5,2,0,0,1,0,1,0,0,0,792795.5263,5837473.7907
198791,13.43141720326971,52.58059143199606,200792,200792,11,0,3,3,2018,5,16,5,3,5,7,0,0,1,0,0,0,0,0,800189.545,5834844.24
198792,13.396655351841687,52.532458133400404,200793,200793,11,0,1,1,2018,5,9,4,3,0,1,0,1,0,0,0,0,0,0,798162.5394,5829350.0378
198793,13.307023356322324,52.52573196350007,200794,200794,11,0,4,4,2018,5,8,4,3,1,5,0,0,1,0,1,0,0,0,792131.7833,5828235.454
198794,13.259329417352912,52.430745213205434,200795,200795,11,0,6,6,2018,5,5,6,2,5,3,0,1,0,0,0,0,0,0,789522.0699,5817485.2579
198795,13.340450615767047,52.48828018600946,200796,200796,11,0,7,7,2018,5,17,3,2,2,6,0,1,0,0,0,0,0,0,794648.6109999999,5824208.682
198796,13.316941888037947,52.50605143260268,200797,200797,11,0,4,4,2018,5,19,5,3,6,7,0,0,0,1,0,0,1,0,792935.2293,5826088.1893
198797,13.391831844330358,52.51042387910601,200798,200798,11,0,1,1,2018,5,18,3,3,3,6,0,1,1,0,0,0,0,0,797984.865,5826881.04
198798,13.565259648054795,52.5447963836589,200799,200799,11,0,10,10,2018,5,16,3,3,2,6,0,0,1,0,1,0,0,0,809503.4571,5831432.1378
198799,13.299377455376,52.44051842114257,200800,200800,11,0,6,6,2018,5,8,5,2,5,2,0,0,1,0,1,0,0,0,792178.2359999999,5818732.9328
198800,13.44864361156835,52.52656031183045,200801,200801,11,0,2,2,2018,5,11,3,2,3,6,0,0,0,0,1,1,0,0,801726.8016,5828910.8383
198801,13.429963470425204,52.5232870534397,200802,200802,11,0,2,2,2018,5,11,3,3,5,2,0,1,1,0,0,0,0,0,800482.8593,5828469.0043
198802,13.38055083153508,52.57468675127244,200803,200803,11,0,3,3,2018,5,17,6,3,3,6,0,0,1,0,1,0,0,0,796785.4962,5833977.1895
198803,13.509761385747135,52.63993133085857,200804,200804,11,0,3,3,2018,5,10,6,3,5,3,0,1,1,0,0,0,0,0,805080.5171,5841768.8691
198804,13.459959362215619,52.55706221041285,200805,200805,11,0,3,3,2018,5,6,3,3,5,3,0,1,0,0,1,0,0,0,802283.9806,5832348.4017
198805,13.416581402384978,52.523664228840296,200806,200806,11,0,1,1,2018,5,8,5,2,0,1,0,1,0,0,0,0,0,0,799573.058,5828455.2322
198806,13.291591490008905,52.5107064616266,200807,200807,11,0,4,4,2018,5,17,5,3,5,3,0,1,1,0,0,0,0,0,791185.055,5826502.927
198807,13.393737375863864,52.52860726926424,200808,200808,11,0,1,1,2018,5,12,1,3,4,2,0,0,1,0,1,0,0,0,797990.8576,5828909.9573
198808,13.540037565380914,52.45071206652978,200809,200809,11,0,9,9,2018,5,14,3,3,2,3,0,1,0,0,0,0,0,0,808453.1697,5820867.4231
198809,13.491964576887483,52.56516792035221,200810,200810,11,0,11,11,2018,5,13,5,3,2,6,0,0,1,0,0,0,0,0,804395.8519,5833384.0511
198810,13.198515713914675,52.542868777505255,200811,200811,11,0,5,5,2018,5,21,3,3,5,2,0,0,1,0,0,0,0,0,784664.5407,5829706.1665
198811,13.525511959950313,52.407634248895604,200812,200812,11,0,9,9,2018,5,16,6,3,0,1,0,1,1,0,0,0,0,0,807767.1779,5816017.6827
198812,13.253105870199914,52.54772432441089,200813,200813,11,0,5,5,2018,5,19,3,3,5,7,0,1,1,0,0,0,0,0,788332.1947,5830462.8658
198813,13.409370506123409,52.488753033588274,200814,200814,11,0,2,2,2018,5,16,7,3,0,6,0,1,1,0,0,0,0,0,799321.6002,5824545.0203
198814,13.41017042623952,52.43022593036157,200815,200815,11,0,8,8,2018,5,18,3,3,5,3,0,0,1,0,0,0,0,0,799773.6853,5818043.2566
198815,13.38654725224491,52.505515137155854,200816,200816,11,0,2,2,2018,5,19,6,3,2,2,0,1,0,0,0,0,1,0,797659.6964,5826313.6177
198816,13.440569625659911,52.55375979555911,200817,200817,11,0,3,3,2018,5,8,6,3,5,3,0,1,1,0,0,0,0,0,800993.118,5831900.1867
198817,13.449303103445967,52.474029067137835,200818,200818,11,0,8,8,2018,5,19,3,3,2,6,0,1,1,0,0,0,0,0,802131.9397,5823074.9979
198818,13.328827117574775,52.50318817052877,200819,200819,11,0,4,4,2018,5,13,5,3,6,7,0,0,1,1,0,0,0,0,793760.4419,5825818.2846
198819,13.500950405809931,52.56657189840757,200820,200820,11,0,11,11,2018,5,16,5,3,5,2,0,1,1,0,0,0,0,0,804994.6906,5833578.0972
198820,13.39057569413594,52.567759022015856,200821,200821,11,0,3,3,2018,5,17,3,3,4,2,0,1,1,0,0,0,0,0,797511.2885,5833248.5303
198821,13.232792743685538,52.527532652594424,200822,200822,11,0,5,5,2018,5,17,3,3,5,3,0,0,1,0,1,0,0,0,787087.6065,5828137.4153
198822,13.262062655690908,52.43823222194232,200823,200823,11,0,6,6,2018,5,16,3,3,5,2,0,1,1,0,0,0,0,0,789658.6098,5818328.4192
198823,13.376740996465076,52.49037610948335,200824,200824,11,0,2,2,2018,5,18,6,3,5,5,0,1,1,0,0,0,0,0,797096.7781,5824590.5096
198824,13.369537737680064,52.45831279948003,200825,200825,11,0,7,7,2018,5,18,3,3,0,1,0,0,0,0,1,0,0,0,796824.0277,5820997.0829
198825,13.440773108444807,52.56831004528549,200826,200826,11,0,3,3,2018,5,9,5,2,3,6,0,1,1,0,0,0,0,0,800907.1804,5833518.2402
198826,13.255864561403143,52.4512457236796,200827,200827,11,0,6,6,2018,5,17,3,3,0,7,0,1,0,0,0,0,0,0,789152.2397,5819750.0447
198827,13.40505235036674,52.54073660806768,200828,200828,11,0,3,3,2018,5,15,6,2,0,1,0,1,0,0,0,0,0,0,798675.4336,5830304.9344
198828,13.296393005863788,52.529283642288675,200829,200829,11,0,4,4,2018,5,16,3,3,5,2,0,0,1,0,0,0,0,0,791387.5746,5828587.2062
198829,13.281280929910032,52.51278230911151,200830,200830,11,0,4,4,2018,5,16,3,3,5,2,0,1,1,0,0,0,0,0,790472.1152,5826692.0762
198830,13.286875101205302,52.41781621039235,200831,200831,11,0,6,6,2018,5,12,5,2,6,2,0,0,1,1,0,0,0,0,791478.9296,5816159.0225
198831,13.30974281450385,52.476307013951704,200832,200832,11,0,4,4,2018,5,15,3,3,5,3,0,0,1,0,0,0,0,0,792644.6047,5822752.8587
198832,13.258872650082107,52.54813784464206,200833,200833,11,0,5,5,2018,5,15,3,2,5,2,0,1,1,0,0,0,0,0,788720.2386,5830531.9151
198833,13.398398505701046,52.41954191478457,200834,200834,11,0,7,7,2018,5,15,3,2,5,2,0,0,1,0,0,0,0,0,799046.3064,5816806.938999999
198834,13.377349830547203,52.5424072615549,200835,200835,11,0,1,1,2018,5,20,6,2,0,2,0,0,1,0,1,0,0,0,796786.796,5830376.1885
198835,13.46709141424301,52.428333942563924,200836,200836,11,0,8,8,2018,5,14,3,3,3,6,0,0,1,0,1,0,0,0,803653.806,5818070.9008
198836,13.588252341263852,52.53929815327448,200837,200837,11,0,10,10,2018,5,19,5,3,6,4,0,0,1,1,0,0,0,0,811100.314,5830920.0648
198837,13.375655340223409,52.455332556674435,200838,200838,11,0,7,7,2018,5,14,3,3,5,3,0,1,1,0,0,0,0,0,797259.4869,5820691.0188
198838,13.259956878002455,52.42853502576782,200839,200839,11,0,6,6,2018,5,14,3,3,6,7,0,1,0,1,0,0,0,0,789579.2045,5817242.1079
198839,13.362898425959079,52.562302001842575,200840,200840,11,0,12,12,2018,5,12,5,3,2,6,0,0,1,0,0,0,1,0,795673.5381,5832528.0615
198840,13.536138493467211,52.460105816474474,200841,200841,11,0,9,9,2018,5,14,3,3,5,2,0,1,1,0,0,0,0,0,808122.7326,5821894.7979
198841,13.322048043266914,52.494609550856374,200842,200842,11,0,4,4,2018,5,14,3,3,2,7,0,1,0,0,0,0,1,0,793357.8029,5824837.176
198842,13.141631133731314,52.455453993437615,200843,200843,11,0,5,5,2018,5,13,7,3,8,7,0,0,1,0,0,0,0,0,781367.6640000001,5819766.283
198843,13.466378754676983,52.5322572109523,200844,200844,11,0,11,11,2018,5,13,3,3,1,7,0,0,1,0,0,0,0,0,802889.79,5829618.4004
198844,13.403509966380105,52.528955903416794,200845,200845,11,0,1,1,2018,5,11,5,2,1,5,0,1,1,0,0,0,0,0,798650.9433,5828989.1497
198845,13.34653079000406,52.50986943668713,200846,200846,11,0,1,1,2018,5,13,3,3,1,5,0,1,1,0,0,0,0,0,794916.4565,5826633.1672
198846,13.388198853403786,52.50231833036606,200847,200847,11,0,2,2,2018,5,0,1,3,1,5,2,1,1,0,0,0,0,0,797793.3461,5825965.1188
198847,13.415252892894461,52.487980017925345,200848,200848,11,0,2,2,2018,5,13,3,3,3,6,0,1,0,0,0,1,0,0,799725.9721,5824483.5309
198848,13.514029591580766,52.46230522649692,200849,200849,11,0,9,9,2018,5,16,6,3,6,4,0,1,0,1,0,0,0,0,806606.4611,5822045.0531
198849,13.240357445015032,52.511927480695064,200850,200850,11,0,4,4,2018,5,13,3,2,5,2,0,0,1,0,1,0,0,0,787702.4941,5826432.9958
198850,13.267466258381793,52.40839882013624,200851,200851,11,0,6,6,2018,5,11,5,3,5,3,0,1,1,0,0,0,0,0,790221.7818,5815034.0856
198851,13.433407307593953,52.482110713277244,200852,200852,11,0,8,8,2018,5,19,5,3,0,1,0,1,0,0,0,0,0,0,800997.8520000001,5823906.7811
198852,13.405419216938892,52.46365833408244,200853,200853,11,0,7,7,2018,5,12,3,2,3,6,0,0,1,0,1,0,0,0,799223.936,5821739.4332
198853,13.261381737197125,52.436815243191106,200854,200854,11,0,6,6,2018,5,12,3,3,6,7,0,0,1,1,0,0,0,0,789621.6579999999,5818168.1869
198854,13.384601710646985,52.591193797684866,200855,200855,11,0,3,3,2018,5,10,5,3,2,6,0,0,1,0,1,0,0,0,796948.0731,5835828.6181
198855,13.490430201381605,52.427855062343475,200856,200856,11,0,8,8,2018,5,8,5,3,5,3,0,0,1,0,0,0,0,0,805242.7559999999,5818116.1177
198856,13.498525074917051,52.51570603546113,200857,200857,11,0,11,11,2018,5,10,3,3,4,2,0,0,1,0,0,1,0,0,805183.5029,5827914.4149
198857,13.300574284422293,52.5171148909037,200858,200858,11,0,4,4,2018,5,10,3,3,5,2,0,0,1,0,0,0,0,0,791751.7368,5827251.5431
198858,13.319138775557454,52.45398425858519,200859,200859,11,0,6,6,2018,5,16,6,3,2,6,0,0,1,0,1,0,0,0,793430.9074,5820309.84
198859,13.323186656092908,52.464515521375645,200860,200860,11,0,6,6,2018,5,9,6,3,5,3,0,1,1,0,0,0,0,0,793635.6089,5821496.8558
198860,13.329597622356895,52.495308197185345,200861,200861,11,0,4,4,2018,5,10,3,3,3,6,0,0,1,0,1,0,0,0,793865.3115,5824945.565
198861,13.3312374232462,52.41998490444114,200862,200862,11,0,6,6,2018,5,10,5,3,5,2,0,1,1,0,0,0,0,0,794479.3346,5816580.0986
198862,13.408367158917962,52.584321387294295,200863,200863,11,0,3,3,2018,5,12,6,3,2,2,0,0,0,0,1,0,1,0,798603.5340000001,5835163.0104
198863,13.428604651776984,52.51953232498192,200864,200864,11,0,2,2,2018,5,10,3,3,5,3,0,0,1,0,0,0,0,0,800416.3884,5828046.0173
198864,13.342590338095127,52.54726187130656,200865,200865,11,0,1,1,2018,5,10,5,2,5,7,0,0,1,0,0,0,0,0,794398.7387,5830773.2153
198865,13.229387900586634,52.62533695641269,200866,200866,11,0,12,12,2018,5,16,5,3,6,7,0,1,0,1,0,0,0,0,786218.3113,5838995.2409
198866,13.4836178696453,52.47990728404106,200867,200867,11,0,9,9,2018,5,9,3,3,2,7,0,0,1,0,0,0,0,0,804420.2409999999,5823872.602000001
198867,13.389958156277034,52.510002072131435,200868,200868,11,0,1,1,2018,5,9,3,3,6,4,0,0,1,1,0,0,0,0,797860.6562,5826826.4154
198868,13.28700441548707,52.41785049734412,200869,200869,11,0,6,6,2018,5,10,5,3,5,2,0,0,1,0,1,0,0,0,791487.4915,5816163.3556
198869,13.367276458921015,52.522480918160774,200870,200870,11,0,1,1,2018,5,14,7,3,5,2,0,0,1,0,1,0,0,0,796238.4134,5828119.9682
198870,13.430951601966386,52.45246622841767,200871,200871,11,0,8,8,2018,5,9,3,3,3,6,0,0,1,0,1,0,0,0,801033.6809,5820601.6772
198871,13.532079180073127,52.48411032216011,200872,200872,11,0,11,11,2018,5,15,6,3,5,3,0,1,1,0,0,0,0,0,807679.4375,5824545.3733
198872,13.450051206041536,52.47660923198186,200873,200873,11,0,8,8,2018,5,15,5,3,5,2,0,1,1,0,0,0,0,0,802165.0132,5823364.9041
198873,13.281283434413035,52.512765225258406,200874,200874,11,0,4,4,2018,5,8,6,2,6,4,0,0,0,1,0,1,0,0,790472.3978,5826690.1874
198874,13.315382442349108,52.50315142584726,200875,200875,11,0,4,4,2018,5,9,3,3,5,2,0,1,1,0,0,0,0,0,792848.7604,5825759.5184
198875,13.346120025458948,52.52497863422325,200876,200876,11,0,1,1,2018,5,10,5,3,5,2,0,1,1,0,0,0,0,0,794787.3176,5828310.8663
198876,13.567446549901595,52.57332264694292,200877,200877,11,0,10,10,2018,5,7,3,3,5,3,0,0,1,0,0,0,0,0,809450.5407,5834611.9699
198877,13.346061915239842,52.504060092680575,200878,200878,11,0,1,1,2018,5,9,3,3,5,2,0,1,1,0,0,0,0,0,794923.5947,5825985.5447
198878,13.579691988595982,52.41838828798972,200879,200879,11,0,9,9,2018,5,9,5,2,9,7,0,0,1,0,0,1,0,0,811373.9388,5817445.2303
198879,13.291608778984875,52.59594565538496,200880,200880,11,0,12,12,2018,5,17,5,3,5,2,0,0,1,0,0,0,0,0,790621.7515,5835977.4899
198880,13.343362175977138,52.52531864920351,200881,200881,11,0,1,1,2018,5,9,3,3,2,6,0,0,1,0,0,1,0,0,794598.0744,5828337.3856
198881,13.375084431215935,52.455416686636006,200882,200882,11,0,7,7,2018,5,8,3,3,2,2,0,1,1,0,0,0,0,0,797220.1545,5820698.0179
198882,13.408022382816966,52.51774558174606,200883,200883,11,0,1,1,2018,5,9,5,3,2,6,0,1,1,0,0,0,0,0,799033.0485,5827761.8594
198883,13.331155244465695,52.49316083399769,200884,200884,11,0,4,4,2018,5,8,3,2,6,4,0,1,0,1,0,0,0,0,793985.321,5824713.2337
198884,13.506392226426264,52.40299900890928,200885,200885,11,0,8,8,2018,5,17,6,3,5,3,0,1,1,0,0,0,0,0,806499.7609,5815421.1787
198885,13.286630609429377,52.51880433755086,200886,200886,11,0,4,4,2018,5,7,5,3,0,2,0,0,1,0,1,0,1,0,790795.0859,5827382.9987
198886,13.384995112554295,52.54897676583254,200887,200887,11,0,1,1,2018,5,8,3,3,2,6,0,0,1,0,1,0,0,0,797260.437,5831137.886
198887,13.494828871340593,52.54543411706138,200888,200888,11,0,11,11,2018,5,7,3,3,5,3,0,1,1,0,0,0,0,0,804726.7345,5831202.8645
198888,13.305566853073499,52.58204411985362,200889,200889,11,0,12,12,2018,5,9,5,3,6,4,0,0,1,1,0,0,0,0,791658.9096,5834488.722999999
198889,13.44158296213132,52.54761105221046,200890,200890,11,0,3,3,2018,5,7,3,3,6,7,0,0,1,1,0,0,0,0,801103.912,5831221.0117
198890,13.331081067877733,52.4953594712699,200891,200891,11,0,4,4,2018,5,13,1,3,5,2,0,0,1,0,0,0,0,0,793965.6061,5824957.3095
198891,13.558528209609813,52.493906176655656,200892,200892,11,0,10,10,2018,5,7,3,3,5,3,0,0,1,0,0,1,0,0,809405.2063,5825747.2557
198892,13.348025941471374,52.41469374902092,200893,200893,11,0,7,7,2018,5,14,6,2,6,2,0,0,1,1,0,0,0,0,795655.6541,5816060.6072
198893,13.525707476475278,52.46475048909548,200894,200894,11,0,9,9,2018,5,7,3,3,5,3,0,1,0,0,0,0,1,0,807382.1740000001,5822366.5184
198894,13.290177210273352,52.473497776357526,200895,200895,11,0,4,4,2018,5,16,3,3,6,2,0,0,1,1,0,0,0,0,791335.2629,5822361.4202
198895,13.219173308407875,52.596340884032486,200896,200896,11,0,12,12,2018,5,19,6,3,5,2,0,0,1,0,0,0,0,0,785716.2994,5835731.6248
198896,13.590821052259223,52.51414200211754,200897,200897,11,0,10,10,2018,5,23,2,2,0,3,2,1,0,0,0,0,1,0,811452.5556,5828135.3064
198897,13.384951712247991,52.55695742983917,200898,200898,11,0,1,1,2018,5,21,5,3,6,4,1,0,1,1,0,0,0,0,797203.4944,5832024.7437
198898,13.351522587900725,52.50955931055334,200899,200899,11,0,1,1,2018,5,10,2,3,5,2,0,1,1,0,0,0,0,0,795257.0669,5826619.125
198899,13.463535447563894,52.46346368336663,200900,200900,11,0,8,8,2018,5,17,2,3,5,2,0,1,1,0,0,0,0,0,803170.5816,5821960.4188
198900,13.39046345053951,52.56297805624502,200901,200901,11,0,1,1,2018,5,9,5,3,5,2,0,1,1,0,0,0,0,0,797536.0837,5832716.6715
198901,13.358029233725633,52.56956095296546,200902,200902,11,0,12,12,2018,5,9,2,3,6,4,0,0,1,1,0,0,0,0,795294.8951,5833314.9205