,X,Y,OBJECTID_1,OBJECTID,ULAND,UREGBEZ,UKREIS,UGEMEINDE,UJAHR,UMONAT,USTUNDE,UWOCHENTAG,UKATEGORIE,UART,UTYP1,ULICHTVERH,IstRad,IstPKW,IstFuss,IstKrad,IstGkfz,IstSonstig,STRZUSTAND,LINREFX,LINREFY
198902,13.319725037671411,52.45279988853975,200903,200903,11,0,6,6,2018,5,14,2,3,1,5,0,0,1,0,1,0,0,0,793478.6011,5820180.5814
198903,13.425468688815696,52.47978074561793,200904,200904,11,0,8,8,2018,5,16,5,3,5,2,0,0,1,0,0,0,1,0,800475.0491,5823614.7161
198904,13.331087348898206,52.495393359353784,200905,200905,11,0,4,4,2018,5,15,2,3,5,3,0,0,1,0,0,0,0,0,793965.8059,5824961.1018
198905,13.398394136295533,52.419541022868565,200906,200906,11,0,7,7,2018,5,18,6,3,5,2,0,0,1,0,0,0,0,0,799046.0155,5816806.8218
198906,13.545253729197901,52.42572839899415,200907,200907,11,0,9,9,2018,5,13,2,3,5,2,0,0,1,0,0,0,0,0,808982.3473,5818113.0235
198907,13.423291738505606,52.585794486421925,200908,200908,11,0,3,3,2018,5,9,5,2,6,4,0,0,1,1,0,0,0,0,799603.8736,5835388.7139
198908,13.178162992357507,52.548936291398455,200909,200909,11,0,5,5,2018,5,16,5,3,5,3,0,1,1,0,0,0,0,0,783246.1290000001,5830300.4266
198909,13.49805111209504,52.51399997781746,200910,200910,11,0,11,11,2018,5,17,2,3,5,3,0,0,1,0,1,0,0,0,805163.2027,5827722.7915
198910,13.354690982738754,52.45872556112605,200911,200911,11,0,7,7,2018,5,17,2,3,6,7,0,0,1,1,0,0,0,0,795813.2156,5820981.9903
198911,13.438717259119864,52.46461391284483,200912,200912,11,0,8,8,2018,5,9,5,3,1,5,0,0,1,0,1,0,0,0,801477.8951,5821984.262
198912,13.410034112285063,52.52875519010362,200913,200913,11,0,1,1,2018,5,18,5,3,6,4,0,1,0,1,0,0,0,0,799094.5559,5828993.8904
198913,13.395920257749752,52.498082720098935,200914,200914,11,0,2,2,2018,5,21,2,3,6,7,2,0,1,1,0,0,0,0,798345.7837,5825526.256
198914,13.402649304879422,52.5334769847314,200915,200915,11,0,1,1,2018,5,19,2,3,0,4,0,1,0,1,0,0,0,0,798561.8951,5829488.0906
198915,13.348399741240893,52.458921016625865,200916,200916,11,0,7,7,2018,5,18,2,3,0,2,0,1,0,0,1,0,0,0,795384.7552,5820977.9419
198916,13.452880967458494,52.54663324144102,200917,200917,11,0,3,3,2018,5,19,2,3,1,5,0,1,1,0,0,0,0,0,801876.1427,5831159.5973
198917,13.361209855532987,52.53150540675892,200918,200918,11,0,1,1,2018,5,7,6,3,3,6,0,1,1,0,0,0,0,0,795766.402,5829098.12
198918,13.306365216409207,52.519224217927466,200919,200919,11,0,4,4,2018,5,11,6,3,5,2,0,0,1,0,1,0,0,0,792130.3922,5827509.4448
198919,13.42506128935961,52.48080435845114,200920,200920,11,0,8,8,2018,5,18,2,2,5,2,0,1,1,0,0,0,0,0,800440.4192,5823726.7897
198920,13.455628059614765,52.5283251893329,200921,200921,11,0,3,3,2018,5,15,5,3,3,6,0,0,1,0,0,1,0,0,802188.1381,5829136.2534
198921,13.394715787633649,52.524523573575706,200922,200922,11,0,1,1,2018,5,17,2,2,0,1,0,1,0,0,0,0,0,0,798084.8658,5828460.1091
198922,13.555790851597962,52.52010452017304,200923,200923,11,0,10,10,2018,5,13,2,2,1,3,0,0,1,0,1,0,0,0,809035.4287,5828647.2272
198923,13.191254181417152,52.53635954080558,200924,200924,11,0,5,5,2018,5,9,2,3,5,2,0,0,1,0,1,0,0,0,784214.5172,5828953.977000001
198924,13.324963555165935,52.410564629770526,200925,200925,11,0,6,6,2018,5,12,6,3,5,2,0,1,1,0,0,0,0,0,794115.7375,5815507.4681
198925,13.457211861325906,52.56104889439927,200926,200926,11,0,3,3,2018,5,7,6,3,0,2,0,1,1,0,0,0,0,0,802070.4366,5832779.9809
198926,13.302292335759395,52.547890899134906,200927,200927,11,0,4,4,2018,5,17,7,3,5,2,0,0,1,0,0,0,0,0,791663.9747,5830679.2883
198927,13.465904234899506,52.5088947705373,200928,200928,11,0,2,2,2018,5,7,2,3,6,4,0,0,1,1,0,0,0,0,803018.5671,5827019.7928
198928,13.432855000001078,52.4525386779921,200929,200929,11,0,8,8,2018,5,21,6,3,0,2,2,0,1,0,1,0,0,0,801162.434,5820617.672
198929,13.389702391542606,52.49591503686294,200930,200930,11,0,2,2,2018,5,8,6,3,5,2,0,1,1,0,0,0,0,0,797938.672,5825259.618
198930,13.201519988346893,52.52425795816513,200931,200931,11,0,5,5,2018,5,2,2,3,5,3,2,0,1,0,0,0,0,0,784988.7596,5827649.3482
198931,13.391386367086007,52.50133848385309,200932,200932,11,0,2,2,2018,5,17,5,3,1,5,0,1,1,0,0,0,0,0,798016.1836,5825869.3791
198932,13.318245991200529,52.510986490773895,200933,200933,11,0,4,4,2018,5,10,2,3,0,3,0,0,1,0,1,0,0,0,792990.8137,5826642.0216
198933,13.410815310612302,52.430172221296594,200934,200934,11,0,8,8,2018,5,12,2,3,2,6,0,0,1,0,0,0,0,0,799817.8629,5818039.9655
198934,13.343687890726088,52.47836553503485,200935,200935,11,0,7,7,2018,5,6,2,3,5,3,0,0,1,0,0,0,1,0,794934.6555,5823119.9052
198935,13.365695619853696,52.55194883542617,200936,200936,11,0,1,1,2018,5,17,6,3,5,3,0,0,1,0,0,0,0,0,795932.7591,5831388.7989
198936,13.377028138454088,52.5538011323485,200937,200937,11,0,1,1,2018,5,9,5,3,0,3,0,1,1,0,0,0,0,0,796688.0431,5831641.2756
198937,13.408965788138461,52.492884472332975,200938,200938,11,0,2,2,2018,5,14,1,3,5,2,0,1,1,0,0,0,0,0,799266.055,5825002.5370000005
198938,13.406353983162266,52.51363053383072,200939,200939,11,0,1,1,2018,5,16,1,3,6,4,0,1,0,1,0,0,0,0,798947.8922,5827297.5651
198939,13.296752598777076,52.42694052000176,200940,200940,11,0,6,6,2018,5,14,5,2,5,3,0,1,1,0,0,0,0,0,792089.821,5817213.1178
198940,13.446803315690765,52.50269288986321,200941,200941,11,0,2,2,2018,5,23,1,3,5,2,2,1,1,0,0,0,0,0,801765.7504,5826250.3804
198941,13.448879557670988,52.419459336325524,200942,200942,11,0,8,8,2018,5,23,1,2,6,4,2,0,1,1,0,0,0,0,802477.3063,5817008.0761
198942,13.388479122382543,52.492889560591756,200943,200943,11,0,2,2,2018,5,22,1,3,6,7,2,1,0,1,0,0,0,0,797876.1608,5824918.2906
198943,13.446375346611312,52.4863792938386,200944,200944,11,0,8,8,2018,5,21,1,3,5,2,2,1,1,0,0,0,0,0,801848.5728,5824435.4088
198944,13.514299494001115,52.46873037879575,200945,200945,11,0,9,9,2018,5,19,1,3,5,2,0,1,1,0,0,0,0,0,806580.0744,5822760.3075
198945,13.322172147320053,52.48473764035236,200946,200946,11,0,4,4,2018,5,18,6,2,1,5,0,1,1,0,0,0,0,0,793432.0069,5823740.4165
198946,13.124508614696966,52.52888297792259,200947,200947,11,0,5,5,2018,5,18,1,3,2,6,0,0,1,0,0,0,0,0,779738.0339,5827861.85
198947,13.402377829508984,52.459537740147546,200948,200948,11,0,7,7,2018,5,20,5,3,5,3,1,0,1,0,1,0,0,0,799045.4238,5821268.833
198948,13.203489433216255,52.52110301258874,200949,200949,11,0,5,5,2018,5,19,1,3,5,3,0,0,1,0,0,0,1,0,785142.7390000001,5827306.447000001
198949,13.377444453689337,52.4997619185641,200950,200950,11,0,2,2,2018,5,15,1,3,5,3,0,1,0,0,0,0,1,0,797081.1536,5825636.622
198950,13.386119321793027,52.4873630867811,200951,200951,11,0,2,2,2018,5,16,1,3,5,2,0,1,1,0,0,0,0,0,797753.44,5824294.292
198951,13.37457664143359,52.51024840739336,200952,200952,11,0,1,1,2018,5,21,7,3,0,7,1,1,0,0,0,0,0,0,796815.88,5826790.3668
198952,13.558487944423847,52.453675516864045,200953,200953,11,0,9,9,2018,5,17,5,2,2,6,0,0,1,0,0,0,0,0,809685.1991,5821275.8167
198953,13.403645266136605,52.53245560604192,200954,200954,11,0,1,1,2018,5,17,6,3,0,1,0,1,0,0,0,0,0,0,798636.3396,5829378.6928
198954,13.407912041852319,52.51782547186107,200955,200955,11,0,1,1,2018,5,16,1,2,0,1,0,1,0,0,0,0,0,0,799025.0238,5827770.2813
198955,13.333230518062011,52.56092682176129,200956,200956,11,0,1,1,2018,5,5,2,3,5,3,0,1,1,0,1,0,0,0,793673.1482,5832253.8861
198956,13.297304229040206,52.54800294370774,200957,200957,11,0,4,4,2018,5,10,4,3,2,6,0,0,1,0,0,0,1,0,791325.2404,5830671.5681
198957,13.141891733198593,52.532517190486296,200958,200958,11,0,5,5,2018,5,22,2,3,0,4,2,0,1,1,0,0,0,0,780893.2632,5828333.4063
198958,13.429161485082266,52.528674541643525,200959,200959,11,0,3,3,2018,5,9,3,3,1,5,0,1,1,0,0,0,0,0,800391.6791,5829064.4611
198959,13.577164194963473,52.45586919212225,200960,200960,11,0,9,9,2018,5,14,2,3,6,4,0,0,1,1,0,0,0,0,810937.8163,5821599.948
198960,13.489820347711635,52.420035094453624,200961,200961,11,0,8,8,2018,6,12,6,2,5,3,0,0,1,0,0,0,0,0,805255.4114,5817244.4031
198961,13.509197228477351,52.42289299850813,200962,200962,11,0,8,8,2018,5,19,2,2,5,2,0,0,1,0,1,0,0,0,806552.2628,5817644.1533
198962,13.343564917651927,52.43920759574532,200963,200963,11,0,6,6,2018,5,20,2,3,5,2,1,1,0,0,1,0,0,0,795188.4367,5818767.0337
198963,13.406026759243627,52.49846693473538,200964,200964,11,0,2,2,2018,6,10,6,3,1,5,0,0,1,0,0,0,1,0,799028.7385,5825610.8192
198964,13.41773478620918,52.51814399171733,200965,200965,11,0,1,1,2018,5,19,3,2,6,4,0,1,0,1,0,0,0,0,799688.8676,5827846.4696
198965,13.563399830887786,52.49634070454688,200966,200966,11,0,10,10,2018,5,19,2,2,2,2,0,0,1,0,0,0,0,0,809718.5486,5826038.7443
198966,13.450689562357178,52.552413131752566,200967,200967,11,0,3,3,2018,6,10,6,3,0,2,0,0,1,0,0,0,1,0,801687.9618,5831792.8296
198967,13.368099788235087,52.485073015987595,200968,200968,11,0,7,7,2018,5,12,3,3,6,4,0,0,1,1,0,0,0,0,796546.2153,5823965.5196
198968,13.38091052955126,52.51622595388074,200969,200969,11,0,1,1,2018,6,10,6,3,6,4,0,1,0,1,0,0,0,0,797205.0291,5827480.8514
198969,13.388492234192446,52.49262129101089,200970,200970,11,0,2,2,2018,5,17,3,2,5,3,0,1,0,0,0,0,0,0,797878.8656,5824888.5272
198970,13.519202594941573,52.5133729512715,200971,200971,11,0,11,11,2018,5,20,2,2,6,4,0,1,0,1,0,0,0,0,806601.7895,5827742.8418
198971,13.285398066960644,52.5880323644438,200972,200972,11,0,12,12,2018,6,9,6,3,3,6,0,1,1,0,0,0,0,0,790253.7322,5835072.8673
198972,13.296844313174304,52.627474892141635,200973,200973,11,0,12,12,2018,5,13,3,3,5,2,0,0,1,0,1,0,0,0,790766.9059,5839503.1692
198973,13.358743976484822,52.49438597046372,200974,200974,11,0,7,7,2018,6,9,6,3,0,3,0,0,1,0,0,0,1,0,795848.7897,5824962.2198
198974,13.464079617318596,52.481868256178075,200975,200975,11,0,9,9,2018,5,18,2,3,0,3,0,1,1,0,0,0,0,0,803080.8708,5824008.2729
198975,13.191532326778605,52.54640323970433,200976,200976,11,0,5,5,2018,6,7,6,3,5,2,0,1,1,0,0,0,0,0,784168.4227,5830071.4861
198976,13.335146620071493,52.49930929168418,200977,200977,11,0,4,4,2018,5,18,2,2,2,6,0,0,1,0,1,0,0,0,794215.0099,5825412.9097
198977,13.293890641740349,52.44949191393983,200978,200978,11,0,6,6,2018,5,18,2,3,5,3,0,0,1,0,0,0,0,0,791746.1719,5819708.147000001
198978,13.435226512825285,52.491254048050926,200979,200979,11,0,8,8,2018,6,8,6,3,5,3,0,1,0,0,0,0,1,0,801058.775,5824930.617000001
198979,13.160821424531024,52.43005577748777,200980,200980,11,0,6,6,2018,5,17,3,3,3,6,0,1,1,0,0,0,0,0,782833.6078,5817018.1164
198980,13.356622253700092,52.535677946474344,200981,200981,11,0,1,1,2018,5,18,2,3,2,2,0,1,1,0,0,0,0,0,795427.395,5829543.0814
198981,13.370612076047466,52.47046412989343,200982,200982,11,0,7,7,2018,6,8,6,2,5,2,0,1,0,0,0,1,0,0,796815.1152,5822352.1
198982,13.391644854614075,52.5221613633613,200983,200983,11,0,1,1,2018,5,7,3,3,2,2,0,0,1,0,0,0,1,0,797892.6791,5828184.8614
198983,13.466701656800824,52.52407140170373,200984,200984,11,0,11,11,2018,6,8,6,2,0,1,0,0,0,0,1,0,0,0,802968.0827,5828709.947000001
198984,13.513817873041315,52.46475587779174,200985,200985,11,0,9,9,2018,6,7,6,3,5,3,0,1,1,0,0,0,0,0,806575.0376,5822316.5248
198985,13.235570384849705,52.52920104271389,200986,200986,11,0,5,5,2018,5,17,2,2,5,3,0,1,1,0,0,0,0,0,787265.0093,5828333.9274
198986,13.387516391604354,52.50043431605879,200987,200987,11,0,2,2,2018,6,6,6,3,1,5,0,1,1,0,0,0,0,0,797759.8032,5825752.8969
198987,13.573485623519405,52.48483295596915,200988,200988,11,0,10,10,2018,6,6,6,3,2,6,0,0,1,0,0,0,0,0,810483.8521,5824803.1374
198988,13.160295589391284,52.41971447882465,200989,200989,11,0,6,6,2018,5,17,2,2,5,2,0,1,1,0,0,0,0,0,782864.1479999999,5815866.562999999
198989,13.43125830746562,52.58042766594408,200990,200990,11,0,3,3,2018,5,17,2,3,5,2,0,0,0,0,1,0,1,0,800179.9071,5834825.3758
198990,13.254985209554686,52.515953504779155,200991,200991,11,0,4,4,2018,6,17,6,3,5,3,0,0,1,0,1,0,0,0,788668.075,5826938.9622
198991,13.569727135252723,52.44197299164612,200992,200992,11,0,9,9,2018,5,7,3,3,2,2,0,0,1,0,0,0,0,0,810530.7413,5820023.4968
198992,13.411937426776428,52.43908471009407,200993,200993,11,0,8,8,2018,6,8,6,3,8,1,0,0,0,0,1,0,0,0,799833.5154,5819035.2168
198993,13.538514067574825,52.42012568144146,200994,200994,11,0,9,9,2018,6,15,6,3,5,3,0,1,1,0,0,0,0,0,808563.6116,5817461.501
198994,13.371917264374904,52.52075536448353,200995,200995,11,0,1,1,2018,5,12,3,3,5,2,0,0,1,0,1,0,0,0,796564.683,5827947.255
198995,13.50729984915504,52.5346838185433,200996,200996,11,0,11,11,2018,6,14,6,2,0,1,0,0,0,0,1,0,0,0,805646.5133,5830060.8471
198996,13.451520454587648,52.52039778945088,200997,200997,11,0,2,2,2018,6,14,6,3,5,2,0,1,0,0,0,0,1,0,801964.1367,5828237.9477
198997,13.364695639533934,52.562725850863295,200998,200998,11,0,12,12,2018,5,16,2,3,6,4,0,0,1,1,0,0,0,0,795792.4184,5832582.5481
198998,13.421567553471755,52.60553219251987,200999,200999,11,0,3,3,2018,6,16,6,3,2,6,0,0,1,0,0,0,0,0,799352.3975,5837575.333
198999,13.407241930091386,52.393808402377346,201000,201000,11,0,7,7,2018,5,14,2,3,2,7,0,1,1,0,0,0,0,0,799821.9357,5813983.4262
199000,13.542251554128494,52.540311498691224,203001,203001,11,0,10,10,2018,7,18,4,3,2,6,0,0,1,0,0,0,1,0,807975.9059,5830835.1115
199001,13.38819682860116,52.467069984384004,203002,203002,11,0,7,7,2018,7,12,7,3,1,5,0,1,0,0,0,1,0,0,798031.6781,5822047.3426
199002,13.57055203033034,52.47357223452989,203003,203003,11,0,9,9,2018,7,6,4,3,5,2,0,1,1,0,0,0,0,0,810364.1579999999,5823538.992000001
199003,13.15564050880918,52.460940575954254,203004,203004,11,0,5,5,2018,7,16,4,3,5,2,0,1,1,0,0,0,0,1,782283.8462,5820430.8614
199004,13.611792784912375,52.50048129573922,203005,203005,11,0,10,10,2018,7,16,4,3,5,3,0,1,1,0,0,0,0,0,812971.702,5826707.8822
199005,13.469597125489203,52.452025214108495,203006,203006,11,0,9,9,2018,7,13,7,3,2,2,0,0,1,0,1,0,0,0,803660.8809999999,5820714.589
199006,13.367279017322948,52.50457479405181,203007,203007,11,0,1,1,2018,7,10,3,3,2,6,0,0,1,0,0,0,0,0,796359.197,5826129.738
199007,13.198259916840884,52.43402276282988,203008,203008,11,0,6,6,2018,7,12,7,3,2,6,0,0,1,0,0,0,0,0,785351.683,5817606.4002
199008,13.33454983868552,52.50440926505273,203009,203009,11,0,4,4,2018,7,15,4,3,5,5,0,0,1,0,1,0,0,0,794140.4395,5825977.3361
199009,13.255948830563328,52.43591573427926,203010,203010,11,0,6,6,2018,7,12,7,3,5,3,0,1,1,0,0,0,0,0,789258.4874,5818046.4194
199010,13.587371727282404,52.43905939703443,203011,203011,11,0,9,9,2018,7,13,3,3,5,3,0,1,1,0,0,0,0,0,811749.6966,5819775.757999999
199011,13.192943763346276,52.53202283214453,203012,203012,11,0,5,5,2018,7,12,7,3,5,3,0,0,1,0,0,0,0,0,784357.0865,5828478.591
199012,13.563835150881188,52.55632434674822,203013,203013,11,0,10,10,2018,7,16,4,3,5,2,0,0,1,0,0,0,1,1,809325.7434,5832707.251
199013,13.505753684159385,52.56359980087171,203014,203014,11,0,11,11,2018,7,16,3,3,6,4,0,1,0,1,0,0,0,0,805340.6657,5833268.1127
199014,13.307948647116115,52.50017405147124,203015,203015,11,0,4,4,2018,7,15,4,2,2,6,0,1,0,0,0,1,0,0,792364.3168,5825398.4194
199015,13.349467905487346,52.49882593949136,203016,203016,11,0,7,7,2018,7,11,7,3,0,5,0,1,1,0,0,0,0,0,795189.7155,5825417.7079
199016,13.349788737892768,52.40824462955962,203017,203017,11,0,7,7,2018,7,17,3,3,5,3,0,1,0,0,0,0,0,0,795818.6664,5815351.0177
199017,13.700052023523554,52.441340672107245,203018,203018,11,0,9,9,2018,7,10,7,2,5,3,0,1,1,0,0,0,0,0,819386.3494,5820522.065
199018,13.354550064918444,52.49713203973426,203019,203019,11,0,7,7,2018,7,13,4,3,5,3,0,0,1,0,1,0,0,0,795545.833,5825250.247
199019,13.637934258245243,52.456442140029324,203020,203020,11,0,9,9,2018,7,13,4,3,0,2,0,1,0,0,0,0,1,0,815059.662,5821927.2695
199020,13.395278545328221,52.497721521175365,203021,203021,11,0,2,2,2018,7,18,3,3,0,6,0,0,1,0,1,0,0,0,798304.7017,5825483.4551
199021,13.411574397807179,52.5507374634491,203022,203022,11,0,3,3,2018,7,15,5,3,2,6,0,0,1,0,0,0,1,0,799049.3424,5831443.5479999995
199022,13.62181114640551,52.52483496321394,203023,203023,11,0,10,10,2018,7,14,3,3,0,7,0,0,0,0,1,0,0,1,813477.5766,5829458.0443
199023,13.325882637702787,52.4553212673307,203024,203024,11,0,6,6,2018,7,14,3,3,0,6,0,1,0,0,0,0,1,0,793879.93,5820485.8919
199024,13.184792374999668,52.54765612579404,203025,203025,11,0,5,5,2018,7,14,5,3,6,7,0,1,0,1,0,0,0,0,783703.6052,5830184.2012
199025,13.39313844570773,52.515014888346826,203026,203026,11,0,1,1,2018,7,13,3,2,5,3,0,1,1,0,0,0,0,0,798042.3656,5827396.7202
199026,13.260379822804545,52.412364798814586,203027,203027,11,0,6,6,2018,7,14,5,3,5,3,0,1,1,0,0,0,0,0,789714.0537,5815446.4532
199027,13.273265031762802,52.5362230912105,203028,203028,11,0,5,5,2018,7,13,3,3,2,6,0,0,1,0,0,1,0,0,789774.017,5829265.3126
199028,13.171076957428859,52.518321207363776,203029,203029,11,0,5,5,2018,7,13,5,3,2,6,0,0,1,0,0,0,0,0,782962.9565,5826869.5476
199029,13.303045601871213,52.50560720574364,203030,203030,11,0,4,4,2018,7,12,5,3,6,2,0,0,1,1,0,0,0,0,791995.6767,5825982.4545
199030,13.45461800918067,52.47463379505711,203031,203031,11,0,8,8,2018,7,13,3,3,5,3,0,0,0,0,1,0,1,0,802488.5098,5823164.4842
199031,13.484646030115545,52.53347554102845,203032,203032,11,0,11,11,2018,7,13,3,3,2,6,0,0,1,0,0,1,0,0,804119.5063,5829830.7296
199032,13.389988470824616,52.55557175253625,203033,203033,11,0,1,1,2018,7,12,5,3,5,3,0,1,0,0,1,0,0,0,797554.0889,5831891.5138
199033,13.489914363592627,52.46777823041803,203034,203034,11,0,9,9,2018,7,12,3,3,0,3,0,1,1,0,0,0,0,0,804931.4743,5822551.1294
199034,13.358933555145745,52.54617847672957,203035,203035,11,0,1,1,2018,7,12,3,3,2,6,0,0,1,0,0,0,0,0,795513.4291,5830719.6818
199035,13.381074031017803,52.53216240851902,203036,203036,11,0,1,1,2018,7,10,3,3,0,3,0,0,1,0,1,0,0,0,797108.4172,5829252.8329
199036,13.675211983560256,52.446030240172654,203037,203037,11,0,9,9,2018,7,12,5,3,0,5,0,0,1,0,1,0,0,1,817665.5552,5820933.5846
199037,13.243068687204936,52.60159406193249,203038,203038,11,0,12,12,2018,7,9,3,3,5,2,0,0,1,0,1,0,0,0,787299.2696,5836410.5897
199038,13.418796057682474,52.53047584675644,203039,203039,11,0,3,3,2018,7,23,7,2,6,4,2,0,1,1,0,0,0,0,799676.7667,5829221.5264
199039,13.290008371915716,52.634204531450386,203040,203040,11,0,12,12,2018,7,9,3,3,1,5,0,1,1,0,0,0,0,0,790259.9519,5840223.6001
199040,13.56160508318836,52.5069438642977,203041,203041,11,0,10,10,2018,7,11,5,3,2,6,0,0,1,0,0,0,0,0,809522.2121,5827209.4812
199041,13.291993511251366,52.59061793485277,203042,203042,11,0,12,12,2018,7,8,3,3,5,3,0,0,1,0,0,0,1,0,790683.0959,5835386.8547
199042,13.302029855219894,52.64518845581677,203043,203043,11,0,12,12,2018,7,9,5,3,5,3,0,0,1,0,0,0,0,0,790999.9165,5841493.0245
199043,13.331127484726794,52.57234479762677,203044,203044,11,0,12,12,2018,7,22,7,2,6,4,2,0,0,1,0,0,1,0,793454.3675,5833514.4303
199044,13.347043972373053,52.44996802586317,203045,203045,11,0,6,6,2018,7,8,3,3,0,6,0,0,1,0,1,0,0,0,795352.6809,5819977.2775
199045,13.411773212945855,52.52396607559476,203046,203046,11,0,1,1,2018,7,22,7,3,5,2,2,0,1,0,0,0,0,0,799245.0364,5828468.812000001
199046,13.295944691739773,52.49595309525475,203047,203047,11,0,4,4,2018,7,9,5,3,5,2,0,1,1,0,0,0,0,0,791578.0102,5824880.6595
199047,13.37678221745852,52.491577033938654,203048,203048,11,0,2,2,2018,7,8,5,3,2,2,0,0,1,0,0,0,0,0,797091.4706,5824724.1598
199048,13.429966362102125,52.551070794226504,203049,203049,11,0,3,3,2018,7,7,3,3,5,2,0,1,1,0,0,0,0,0,800293.1595,5831557.0775
199049,13.386536457190154,52.51971890126692,203050,203050,11,0,1,1,2018,7,21,7,3,0,1,2,1,1,0,0,0,0,1,797562.8704,5827892.291
199050,13.467036850572677,52.51277167523513,203051,203051,11,0,2,2,2018,7,6,3,3,5,3,0,0,1,0,1,0,0,0,803068.6657,5827455.4507
199051,13.348301823078275,52.46288382494428,203052,203052,11,0,7,7,2018,7,9,5,3,5,2,0,1,1,0,0,0,0,0,795351.5498,5821418.0029
199052,13.354965087478027,52.490057748819,203053,203053,11,0,7,7,2018,7,10,3,3,5,2,0,0,1,0,0,0,0,0,795621.4896,5824465.6481
199053,13.395819501809168,52.45430649662068,203054,203054,11,0,7,7,2018,7,8,5,3,5,3,0,0,1,0,0,0,1,0,798635.5946,5820660.2343
199054,13.309376423140495,52.46702824195243,203055,203055,11,0,6,6,2018,7,20,7,3,5,3,1,0,1,0,0,0,0,1,792681.3714,5821720.0325
199055,13.40776211392972,52.463882321343185,203056,203056,11,0,7,7,2018,7,11,3,3,5,7,0,0,1,0,0,0,0,0,799381.4669,5821774.0479
199056,13.356431464110155,52.53588104930577,203057,203057,11,0,1,1,2018,7,8,5,3,5,2,0,0,1,0,1,0,0,0,795413.0988,5829564.8742
199057,13.443406706549785,52.499567518849965,203058,203058,11,0,2,2,2018,7,8,3,2,1,5,0,1,0,0,0,0,1,0,801556.7882,5825888.8005
199058,13.35368283403812,52.56204625447238,203059,203059,11,0,12,12,2018,7,7,5,3,5,2,0,1,1,0,0,0,0,0,795051.0311,5832461.8603
199059,13.354398094226875,52.549177664212635,203060,203060,11,0,1,1,2018,7,20,7,3,6,4,0,0,0,1,0,0,1,1,795185.9517,5831034.4527
199060,13.558379303071682,52.534030848410254,203061,203061,11,0,10,10,2018,7,7,3,2,6,4,0,0,1,1,0,0,0,0,809112.9798,5830206.115
199061,13.526473382781456,52.48448597825373,203062,203062,11,0,11,11,2018,7,18,6,3,2,7,0,0,1,0,1,0,0,0,807296.4479,5824563.2248
199062,13.400478213381634,52.51001773882797,203063,203063,11,0,1,1,2018,7,7,5,3,0,3,0,0,1,0,1,0,0,0,798573.9759,5826871.6665
199063,13.280758502978447,52.42088055298607,203064,203064,11,0,6,6,2018,7,17,6,3,2,2,0,1,1,0,0,0,0,0,791043.0357,5816474.9515
199064,13.310719158351848,52.42121748410133,203065,203065,11,0,6,6,2018,7,11,3,3,0,1,0,0,0,0,1,0,0,0,793076.7988,5816633.6051
199065,13.345022104518677,52.49245161047516,203066,203066,11,0,7,7,2018,7,14,6,3,3,6,0,0,1,0,1,0,0,0,794930.8441,5824691.0175
199066,13.413211674430542,52.525188665921675,203067,203067,11,0,1,1,2018,7,6,5,3,5,3,0,1,0,0,0,0,1,0,799334.2321,5828610.6711
199067,13.514459156966465,52.49457298550679,203068,203068,11,0,11,11,2018,7,13,6,3,2,2,0,1,1,0,0,0,0,0,806411.0403,5825633.2001
199068,13.433915243801694,52.52321276576994,203069,203069,11,0,2,2,2018,7,2,3,3,0,1,2,1,0,0,0,0,0,0,800751.2754,5828477.2264
199069,13.326500383970853,52.564488319750055,203070,203070,11,0,12,12,2018,7,6,5,3,1,5,0,1,1,0,0,0,1,0,793193.4781,5832622.3416
199070,13.472383531515579,52.436817940891764,203071,203071,11,0,8,8,2018,7,18,2,3,0,1,0,1,0,0,0,0,0,0,803954.8931,5819036.122
199071,13.407695380782211,52.52845654544565,203072,203072,11,0,1,1,2018,7,0,5,3,1,5,2,1,0,0,1,0,0,0,798938.0522,5828950.9958
199072,13.435240751122544,52.435099033445574,203073,203073,11,0,8,8,2018,7,13,6,3,1,1,0,0,1,0,0,0,0,0,801443.6238,5818689.2953
199073,13.491733999117002,52.534198831897676,203074,203074,11,0,11,11,2018,7,10,2,2,5,2,0,0,1,0,0,0,1,0,804594.897,5829941.049
199074,13.218673312408946,52.432444755675924,203075,203075,11,0,6,6,2018,7,12,6,3,5,2,0,1,1,0,0,0,0,0,786748.7733,5817511.8887
199075,13.433792376728722,52.48184858791356,203076,203076,11,0,8,8,2018,7,18,4,3,2,2,0,1,1,0,0,0,0,0,801025.7738,5823879.2539
199076,13.463744216035913,52.51067301561945,203077,203077,11,0,2,2,2018,7,12,4,3,6,4,0,0,1,1,0,0,0,0,802859.8413,5827208.36
199077,13.308639271008241,52.42033415533353,203078,203078,11,0,6,6,2018,7,10,6,3,5,3,0,0,1,0,1,0,0,0,792941.3226,5816526.9817
199078,13.375222575936975,52.44417087953933,203079,203079,11,0,7,7,2018,7,10,2,3,1,5,0,0,1,0,0,0,0,0,797305.3559,5819448.6403
199079,13.414645025399576,52.50255389079811,203080,203080,11,0,2,2,2018,7,10,6,3,1,5,0,1,1,0,0,0,0,0,799585.5207,5826100.8417
199080,13.343345539178062,52.53169350000199,203081,203081,11,0,1,1,2018,7,11,4,3,5,2,0,1,1,0,0,0,0,0,794554.2348,5829045.88
199081,13.410090097090173,52.523998770894096,203082,203082,11,0,1,1,2018,7,8,6,3,5,2,0,1,1,0,0,0,0,0,799130.7091,5828465.4608
199082,13.566417899849535,52.53432716233124,203083,203083,11,0,10,10,2018,7,10,2,2,5,3,0,0,1,0,1,0,0,0,809655.7046,5830273.5543