,X,Y,OBJECTID_1,OBJECTID,ULAND,UREGBEZ,UKREIS,UGEMEINDE,UJAHR,UMONAT,USTUNDE,UWOCHENTAG,UKATEGORIE,UART,UTYP1,ULICHTVERH,IstRad,IstPKW,IstFuss,IstKrad,IstGkfz,IstSonstig,STRZUSTAND,LINREFX,LINREFY
199443,13.336079756750967,52.465168185531645,203444,203444,11,0,6,6,2018,7,15,3,3,5,3,0,1,1,0,0,0,0,0,794506.5291,5821621.9483
199444,13.313748534408095,52.62000317991527,203445,203445,11,0,12,12,2018,7,14,1,2,5,3,0,0,1,0,1,0,0,0,791960.0253,5838741.0807
199445,13.19766147177502,52.52034867523981,203446,203446,11,0,5,5,2018,7,17,5,3,5,3,0,0,1,0,0,0,0,0,784752.4685,5827199.567000001
199446,13.280722595519931,52.4295188959839,203447,203447,11,0,6,6,2018,7,10,1,2,5,3,0,1,1,0,0,0,0,0,790983.6341,5817434.9687
199447,13.273019833012734,52.513128707689425,203448,203448,11,0,4,4,2018,7,15,3,2,5,2,0,1,1,0,0,0,0,0,789909.6123,5826697.333
199448,13.415353230220092,52.52062998977385,203449,203449,11,0,1,1,2018,7,17,5,3,2,2,0,0,0,0,1,0,0,0,799510.4607,5828112.8833
199449,13.294297079999073,52.53433949968506,203450,203450,11,0,4,4,2018,7,14,3,3,3,6,0,0,0,0,1,0,1,0,791212.0028,5829140.7031
199450,13.413449877999485,52.525273509505894,203451,203451,11,0,1,1,2018,7,9,1,3,0,4,0,0,0,1,0,0,1,0,799349.8027,5828621.0903
199451,13.436531139705668,52.49076535744357,203452,203452,11,0,8,8,2018,7,12,1,3,2,6,0,1,1,0,0,0,0,0,801150.6288,5824881.7479
199452,13.603759698400488,52.47890885570716,203453,203453,11,0,10,10,2018,8,8,3,3,5,2,0,0,1,0,1,0,0,0,812579.9996,5824275.5039
199453,13.361741889048202,52.553532538105294,203454,203454,11,0,1,1,2018,8,8,5,3,0,3,0,0,1,0,1,0,0,0,795654.2278,5831548.5978
199454,13.389077225190313,52.39836299247325,203455,203455,11,0,7,7,2018,8,8,3,3,5,2,0,1,1,0,0,0,0,0,798556.0397,5814414.3953
199455,13.417120219977233,52.52597061208784,203456,203456,11,0,1,1,2018,8,16,6,3,0,2,0,1,0,0,0,0,1,0,799593.8715,5828713.8184
199456,13.400263598673744,52.48371637676053,203457,203457,11,0,7,7,2018,8,8,3,3,5,2,0,1,1,0,0,0,0,0,798737.8807,5823947.4553
199457,13.289830864815563,52.51528802113858,203458,203458,11,0,4,4,2018,8,17,6,3,5,3,1,1,0,0,0,0,0,0,791035.3432,5827005.0664
199458,13.499760848625845,52.5623271719585,203459,203459,11,0,11,11,2018,8,6,5,3,6,7,0,0,1,1,0,0,0,0,804943.6077,5833101.2871
199459,13.342771329760255,52.52547112179674,203460,203460,11,0,1,1,2018,8,14,6,3,5,2,0,1,1,0,0,0,0,0,794556.9976,5828351.9186
199460,13.353025368759756,52.502356855130024,203461,203461,11,0,1,1,2018,8,18,4,3,5,2,1,0,1,0,0,0,0,0,795407.3316,5825824.7331
199461,13.399461970860285,52.49821356452658,203462,203462,11,0,2,2,2018,8,8,3,3,5,3,0,1,1,0,0,0,0,0,798585.1452,5825555.457
199462,13.495192974694906,52.431720898424025,203463,203463,11,0,8,8,2018,8,15,6,3,5,2,0,0,1,0,0,0,0,0,805539.5673,5818565.9305
199463,13.334588910010476,52.49598572991121,203464,203464,11,0,4,4,2018,8,8,3,3,5,2,0,1,1,0,0,0,0,0,794199.3921,5825041.2216
199464,13.280553556837946,52.51760536152816,203465,203465,11,0,4,4,2018,8,14,4,3,2,6,0,0,1,0,0,0,0,0,790390.9483,5827225.238
199465,13.356934734468302,52.49901100573984,203466,203466,11,0,7,7,2018,8,14,4,3,1,7,0,0,1,0,0,0,1,0,795694.9775,5825468.8671
199466,13.35872371408526,52.554155966135674,203467,203467,11,0,1,1,2018,8,14,6,3,5,2,0,1,0,0,0,1,0,0,795445.5553,5831605.5132
199467,13.336673253896253,52.458490243223096,203468,203468,11,0,6,6,2018,8,7,3,3,3,6,0,1,1,0,0,0,0,0,794591.453,5820882.122
199468,13.44517473116612,52.581510296805035,203469,203469,11,0,3,3,2018,8,14,6,3,5,2,0,1,1,0,0,0,0,0,801114.7007,5835003.7885
199469,13.656425127052954,52.41525670656771,203470,203470,11,0,9,9,2018,8,12,4,2,6,4,0,0,1,1,0,0,0,0,816610.5701,5817430.9755
199470,13.390177550920546,52.41232205547493,203471,203471,11,0,7,7,2018,8,14,6,3,1,5,0,0,1,0,0,0,1,0,798536.4687,5815970.4512
199471,13.326752917465225,52.51963589560735,203472,203472,11,0,4,4,2018,8,7,3,3,2,6,0,0,1,0,0,0,1,0,793510.0,5827638.0044
199472,13.312687296172465,52.480218832851754,203473,203473,11,0,4,4,2018,8,11,6,3,2,6,0,0,1,0,0,0,0,0,792818.4399,5823199.6075
199473,13.377629688097556,52.54218613692189,203474,203474,11,0,1,1,2018,8,8,6,3,5,3,0,1,1,0,0,0,0,0,796807.2544,5830352.7633
199474,13.317901176471992,52.491716747036726,203475,203475,11,0,4,4,2018,8,11,4,3,5,5,0,1,1,0,0,0,0,0,793095.7328,5824498.7808
199475,13.357534429090727,52.53601934464925,203476,203476,11,0,1,1,2018,8,7,6,3,5,3,0,1,1,0,0,0,0,0,795486.9244,5829584.7665
199476,13.511848073337472,52.5463438385631,203477,203477,11,0,11,11,2018,8,6,3,2,5,2,0,0,0,0,1,1,0,0,805873.5945,5831376.0751
199477,13.19745863038722,52.53204414358324,203478,203478,11,0,5,5,2018,8,11,6,3,0,2,0,0,1,0,0,0,1,0,784662.9951,5828498.7775
199478,13.300589861209328,52.51711550150815,203479,203479,11,0,4,4,2018,8,9,4,3,5,2,0,0,1,0,0,0,0,0,791752.7890000001,5827251.674
199479,13.405050126138091,52.42788051658752,203480,203480,11,0,7,7,2018,8,13,6,3,0,6,0,0,1,0,0,1,0,0,799441.7353,5817761.3194
199480,13.343486854952022,52.472619981866806,203481,203481,11,0,7,7,2018,8,9,4,3,5,3,0,0,1,0,0,0,0,0,794959.4813,5822480.4696
199481,13.428818087895248,52.48668146511321,203482,203482,11,0,8,8,2018,8,1,3,2,6,4,2,0,1,1,0,0,0,0,800655.2267,5824395.6609
199482,13.525369743166097,52.48162703470912,203483,203483,11,0,11,11,2018,8,14,6,3,0,6,0,1,1,0,0,0,0,0,807241.5113,5824240.7739
199483,13.309495256777867,52.46696039194638,203484,203484,11,0,6,6,2018,8,15,1,3,5,2,0,1,0,0,0,0,0,0,792689.8890000001,5821712.972999999
199484,13.352026951508574,52.50522608767053,203485,203485,11,0,1,1,2018,8,17,3,2,0,2,0,0,1,0,1,0,0,0,795320.3543,5826139.5563
199485,13.381569698933715,52.55230936367154,203486,203486,11,0,1,1,2018,8,9,4,2,5,2,0,1,1,0,0,0,0,0,797005.8131,5831494.1754
199486,13.351881658892832,52.50584057343335,203487,203487,11,0,1,1,2018,8,14,1,3,3,6,0,0,1,0,1,0,0,0,795306.3759999999,5826207.2609
199487,13.386937759780405,52.50474679053294,203488,203488,11,0,2,2,2018,8,8,4,3,2,6,0,1,0,0,0,0,0,0,797691.3799,5826229.8297
199488,13.256531188599103,52.565356010260544,203489,203489,11,0,12,12,2018,8,7,6,3,1,5,0,1,1,0,0,0,0,0,788448.4868,5832436.3924
199489,13.387128548472015,52.589517001975565,203490,203490,11,0,3,3,2018,8,11,3,3,0,3,0,1,1,0,0,0,0,0,797130.4734,5835652.6653
199490,13.401418998317432,52.5528316940405,203491,203491,11,0,3,3,2018,8,7,6,3,5,3,0,1,0,0,0,0,0,0,798347.0645,5831634.2232
199491,13.621716565484206,52.52473562422686,203492,203492,11,0,10,10,2018,8,7,4,2,5,2,0,0,1,0,1,0,0,0,813471.8735,5829446.5926
199492,13.319102824081448,52.454094813959436,203493,203493,11,0,6,6,2018,8,6,6,3,5,3,0,0,1,0,0,0,0,0,793427.7303,5820321.982000001
199493,13.375291406650677,52.51182465838952,203494,203494,11,0,1,1,2018,8,7,4,3,5,2,0,1,1,0,0,0,0,0,796853.7161,5826968.5069
199494,13.263085756849431,52.54030781951536,203495,203495,11,0,5,5,2018,8,17,2,3,5,3,0,1,1,0,0,0,0,0,789057.2193,5829678.471
199495,13.643480272654744,52.37800589628395,203496,203496,11,0,9,9,2018,8,7,6,2,5,3,0,1,1,0,0,0,0,0,815997.2893,5813234.3395
199496,13.318201149098186,52.5650476562281,203497,203497,11,0,12,12,2018,8,7,4,3,2,3,0,1,0,0,0,0,1,0,792627.6163,5832650.7754
199497,13.554038229495495,52.541657547162245,203498,203498,11,0,10,10,2018,8,21,6,2,3,6,2,1,0,0,0,0,0,0,808765.1737,5831035.1476
199498,13.273407984267244,52.455549734333836,203499,203499,11,0,6,6,2018,8,10,4,3,2,7,0,0,1,0,0,0,0,0,790315.2640000001,5820298.8785
199499,13.422057322151195,52.499041277282,203500,203500,11,0,2,2,2018,8,17,2,3,5,2,0,0,1,0,0,0,1,0,800112.2259999999,5825741.2478
199500,13.39256136347764,52.41268672815774,203501,203501,11,0,7,7,2018,8,21,6,2,6,2,2,0,1,1,0,0,0,0,798696.0216,5816020.8429
199501,13.279697126402292,52.521910198004285,203502,203502,11,0,4,4,2018,8,17,2,3,5,7,0,0,1,0,1,0,0,0,790304.4609,5827700.2803
199502,13.44278172974198,52.60158467333024,203503,203503,11,0,3,3,2018,8,7,4,3,3,6,0,1,0,0,0,0,0,0,800814.9825,5837224.9797
199503,13.35131873590826,52.5521752675649,203504,203504,11,0,1,1,2018,8,14,2,3,1,5,0,1,1,0,0,0,0,0,794957.179,5831355.0267
199504,13.50179783243151,52.56617967038456,203505,203505,11,0,11,11,2018,8,20,6,3,5,3,0,0,1,0,0,0,1,0,805054.8086,5833538.0913
199505,13.329289698742127,52.56238122715274,203506,203506,11,0,12,12,2018,8,15,2,3,5,2,0,1,1,0,0,0,0,0,793396.4855,5832399.4906
199506,13.285571619676912,52.49461694968072,203507,203507,11,0,4,4,2018,8,10,4,3,0,1,0,0,0,0,1,0,0,0,790883.1304,5824690.2594
199507,13.520286799505765,52.535568608535634,203508,203508,11,0,10,10,2018,8,14,2,3,3,6,0,0,1,0,0,1,0,0,806520.53,5830214.3375
199508,13.441424470569125,52.5319621175209,203509,203509,11,0,3,3,2018,8,19,6,2,5,2,0,0,1,0,0,0,0,0,801200.4113,5829481.0344
199509,13.323117305254655,52.50208762947706,203510,203510,11,0,4,4,2018,8,0,4,3,0,1,2,0,0,0,1,0,0,0,793380.4937,5825672.7155
199510,13.338761949221235,52.46537362127676,203511,203511,11,0,6,6,2018,8,19,6,3,3,6,0,0,1,0,1,0,0,0,794687.2398,5821655.734
199511,13.398240951980018,52.5325350000021,203512,203512,11,0,1,1,2018,8,22,4,3,0,1,2,1,0,0,0,0,0,0,798269.4914,5829365.1412
199512,13.547283687279734,52.53980922331566,203513,203513,11,0,10,10,2018,8,19,2,3,1,5,0,1,1,0,0,0,0,0,808320.4341,5830800.8039
199513,13.307154147434426,52.42916817924637,203514,203514,11,0,6,6,2018,8,19,6,3,6,4,0,1,0,1,0,0,0,0,792781.787,5817502.86
199514,13.480317131406386,52.52086110714786,203515,203515,11,0,11,11,2018,8,7,2,3,3,6,0,1,0,0,0,0,1,0,803913.2924,5828410.4513
199515,13.577097561528973,52.44414269036175,203516,203516,11,0,9,9,2018,8,22,4,2,0,7,2,0,0,0,1,0,0,0,811016.012,5820296.3792
199516,13.38248782656142,52.55185419950042,203517,203517,11,0,1,1,2018,8,19,4,3,5,2,0,0,1,0,1,0,0,0,797071.095,5831447.369
199517,13.314657338421457,52.50631691258787,203518,203518,11,0,4,4,2018,8,11,2,3,1,5,0,1,1,0,0,0,0,0,792778.5161,5826108.4197
199518,13.456914151555905,52.52860144517291,203519,203519,11,0,3,3,2018,8,18,6,3,1,5,0,1,0,0,0,0,1,0,802273.4177,5829172.3502
199519,13.36253956517273,52.560954696959456,203520,203520,11,0,12,12,2018,8,12,2,3,5,3,0,1,1,0,0,0,0,0,795658.3014,5832376.8372
199520,13.307941370762329,52.488529679963634,203521,203521,11,0,4,4,2018,8,18,4,3,5,2,0,0,1,0,0,0,0,0,792441.168,5824104.1096
199521,13.358680565307212,52.612268627446824,203522,203522,11,0,12,12,2018,8,10,2,3,6,4,0,0,1,1,0,0,0,0,795051.6095,5838064.5293
199522,13.438466539324065,52.485752615568494,203523,203523,11,0,8,8,2018,8,16,6,3,6,7,0,1,0,1,0,0,0,0,801316.2394,5824332.6868
199523,13.330772409441074,52.514049094752295,203524,203524,11,0,4,4,2018,8,9,2,3,5,2,0,0,1,0,1,0,0,0,793819.8488,5827033.402000001
199524,13.280888923086346,52.47826449336786,203525,203525,11,0,4,4,2018,8,18,4,2,5,7,0,0,1,0,1,0,0,0,790673.3679,5822853.7811
199525,13.612496031930847,52.510885370953005,203526,203526,11,0,10,10,2018,8,17,6,3,2,2,0,0,1,0,0,0,0,0,812945.3841,5827867.2313
199526,13.432880464544434,52.51781772217424,203527,203527,11,0,2,2,2018,8,18,4,3,5,2,0,1,1,0,0,0,0,0,800718.0131,5827873.2719
199527,13.334959367148823,52.603187360645855,203528,203528,11,0,12,12,2018,8,9,2,3,2,6,0,0,1,0,1,0,0,0,793507.455,5836958.2095
199528,13.351847795101582,52.602534891373814,203529,203529,11,0,12,12,2018,8,16,6,3,5,2,0,1,1,0,0,0,0,0,794654.728,5836954.65
199529,13.41950109145007,52.48756110808285,203530,203530,11,0,2,2,2018,8,19,2,3,5,3,0,1,1,0,0,0,0,0,800017.0639,5824454.6331
199530,13.410277503624744,52.503788873390725,203531,203531,11,0,2,2,2018,8,18,4,3,5,3,0,1,1,0,0,0,0,0,799280.8859,5826219.9702
199531,13.306941206287926,52.484867745494206,203532,203532,11,0,4,4,2018,8,17,4,3,5,2,0,0,1,0,0,0,0,0,792397.6211,5823693.0284
199532,13.428721755259108,52.55192532039114,203533,203533,11,0,3,3,2018,8,16,6,2,6,4,0,0,0,1,0,0,1,0,800202.9956,5831646.8695
199533,13.326876461867908,52.45492028436552,203534,203534,11,0,6,6,2018,8,16,4,3,5,2,0,1,1,0,0,0,0,0,793950.0863,5820445.3707
199534,13.382482569620375,52.51319678554989,203535,203535,11,0,1,1,2018,8,8,2,3,5,7,0,1,1,0,0,0,0,0,797332.0987,5827150.6467
199535,13.249709068819456,52.51557823117203,203536,203536,11,0,4,4,2018,8,16,6,3,5,3,0,1,1,0,0,0,0,0,788312.7599,5826876.14
199536,13.350059061622991,52.5137796083241,203537,203537,11,0,1,1,2018,8,8,2,3,4,6,0,1,0,0,0,0,0,0,795129.5006,5827082.2163
199537,13.429688029891114,52.52328028908897,203538,203538,11,0,2,2,2018,8,15,4,3,5,2,0,0,1,0,0,0,0,0,800464.2322,5828467.1044
199538,13.450688184341528,52.54583049828339,203539,203539,11,0,3,3,2018,8,15,4,3,5,7,0,1,1,0,0,0,0,0,801733.0775,5831061.193
199539,13.345782947021615,52.49436228458045,203540,203540,11,0,7,7,2018,8,8,2,3,2,6,0,0,1,0,0,0,0,0,794969.66,5824906.4991
199540,13.406497736065619,52.498326187603595,203541,203541,11,0,2,2,2018,8,16,6,3,5,2,0,0,1,0,0,0,0,0,799061.6428,5825597.1286
199541,13.440609762386794,52.51701809386414,203542,203542,11,0,2,2,2018,8,8,2,3,5,2,0,1,0,0,0,0,1,0,801247.5575,5827816.6645
199542,13.25450629881209,52.56179984703914,203543,203543,11,0,12,12,2018,8,12,1,2,5,3,0,1,0,0,0,0,0,0,788334.683,5832033.0093
199543,13.344909531240544,52.489629485568436,203544,203544,11,0,7,7,2018,8,15,4,3,2,6,0,0,1,0,0,0,1,0,794942.1123,5824376.88
199544,13.450952651954445,52.527185081058654,203545,203545,11,0,2,2,2018,8,8,2,3,5,2,0,1,1,0,0,0,0,0,801879.0390000001,5828989.9459
199545,13.32273323863978,52.4887967481322,203546,203546,11,0,4,4,2018,8,18,6,2,0,7,0,1,0,0,0,0,0,0,793443.0290000001,5824193.8694
199546,13.411714359820015,52.51591334702649,203547,203547,11,0,1,1,2018,8,16,2,3,1,5,0,1,0,0,0,0,1,0,799295.8451,5827573.5317
199547,13.40441978908301,52.53325385556129,203548,203548,11,0,1,1,2018,8,7,5,2,0,1,0,1,0,0,0,0,0,0,798683.4134,5829470.6252
199548,13.306135907059893,52.51747176452857,203549,203549,11,0,4,4,2018,8,14,4,3,2,6,0,0,1,0,0,0,1,0,792126.4833,5827313.7288
199549,13.410185002303324,52.52255551971147,203550,203550,11,0,1,1,2018,8,22,5,3,0,2,2,0,1,0,0,0,1,0,799146.9614,5828305.4415
199550,13.368035828186883,52.493219727329404,203551,203551,11,0,7,7,2018,8,14,4,2,0,7,0,0,1,0,1,0,0,0,796487.01,5824870.7504
199551,13.399007214917381,52.50823134187237,203552,203552,11,0,1,1,2018,8,15,2,3,5,2,0,1,1,0,0,1,0,0,798486.3387,5826667.0231
199552,13.592516342981968,52.43853502341596,203553,203553,11,0,9,9,2018,8,21,5,3,6,2,2,0,1,1,0,0,0,0,812102.8335,5819739.717
199553,13.5261276454831,52.4561641528776,203554,203554,11,0,9,9,2018,8,15,1,2,9,1,0,0,0,0,1,0,0,0,807470.5971,5821414.0064
199554,13.613935274949842,52.516503706574134,203555,203555,11,0,10,10,2018,8,7,2,3,2,6,0,0,1,0,0,0,1,0,813002.9916,5828497.8948
199555,13.448344608224328,52.56467403941824,203556,203556,11,0,3,3,2018,8,14,4,3,5,3,0,1,1,0,0,0,0,0,801444.9204,5833145.7631
199556,13.302078537620066,52.48847514543551,203557,203557,11,0,4,4,2018,8,11,1,3,5,2,0,1,1,0,0,0,0,0,792043.7301,5824074.294
199557,13.5102187836353,52.5504305497604,203558,203558,11,0,11,11,2018,7,21,3,3,6,4,2,0,0,1,1,0,0,0,805734.7557,5831823.3712
199558,13.562936475372664,52.445827409671935,203559,203559,11,0,9,9,2018,8,20,2,3,6,2,1,0,1,1,0,0,0,0,810042.4386,5820422.677999999
199559,13.4356670385558,52.42466852570185,203560,203560,11,0,8,8,2018,8,20,5,3,2,6,1,0,1,0,1,0,0,0,801543.8609,5817531.7739
199560,13.343966421464796,52.53162198019308,203561,203561,11,0,1,1,2018,7,21,3,3,1,1,0,1,1,0,0,0,0,0,794596.7996,5829040.4678
199561,13.271129231479255,52.422984100050584,203562,203562,11,0,6,6,2018,7,8,3,3,5,3,0,1,1,0,0,0,0,0,790374.8274,5816669.9893
199562,13.378031084112607,52.466388743872116,203563,203563,11,0,7,7,2018,8,12,2,3,5,2,0,0,1,0,0,0,0,0,797346.1997,5821929.679
199563,13.478480127854327,52.42171430619649,203564,203564,11,0,8,8,2018,8,20,5,3,6,4,0,0,1,1,0,0,0,0,804473.2282,5817383.1431
199564,13.392204947007196,52.55506090533497,203565,203565,11,0,1,1,2018,8,11,2,3,5,2,0,0,1,0,0,0,0,0,797707.7075,5831843.8887
199565,13.339823187456831,52.55743070477178,203566,203566,11,0,1,1,2018,8,18,5,3,3,6,0,1,0,0,0,0,0,0,794143.14,5831892.1812
199566,13.378112859549544,52.40767020970664,203567,203567,11,0,7,7,2018,7,18,3,3,5,3,0,1,1,0,0,0,0,0,797747.8358,5815403.5931
199567,13.5495831408451,52.568790562790404,203568,203568,11,0,11,11,2018,8,18,5,3,2,6,0,0,1,0,0,0,0,0,808272.7688,5834031.6788
199568,13.37713945409082,52.43740647599063,203569,203569,11,0,7,7,2018,8,6,2,3,0,2,0,0,0,0,0,0,1,0,797481.1677,5818704.6912
199569,13.400897045696347,52.53015245586914,203570,203570,11,0,1,1,2018,8,18,5,2,5,7,0,0,1,0,1,0,0,0,798465.6995,5829111.3214
199570,13.396008490276964,52.49795415087103,203571,203571,11,0,2,2,2018,8,15,5,3,5,3,0,1,1,0,0,0,0,0,798352.6404,5825512.3309
199571,13.516866123599975,52.53578892119846,203572,203572,11,0,10,10,2018,7,13,3,3,2,6,0,0,1,0,0,0,0,0,806287.1642,5830224.2816
199572,13.628680531942132,52.469047393823224,203573,203573,11,0,9,9,2018,8,16,2,3,2,6,0,0,1,0,0,0,0,0,814341.462,5823287.819
199573,13.309236342550044,52.51666547825653,203574,203574,11,0,4,4,2018,8,15,5,3,2,6,0,0,1,0,0,0,0,0,792342.0712,5827236.6756
199574,13.346511754703199,52.52492939286855,203575,203575,11,0,1,1,2018,8,15,1,3,0,3,0,1,0,0,0,0,0,0,794814.2046,5828306.995
199575,13.573843375784671,52.4916585862641,203576,203576,11,0,10,10,2018,8,16,2,3,5,3,0,0,1,0,0,0,0,0,810459.9867,5825563.2799
199576,13.329262441161466,52.60943130254846,203577,203577,11,0,12,12,2018,7,10,3,3,6,7,0,0,0,1,0,0,1,0,793080.1838,5837629.0265
199577,13.440678399064385,52.51724971730003,203578,203578,11,0,2,2,2018,7,19,3,3,0,2,0,1,0,0,1,0,0,0,801250.6248,5827842.6953
199578,13.48942512402091,52.50370367116128,203579,203579,11,0,11,11,2018,8,14,5,2,5,2,0,0,1,0,0,0,0,0,804649.5909999999,5826541.9446
199579,13.266962263083219,52.5196367231831,203580,203580,11,0,4,4,2018,8,6,2,2,5,3,0,0,1,0,1,0,0,0,789455.9965,5827396.3777
199580,13.576636752737654,52.4551148365477,203581,203581,11,0,9,9,2018,8,14,5,2,0,4,0,0,1,1,0,0,0,0,810907.3267,5821513.836
199581,13.395265752420256,52.5243852223507,203582,203582,11,0,1,1,2018,7,10,3,3,0,1,0,1,0,0,0,0,0,0,798123.0878,5828447.0059
199582,13.415000810354364,52.503827105415105,203583,203583,11,0,2,2,2018,8,12,5,3,1,5,0,1,1,0,0,0,0,0,799600.9838,5826243.8334
199583,13.345653209633346,52.54732995090278,203584,203584,11,0,1,1,2018,7,10,3,3,2,6,0,0,1,0,0,0,0,0,794605.8205,5830793.2979999995
199584,13.351255677768572,52.52436144495778,203585,203585,11,0,1,1,2018,8,17,2,2,2,6,0,0,1,1,0,0,0,0,795139.6252,5828263.2783
199585,13.350972350026266,52.48620239247621,203586,203586,11,0,7,7,2018,8,13,5,3,5,2,0,1,1,0,0,0,0,0,795376.4543,5824020.7715
199586,13.402492477895446,52.53849953118096,203587,203587,11,0,1,1,2018,7,17,3,3,5,2,0,1,0,0,0,0,1,0,798517.1514,5830045.6841
199587,13.330897389351584,52.419930989504756,203588,203588,11,0,6,6,2018,8,13,5,3,0,1,0,1,0,0,0,0,0,0,794456.5868,5816572.7191
199588,13.507622145814366,52.51071121541338,203589,203589,11,0,11,11,2018,8,15,2,2,5,3,0,1,1,0,0,0,0,0,805835.0514,5827397.8232
199589,13.344532612520373,52.476915447032425,203590,203590,11,0,7,7,2018,8,13,5,3,0,7,0,0,1,0,0,0,0,0,795001.695,5822962.1831
199590,13.329376606254288,52.56336377861143,203591,203591,11,0,12,12,2018,7,9,3,2,3,6,0,1,0,0,0,0,0,0,793395.8074,5832509.0555
199591,13.558025871702954,52.52959915752818,203592,203592,11,0,10,10,2018,8,2,5,2,5,3,2,0,1,0,0,0,0,0,809120.1913,5829712.0558
199592,13.389041793838858,52.51569719152497,203593,203593,11,0,1,1,2018,8,10,2,2,5,3,0,0,1,0,1,0,0,0,797759.9604,5827455.6301
199593,13.352162328520224,52.58001640202604,203594,203594,11,0,12,12,2018,8,12,5,3,5,2,0,0,1,0,0,1,0,0,794827.323,5834453.011
199594,13.29994012503569,52.49858996861343,203595,203595,11,0,4,4,2018,8,9,2,2,6,4,0,0,0,1,1,0,0,0,791831.5767,5825189.911
199595,13.582377181439286,52.44264891466154,203596,203596,11,0,9,9,2018,7,20,3,3,0,2,1,0,1,0,1,0,0,0,811385.1159,5820153.1306
199596,13.378368511096244,52.56091077620291,203597,203597,11,0,1,1,2018,8,18,2,2,5,3,0,0,1,0,1,0,0,0,796730.8127,5832437.0212
199597,13.279363978992658,52.523815734293535,203598,203598,11,0,4,4,2018,8,11,5,3,0,2,0,1,1,0,0,0,0,0,790269.2958,5827910.7432
199598,13.331137766843536,52.46727098441332,203599,203599,11,0,7,7,2018,7,20,3,2,5,3,0,1,1,0,0,0,0,0,794156.9972,5821835.5128
199599,13.478172614769635,52.41774985642758,203600,203600,11,0,8,8,2018,8,11,5,3,5,3,0,1,1,0,0,0,0,0,804479.6811,5816941.222999999
199600,13.381199783479486,52.515669511709824,203601,203601,11,0,1,1,2018,7,9,3,3,2,6,0,0,1,0,1,0,0,0,797228.4025,5827420.1963
199601,13.496162169749903,52.41734285531717,203602,203602,11,0,8,8,2018,8,21,2,3,1,5,2,1,1,0,0,0,0,0,805705.0006,5816972.0165
199602,13.522590172420733,52.5608362234222,203603,203603,11,0,11,11,2018,8,11,5,3,0,3,0,0,1,0,1,0,0,0,806500.2922,5833032.4478
199603,13.450143657955651,52.48172976900022,203604,203604,11,0,8,8,2018,8,3,2,3,2,6,2,0,0,0,0,0,1,0,802136.1574,5823934.414
199604,13.349432684341679,52.54223305940829,203605,203605,11,0,1,1,2018,7,20,3,3,5,2,0,0,1,0,0,0,0,0,794896.1195,5830242.2369
199605,13.307067630689435,52.55506408516314,203606,203606,11,0,12,12,2018,8,10,1,3,5,3,0,0,1,0,0,0,0,0,791939.8725,5831495.9322
199606,13.299769654439164,52.4712671497479,203607,203607,11,0,4,4,2018,7,9,3,3,2,7,0,1,1,0,0,0,0,0,792001.1296,5822152.2637
199607,13.337628028295946,52.51986005327346,203608,203608,11,0,1,1,2018,8,21,1,3,5,3,1,1,0,0,0,0,0,0,794245.8587,5827707.2472
199608,13.275680226964333,52.630315340988105,203609,203609,11,0,12,12,2018,8,10,5,3,5,3,0,0,1,0,0,0,0,0,789316.6793,5839733.6315
199609,13.360908009919415,52.49132434657133,203610,203610,11,0,7,7,2018,8,21,1,3,5,3,1,1,1,0,0,0,0,0,796016.1857,5824630.8036
199610,13.519084423362596,52.53261929769604,203611,203611,11,0,10,10,2018,7,18,3,3,2,6,0,0,1,0,0,0,1,0,806459.6046,5829881.4301
199611,13.416249350920005,52.49091866265778,203612,203612,11,0,2,2,2018,7,8,3,3,5,2,0,1,1,0,0,0,0,0,799773.5713,5824814.2924
199612,13.351165535423064,52.4494710218029,203613,203613,11,0,6,6,2018,8,19,1,3,1,5,0,1,1,0,0,0,0,0,795635.9072,5819938.9127
199613,13.330668114138264,52.49337892221131,203614,203614,11,0,4,4,2018,8,10,5,3,2,6,0,0,1,0,0,0,0,0,793950.8162,5824735.4887
199614,13.403202433532472,52.44798162232453,203615,203615,11,0,7,7,2018,8,18,1,2,1,1,0,0,1,0,1,0,0,0,799179.8262,5819987.8261
199615,13.365892370663845,52.49391856310203,203616,203616,11,0,7,7,2018,7,7,3,3,0,6,0,0,1,0,0,0,1,0,796336.8883,5824939.6156
199616,13.361261391880836,52.57052720273217,203617,203617,11,0,12,12,2018,8,18,1,3,2,6,0,0,1,0,0,0,0,0,795507.2872,5833435.5704
199617,13.381782620317313,52.55262298035629,203618,203618,11,0,1,1,2018,8,9,5,3,3,6,0,1,0,0,0,0,0,0,797018.1181,5831529.9109
199618,13.161446886429058,52.54583428188396,203619,203619,11,0,5,5,2018,8,16,1,3,3,6,0,0,1,0,1,0,0,0,782133.3483,5829890.0592
199619,13.381575716747806,52.55594229769589,203620,203620,11,0,1,1,2018,7,18,3,3,2,6,0,0,1,0,0,0,0,0,796981.6568,5831897.9949
199620,13.333201298560786,52.56102637595915,203621,203621,11,0,1,1,2018,8,7,5,3,2,2,0,0,1,0,1,0,0,0,793670.5032,5832264.8325
199621,13.376737335830304,52.46155676763682,203622,203622,11,0,7,7,2018,7,18,3,3,5,2,0,1,1,0,0,0,0,0,797290.9709999999,5821387.284
199622,13.4081443533713,52.488897697235956,203623,203623,11,0,2,2,2018,8,16,1,2,5,7,0,0,1,0,1,0,0,0,799237.4246,5824556.0113