,X,Y,OBJECTID_1,OBJECTID,ULAND,UREGBEZ,UKREIS,UGEMEINDE,UJAHR,UMONAT,USTUNDE,UWOCHENTAG,UKATEGORIE,UART,UTYP1,ULICHTVERH,IstRad,IstPKW,IstFuss,IstKrad,IstGkfz,IstSonstig,STRZUSTAND,LINREFX,LINREFY
199623,13.432876381701494,52.46470272417971,203624,203624,11,0,8,8,2018,8,6,5,3,5,2,0,0,0,0,1,1,0,0,801080.7805,5821969.7418
199624,13.413052027634876,52.506600429166056,203625,203625,11,0,1,1,2018,8,14,1,2,3,6,0,1,0,0,0,0,0,0,799449.9334,5826543.9844
199625,13.324343070832882,52.46056754752674,203626,203626,11,0,6,6,2018,7,17,3,2,3,6,0,1,0,0,0,0,1,0,793740.4275,5821062.746
199626,13.565084146892655,52.57254899797413,203627,203627,11,0,11,11,2018,8,10,1,3,4,6,0,1,0,0,0,0,0,0,809296.0257,5834515.8399
199627,13.428705191223596,52.57794360638571,203628,203628,11,0,3,3,2018,7,17,3,3,5,2,0,1,1,0,0,0,0,0,800024.0285,5834538.6447
199628,13.379509331981206,52.5066154403955,203629,203629,11,0,2,2,2018,8,15,1,3,5,2,0,0,1,0,1,0,0,0,797174.9321,5826406.8859
199629,13.359714347434492,52.544162360270654,203630,203630,11,0,1,1,2018,8,5,5,3,1,1,0,0,1,0,0,0,0,0,795579.8983,5830498.7939
199630,13.60113011935809,52.53684341952573,203631,203631,11,0,10,10,2018,8,14,1,3,5,3,0,1,1,0,0,0,0,0,811990.4124,5830702.9161
199631,13.392618437040898,52.54251367707677,203632,203632,11,0,1,1,2018,8,11,1,3,5,3,0,0,1,0,0,0,0,0,797820.766,5830450.999
199632,13.61985526969024,52.53926275062098,203633,203633,11,0,10,10,2018,7,6,3,3,6,4,0,0,1,1,0,0,0,0,813242.1513,5831053.025
199633,13.249997922099045,52.53785647027389,203634,203634,11,0,5,5,2018,8,7,5,2,5,2,0,0,1,0,0,0,0,0,788186.3009,5829353.5924
199634,13.491256808648188,52.52654761759342,203635,203635,11,0,11,11,2018,8,13,1,3,0,7,0,0,1,0,1,0,0,1,804615.5698,5829088.647000001
199635,13.294968910237118,52.5067738043437,203636,203636,11,0,4,4,2018,8,6,5,3,5,2,0,1,1,0,0,0,0,0,791440.1497,5826079.4507
199636,13.612931737301539,52.500361971551044,203637,203637,11,0,10,10,2018,7,16,3,3,0,7,0,0,1,0,0,0,1,0,813049.8006,5826699.565
199637,13.50595223878664,52.53473410028892,203638,203638,11,0,11,11,2018,8,8,1,2,2,6,0,0,1,0,0,0,0,0,805554.8295,5830060.7217
199638,13.382306480960068,52.53116928464826,203639,203639,11,0,1,1,2018,8,8,5,3,2,6,0,1,1,0,0,0,0,0,797198.6690000001,5829147.5295
199639,13.501986064517816,52.506998578229464,203640,203640,11,0,11,11,2018,7,16,3,3,5,3,0,0,1,0,0,0,0,0,805478.6359,5826961.2958
199640,13.451416055978573,52.47340776855217,203641,203641,11,0,8,8,2018,8,12,1,3,5,3,0,1,0,0,0,0,0,0,802279.6093,5823014.7955
199641,13.313776652574775,52.588947993046204,203642,203642,11,0,12,12,2018,8,0,1,2,0,7,2,0,0,0,0,0,1,0,792168.7897,5835289.3669
199642,13.319838463450788,52.468807030741175,203643,203643,11,0,4,4,2018,8,9,5,3,5,3,0,0,1,0,0,0,1,0,793379.7339,5821960.2365
199643,13.731246343361496,52.43010144056034,203644,203644,11,0,9,9,2018,8,22,1,2,3,6,2,1,1,0,0,0,0,0,821586.8263,5819411.5469
199644,13.378851488512128,52.5677395177567,203645,203645,11,0,12,12,2018,7,16,3,3,2,6,0,0,1,0,0,0,1,0,796717.3784,5833198.015
199645,13.443061228864558,52.51797113368622,203646,203646,11,0,2,2,2018,8,10,5,3,4,6,0,0,1,0,0,0,1,0,801407.2449,5827932.8369
199646,13.405908028912522,52.497479504505684,203647,203647,11,0,2,2,2018,7,16,3,3,1,5,0,1,1,0,0,0,0,0,799027.3932,5825500.5770000005
199647,13.449704940533824,52.5075985991475,203648,203648,11,0,2,2,2018,8,4,7,3,0,1,2,0,0,0,1,0,0,0,801928.8908,5826807.7738
199648,13.339112410759654,52.481458469398795,203649,203649,11,0,7,7,2018,8,8,5,2,0,1,0,0,0,0,1,0,0,0,794603.4472,5823444.9861
199649,13.601313845494952,52.535835943959334,203650,203650,11,0,10,10,2018,8,22,7,3,5,3,2,0,1,0,1,0,0,0,812010.0162,5830591.7412
199650,13.517878277888473,52.57484515373452,203651,203651,11,0,11,11,2018,7,15,3,3,5,3,0,0,1,0,1,0,0,0,806083.443,5834569.4093
199651,13.402910190909305,52.49402989711844,203652,203652,11,0,2,2,2018,8,8,1,3,3,6,0,0,1,0,0,0,0,0,798847.455,5825104.737000001
199652,13.361188315729086,52.49589002062236,203653,203653,11,0,7,7,2018,7,14,3,3,6,4,0,0,1,1,0,0,0,0,796004.5014,5825139.4227
199653,13.36042742651376,52.5098384366925,203654,203654,11,0,1,1,2018,8,17,7,3,2,6,0,0,1,0,0,0,1,0,795859.0929,5826686.6495
199654,13.479671385549224,52.52662756220481,203655,203655,11,0,11,11,2018,8,6,5,3,0,1,0,1,0,0,0,0,0,0,803829.6642,5829048.6377
199655,13.322940349720115,52.456443549587746,203656,203656,11,0,6,6,2018,8,16,7,2,0,4,0,0,0,1,1,0,0,0,793672.6663,5820598.6548
199656,13.331024403047927,52.490773450478365,203657,203657,11,0,4,4,2018,8,16,5,3,5,2,0,1,1,0,0,0,0,0,793992.3865,5824447.3431
199657,13.42882115204868,52.579206351666926,203658,203658,11,0,3,3,2018,7,14,3,3,2,2,0,0,1,0,0,0,1,0,800023.247,5834679.4776
199658,13.352327569125151,52.440967728981846,203659,203659,11,0,6,6,2018,8,23,5,3,0,6,2,1,1,0,0,0,0,1,795771.8478,5818998.5444
199659,13.36019274074749,52.53725690239212,203660,203660,11,0,1,1,2018,8,15,7,3,5,2,0,1,1,0,0,0,0,0,795658.7704,5829733.2205
199660,13.296385698068935,52.48574171421586,203661,203661,11,0,4,4,2018,8,13,5,3,5,3,0,1,1,0,0,0,0,0,791675.569,5823747.4359
199661,13.379611822568613,52.52266896806826,203662,203662,11,0,1,1,2018,8,19,7,3,5,3,0,0,1,0,0,0,0,0,797073.4438,5828191.628
199662,13.396147981572586,52.53808279372254,203663,203663,11,0,1,1,2018,8,15,4,3,2,6,0,0,1,0,0,0,0,0,798090.0011,5829973.1071
199663,13.324965487442125,52.50050610757871,203664,203664,11,0,4,4,2018,7,13,3,3,2,6,0,1,1,0,0,0,0,0,793516.4028,5825504.4495
199664,13.380837624079426,52.51636620036711,203665,203665,11,0,1,1,2018,8,13,7,3,5,2,0,1,1,0,0,0,0,0,797199.1379999999,5827496.1389999995
199665,13.364532677056552,52.562688952280006,203666,203666,11,0,12,12,2018,8,20,4,2,5,2,1,0,1,0,0,0,0,0,795781.6287,5832577.7779
199666,13.209874286353221,52.54661562173975,203667,203667,11,0,5,5,2018,8,12,7,3,5,3,0,1,1,0,0,0,0,0,785409.9684,5830167.563999999
199667,13.365786179017494,52.56318640886546,203668,203668,11,0,12,12,2018,8,13,7,3,5,3,0,1,1,0,0,0,0,0,795863.1829,5832638.216
199668,13.382010354021617,52.46306044351734,203669,203669,11,0,7,7,2018,7,6,3,3,6,7,0,1,0,1,0,0,0,0,797638.8061,5821576.1537
199669,13.454536943412805,52.47442896557683,203670,203670,11,0,8,8,2018,8,12,7,3,5,3,0,0,1,0,0,0,1,0,802484.4145,5823141.3785
199670,13.367320857255626,52.56311609257423,203671,203671,11,0,12,12,2018,8,20,4,2,6,4,0,0,0,1,0,0,1,0,795967.6071,5832636.703
199671,13.421940201601092,52.505125314387506,203672,203672,11,0,1,1,2018,8,18,4,3,5,3,0,1,0,0,0,0,0,0,800062.7935,5826416.9791
199672,13.51064320886094,52.5505182172093,203673,203673,11,0,11,11,2018,8,12,7,3,0,6,0,0,1,0,1,0,0,0,805762.9005,5831834.9157
199673,13.485958555882206,52.52037304951242,203674,203674,11,0,11,11,2018,7,12,3,3,2,2,0,1,1,0,0,0,0,0,804299.1407,5828380.0044
199674,13.52802813477293,52.56765262456874,203675,203675,11,0,11,11,2018,7,11,3,3,5,3,0,1,1,0,0,0,0,0,806820.9875,5833813.1876
199675,13.329979203333403,52.522893398303644,203676,203676,11,0,1,1,2018,8,18,4,3,2,6,0,0,1,0,0,0,0,0,793706.9942,5828013.2151
199676,13.343296510028178,52.53179946552406,203677,203677,11,0,1,1,2018,8,11,7,3,5,2,0,0,1,0,0,0,0,0,794550.2014,5829057.4577
199677,13.387920033407614,52.526181583453685,203678,203678,11,0,1,1,2018,8,6,4,3,2,6,0,1,1,0,0,0,0,0,797612.9358,5828616.3158
199678,13.578109252286762,52.420247730251724,203679,203679,11,0,9,9,2018,7,10,3,3,0,2,0,1,1,0,0,0,0,0,811253.2731,5817645.0618
199679,13.178081399278572,52.548773237417976,203680,203680,11,0,5,5,2018,8,18,4,3,5,3,0,0,1,0,0,0,0,0,783241.6513,5830281.9815
199680,13.293148986353573,52.53454822491413,203681,203681,11,0,4,4,2018,7,20,3,3,0,7,1,1,0,0,0,0,0,0,791132.802,5829159.2658
199681,13.376419533442357,52.49155738532998,203682,203682,11,0,7,7,2018,8,10,7,3,5,2,0,1,1,0,0,0,0,0,797066.997,5824720.482000001
199682,13.390180855822502,52.53542781846299,203683,203683,11,0,1,1,2018,8,17,4,3,5,2,0,1,1,0,0,0,0,0,797703.5773,5829653.3509
199683,13.316259253761976,52.578619632042596,203684,203684,11,0,12,12,2018,7,14,3,3,0,2,0,0,1,0,0,0,1,0,792405.6698,5834151.4302
199684,13.287209990448275,52.49584116012972,203685,203685,11,0,4,4,2018,8,17,4,3,5,2,0,1,1,0,0,0,0,0,790986.1886,5824832.9412
199685,13.49593207527303,52.534121085169204,203686,203686,11,0,11,11,2018,7,13,3,3,2,6,0,0,1,0,0,0,0,0,804879.9651,5829950.1572
199686,13.232897125226607,52.6052463963559,203687,203687,11,0,12,12,2018,8,10,7,2,5,3,0,0,1,0,0,0,1,0,786587.0095,5836776.0382
199687,13.325242966253596,52.455575365271294,203688,203688,11,0,6,6,2018,8,17,4,3,5,2,0,1,1,0,0,0,0,0,793834.8014,5820511.5299
199688,13.337878926856506,52.45102311908826,203689,203689,11,0,6,6,2018,8,10,7,3,5,2,0,0,1,0,0,0,0,0,794723.2316,5820057.0797
199689,13.298756785091712,52.50792137367546,203690,203690,11,0,4,4,2018,7,7,3,3,5,3,0,0,1,0,0,0,1,0,791689.4476,5826222.3197
199690,13.28152770610174,52.51840218368071,203691,203691,11,0,4,4,2018,8,9,7,2,3,6,0,0,1,0,1,0,0,0,790451.7403,5827317.7301
199691,13.57384635100489,52.49166379609064,203692,203692,11,0,10,10,2018,8,17,4,3,0,3,0,0,1,0,0,0,1,0,810460.1518,5825563.8717
199692,13.448561828046568,52.47760798825725,203693,203693,11,0,8,8,2018,8,22,7,2,0,7,2,1,0,0,0,0,0,0,802057.0854,5823469.6732
199693,13.571539189894395,52.54572179911249,203694,203694,11,0,10,10,2018,7,14,2,3,2,6,0,0,1,0,0,0,0,0,809922.4165,5831561.9777
199694,13.426305674318712,52.54862695230632,203695,203695,11,0,3,3,2018,8,10,4,2,6,2,0,0,1,0,0,0,1,0,800061.8346,5831270.2049
199695,13.678184763956938,52.42538161588626,203696,203696,11,0,9,9,2018,7,18,2,3,4,6,0,1,0,0,0,0,0,0,818016.2843,5818651.8789
199696,13.44168009875963,52.5012278693961,203697,203697,11,0,2,2,2018,8,5,7,2,5,2,0,1,1,0,0,0,0,0,801428.2984,5826066.1223
199697,13.273392216139056,52.416574667392,203698,203698,11,0,6,6,2018,8,16,4,3,5,2,0,0,1,0,1,0,0,0,790570.7926,5815966.6763
199698,13.34425195097782,52.502994063203786,203699,203699,11,0,7,7,2018,7,18,2,3,6,7,0,0,1,1,0,0,0,0,794807.9733,5825859.6554
199699,13.394012487614546,52.41106971466176,203700,203700,11,0,7,7,2018,8,16,4,3,2,6,0,0,1,0,1,0,0,0,798805.5925,5815847.1216
199700,13.400862562067536,52.48364670012568,203701,203701,11,0,7,7,2018,7,8,2,3,3,6,0,1,0,0,0,0,0,0,798778.9969,5823942.1918
199701,13.464139603220007,52.54597424155273,203702,203702,11,0,3,3,2018,8,19,6,3,6,2,0,0,1,1,0,0,0,0,802643.5406,5831133.573
199702,13.430654734816125,52.532500162940856,203703,203703,11,0,3,3,2018,8,15,4,3,1,5,0,0,1,0,1,0,0,0,800466.7516,5829495.8883
199703,13.301686860478116,52.5099995724577,203704,203704,11,0,4,4,2018,8,19,6,3,2,6,0,0,1,0,0,0,0,0,791874.3824,5826465.1699
199704,13.565623988564338,52.57043807435277,203705,203705,11,0,10,10,2018,7,16,2,2,5,2,0,0,1,0,1,0,0,0,809347.4585,5834283.5474
199705,13.331600400113153,52.51338302956203,203706,203706,11,0,4,4,2018,7,16,2,3,5,2,0,1,0,0,1,0,0,0,793880.4454,5826962.7432
199706,13.393020530148597,52.525248010428676,203707,203707,11,0,1,1,2018,8,17,6,3,3,6,0,1,1,0,0,0,0,0,797965.0294,5828533.6203
199707,13.398331088935613,52.592390501534254,203708,203708,11,0,3,3,2018,8,15,4,3,5,3,0,0,1,0,0,0,0,0,797869.2921,5836018.3204
199708,13.392649209729269,52.564142751548424,203709,203709,11,0,1,1,2018,8,16,6,3,5,2,0,1,1,0,0,0,0,0,797676.2378,5832855.1531
199709,13.388432189900515,52.51984455625601,203710,203710,11,0,1,1,2018,7,16,2,2,0,4,0,0,0,1,1,0,0,0,797690.5523,5827914.0833
199710,13.315322255225079,52.4895484813929,203711,203711,11,0,4,4,2018,8,16,6,3,5,7,0,0,1,0,1,0,0,0,792935.1897,5824247.3004
199711,13.508721518432115,52.49025015034059,203712,203712,11,0,11,11,2018,8,15,4,3,5,2,0,0,1,0,0,0,0,0,806051.8711,5825128.3841
199712,13.565563808626823,52.43810431126298,203713,203713,11,0,9,9,2018,8,17,6,3,5,3,0,1,1,0,0,0,0,0,810275.199,5819575.623
199713,13.452656490147069,52.51057514975006,203714,203714,11,0,2,2,2018,7,16,2,3,4,1,0,1,1,0,0,0,0,0,802108.6187,5827150.9666
199714,13.313455387181413,52.51516545383581,203715,203715,11,0,4,4,2018,8,12,4,3,5,2,0,1,1,0,0,0,0,0,792638.1331,5827087.0615
199715,13.424194237244008,52.552838936682555,203716,203716,11,0,3,3,2018,7,15,2,2,5,3,0,0,1,0,0,0,0,0,799890.0178,5831729.5637
199716,13.636847455753243,52.45071760695183,203717,203717,11,0,9,9,2018,8,15,6,3,5,3,0,0,1,0,0,0,0,0,815026.7879,5821286.3139
199717,13.409873612089855,52.529025034450385,203718,203718,11,0,1,1,2018,8,11,4,3,5,3,0,1,1,0,0,0,0,0,799081.8404,5829023.2169
199718,13.3198379648858,52.46880704004438,203719,203719,11,0,4,4,2018,8,16,6,3,5,3,0,0,1,0,1,0,0,0,793379.7,5821960.2355
199719,13.395488397168467,52.44527125525007,203720,203720,11,0,7,7,2018,7,15,2,3,5,7,0,0,1,0,1,0,0,0,798674.312,5819654.624
199720,13.374082710859465,52.46866923138752,203721,203721,11,0,7,7,2018,7,15,2,3,2,6,0,0,1,0,0,0,1,0,797062.7946,5822166.8852
199721,13.490491794369056,52.509558750144045,203722,203722,11,0,11,11,2018,8,19,6,3,4,6,0,0,1,0,0,0,0,0,804681.3864,5827197.2071
199722,13.398394136295533,52.419541022868565,203723,203723,11,0,7,7,2018,8,11,4,3,5,2,0,0,1,0,1,0,0,0,799046.0155,5816806.8218
199723,13.349735323167655,52.57161268181199,203724,203724,11,0,12,12,2018,8,19,6,3,0,1,0,0,1,0,1,0,0,0,794719.4181,5833509.0094
199724,13.471310829878618,52.50516937791643,203725,203725,11,0,11,11,2018,8,10,4,3,5,2,0,1,1,0,0,0,0,0,803410.9094,5826628.4716
199725,13.447386568448554,52.53062324378698,203726,203726,11,0,3,3,2018,8,20,6,3,5,3,1,1,0,0,1,0,0,0,801613.7125,5829357.1545
199726,13.38551459840165,52.46482072270342,203727,203727,11,0,7,7,2018,7,15,2,3,2,6,0,0,1,0,0,0,0,0,797864.806,5821786.266
199727,13.397852597706265,52.567357536987636,203728,203728,11,0,3,3,2018,8,18,7,3,2,7,0,0,1,0,0,0,0,0,798006.8529,5833233.9793
199728,13.574432619407101,52.44433847779575,203729,203729,11,0,9,9,2018,7,17,2,2,4,6,0,1,0,0,0,0,0,0,810833.647,5820306.6561
199729,13.358640532784893,52.4943932632214,203730,203730,11,0,7,7,2018,8,17,6,3,1,5,0,0,1,0,1,0,0,0,795841.723,5824962.606000001
199730,13.265892116254935,52.41590556743984,203731,203731,11,0,6,6,2018,8,9,4,3,5,3,0,0,1,0,0,0,0,0,790065.4592,5815862.1471
199731,13.161268882560575,52.54837886732631,203732,203732,11,0,5,5,2018,8,21,6,3,5,3,1,0,1,0,1,0,0,0,782104.9491,5830172.2102
199732,13.565600206565517,52.57044598291769,203733,203733,11,0,10,10,2018,7,15,2,3,5,2,0,0,1,0,0,0,0,0,809345.7923,5834284.3242
199733,13.503553750452767,52.50972819955041,203734,203734,11,0,11,11,2018,8,13,6,3,5,2,0,1,1,0,0,0,0,0,805565.9933,5827271.3177
199734,13.429083668520796,52.55632717421242,203735,203735,11,0,3,3,2018,8,13,4,2,5,2,0,0,1,0,0,0,0,0,800197.4287,5832137.6279
199735,13.327773461120145,52.5641087515617,203736,203736,11,0,12,12,2018,8,17,6,3,2,2,0,0,1,0,0,0,0,0,793282.2428,5832585.3333
199736,13.431205588934858,52.5060806505653,203737,203737,11,0,2,2,2018,8,13,4,3,0,5,0,0,1,0,0,0,1,0,800684.6674,5826561.7574
199737,13.350689901734652,52.512587836859176,203738,203738,11,0,1,1,2018,7,15,2,3,2,6,0,0,1,0,0,0,0,0,795180.2753,5826952.3341
199738,13.448279468688135,52.48774094745343,203739,203739,11,0,8,8,2018,8,11,7,3,1,5,0,1,1,0,0,0,0,0,801968.4306,5824594.7207
199739,13.344904009296489,52.48892230009537,203740,203740,11,0,7,7,2018,8,13,4,3,6,2,0,0,1,1,0,0,0,0,794946.475,5824298.2543
199740,13.253298378267006,52.53762100398128,203741,203741,11,0,5,5,2018,7,14,2,3,5,3,0,0,1,0,0,0,0,0,788411.5379,5829340.6195
199741,13.475376633600634,52.511823205227394,203742,203742,11,0,2,2,2018,8,20,6,3,0,7,1,0,1,0,1,0,0,1,803640.7308,5827385.1229
199742,13.440225898791162,52.50207112329786,203743,203743,11,0,2,2,2018,8,13,4,3,5,3,0,0,0,0,1,0,0,0,801323.8885,5826153.7687
199743,13.524547603221444,52.49561236898429,203744,203744,11,0,11,11,2018,8,20,6,3,3,6,0,0,1,0,0,0,0,0,807088.1548,5825791.6333
199744,13.482561884757464,52.53335590750653,203745,203745,11,0,11,11,2018,7,14,2,3,2,6,0,0,1,0,0,0,0,0,803979.0758,5829808.6414
199745,13.455908868481007,52.50996435011492,203746,203746,11,0,2,2,2018,8,16,7,3,1,5,0,1,0,0,0,0,1,0,802333.3715,5827096.7118
199746,13.319061704597642,52.47167347183521,203747,203747,11,0,4,4,2018,8,15,1,3,2,6,0,0,1,0,1,0,0,0,793307.9239,5822275.6834
199747,13.440776304650582,52.52443003174835,203748,203748,11,0,2,2,2018,7,14,2,3,6,3,0,0,0,1,0,0,1,0,801208.078,5828641.1661
199748,13.29321280177305,52.534234776871884,203749,203749,11,0,4,4,2018,8,17,6,3,0,1,0,0,0,0,1,0,0,0,791139.2034,5829124.6833
199749,13.436947703774273,52.48112404769374,203750,203750,11,0,8,8,2018,8,14,4,3,3,5,0,1,0,0,0,0,1,0,801244.8453,5823811.8975
199750,13.47125661924618,52.505061822037256,203751,203751,11,0,11,11,2018,8,15,6,3,6,2,0,0,1,1,0,0,0,0,803407.9744,5826616.2892
199751,13.313024456356466,52.43490930379308,203752,203752,11,0,6,6,2018,8,9,4,3,3,6,0,1,0,0,0,1,0,0,793142.4845,5818164.8117
199752,13.29399567994989,52.577291560335524,203753,203753,11,0,12,12,2018,7,13,2,3,5,3,0,0,1,0,1,0,0,0,790906.9659999999,5833913.682999999
199753,13.468062820950232,52.5282962320874,203754,203754,11,0,11,11,2018,8,8,4,3,6,4,0,1,0,1,0,0,0,0,803031.2387,5829185.2363
199754,13.249042477556115,52.52395688242868,203755,203755,11,0,4,4,2018,8,13,6,3,2,6,0,0,1,0,0,0,0,0,788212.6487,5827804.7885
199755,13.195910307638242,52.555053492653215,203756,203756,11,0,5,5,2018,8,14,4,3,5,3,0,1,1,0,0,0,0,0,784409.0909999999,5831050.2776
199756,13.298678376540428,52.50684595513058,203757,203757,11,0,4,4,2018,7,13,2,2,5,7,0,0,1,0,1,0,0,0,791691.2589,5826102.4685
199757,13.424806715791226,52.483560885538,203758,203758,11,0,8,8,2018,8,22,7,2,5,7,2,0,1,0,1,0,0,0,800404.3394,5824032.1067
199758,13.436078616974582,52.529485850030774,203759,203759,11,0,3,3,2018,7,13,2,3,5,7,0,0,1,0,1,0,0,0,800855.0118,5829183.4823
199759,13.440890597304186,52.51329348166898,203760,203760,11,0,2,2,2018,8,7,4,2,5,2,0,0,0,0,1,0,1,0,801292.1115,5827403.8632
199760,13.367569183041196,52.52577748421078,203761,203761,11,0,1,1,2018,8,15,6,3,0,2,0,0,1,0,0,0,1,0,796236.05,5828487.58
199761,13.46532627142213,52.42951161164261,203762,203762,11,0,8,8,2018,8,6,4,2,3,6,0,0,1,0,1,0,0,0,803525.78,5818194.3675
199762,13.347701419685107,52.54111896324938,203763,203763,11,0,1,1,2018,7,15,2,3,2,6,0,0,1,0,0,0,0,0,794786.2701,5830111.3236
199763,13.191734486345071,52.43366049730941,203764,203764,11,0,6,6,2018,8,17,7,2,5,3,0,0,1,0,1,0,0,0,784910.6989,5817540.3582
199764,13.337434816848033,52.467201039841214,203765,203765,11,0,7,7,2018,8,8,4,3,6,2,0,0,1,1,0,0,0,0,794584.9291,5821853.4308
199765,13.33069933778091,52.507069313602116,203766,203766,11,0,4,4,2018,7,23,2,3,3,6,2,0,1,0,0,0,1,0,793861.5108,5826257.3016
199766,13.284024144039225,52.44570843709892,203767,203767,11,0,6,6,2018,8,13,6,2,5,2,0,1,1,0,0,0,0,0,791101.0957,5819247.7684
199767,13.394209602242414,52.506949560035025,203768,203768,11,0,2,2,2018,8,4,4,3,6,4,0,0,1,1,1,0,0,0,798169.6582,5826504.7072
199768,13.436754408783028,52.45705270232258,203769,203769,11,0,8,8,2018,8,12,6,2,5,3,0,0,1,0,1,0,0,0,801396.3526,5821135.6672
199769,13.461476414609573,52.51204626012991,203770,203770,11,0,2,2,2018,7,20,2,3,5,3,1,1,1,0,0,0,0,0,802696.6051,5827351.4656
199770,13.363415357896054,52.50549377128874,203771,203771,11,0,1,1,2018,8,16,7,2,0,7,0,1,0,0,0,0,0,0,796090.9609999999,5826216.0095
199771,13.390806013191655,52.50495137497346,203772,203772,11,0,2,2,2018,7,20,2,3,1,5,0,0,1,0,1,0,0,0,797952.3553,5826268.5451
199772,13.244979824225824,52.614355085113495,203773,203773,11,0,12,12,2018,8,10,4,2,5,2,0,1,1,0,0,0,0,0,787344.963,5837836.6546
199773,13.326319902548803,52.53784884869732,203774,203774,11,0,4,4,2018,8,12,6,3,2,6,0,0,1,0,0,0,0,0,793359.0920000001,5829660.617000001
199774,13.349648401282446,52.44964678097576,203775,203775,11,0,6,6,2018,8,12,4,3,0,1,0,0,0,0,1,0,0,0,795531.7,5819952.234
199775,13.379295921015787,52.50703344918745,203776,203776,11,0,1,1,2018,7,19,2,3,5,3,0,1,1,0,0,0,0,0,797157.6352,5826452.4673
199776,13.319918517715626,52.60704959014189,203777,203777,11,0,12,12,2018,8,8,4,2,0,7,0,0,0,0,0,1,0,0,792463.8281,5837326.3091
199777,13.38678032373863,52.522536620095494,203778,203778,11,0,1,1,2018,7,19,2,3,4,2,0,1,1,0,0,0,0,0,797560.3386,5828206.4811
199778,13.468932444044189,52.50477467626368,203779,203779,11,0,2,2,2018,8,12,6,3,5,3,0,1,0,0,0,0,0,0,803252.3241,5826574.5974
199779,13.427173901430711,52.57187839132106,203780,203780,11,0,3,3,2018,8,1,4,2,0,1,2,1,0,0,0,0,0,0,799961.7942,5833858.1394
199780,13.416473951300596,52.52682197231989,203781,203781,11,0,1,1,2018,7,18,2,3,2,6,0,0,1,0,1,0,0,0,799544.2603,5828805.7587
199781,13.291876303564678,52.497220871312386,203782,203782,11,0,4,4,2018,8,14,7,3,2,2,0,0,1,0,0,0,0,0,791293.6216,5825005.1347
199782,13.416723331708289,52.521863780161524,203783,203783,11,0,1,1,2018,7,14,2,3,5,2,0,1,0,0,0,1,0,0,799594.9464,5828255.708
199783,13.489991183024152,52.493397019426155,203784,203784,11,0,11,11,2018,8,11,6,3,5,3,0,1,1,0,0,0,0,0,804759.3465,5825398.8172
199784,13.485042449463908,52.5155353288109,203785,203785,11,0,11,11,2018,8,15,4,2,0,1,0,1,0,0,0,0,0,0,804270.4991,5827838.4541
199785,13.583655406833474,52.51500942216404,203786,203786,11,0,10,10,2018,8,10,6,2,5,2,0,0,1,0,1,0,0,0,810960.558,5828200.7783
199786,13.298201080070418,52.52425023038217,203787,203787,11,0,4,4,2018,8,12,7,3,0,7,0,1,1,0,0,0,0,0,791543.5128,5828035.0453
199787,13.209950538049506,52.550598623446895,203788,203788,11,0,5,5,2018,8,11,4,3,2,6,0,1,0,0,0,0,1,0,785389.2636,5830610.596
199788,13.276734085539909,52.412988745158046,203789,203789,11,0,6,6,2018,7,12,2,3,5,2,0,1,0,0,0,0,1,0,790821.5361,5815581.5512
199789,13.216501939738468,52.43618917830871,203790,203790,11,0,6,6,2018,8,10,6,3,5,3,0,1,1,0,0,0,0,0,786576.9283,5817919.4719
199790,13.460001194961785,52.44088519284611,203791,203791,11,0,8,8,2018,8,10,4,2,0,7,0,1,0,0,0,0,0,0,803085.8451,5819436.0977
199791,13.403714023188474,52.503383798790075,203792,203792,11,0,2,2,2018,8,9,6,2,6,7,0,0,0,1,0,0,1,0,798838.468,5826147.727000001
199792,13.414383298546605,52.55360275287315,203793,203793,11,0,3,3,2018,8,10,7,3,5,3,0,1,1,0,0,0,0,0,799220.1336,5831773.6764
199793,13.294810658525114,52.57648385780003,203794,203794,11,0,12,12,2018,7,12,2,3,4,6,0,1,0,0,0,0,0,0,790967.5059999999,5833827.1964
199794,13.429639749037845,52.47029625783804,203795,203795,11,0,8,8,2018,8,7,6,3,2,6,0,1,0,0,0,1,0,0,800822.8699,5822577.9376
199795,13.265817402474413,52.483323548773534,203796,203796,11,0,4,4,2018,8,9,4,1,3,2,0,1,0,0,0,1,0,0,789617.2306,5823355.4864
199796,13.33310287913826,52.48748905638032,203797,203797,11,0,4,4,2018,7,11,2,3,5,7,0,1,1,0,0,0,0,0,794155.3468,5824090.7577
199797,13.378385411101705,52.407316582922704,203798,203798,11,0,7,7,2018,8,13,3,3,2,6,0,0,1,0,0,0,0,0,797768.7469,5815365.4124
199798,13.278977639640093,52.43086574829886,203799,203799,11,0,6,6,2018,7,11,2,3,2,2,0,0,1,0,0,0,0,0,790856.1987,5817577.6407
199799,13.246999612480318,52.5441542349981,203800,203800,11,0,5,5,2018,8,13,6,3,0,1,0,0,0,0,1,0,0,0,787941.8229,5830041.6279
199800,13.480109659203315,52.553270364947174,203801,203801,11,0,3,3,2018,8,21,3,3,0,2,1,1,1,0,0,0,0,0,803675.203,5832011.6828
199801,13.406264219007506,52.53522578998534,203802,203802,11,0,1,1,2018,8,8,6,2,3,6,0,1,0,0,0,0,1,0,798795.0232,5829697.4446