,X,Y,OBJECTID_1,OBJECTID,ULAND,UREGBEZ,UKREIS,UGEMEINDE,UJAHR,UMONAT,USTUNDE,UWOCHENTAG,UKATEGORIE,UART,UTYP1,ULICHTVERH,IstRad,IstPKW,IstFuss,IstKrad,IstGkfz,IstSonstig,STRZUSTAND,LINREFX,LINREFY
199802,13.208657194907394,52.561591744496525,203803,203803,11,0,5,5,2018,7,10,2,2,6,2,0,0,1,1,0,0,0,0,785230.2384,5831827.416
199803,13.196398406349573,52.55813076212647,203804,203804,11,0,5,5,2018,8,8,7,3,5,3,0,0,1,0,0,0,0,0,784422.2338,5831394.2592
199804,13.315063391302928,52.576574748634,203805,203805,11,0,12,12,2018,7,11,2,3,2,2,0,0,1,0,0,0,0,0,792338.3165,5833919.286
199805,13.54864215019507,52.438109005540895,203806,203806,11,0,9,9,2018,8,20,6,3,6,4,0,0,1,1,0,0,0,0,809125.7963,5819503.5254
199806,13.555725930352367,52.548342717067136,203807,203807,11,0,10,10,2018,8,15,3,3,5,2,0,1,1,0,0,0,0,0,808832.5403,5831785.3788
199807,13.309706485735429,52.62185664822418,203808,203808,11,0,12,12,2018,8,6,6,3,1,5,0,0,1,0,0,0,0,0,791674.2532,5838930.7148
199808,13.402777573522206,52.52346476867332,203809,203809,11,0,1,1,2018,7,10,2,3,5,3,0,0,1,0,1,0,0,0,798638.5914,5828375.7907
199809,13.497765790092812,52.5124752213418,203810,203810,11,0,11,11,2018,8,5,6,3,0,1,1,1,1,0,0,0,0,0,805154.4337,5827552.1171
199810,13.387970597778304,52.49298599892832,203811,203811,11,0,2,2,2018,8,19,3,3,5,2,0,1,1,0,0,0,0,0,797841.0088,5824926.9093
199811,13.694536450324064,52.37159859633476,203812,203812,11,0,9,9,2018,8,23,6,3,3,6,2,0,1,0,0,0,0,0,819516.0896,5812746.8948
199812,13.309847200536499,52.431365020581566,203813,203813,11,0,6,6,2018,7,9,2,3,0,2,0,0,0,0,0,0,1,0,792950.1745,5817757.9653
199813,13.400323131824255,52.483709452046405,203814,203814,11,0,7,7,2018,7,9,2,3,5,2,0,1,1,0,0,0,0,0,798741.9674,5823946.9322
199814,13.71842616973484,52.43148517003414,203815,203815,11,0,9,9,2018,8,13,6,1,5,3,0,0,1,0,0,0,1,0,820705.8761,5819508.2736
199815,13.379085300217659,52.5529060179106,203816,203816,11,0,1,1,2018,8,19,3,3,2,6,0,0,1,0,0,0,1,0,796833.4614,5831550.2564
199816,13.30867586388134,52.50282938676674,203817,203817,11,0,4,4,2018,8,20,5,3,3,6,0,1,0,0,0,0,0,0,792396.0040000001,5825696.5103
199817,13.376403940485634,52.459308801206674,203818,203818,11,0,7,7,2018,7,13,2,3,2,6,0,0,1,0,0,0,1,0,797283.4989,5821136.0538
199818,13.567231829192476,52.45498015020415,203819,203819,11,0,9,9,2018,8,19,3,3,5,2,0,1,1,0,0,0,0,0,810269.7148,5821458.3804
199819,13.453850457160875,52.482442813342104,203820,203820,11,0,8,8,2018,7,23,1,3,5,3,2,1,1,0,0,0,0,0,802382.7977,5824029.1989
199820,13.420930030792723,52.524936738493956,203821,203821,11,0,1,1,2018,8,6,5,3,6,4,0,1,0,1,0,0,0,0,799859.1913,5828614.747
199821,13.410228947887033,52.528720048374566,203822,203822,11,0,1,1,2018,8,18,3,3,2,2,0,0,1,0,1,0,0,0,799108.0022,5828990.7929
199822,13.419442443140099,52.38751243038038,203823,203823,11,0,7,7,2018,8,16,5,2,2,6,0,1,0,0,0,0,0,0,800694.3523,5813334.38
199823,13.343109139426193,52.52649318650853,203824,203824,11,0,1,1,2018,7,22,1,3,2,6,2,0,1,0,0,0,0,0,794573.0515,5828466.901000001
199824,13.33856328230458,52.5432026477188,203825,203825,11,0,1,1,2018,8,9,7,3,2,6,0,0,1,0,0,0,0,0,794153.0406,5830305.5906
199825,13.428877006598109,52.57205043280654,203826,203826,11,0,3,3,2018,7,21,1,3,5,2,0,0,1,0,0,0,0,0,800075.9512,5833884.3536
199826,13.347455209432034,52.470505691217916,203827,203827,11,0,7,7,2018,8,19,5,3,0,2,0,1,1,0,0,0,0,0,795243.0007,5822261.7004
199827,13.349536445146887,52.52446667829749,203828,203828,11,0,1,1,2018,8,17,3,3,6,2,0,0,1,1,0,0,0,0,795022.3644,5828267.937999999
199828,13.258389846041059,52.43056899082815,203829,203829,11,0,6,6,2018,8,13,5,3,1,5,0,1,0,0,0,0,1,0,789459.3901,5817461.9025
199829,13.413363568765288,52.53815706717029,203830,203830,11,0,3,3,2018,8,10,1,3,5,3,0,1,0,0,1,0,0,0,799256.2326,5830052.7001
199830,13.406362978891533,52.524939839068956,203831,203831,11,0,1,1,2018,7,20,1,3,5,2,0,1,1,0,0,0,0,0,798871.6369,5828554.5992
199831,13.607406496432947,52.45299883949705,203832,203832,11,0,9,9,2018,8,13,5,3,5,2,0,0,0,0,1,0,1,0,813011.4913,5821411.7086
199832,13.34810627241735,52.61540960946434,203833,203833,11,0,12,12,2018,8,18,3,2,5,7,0,0,1,0,1,0,0,0,794315.0759,5838370.3749
199833,13.319518200577257,52.50214381770042,203834,203834,11,0,4,4,2018,8,13,5,3,1,5,0,0,1,0,0,0,0,0,793135.993,5825664.3251
199834,13.302689762119169,52.5806431666267,203835,203835,11,0,12,12,2018,8,18,3,3,0,1,0,0,0,0,1,0,0,0,791473.4168,5834321.3605
199835,13.331293898531491,52.50343024490612,203836,203836,11,0,4,4,2018,7,20,1,3,6,4,1,1,0,1,0,0,0,0,793926.1415,5825855.2425
199836,13.45941138090917,52.54812276948201,203837,203837,11,0,3,3,2018,8,10,7,3,5,3,0,0,1,0,0,0,0,0,802308.3785,5831352.5262
199837,13.419959305008499,52.5022137718069,203838,203838,11,0,2,2,2018,8,17,3,3,5,2,0,1,1,0,0,0,0,0,799948.2895,5826085.1302
199838,13.340054850392209,52.54858434933952,203839,203839,11,0,1,1,2018,7,20,1,3,2,7,0,0,1,0,1,0,0,0,794218.0792,5830909.8547
199839,13.324022217766226,52.460238221094286,203840,203840,11,0,6,6,2018,8,12,5,3,2,6,0,1,0,0,0,0,1,0,793720.8382,5821024.8353
199840,13.237709330135054,52.54234667438055,203841,203841,11,0,5,5,2018,8,17,3,3,5,2,0,0,1,0,1,0,0,0,787324.0703,5829803.6384
199841,13.394110349183281,52.49148908688819,203842,203842,11,0,2,2,2018,8,11,5,3,2,6,0,0,1,0,1,0,0,0,798267.6849,5824785.9046
199842,13.4289238151126,52.486078994075726,203843,203843,11,0,8,8,2018,7,19,1,3,2,6,0,0,1,0,0,0,0,0,800666.5144,5824329.1394
199843,13.376824002593976,52.51048827838883,203844,203844,11,0,1,1,2018,8,6,7,3,8,1,0,0,0,0,1,0,0,0,796966.6676,5826826.2815
199844,13.440767622433365,52.48653896477982,203845,203845,11,0,8,8,2018,7,19,1,3,6,4,0,1,0,1,0,0,0,0,801466.9890000001,5824429.7016
199845,13.240365559496976,52.54304058641448,203846,203846,11,0,5,5,2018,8,17,3,3,3,6,0,0,1,0,1,0,0,0,787499.5418,5829891.3607
199846,13.305615289335293,52.568119555218274,203847,203847,11,0,12,12,2018,7,19,1,3,2,6,0,0,1,0,0,0,0,0,791754.7298,5832941.1831
199847,13.632890043651743,52.45672677849953,203848,203848,11,0,9,9,2018,8,11,5,2,2,2,0,0,1,0,0,0,0,0,814715.1639,5821936.8871
199848,13.469346324845032,52.46058389084893,203849,203849,11,0,8,8,2018,8,17,3,3,5,3,0,0,1,0,0,0,0,0,803584.897,5821664.7807
199849,13.317090225044193,52.465694340434204,203850,203850,11,0,6,6,2018,8,10,5,3,2,6,0,0,1,0,0,0,0,0,793213.8917,5821603.0887
199850,13.422185891729608,52.505457972843885,203851,203851,11,0,1,1,2018,7,17,1,3,5,2,0,1,1,0,0,0,0,0,800077.1882,5826454.9753
199851,13.392444917562289,52.540743622145044,203852,203852,11,0,1,1,2018,7,16,1,3,2,6,0,1,1,0,0,0,0,0,797821.0033,5830253.5442
199852,13.554240246229824,52.45571462231347,203853,203853,11,0,9,9,2018,8,10,5,3,2,2,0,0,1,0,0,0,0,0,809382.4719,5821484.2211
199853,13.441272969696437,52.549504466115856,203854,203854,11,0,3,3,2018,8,17,3,3,5,3,0,0,1,0,0,0,0,0,801069.9318,5831430.1619
199854,13.560344601317674,52.456276298460146,203855,203855,11,0,9,9,2018,8,9,5,3,2,6,0,0,1,0,0,0,1,0,809792.984,5821572.8397
199855,13.29679211925968,52.54801237438098,203856,203856,11,0,4,4,2018,8,16,3,3,2,6,0,0,1,0,0,0,0,0,791290.4777,5830670.5465
199856,13.452317390500367,52.45255533743571,203857,203857,11,0,8,8,2018,7,15,1,3,5,3,0,0,1,0,0,0,0,0,802483.8835,5820700.9314
199857,13.592812962197197,52.4262313009755,203858,203858,11,0,9,9,2018,8,16,3,3,1,5,0,1,1,0,0,0,0,0,812210.0499,5818373.5753
199858,13.423559432867027,52.531971726508466,203859,203859,11,0,3,3,2018,8,8,5,3,1,5,0,1,1,0,0,0,0,0,799989.4366,5829407.6019
199859,13.337811316953287,52.52658285561024,203860,203860,11,0,1,1,2018,8,16,3,3,2,6,0,0,1,0,0,0,1,0,794213.3037,5828455.2335
199860,13.35011219248049,52.53602132156622,203861,203861,11,0,1,1,2018,8,16,3,3,5,2,0,0,1,0,1,0,0,0,794983.8576,5829554.5859
199861,13.404372446969207,52.53310963839661,203862,203862,11,0,1,1,2018,7,14,1,3,6,2,0,0,1,1,0,0,0,0,798681.1845,5829454.3997
199862,13.374040458600085,52.55661675375186,203863,203863,11,0,1,1,2018,8,7,5,3,5,3,0,1,0,0,0,0,1,0,796466.6269,5831941.932
199863,13.348652197480114,52.58397310765786,203864,203864,11,0,12,12,2018,8,16,3,2,0,7,0,0,1,0,0,0,0,0,794563.0954,5834878.4387
199864,13.431883440580284,52.505650253401534,203865,203865,11,0,2,2,2018,8,6,5,2,5,2,0,0,1,0,1,0,0,0,800733.5817,5826516.7473
199865,13.348448410166338,52.449776882574156,203866,203866,11,0,6,6,2018,7,13,1,3,1,5,0,0,1,0,0,0,1,0,795449.3366,5819961.7811
199866,13.263994524031913,52.49556341630142,203867,203867,11,0,4,4,2018,7,11,1,3,4,6,0,1,1,0,0,0,0,0,789413.0663,5824708.6594
199867,13.3956046948618,52.49876120976098,203868,203868,11,0,2,2,2018,8,22,5,3,4,6,2,0,1,0,1,0,0,0,798319.7789,5825600.3629
199868,13.43367462915454,52.48208647096467,203869,203869,11,0,8,8,2018,8,15,3,3,5,2,0,1,1,0,0,0,0,0,801016.1576,5823905.2022
199869,13.371019747693104,52.53374312143268,203870,203870,11,0,1,1,2018,7,11,1,3,1,5,0,1,1,0,0,0,0,0,796416.2588,5829387.134
199870,13.427864781342675,52.47392062250982,203871,203871,11,0,8,8,2018,8,15,3,3,3,6,0,1,1,0,0,0,0,0,800677.6533,5822973.371
199871,13.460530484123835,52.51229582426484,203872,203872,11,0,2,2,2018,8,15,3,3,1,5,0,1,1,0,0,0,0,0,802630.7436,5827375.2325
199872,13.310580266232526,52.54762810557946,203873,203873,11,0,4,4,2018,8,21,5,3,3,6,0,0,1,0,0,0,0,0,792227.3069,5830683.6505
199873,13.412503175860904,52.39429665450639,203874,203874,11,0,7,7,2018,8,15,3,3,5,3,0,0,1,0,0,0,0,0,800176.3563,5814059.5498
199874,13.339424938240251,52.503129282345725,203875,203875,11,0,4,4,2018,7,4,1,3,5,2,2,0,1,0,0,0,0,1,794479.6624,5825854.9627
199875,13.389017046151087,52.51562663185114,203876,203876,11,0,1,1,2018,8,14,3,3,5,2,0,0,1,0,1,0,0,0,797758.76,5827447.6854
199876,13.30287543670187,52.519053328161604,203877,203877,11,0,4,4,2018,7,9,1,3,0,7,0,0,1,1,0,0,0,0,791894.9065,5827476.3163
199877,13.666421919097807,52.40978992828227,203878,203878,11,0,9,9,2018,8,20,5,3,5,2,0,1,1,0,0,0,0,0,817329.2072,5816867.315
199878,13.334150329132573,52.54105371230198,203879,203879,11,0,1,1,2018,8,13,3,2,2,6,0,0,1,0,0,0,1,0,793868.3631,5830048.7353
199879,13.578282720561399,52.461116904021274,203880,203880,11,0,9,9,2018,7,18,7,3,5,2,0,0,1,0,1,0,0,0,810976.7270000001,5822187.9991
199880,13.456795707787373,52.509761335729245,203881,203881,11,0,2,2,2018,8,13,3,3,0,1,0,1,0,0,0,0,0,0,802394.9074,5827077.8668
199881,13.576780135535106,52.455317555855004,203882,203882,11,0,9,9,2018,7,16,7,3,6,4,0,0,1,1,0,0,0,0,810915.6319,5821536.9841
199882,13.269624662074506,52.53808300025639,203883,203883,11,0,5,5,2018,8,16,5,3,4,6,0,1,0,0,0,0,1,0,789515.0286,5829457.4186
199883,13.24018757539143,52.442911361685674,203884,203884,11,0,6,6,2018,8,13,3,3,6,4,0,0,1,1,0,0,0,0,788142.0671,5818760.96
199884,13.46971897207604,52.51206106612344,203885,203885,11,0,2,2,2018,8,18,5,3,1,5,0,1,1,0,1,0,0,0,803255.4386,5827387.7481
199885,13.347457534271989,52.50200405297104,203886,203886,11,0,7,7,2018,7,15,7,3,6,6,0,1,0,1,0,0,0,0,795032.038,5825762.726
199886,13.519199482279127,52.513254275467695,203887,203887,11,0,11,11,2018,8,16,5,3,2,6,0,0,1,0,0,0,0,0,806602.4057,5827729.6386
199887,13.409931066538816,52.5038810358181,203888,203888,11,0,2,2,2018,8,13,3,3,0,6,0,0,1,0,0,0,1,0,799256.762,5826228.776000001
199888,13.392354900082614,52.41502016852235,203889,203889,11,0,7,7,2018,7,15,7,3,0,3,0,1,0,0,1,0,0,0,798666.2025,5816279.3433
199889,13.365560685711484,52.50311827812314,203890,203890,11,0,1,1,2018,8,13,3,3,5,2,0,1,1,0,0,0,0,0,796252.4569,5825960.7878
199890,13.389082231501368,52.51542980511506,203891,203891,11,0,1,1,2018,7,15,7,3,6,4,0,0,1,1,0,0,0,0,797764.5125,5827426.0777
199891,13.509468542151044,52.45321377484939,203892,203892,11,0,9,9,2018,8,16,5,3,1,5,0,1,0,0,0,0,1,0,806360.0149,5821015.2314
199892,13.436208450482573,52.448900162226,203893,203893,11,0,8,8,2018,8,12,3,2,5,2,0,0,1,0,0,0,0,0,801415.0202,5820227.268999999
199893,13.558096200806546,52.45568942883826,203894,203894,11,0,9,9,2018,8,15,5,3,5,2,0,0,1,0,1,0,0,0,809644.4521,5821497.9628
199894,13.35998264007388,52.54682898987004,203895,203895,11,0,1,1,2018,7,17,7,2,5,2,0,0,1,0,1,0,0,0,795580.1396,5830796.2878
199895,13.464703369722654,52.4702006885504,203896,203896,11,0,8,8,2018,7,13,7,2,5,2,0,0,1,0,1,0,0,0,803203.5032,5822714.1079
199896,13.428795289551644,52.49846720653413,203897,203897,11,0,2,2,2018,8,15,5,3,5,7,0,1,1,0,0,1,0,0,800573.1965,5825705.5044
199897,13.222110977253404,52.55974686941496,203898,203898,11,0,5,5,2018,8,11,3,3,2,6,0,0,1,0,0,0,0,0,786153.6206,5831675.6853
199898,13.336538303584357,52.43012163312313,203899,203899,11,0,6,6,2018,7,10,7,3,6,4,0,1,0,1,0,0,0,0,794771.8475,5817728.422
199899,13.569603033894547,52.4706443625705,203900,203900,11,0,9,9,2018,8,14,5,3,2,7,0,1,1,0,0,0,0,0,810320.3773,5823209.5045
199900,13.43142058902004,52.502902516827476,203901,203901,11,0,2,2,2018,8,11,3,3,5,3,0,0,1,0,1,0,0,0,800720.9684,5826209.417
199901,13.562596120779483,52.456366333637106,203902,203902,11,0,9,9,2018,7,10,7,3,5,3,0,1,0,0,0,0,1,0,809945.2174,5821592.5163
199902,13.193179445344198,52.43380146012115,203903,203903,11,0,6,6,2018,7,9,7,3,5,2,0,0,1,0,1,0,0,0,785007.9566,5817561.7308
199903,13.6075086133212,52.54331784669696,203904,203904,11,0,10,10,2018,8,14,5,3,6,4,0,0,1,1,0,0,0,0,812376.6466,5831450.1110000005
199904,13.176661569751186,52.52492444112927,203905,203905,11,0,5,5,2018,8,10,3,3,1,5,0,0,1,0,0,0,1,0,783299.1018,5827625.4657
199905,13.415569633473735,52.527248679718255,203906,203906,11,0,1,1,2018,8,14,5,3,0,1,0,1,0,0,0,0,0,0,799480.0507,5828849.4286
199906,13.335875047765706,52.46362643346541,203907,203907,11,0,6,6,2018,7,7,7,3,6,4,0,1,0,1,0,0,0,0,794502.9352,5821449.7479
199907,13.410812868093062,52.39705547816024,203908,203908,11,0,7,7,2018,8,14,5,3,5,3,0,1,1,0,0,0,0,0,800042.6868,5814359.1573
199908,13.197053097630306,52.53326368830897,203909,203909,11,0,5,5,2018,8,9,3,3,2,6,0,0,1,0,0,0,0,0,784627.6099,5828632.7351
199909,13.20127984980684,52.512163308911724,203910,203910,11,0,5,5,2018,8,13,5,3,2,6,0,0,1,0,0,1,0,0,785050.8459999999,5826304.018999999
199910,13.437952632912946,52.50035265259071,203911,203911,11,0,2,2,2018,7,17,7,3,6,4,0,1,0,1,0,0,0,0,801181.4606,5825953.2712
199911,13.429461067839648,52.52120033137341,203912,203912,11,0,2,2,2018,8,9,3,3,5,2,0,1,1,0,0,0,0,0,800463.057,5828234.978999999
199912,13.475350841172204,52.50192224696047,203913,203913,11,0,11,11,2018,7,1,7,3,5,2,2,1,1,0,0,0,0,0,803707.3198,5826284.579
199913,13.438116504485395,52.511758903575576,203914,203914,11,0,2,2,2018,8,13,5,3,6,4,0,0,0,1,1,0,0,0,801114.5056,5827221.7124
199914,13.4498383394552,52.4455539307307,203915,203915,11,0,8,8,2018,8,8,3,2,0,6,0,0,1,0,0,0,1,0,802363.5592,5819912.3715
199915,13.406816257105813,52.49899809955879,203916,203916,11,0,2,2,2018,8,13,5,3,0,7,0,1,0,0,0,0,0,0,799078.6833,5825673.1305
199916,13.517184361670852,52.53538883200235,203917,203917,11,0,10,10,2018,7,1,7,2,0,1,2,0,0,0,1,0,0,0,806311.5206,5830181.167
199917,13.419342667261484,52.50134605544125,203918,203918,11,0,2,2,2018,8,9,5,2,6,4,0,0,0,1,1,0,0,0,799912.3782,5825986.1218
199918,13.318699115802868,52.49809745915486,203919,203919,11,0,4,4,2018,8,0,6,2,5,3,2,0,1,0,0,0,0,0,793107.3809999999,5825211.2418
199919,13.346547763671351,52.4307076614561,203920,203920,11,0,6,6,2018,8,15,5,3,5,2,0,1,1,0,0,0,0,0,795447.9708,5817834.4801
199920,13.427614460398893,52.56047155365824,203921,203921,11,0,3,3,2018,8,15,5,2,5,3,0,1,1,0,0,0,0,0,800069.5807,5832592.1419
199921,13.604258486165387,52.538677512144716,203922,203922,11,0,10,10,2018,8,17,1,3,3,6,0,0,1,0,0,0,0,0,812189.3892,5830920.3034
199922,13.402424402664902,52.51189315978497,203923,203923,11,0,1,1,2018,8,8,5,3,2,2,0,1,1,0,0,0,0,0,798693.2242,5827088.175
199923,13.43911759512287,52.54733049881236,203924,203924,11,0,3,3,2018,8,14,5,3,5,2,0,1,1,0,0,0,0,0,800938.7890000001,5831179.5315
199924,13.621225574197686,52.5242189661599,203925,203925,11,0,10,10,2018,8,15,6,3,2,6,0,0,1,0,0,0,0,0,813442.2739,5829387.0368
199925,13.44253096233547,52.533755607582215,203926,203926,11,0,3,3,2018,8,8,5,3,1,5,0,1,1,0,0,0,0,0,801263.1179,5829684.9975
199926,13.329787485783761,52.52277816978084,203927,203927,11,0,1,1,2018,8,19,1,3,5,2,0,1,1,0,0,0,0,0,793694.7658,5827999.6264
199927,13.379055941477521,52.44818741037758,203928,203928,11,0,7,7,2018,8,8,5,3,6,2,0,0,1,1,0,0,0,0,797538.6076,5819910.8669
199928,13.383451177177172,52.431009056064745,203929,203929,11,0,7,7,2018,8,15,7,3,1,5,0,1,1,0,0,0,0,0,797953.1172,5818019.6684
199929,13.425638889917623,52.523306222191714,203930,203930,11,0,1,1,2018,8,8,5,3,5,2,0,1,1,0,0,0,0,0,800189.5458,5828453.1182
199930,13.53348271416123,52.45204964543159,203931,203931,11,0,9,9,2018,8,7,5,3,5,2,0,1,1,0,0,0,0,0,807998.7235,5820988.0828
199931,13.452254632397981,52.51064694603159,203932,203932,11,0,2,2,2018,8,21,6,3,4,6,2,0,1,0,1,0,0,0,802080.8743,5827157.2627
199932,13.443074150231608,52.48015852315911,203933,203933,11,0,8,8,2018,8,19,7,3,2,6,1,1,1,0,0,0,0,0,801667.1957,5823730.187999999
199933,13.429247695501775,52.5563825852645,203934,203934,11,0,3,3,2018,8,7,5,3,5,2,0,1,0,0,0,0,1,0,800208.1617,5832144.47
199934,13.411432823318385,52.540215443361426,203935,203935,11,0,3,3,2018,8,19,6,3,6,4,0,0,0,1,0,0,1,0,799111.3725,5830273.4681
199935,13.355348104860662,52.494635031072114,203936,203936,11,0,7,7,2018,8,6,5,2,5,3,0,1,0,0,0,0,0,0,795616.7384,5824975.9779
199936,13.331420880786798,52.49316080829129,203937,203937,11,0,4,4,2018,8,12,6,3,5,3,0,0,1,0,1,0,0,0,794003.3428,5824714.3136
199937,13.231497933594573,52.54542102129042,203938,203938,11,0,5,5,2018,8,6,5,2,1,5,0,0,0,0,1,0,1,0,786883.0561,5830120.6233
199938,13.572342101400373,52.450730304479706,203939,203939,11,0,9,9,2018,8,0,5,3,2,6,2,0,1,0,0,0,0,0,810646.6337,5821008.0408
199939,13.519648412647422,52.50587540867536,203940,203940,11,0,11,11,2018,8,11,2,2,5,3,0,0,1,0,0,0,1,0,806684.2841,5826911.4416
199940,13.431425212648803,52.59297393506882,203941,203941,11,0,3,3,2018,8,15,5,3,2,6,0,0,1,0,0,0,0,0,800105.3712,5836220.5473
199941,13.334450438302696,52.541441022248236,203942,203942,11,0,1,1,2018,8,15,5,3,3,6,0,0,0,0,1,0,1,0,793886.1112,5830093.0085
199942,13.563688930305775,52.45636564774204,203943,203943,11,0,9,9,2018,8,14,7,3,0,6,0,0,1,0,0,0,1,0,810019.4181,5821597.1353
199943,13.400664386529325,52.439835135711505,203944,203944,11,0,7,7,2018,8,15,5,3,2,6,0,0,1,0,0,0,0,0,799062.7046,5819071.8512
199944,13.278250531571018,52.50684153500502,203945,203945,11,0,4,4,2018,8,6,6,3,5,2,0,1,1,0,0,0,0,0,790305.8068,5826019.5443
199945,13.373366430184536,52.574769491288215,203946,203946,11,0,12,12,2018,8,15,5,3,5,2,0,1,1,0,0,0,0,0,796298.4374,5833956.8139
199946,13.461093642467015,52.51708627065526,203947,203947,11,0,2,2,2018,8,8,6,3,5,2,0,0,1,0,1,0,0,0,802635.9694,5827910.0304
199947,13.325854887845347,52.56464613272809,203948,203948,11,0,12,12,2018,8,14,5,3,5,2,0,1,1,0,0,0,0,0,793148.703,5832637.2563
199948,13.382177466715591,52.436022133946025,203949,203949,11,0,7,7,2018,8,13,5,3,5,3,0,0,1,0,0,0,0,0,797832.7382,5818571.602000001
199949,13.657585174579921,52.374181453702285,203950,203950,11,0,9,9,2018,8,11,1,3,4,6,0,1,0,0,0,0,0,0,816984.0396,5812871.1159
199950,13.355054542612324,52.42763304999004,203951,203951,11,0,6,6,2018,8,13,5,3,0,2,0,0,1,1,0,0,0,0,796046.5439,5817527.5945
199951,13.57773517044626,52.4526105706917,203952,203952,11,0,9,9,2018,8,13,5,3,2,6,0,0,1,0,0,0,0,0,810999.5738,5821240.2462
199952,13.297728163785727,52.59117420780175,203953,203953,11,0,12,12,2018,8,21,7,3,9,1,2,0,1,0,0,0,0,0,791067.6035,5835471.8429
199953,13.187346617729087,52.52018356914094,203954,203954,11,0,5,5,2018,8,12,5,3,5,2,0,0,1,0,0,0,0,0,784054.1413,5827140.5294
199954,13.51988425005391,52.50583556759768,203955,203955,11,0,11,11,2018,8,14,6,3,5,2,0,1,1,0,0,0,0,0,806700.5561,5826908.0167
199955,13.434050051281448,52.54592377273793,203956,203956,11,0,3,3,2018,8,12,5,3,2,6,0,1,1,0,0,0,0,0,800605.0518,5831002.0301
199956,13.496115562457993,52.41554714672181,203957,203957,11,0,8,8,2018,8,12,5,3,2,6,0,0,1,0,0,0,0,0,805714.2701,5816772.239
199957,13.429104778031654,52.556334013212364,203958,203958,11,0,3,3,2018,8,21,1,2,9,1,2,0,1,0,1,0,0,0,800198.812,5832138.476
199958,13.297392797537329,52.44233053223972,203959,203959,11,0,6,6,2018,8,12,5,3,5,7,0,0,1,0,0,0,0,0,792031.4289,5818926.3179
199959,13.18030697539498,52.4901494980705,203960,203960,11,0,5,5,2018,8,19,5,3,5,2,0,0,1,0,0,0,0,0,783770.417,5823774.365
199960,13.342804285354777,52.450463801802094,203961,203961,11,0,6,6,2018,8,19,5,3,5,2,0,0,1,0,0,0,1,0,795061.447,5820015.039
199961,13.397804006035935,52.4953876265695,203962,203962,11,0,2,2,2018,8,17,1,3,5,2,0,1,1,0,0,0,0,0,798491.8426,5825234.4984
199962,13.218263712080441,52.508808242494105,203963,203963,11,0,4,4,2018,8,17,5,3,5,3,0,0,1,0,0,0,0,0,786224.4614,5825998.3607
199963,13.376294938010766,52.409151658832684,203964,203964,11,0,7,7,2018,8,16,5,3,5,2,0,0,1,0,0,0,0,0,797614.2788,5815560.7574
199964,13.385363340972411,52.49904007744562,203965,203965,11,0,2,2,2018,8,2,7,3,5,3,2,1,1,0,0,0,0,0,797623.1885,5825589.0426
199965,13.436624777395947,52.4236396175908,203966,203966,11,0,8,8,2018,8,19,6,2,5,2,0,0,1,0,1,0,0,0,801615.9683,5817421.417
199966,13.2826462936834,52.51847134991083,203967,203967,11,0,4,4,2018,8,12,4,3,2,6,0,0,1,0,0,0,0,0,790527.1298,5827329.9247
199967,13.3079089137328,52.49761007947129,203968,203968,11,0,4,4,2018,8,16,6,3,2,7,0,1,1,0,0,0,0,0,792378.6529999999,5825113.2709
199968,13.360597503648194,52.50035575818189,203969,203969,11,0,1,1,2018,8,12,4,3,2,7,0,0,1,0,1,0,0,0,795934.3942,5825633.3591
199969,13.413864596928484,52.552120902655965,203970,203970,11,0,3,3,2018,8,11,4,3,0,3,0,1,0,0,0,0,1,0,799195.0859999999,5831606.8194
199970,13.40312749068159,52.52742960338311,203971,203971,11,0,1,1,2018,8,20,6,3,6,4,1,1,0,1,0,0,0,0,798635.3840000001,5828817.921
199971,13.417537707513961,52.498852671245864,203972,203972,11,0,2,2,2018,8,20,7,3,2,6,1,0,1,0,1,0,0,0,799806.9356,5825701.4855
199972,13.299797095276134,52.52127155878122,203973,203973,11,0,4,4,2018,8,11,4,3,6,4,0,0,1,1,0,0,0,0,791671.4714,5827710.4174
199973,13.31134612672462,52.569791984279135,203974,203974,11,0,12,12,2018,8,18,6,3,5,3,0,0,1,0,0,0,0,0,792131.7391,5833150.2961
199974,13.287355301030324,52.63225129200455,203975,203975,11,0,12,12,2018,8,11,4,3,6,2,0,0,1,1,0,0,0,0,790093.4708,5839995.7987
199975,13.483591479837205,52.4312263279224,203976,203976,11,0,8,8,2018,8,13,6,3,5,3,0,0,1,0,0,0,0,0,804754.8419,5818461.9131
199976,13.280141117833145,52.47634698301223,203977,203977,11,0,4,4,2018,8,10,4,3,0,6,0,0,1,0,1,0,0,0,790635.2675,5822637.6339
199977,13.310444901797302,52.516105703203294,203978,203978,11,0,4,4,2018,8,21,6,3,2,2,2,0,1,0,0,0,0,0,792427.7420000001,5827179.357000001
199978,13.29548415693464,52.55018895168715,203979,203979,11,0,12,12,2018,8,10,4,3,2,2,0,0,1,0,0,0,0,0,791187.4249,5830907.1912
199979,13.321536819225265,52.50579361588365,203980,203980,11,0,4,4,2018,8,14,6,3,6,4,0,0,1,1,0,0,0,0,793248.5926,5826078.2084
199980,13.46840038896938,52.49966275311226,203981,203981,11,0,2,2,2018,8,9,4,3,5,2,0,1,1,0,0,0,0,0,803251.4652,5826004.1974
199981,13.55071319542138,52.42905739862554,203982,203982,11,0,9,9,2018,8,18,1,2,2,6,0,0,1,0,1,0,0,0,809329.936,5818506.396000001