,X,Y,OBJECTID_1,OBJECTID,ULAND,UREGBEZ,UKREIS,UGEMEINDE,UJAHR,UMONAT,USTUNDE,UWOCHENTAG,UKATEGORIE,UART,UTYP1,ULICHTVERH,IstRad,IstPKW,IstFuss,IstKrad,IstGkfz,IstSonstig,STRZUSTAND,LINREFX,LINREFY
199982,13.436202191021664,52.509641218807296,203983,203983,11,0,2,2,2018,8,8,4,3,5,7,0,0,1,0,0,0,0,0,800999.1812,5826978.3474
199983,13.225990473080428,52.55444149149354,203984,203984,11,0,5,5,2018,8,19,6,3,5,3,0,1,1,0,0,0,0,0,786451.0257,5831101.3811
199984,13.325065214811694,52.50867827432924,203985,203985,11,0,4,4,2018,8,18,7,3,5,3,0,0,1,0,0,0,0,0,793468.6622,5826413.193
199985,13.400548995236132,52.43984487108125,203986,203986,11,0,7,7,2018,8,20,4,3,5,2,0,0,1,0,1,0,0,0,799054.8007,5819072.4551
199986,13.398549603230169,52.5325535450387,203987,203987,11,0,1,1,2018,8,19,4,3,2,6,0,1,0,0,0,0,0,0,798290.2862,5829368.4796
199987,13.297795445803866,52.44196722835368,203988,203988,11,0,6,6,2018,8,10,6,3,0,1,0,0,0,0,1,0,0,0,792061.1836,5818887.5657
199988,13.37792220111365,52.46863147390407,203989,203989,11,0,7,7,2018,8,18,4,2,5,2,0,0,1,0,1,0,0,0,797323.6745,5822178.5048
199989,13.393616046706624,52.48913564992696,203990,203990,11,0,2,2,2018,8,17,4,3,0,2,0,1,1,0,0,0,0,0,798250.0921,5824522.2821
199990,13.323689022745874,52.587258474559924,203991,203991,11,0,12,12,2018,8,16,1,3,2,6,0,0,1,0,0,0,1,0,792851.09,5835141.8267
199991,13.402348850756251,52.53105617137454,203992,203992,11,0,1,1,2018,8,11,4,2,0,1,0,1,0,0,0,0,0,0,798557.9718,5829217.7791
199992,13.311033314478074,52.547672490849656,203993,203993,11,0,4,4,2018,8,12,4,3,5,3,0,0,1,0,0,0,0,0,792257.71,5830690.421
199993,13.480774100798136,52.516212443229996,203994,203994,11,0,11,11,2018,8,17,1,3,2,6,0,0,1,0,0,0,0,0,803976.4034,5827895.7059
199994,13.329778153186286,52.56313381049693,203995,203995,11,0,12,12,2018,8,14,7,3,0,5,0,0,1,0,0,0,1,0,793424.5428,5832485.1295
199995,13.664055649739895,52.449257606633005,203996,203996,11,0,9,9,2018,8,17,4,2,0,1,0,1,0,0,0,0,0,0,816884.7522,5821243.203
199996,13.432993822051833,52.56052919250562,203997,203997,11,0,3,3,2018,8,7,6,3,5,3,0,1,0,0,0,0,0,0,800433.5676,5832620.964
199997,13.443488128948802,52.55290063454947,203998,203998,11,0,3,3,2018,8,17,4,3,1,5,0,1,0,0,0,0,1,0,801196.7293,5831816.8889
199998,13.36679699751117,52.525540402602566,203999,203999,11,0,1,1,2018,8,12,4,2,0,1,0,1,0,0,0,0,0,0,796185.2989,5828458.0559
199999,13.4332805041034,52.6064528415191,204000,204000,11,0,3,3,2018,8,14,1,3,2,6,0,0,1,0,0,0,0,0,800138.6775,5837726.4153
200000,13.50530870907328,52.49731588697846,202001,202001,11,0,11,11,2018,6,19,5,3,6,4,0,1,0,1,0,0,0,0,805771.2462,5825899.2139
200001,13.389058384823851,52.51474254872469,202002,202002,11,0,1,1,2018,6,19,3,3,5,2,0,1,1,0,0,0,0,0,797767.5479,5827349.5922
200002,13.603781724192956,52.54253522599461,202003,202003,11,0,10,10,2018,6,18,5,3,5,3,0,1,1,0,0,0,0,0,812129.6757,5831346.9822
200003,13.314482346604107,52.4742406424741,202004,202004,11,0,4,4,2018,6,13,2,3,6,4,0,0,1,1,0,0,0,0,792980.0186,5822542.4176
200004,13.157044356409342,52.53867521899421,202005,202005,11,0,5,5,2018,6,18,5,3,3,6,0,1,1,0,0,0,0,0,781880.9197,5829077.0579
200005,13.292204220084413,52.49743376470227,202006,202006,11,0,4,4,2018,6,18,3,3,1,5,0,1,1,0,0,0,0,0,791314.4578,5825030.1226
200006,13.403136693023354,52.5274136056922,202007,202007,11,0,1,1,2018,6,17,5,3,5,2,0,1,1,0,0,0,0,0,798636.1165,5828816.181
200007,13.497262260121568,52.54658793245285,202008,202008,11,0,11,11,2018,6,17,3,3,5,5,0,0,1,0,1,0,0,0,804883.6103,5831341.3961
200008,13.439590780902126,52.481526212255844,202009,202009,11,0,8,8,2018,6,17,3,3,1,5,0,1,1,0,0,0,0,0,801421.4503,5823867.6381
200009,13.450567212713803,52.51556666153327,202010,202010,11,0,2,2,2018,6,17,5,3,5,3,0,1,1,0,0,0,0,0,801932.6735,5827696.9978
200010,13.411240182300663,52.5034865085145,202011,202011,11,0,2,2,2018,6,16,5,3,2,2,0,0,1,0,0,0,0,0,799348.2365,5826190.3592
200011,13.271341194360447,52.451789517140504,202012,202012,11,0,6,6,2018,6,12,3,3,8,1,0,0,1,0,0,0,0,0,790199.6732,5819872.6109
200012,13.627273447712028,52.44673427369371,202013,202013,11,0,9,9,2018,6,19,5,3,5,3,0,0,1,0,0,0,0,0,814405.104,5820801.8554
200013,13.514338258102267,52.46237480611836,202014,202014,11,0,9,9,2018,6,15,3,2,0,1,0,1,0,0,0,0,0,0,806626.9313,5822054.0982
200014,13.412434718846367,52.517121359374606,202015,202015,11,0,1,1,2018,6,22,1,3,5,3,2,1,1,0,0,0,0,1,799336.4685,5827710.7891
200015,13.388960384016235,52.49809404988386,202016,202016,11,0,2,2,2018,6,22,7,3,2,6,2,0,1,0,0,0,0,1,797873.589,5825498.745
200016,13.343400004033748,52.52887341143271,202017,202017,11,0,1,1,2018,6,22,7,2,5,3,2,0,1,0,0,0,0,1,794576.822,5828732.6507
200017,13.405194854611823,52.53408499693582,202018,202018,11,0,1,1,2018,6,13,3,3,0,1,0,1,0,0,0,0,0,0,798730.2985,5829566.2162
200018,13.465001132493253,52.510571699895294,202019,202019,11,0,2,2,2018,6,16,5,3,5,3,0,0,1,0,1,0,0,0,802945.7744,5827202.3797
200019,13.59351597565372,52.44359345226914,202020,202020,11,0,9,9,2018,6,16,3,3,0,1,0,1,0,0,0,0,0,0,812134.9234,5820306.2302
200020,13.50204817762982,52.566287539146636,202021,202021,11,0,11,11,2018,6,17,2,3,6,7,0,0,1,1,0,0,0,0,805071.0140000001,5833551.1403
200021,13.313108800975137,52.613808612460716,202022,202022,11,0,12,12,2018,6,16,5,3,5,2,0,1,1,0,0,0,0,1,791958.0121,5838049.9512
200022,13.438063936871615,52.5463604428337,202023,202023,11,0,3,3,2018,6,8,2,3,5,2,0,1,1,0,0,0,0,0,800874.0394,5831067.3142
200023,13.56347432458102,52.498029816740576,202024,202024,11,0,10,10,2018,6,13,2,3,6,4,0,0,1,1,0,0,0,0,809711.7146,5826226.7934
200024,13.516109860708372,52.55188346456993,202025,202025,11,0,11,11,2018,6,15,5,2,5,2,0,1,0,0,0,0,1,1,806123.7528,5832009.8633
200025,13.623355150952909,52.50589969364918,202026,202026,11,0,10,10,2018,6,6,2,3,2,6,0,1,1,0,0,0,0,0,813717.2838,5827360.3246
200026,13.31866714116865,52.43251769441586,202027,202027,11,0,6,6,2018,6,15,5,3,5,3,0,0,1,0,1,0,0,1,793541.7251,5817921.9159
200027,13.418176212949918,52.51559800953996,202028,202028,11,0,1,1,2018,6,23,2,3,5,2,2,0,1,0,0,0,0,0,799736.1476,5827565.3272
200028,13.330803620507295,52.4908358525617,202029,202029,11,0,4,4,2018,6,15,5,3,2,3,0,0,1,0,1,0,0,1,793976.9904,5824453.3792
200029,13.385336746348438,52.49895602264793,202030,202030,11,0,2,2,2018,6,22,2,2,5,2,2,0,0,0,1,0,0,0,797621.9529,5825579.5903
200030,13.38823154130037,52.43407199047151,202031,202031,11,0,7,7,2018,6,19,1,2,0,1,0,0,0,0,1,0,0,1,798257.1783,5818379.8482
200031,13.393281641655586,52.56448870417431,202032,202032,11,0,1,1,2018,6,16,7,2,0,4,0,0,0,1,0,0,1,0,797716.728,5832896.217999999
200032,13.416713337052453,52.52186775658685,202033,202033,11,0,1,1,2018,6,20,2,2,6,4,0,0,1,1,0,0,0,0,799594.2417,5828256.1084
200033,13.386696288140456,52.491304911167184,202034,202034,11,0,2,2,2018,6,15,5,3,5,2,0,1,1,0,0,0,0,1,797765.9272,5824734.7985
200034,13.457573300277096,52.52608289187706,202035,202035,11,0,3,3,2018,6,18,2,3,0,7,0,1,0,0,0,0,0,0,802335.4175,5828895.1894
200035,13.375315265006291,52.455385526172975,202036,202036,11,0,7,7,2018,6,17,7,3,2,2,0,0,1,0,0,0,0,0,797236.0384,5820695.5053
200036,13.427927123525073,52.54551353289697,202037,202037,11,0,3,3,2018,6,15,5,3,5,2,0,1,1,0,0,0,0,1,800192.9689,5830930.9117
200037,13.373221480725222,52.42480186294057,202038,202038,11,0,7,7,2018,6,18,2,3,6,2,0,0,0,1,0,0,1,0,797299.9481,5817287.576
200038,13.337807035582626,52.55858643025985,202039,202039,11,0,1,1,2018,6,15,5,3,2,6,0,0,1,0,0,0,0,1,793998.8217,5832012.4126
200039,13.199646637161814,52.5346132598555,202040,202040,11,0,5,5,2018,6,16,7,3,5,3,0,0,1,0,0,0,1,1,784794.6684,5828792.9897
200040,13.376708534943962,52.4893324286867,202041,202041,11,0,2,2,2018,6,15,5,3,6,4,0,0,0,1,0,0,1,1,797101.6186,5824474.3728
200041,13.549270841536572,52.562348553876504,202042,202042,11,0,10,10,2018,6,18,2,3,5,2,0,0,1,0,0,0,0,0,808296.8553,5833314.3661
200042,13.351082145713573,52.51039891267217,202043,202043,11,0,1,1,2018,6,16,2,3,5,3,0,1,1,0,0,0,0,0,795221.5632,5826710.6427
200043,13.377736595701224,52.52900885317053,202044,202044,11,0,1,1,2018,6,15,5,3,5,2,0,1,1,0,0,0,0,1,796903.4967,5828888.5699
200044,13.399490923561867,52.49040517486492,202045,202045,11,0,2,2,2018,6,16,2,3,3,6,0,0,1,0,0,0,0,0,798640.0792,5824687.6962
200045,13.162318564868373,52.520149572805565,202046,202046,11,0,5,5,2018,6,15,5,3,2,6,0,0,1,0,0,0,0,1,782357.3286,5827038.4486
200046,13.530099800735067,52.43595002303781,202047,202047,11,0,9,9,2018,6,16,2,3,5,3,0,1,1,0,0,0,0,0,807881.4066,5819184.3085
200047,13.299146782384096,52.506786077263385,202048,202048,11,0,4,4,2018,6,14,5,3,0,1,0,0,0,0,1,0,0,1,791723.4245,5826097.7078
200048,13.334863647163706,52.450865717722905,202049,202049,11,0,6,6,2018,6,16,2,3,1,5,0,1,1,0,0,0,0,0,794519.5205,5820027.2743
200049,13.65742276546478,52.41469791102242,202050,202050,11,0,9,9,2018,6,14,1,3,2,7,0,0,1,0,0,0,0,1,816682.3747,5817373.2493
200050,13.372856753940086,52.49227003409067,202051,202051,11,0,7,7,2018,6,15,7,3,2,6,0,0,1,0,0,0,0,0,796820.4759999999,5824785.022999999
200051,13.612103515762405,52.532507759762495,202052,202052,11,0,10,10,2018,6,16,2,3,2,6,0,0,1,0,0,0,1,0,812764.9237,5830268.6164
200052,13.3916515219101,52.530245897525994,202053,202053,11,0,1,1,2018,6,14,5,3,0,1,0,1,0,0,0,0,0,1,797838.3622,5829083.4668
200053,13.402176335594133,52.4147166148201,202054,202054,11,0,8,8,2018,6,15,2,3,5,3,0,1,1,0,0,0,0,0,799335.75,5816286.2798
200054,13.433622965245904,52.48481395260004,202055,202055,11,0,8,8,2018,6,14,5,3,0,2,0,1,1,0,0,0,0,1,800994.0081,5824208.1347
200055,13.632864315902006,52.45506058959614,202056,202056,11,0,9,9,2018,6,14,5,3,1,5,0,1,1,0,0,0,0,0,814725.3151,5821751.5986
200056,13.428137693119274,52.4800335452636,202057,202057,11,0,8,8,2018,6,15,2,3,5,3,0,0,1,0,0,0,1,0,800654.4466,5823653.9352
200057,13.207826418559588,52.53882778072065,202058,202058,11,0,5,5,2018,6,13,5,3,2,6,0,0,1,0,0,0,0,1,785321.7545,5829293.8002
200058,13.296076731510134,52.53956952495361,202059,202059,11,0,4,4,2018,6,15,7,3,8,1,0,0,1,0,0,0,0,1,791297.9654,5829729.2193
200059,13.40475446991682,52.43949420256071,202060,202060,11,0,7,7,2018,6,13,5,3,0,1,0,1,0,0,0,0,0,1,799342.8334,5819050.9138
200060,13.250016502852409,52.42133361269494,202061,202061,11,0,6,6,2018,6,15,2,2,5,3,0,1,0,0,0,0,1,0,788950.9513,5816401.8262
200061,13.393518794195652,52.51204614696096,202062,202062,11,0,1,1,2018,6,13,5,3,0,5,0,0,1,0,1,0,0,1,798088.2733,5827068.3241
200062,13.43343040687318,52.444941764038404,202063,202063,11,0,8,8,2018,6,15,2,2,2,6,0,0,1,0,0,0,0,0,801253.4084,5819775.7107
200063,13.31647123281282,52.50106550497181,202064,202064,11,0,4,4,2018,6,14,7,3,2,6,0,0,1,0,0,0,0,0,792936.4953,5825532.0893
200064,13.625491350088465,52.45709845620527,202065,202065,11,0,9,9,2018,6,7,2,2,6,4,0,0,1,1,0,0,0,0,814210.1986,5821945.9451
200065,13.47352845770141,52.424229606158676,202066,202066,11,0,8,8,2018,6,13,5,3,5,3,0,1,1,0,0,0,0,0,804119.4265,5817641.8289
200066,13.319744968592648,52.50589572999506,202067,202067,11,0,4,4,2018,6,12,5,3,0,6,0,0,1,0,1,0,0,1,793126.3818,5826082.2733
200067,13.349466151975912,52.542247576598946,202068,202068,11,0,1,1,2018,6,15,2,3,5,2,0,1,1,0,0,0,0,0,794898.2901,5830243.9874
200068,13.355716139242674,52.49900149836913,202069,202069,11,0,7,7,2018,6,3,1,2,9,1,2,0,1,0,0,0,0,1,795612.3795,5825462.8146
200069,13.380287610783807,52.43786096276066,202070,202070,11,0,7,7,2018,6,10,5,3,5,3,0,0,1,0,0,0,0,0,797691.9495,5818768.1865
200070,13.503075956316064,52.502185725870135,202071,202071,11,0,11,11,2018,6,7,2,3,5,3,0,1,0,0,0,0,1,0,805585.9744,5826430.9981
200071,13.336369106798914,52.4531260467189,202072,202072,11,0,6,6,2018,6,10,5,2,5,3,0,1,0,0,0,0,1,0,794606.6498,5820284.6535
200072,13.322334990321494,52.51316518817692,202073,202073,11,0,4,4,2018,6,10,5,3,2,6,0,0,1,0,1,0,0,0,793253.59,5826900.807
200073,13.420721869581845,52.5336945549219,202074,202074,11,0,3,3,2018,6,8,2,2,5,2,0,1,0,0,0,0,0,0,799785.3534,5829587.2831
200074,13.427027449089946,52.55220659436342,202075,202075,11,0,3,3,2018,6,10,5,3,5,3,0,0,1,0,0,0,0,0,800086.2845,5831671.0753
200075,13.2818356108519,52.510815554206076,202076,202076,11,0,4,4,2018,6,12,2,3,2,6,0,0,1,0,0,1,0,0,790522.7178,5826475.7023
200076,13.311958416625648,52.489632124241766,202077,202077,11,0,4,4,2018,6,10,5,3,1,1,0,1,1,0,0,0,0,0,792706.3995,5824242.9411
200077,13.43982690217626,52.56801265958961,202078,202078,11,0,3,3,2018,6,9,2,3,2,6,0,0,0,0,0,0,1,0,800845.137,5833481.2354
200078,13.391527554400882,52.55543822294632,202079,202079,11,0,1,1,2018,6,10,5,3,5,2,0,1,0,0,0,0,1,0,797659.2597,5831883.0285
200079,13.285743480865474,52.49495900174745,202080,202080,11,0,4,4,2018,6,9,2,2,2,6,0,0,1,0,0,0,0,0,790892.5296,5824728.9722
200080,13.508512253191741,52.55009384766514,202081,202081,11,0,11,11,2018,6,10,2,3,5,3,0,0,1,0,0,0,0,0,805621.48,5831778.71
200081,13.296696622056775,52.59439617752286,202082,202082,11,0,12,12,2018,6,9,5,3,6,7,0,1,0,1,0,0,0,0,790976.4024,5835825.8034
200082,13.281196852091027,52.5128243416271,202083,202083,11,0,4,4,2018,6,10,2,3,6,7,0,1,0,1,0,0,0,0,790466.1359999999,5826696.4095
200083,13.430503744186556,52.48593542890225,202084,202084,11,0,8,8,2018,6,9,5,3,5,7,0,0,1,0,1,0,0,0,800774.6963,5824319.77
200084,13.328368627335234,52.48677101088303,202085,202085,11,0,4,4,2018,6,11,2,3,6,7,0,0,1,1,0,0,0,0,793838.9095,5823991.6505
200085,13.382429277964466,52.46104000442069,202086,202086,11,0,7,7,2018,6,9,5,3,0,3,0,0,1,0,0,0,1,0,797680.8932,5821353.315
200086,13.40637201414667,52.5819164589316,202087,202087,11,0,3,3,2018,6,9,5,3,6,4,0,0,1,1,0,0,0,0,798484.8211,5834887.4396
200087,13.563967735030626,52.51863106176092,202088,202088,11,0,10,10,2018,6,12,2,3,2,6,0,0,1,0,1,0,0,0,809600.1639,5828518.5513
200088,13.575526191603055,52.447482278775894,202089,202089,11,0,9,9,2018,6,8,5,3,5,3,0,1,1,0,0,0,0,0,810885.7469,5820660.768999999
200089,13.409152965602637,52.528416075042784,202090,202090,11,0,1,1,2018,6,14,2,3,0,1,0,1,0,0,0,0,0,0,799037.1327,5828952.5431
200090,13.339212837916836,52.59583162970039,202091,202091,11,0,12,12,2018,6,8,2,2,5,3,0,0,1,0,0,0,0,0,793844.5839,5836157.9605
200091,13.213763422001595,52.531678065084364,202092,202092,11,0,5,5,2018,6,7,2,3,0,7,0,1,0,0,0,0,0,1,785770.6132,5828522.592
200092,13.595332636856137,52.528756686425936,202093,202093,11,0,10,10,2018,6,8,5,3,5,2,0,1,1,0,0,0,0,0,811654.8571,5829779.0774
200093,13.421054259711692,52.50962895433917,202094,202094,11,0,1,1,2018,6,2,2,3,0,1,2,1,0,0,0,0,0,0,799971.9995,5826913.8565
200094,13.332368153355567,52.599481376560135,202095,202095,11,0,12,12,2018,6,15,2,3,2,7,0,0,1,0,0,1,0,0,793356.8911,5836535.7297
200095,13.377752060198825,52.54158546773736,202096,202096,11,0,1,1,2018,6,7,5,3,6,4,0,0,1,1,0,0,0,0,796819.6043,5830286.5038
200096,13.296005775382474,52.53033152483386,202097,202097,11,0,4,4,2018,6,14,2,3,5,2,0,1,0,0,0,0,1,0,791354.3806,5828702.1148
200097,13.360336587075608,52.54435991925726,202098,202098,11,0,1,1,2018,6,7,5,3,5,2,0,1,1,0,0,0,0,0,795620.7345,5830523.3044
200098,13.327676913786664,52.504545485959284,202099,202099,11,0,4,4,2018,6,4,1,3,1,7,0,0,1,1,0,0,0,0,793673.3678,5825964.4655
200099,13.497783541701155,52.6407041785565,202100,202100,11,0,3,3,2018,6,7,5,3,5,3,0,1,1,0,0,0,0,0,804265.2991,5841804.0638
200100,13.434900755855503,52.46138613585595,202101,202101,11,0,8,8,2018,6,23,1,3,5,2,2,0,1,0,0,0,0,0,801240.8757,5821609.5677
200101,13.291085195023197,52.62633414164047,202102,202102,11,0,12,12,2018,6,17,1,3,8,1,0,0,1,0,0,0,0,0,790384.9405,5839353.1288
200102,13.3447105831512,52.53142748039161,202103,202103,11,0,1,1,2018,6,23,1,3,6,4,2,0,1,1,0,0,0,0,794648.5452,5829021.8907
200103,13.415782058088972,52.50240065512796,202104,202104,11,0,2,2,2018,6,8,5,3,6,4,0,1,0,1,0,0,0,0,799663.6855,5826088.5345
200104,13.3494195249211,52.54222735130796,202105,202105,11,0,1,1,2018,6,21,1,3,5,2,1,0,1,0,0,0,0,0,794895.266,5830241.5486
200105,13.200712357990696,52.53836356194993,202106,202106,11,0,5,5,2018,6,7,5,3,2,6,0,0,1,0,0,0,0,0,784842.6026,5829214.0657
200106,13.406767589976962,52.53565697612356,202107,202107,11,0,1,1,2018,6,21,1,2,6,4,0,0,1,1,0,0,0,0,798826.2084,5829747.4565
200107,13.572355904913039,52.45120517723888,202108,202108,11,0,9,9,2018,6,19,1,3,2,6,0,0,1,0,0,0,1,1,810644.2246,5821060.8776
200108,13.37155964416201,52.51117998874922,202109,202109,11,0,1,1,2018,6,14,7,3,2,6,0,0,1,0,1,0,0,0,796604.9987,5826881.4957
200109,13.378287975334395,52.55055518884613,202110,202110,11,0,1,1,2018,6,20,1,3,5,3,0,1,1,0,0,0,0,0,796795.3254,5831285.6814
200110,13.441281603404642,52.54950170976993,202111,202111,11,0,3,3,2018,6,8,5,3,5,3,0,1,1,0,0,0,0,0,801070.5357,5831429.8916
200111,13.429053308159128,52.47190702073822,202112,202112,11,0,8,8,2018,6,19,1,3,5,3,0,1,1,0,0,0,0,0,800772.0673,5822754.522000001
200112,13.366003070954626,52.54264376424125,202113,202113,11,0,1,1,2018,6,19,1,3,5,2,0,1,1,0,0,0,0,0,796016.2756,5830355.8128
200113,13.401562941663634,52.529643102523146,202114,202114,11,0,1,1,2018,6,15,4,3,2,2,0,1,1,0,1,0,0,0,798514.2955,5829057.4654
200114,13.370667899155865,52.42243871071518,202115,202115,11,0,7,7,2018,6,17,1,2,6,2,0,0,1,1,0,0,0,0,797142.3479,5817014.4033
200115,13.450029413811086,52.523417910299365,202116,202116,11,0,2,2,2018,6,9,4,2,5,7,0,0,1,0,0,1,0,0,801842.3152,5828567.376
200116,13.209311262757337,52.53856425757542,202117,202117,11,0,5,5,2018,6,11,7,3,2,6,0,0,1,0,0,0,1,0,785424.1019,5829270.3865
200117,13.43113037838604,52.55316336321541,202118,202118,11,0,3,3,2018,6,19,4,2,5,3,0,1,0,0,0,0,0,0,800357.7144,5831794.5102
200118,13.184349558565216,52.51497881666658,202119,202119,11,0,5,5,2018,6,10,1,3,0,3,0,0,0,0,1,0,1,0,783884.5137,5826550.1896
200119,13.445999968501859,52.54796823254151,202120,202120,11,0,3,3,2018,6,19,4,3,6,4,0,1,0,1,0,0,0,0,801400.7423,5831279.1749
200120,13.333208683610726,52.561022210305865,202121,202121,11,0,1,1,2018,6,17,1,3,0,2,0,1,1,0,0,0,0,0,793671.0313,5832264.3996
200121,13.249482703249335,52.50780565425745,202122,202122,11,0,4,4,2018,6,12,1,3,2,6,0,0,1,0,0,0,0,1,788348.3470000001,5826011.289
200122,13.40847266425146,52.5868624146305,202123,202123,11,0,3,3,2018,6,11,7,3,5,3,0,0,1,0,0,0,0,0,798593.3826,5835445.8768
200123,13.386275983487005,52.55868787828447,202124,202124,11,0,1,1,2018,6,19,7,3,2,2,0,0,1,0,0,0,0,0,797281.4915,5832222.5426
200124,13.189619959964087,52.45487544514945,202125,202125,11,0,6,6,2018,6,16,1,3,5,2,0,1,0,0,0,0,0,0,784630.0978,5819890.1563
200125,13.362394277048569,52.4978937150992,202126,202126,11,0,7,7,2018,6,19,4,3,6,4,0,0,1,1,0,0,0,0,796072.8338,5825367.081
200126,13.458125634819412,52.51271117126702,202127,202127,11,0,2,2,2018,6,16,1,2,1,5,0,1,1,0,0,0,0,0,802464.8131,5827411.3049
200127,13.286818448951914,52.51297041802832,202128,202128,11,0,4,4,2018,6,19,4,3,5,3,0,1,1,0,0,0,0,0,790846.3934,5826735.3062
200128,13.400559111164545,52.52959547636161,202129,202129,11,0,1,1,2018,6,18,4,3,2,6,0,0,1,0,1,0,0,0,798446.5739,5829048.0154
200129,13.372991600945715,52.55746415942096,202130,202130,11,0,1,1,2018,6,16,1,2,6,4,0,0,0,1,1,0,0,0,796389.8542,5832031.8055
200130,13.129289854677564,52.52716749672621,202131,202131,11,0,5,5,2018,6,18,4,2,2,2,0,0,1,0,0,0,0,0,780073.0935,5827689.7226
200131,13.497626392221957,52.41904604889041,202132,202132,11,0,8,8,2018,6,13,2,3,1,5,0,1,1,0,0,0,0,0,805792.7038,5817167.5159
200132,13.28353459005716,52.50649558006349,202133,202133,11,0,4,4,2018,6,10,7,3,6,2,0,0,0,1,1,0,0,0,790666.4746,5826002.3759
200133,13.376610385914356,52.509598914250915,202134,202134,11,0,1,1,2018,6,18,4,3,3,6,0,0,1,0,0,1,0,0,796958.1841,5826726.5505
200134,13.198325448940842,52.53265312754904,202135,202135,11,0,5,5,2018,6,15,1,3,2,6,0,0,1,0,0,0,0,0,784717.8096,5828569.8923
200135,13.501950477757832,52.50695515625885,202136,202136,11,0,11,11,2018,6,18,4,3,5,2,0,0,1,0,1,0,0,0,805476.5240000001,5826956.319
200136,13.346085207656849,52.494459398972616,202137,202137,11,0,7,7,2018,6,9,7,3,2,4,0,0,1,1,1,0,0,0,794989.5149,5824918.5295
200137,13.383319887500086,52.397256193160885,202138,202138,11,0,7,7,2018,6,18,4,2,5,3,0,1,1,0,0,0,0,0,798172.078,5814267.5903
200138,13.380046903610154,52.540450702329395,202139,202139,11,0,1,1,2018,6,15,1,3,5,2,0,1,1,0,0,0,0,0,796982.7884,5830169.8296
200139,13.349884141670875,52.42224867017684,202140,202140,11,0,6,6,2018,6,17,4,2,0,3,0,1,0,0,1,0,0,0,795731.3255,5816907.9364
200140,13.343592074621279,52.43923653557545,202141,202141,11,0,6,6,2018,6,14,1,3,5,3,0,1,1,0,0,0,0,0,795190.0877,5818770.3614
200141,13.326111753015992,52.53834505160364,202142,202142,11,0,4,4,2018,6,9,1,3,5,2,0,0,1,0,0,0,0,1,793341.673,5829714.9229999995
200142,13.344507805543795,52.51905329536426,202143,202143,11,0,1,1,2018,6,2,7,3,2,6,2,0,1,0,0,0,0,1,794717.7263,5827645.6764
200143,13.350091381210296,52.50043857167871,202144,202144,11,0,7,7,2018,6,17,4,3,6,7,0,0,1,1,0,0,0,0,795221.1911,5825599.5028
200144,13.466416529732996,52.54646613259693,202145,202145,11,0,3,3,2018,6,14,1,3,5,3,0,1,1,0,0,0,0,0,802794.4316,5831197.8086
200145,13.31030386360274,52.529396510926645,202146,202146,11,0,4,4,2018,6,17,4,3,2,6,0,0,1,0,0,0,0,0,792329.8153,5828656.0698
200146,13.386019389607554,52.528186946814095,202147,202147,11,0,1,1,2018,6,22,7,2,0,1,2,0,0,0,1,0,1,1,797470.5212,5828831.363
200147,13.40124064320768,52.565639585983,202148,202148,11,0,3,3,2018,6,17,4,3,2,6,0,1,1,0,0,0,0,0,798247.9851,5833057.0518
200148,13.544301179026814,52.542069920973645,202149,202149,11,0,10,10,2018,6,14,1,3,1,5,0,0,1,1,0,0,0,0,808102.4693,5831039.3065
200149,13.501420300161989,52.48303516140378,202150,202150,11,0,11,11,2018,6,17,4,3,5,2,0,1,1,0,0,0,0,0,805606.6058,5824295.5282
200150,13.613977945824134,52.516549170702895,202151,202151,11,0,10,10,2018,6,8,2,3,2,6,0,0,1,0,1,0,0,0,813005.5611,5828503.1329
200151,13.388947972892273,52.565288023608645,202152,202152,11,0,1,1,2018,6,23,7,2,1,5,2,0,1,0,0,0,0,1,797417.7871,5832967.1633
200152,13.208774195981555,52.51068378121808,202153,202153,11,0,5,5,2018,6,13,1,3,5,2,0,0,1,0,0,0,0,0,785568.6919,5826169.2136
200153,13.40393408887352,52.51539134100865,202154,202154,11,0,1,1,2018,6,17,4,3,5,2,0,1,1,0,0,0,0,0,798771.8391,5827483.2431
200154,13.23226748526417,52.53918932592047,202155,202155,11,0,5,5,2018,6,13,1,3,2,6,0,0,1,0,0,0,0,0,786975.8946,5829431.0087
200155,13.26017959820916,52.44489440416934,202156,202156,11,0,6,6,2018,6,14,6,3,5,7,0,0,1,0,1,0,0,0,789486.9651,5819061.3796
200156,13.458794676686836,52.52669234982282,202157,202157,11,0,11,11,2018,6,17,4,3,0,2,0,1,0,0,0,0,1,0,802414.0218,5828968.0509
200157,13.387581476343328,52.58959636913465,202158,202158,11,0,3,3,2018,6,12,1,3,0,1,0,1,0,0,0,0,0,0,797160.5958,5835663.3553
200158,13.573652313106914,52.40183075133174,202159,202159,11,0,9,9,2018,6,16,4,3,5,3,0,0,1,0,0,0,0,0,811080.1722,5815578.9948
200159,13.537119286670835,52.48566944947042,202160,202160,11,0,11,11,2018,6,10,1,3,5,3,0,0,1,0,0,0,0,0,808010.5141,5824740.1706
200160,13.362495753438024,52.56725670472267,202161,202161,11,0,12,12,2018,6,17,6,3,6,4,0,0,1,1,0,0,0,0,795612.9031,5833077.1205
200161,13.365569313131475,52.5580334383369,202162,202162,11,0,1,1,2018,6,7,1,3,5,3,0,1,1,0,0,0,0,0,795883.2108,5832064.5778
200162,13.273860456692693,52.45757060656605,202163,202163,11,0,6,6,2018,6,16,4,3,2,6,0,0,1,0,0,0,0,0,790332.6782,5820525.3223