,X,Y,OBJECTID_1,OBJECTID,ULAND,UREGBEZ,UKREIS,UGEMEINDE,UJAHR,UMONAT,USTUNDE,UWOCHENTAG,UKATEGORIE,UART,UTYP1,ULICHTVERH,IstRad,IstPKW,IstFuss,IstKrad,IstGkfz,IstSonstig,STRZUSTAND,LINREFX,LINREFY
200163,13.620628510740724,52.50402884799221,202164,202164,11,0,10,10,2018,6,16,4,3,2,6,0,0,1,0,0,0,0,0,813545.7051,5827140.5408
200164,13.356886969248002,52.52362105016049,202165,202165,11,0,1,1,2018,6,3,1,2,5,2,2,0,1,0,0,0,0,0,795526.372,5828204.0528
200165,13.389131099852836,52.51563389320574,202166,202166,11,0,1,1,2018,6,16,4,3,5,3,0,1,1,0,0,0,0,0,797766.4445,5827448.9635
200166,13.26069571267924,52.592420750762265,202167,202167,11,0,12,12,2018,6,0,1,3,1,5,2,1,1,0,0,0,0,0,788552.5672,5835461.4045
200167,13.491300544924405,52.469094029985406,202168,202168,11,0,9,9,2018,6,9,1,3,5,2,0,0,1,0,0,0,0,1,805016.457,5822703.232000001
200168,13.569208219835597,52.475989743712084,202169,202169,11,0,10,10,2018,6,12,6,3,4,7,0,0,1,0,0,0,0,0,810255.9269,5823801.8935
200169,13.266665630393232,52.51291533540174,202170,202170,11,0,4,4,2018,6,15,1,3,1,5,0,1,1,0,0,0,0,0,789480.1131,5826648.0879999995
200170,13.485356389096134,52.531048467193,202171,202171,11,0,11,11,2018,6,16,4,3,2,6,0,0,1,0,0,0,1,0,804184.4479,5829563.9721
200171,13.629202839397804,52.45054978057978,202172,202172,11,0,9,9,2018,6,13,7,3,1,5,0,1,1,0,0,0,0,0,814508.9033,5821234.3111
200172,13.371408445123253,52.478555229638395,202173,202173,11,0,7,7,2018,6,10,7,3,6,6,0,0,1,1,0,0,0,0,796814.6486,5823254.6874
200173,13.42701847222532,52.48732085049433,202174,202174,11,0,8,8,2018,6,15,4,3,0,2,0,0,1,0,0,0,1,0,800528.7567,5824459.2259
200174,13.531259286814985,52.46089509590552,202175,202175,11,0,9,9,2018,6,10,7,3,1,3,0,1,1,0,0,0,0,0,807785.9728,5821961.6928
200175,13.401298759714965,52.41450615335339,202176,202176,11,0,7,7,2018,6,1,7,2,5,2,2,0,0,0,1,0,0,0,799277.5342,5816259.2496
200176,13.332599669865544,52.468969550942774,202177,202177,11,0,7,7,2018,6,15,4,3,5,2,0,0,1,0,0,0,0,0,794244.8929999999,5822030.268999999
200177,13.380450490616159,52.45603746516159,202178,202178,11,0,7,7,2018,6,0,7,3,0,3,2,0,1,0,1,0,0,0,797580.3222,5820789.1324
200178,13.327108885676322,52.43991168573425,202179,202179,11,0,6,6,2018,6,14,4,2,5,2,0,0,1,0,0,0,0,0,794065.9405,5818778.1176
200179,13.334014242451884,52.529958549055316,202180,202180,11,0,1,1,2018,6,0,7,3,9,1,2,0,1,0,0,0,0,0,793933.3256,5828814.9524
200180,13.479190325138175,52.47782536243654,202181,202181,11,0,9,9,2018,6,14,4,3,1,5,0,0,1,0,0,0,0,0,804134.1635,5823622.5319
200181,13.432911716933189,52.491818471593206,202182,202182,11,0,8,8,2018,6,23,7,3,6,4,2,1,0,1,0,0,0,0,800897.8724,5824983.6901
200182,13.392844779254832,52.53207888920085,202183,202183,11,0,1,1,2018,6,21,1,2,0,1,2,1,0,0,0,0,0,0,797906.8248,5829292.1306
200183,13.46621135092885,52.55129369848196,202184,202184,11,0,3,3,2018,6,11,6,3,2,6,0,0,1,0,0,0,0,1,802747.2579,5831733.5063
200184,13.309021382889064,52.60326692782088,202185,202185,11,0,12,12,2018,6,21,7,3,0,1,0,1,0,0,0,0,0,0,791751.6145,5836861.6614
200185,13.454289190752384,52.53237758409143,202186,202186,11,0,3,3,2018,6,12,4,3,1,7,0,0,1,0,0,0,0,0,802069.5344,5829581.0463
200186,13.387784720176358,52.52247603720091,202187,202187,11,0,1,1,2018,6,20,7,3,5,7,1,1,1,0,0,0,0,0,797628.8433,5828203.8935
200187,13.291724405636675,52.59593283497224,202188,202188,11,0,12,12,2018,6,16,7,3,0,2,0,0,1,1,0,0,0,1,790629.6627,5835976.5314
200188,13.403680272584927,52.4938992923781,202189,202189,11,0,2,2,2018,6,20,7,3,5,3,0,1,0,0,1,0,0,0,798900.5844,5825093.4120000005
200189,13.290361790708056,52.49813991040834,202190,202190,11,0,4,4,2018,6,12,4,3,5,7,0,1,1,0,0,0,0,0,791184.8003,5825101.1713
200190,13.301911825574695,52.43810259499283,202191,202191,11,0,6,6,2018,6,18,7,3,5,3,0,0,1,0,0,0,0,0,792366.3961,5818474.675
200191,13.561489452943306,52.504193413308535,202192,202192,11,0,10,10,2018,6,13,4,3,5,3,0,1,1,0,0,0,0,0,809533.7205,5826903.2973
200192,13.283854677759194,52.575642830644455,202193,202193,11,0,12,12,2018,6,11,6,3,2,6,0,0,1,0,0,1,1,1,790231.1778,5833689.5235
200193,13.603135670213652,52.538574788500064,202194,202194,11,0,10,10,2018,6,12,4,3,6,4,0,0,1,1,0,0,0,0,812114.0297,5830904.0234
200194,13.418020909508655,52.46486116302042,202195,202195,11,0,7,7,2018,6,18,7,3,2,7,0,0,1,0,0,0,1,0,800071.2366,5821925.4612
200195,13.519991470271268,52.55327058014873,202196,202196,11,0,11,11,2018,6,12,4,3,0,7,0,0,0,0,1,0,0,1,806377.0485,5832180.5285
200196,13.423669869951425,52.50113377760347,202197,202197,11,0,2,2,2018,6,18,7,3,5,2,0,1,1,0,0,0,0,0,800207.3342,5825980.5335
200197,13.423392431564126,52.50686451866903,202198,202198,11,0,1,1,2018,6,11,1,3,5,3,0,0,1,0,0,0,0,1,800149.4232,5826616.3295
200198,13.350518136665807,52.53247861784048,202199,202199,11,0,1,1,2018,6,9,6,3,5,2,0,1,1,0,0,0,0,0,795035.1485,5829162.4778
200199,13.451198748121447,52.53880785600045,202200,202200,11,0,3,3,2018,6,13,4,3,5,3,0,1,1,0,0,0,0,0,801815.905,5830282.7953
200200,13.614421318315785,52.49351134980874,202201,202201,11,0,10,10,2018,6,17,7,3,5,7,0,0,1,0,0,0,0,0,813199.5828,5825944.6644
200201,13.376740518561352,52.49146727717826,202202,202202,11,0,2,2,2018,6,12,4,2,5,2,0,1,1,0,0,1,0,0,797089.3822,5824711.7888
200202,13.219341946441224,52.437990232270536,202203,202203,11,0,6,6,2018,6,16,7,3,4,6,0,0,1,0,0,0,0,0,786758.1537,5818130.9443
200203,13.490105015740344,52.6205011958794,202204,202204,11,0,3,3,2018,6,14,1,3,5,3,0,1,1,0,0,0,0,0,803886.2829,5839526.1781
200204,13.192919679513494,52.5339650852985,202205,202205,11,0,5,5,2018,6,15,7,3,0,7,0,0,1,0,0,0,0,0,784342.8917,5828694.3879
200205,13.318798103858994,52.51919542413434,202206,202206,11,0,4,4,2018,6,12,4,3,5,2,0,0,1,0,1,0,0,0,792973.577,5827556.692000001
200206,13.390992878042107,52.41978392248558,202207,202207,11,0,7,7,2018,6,15,7,3,0,7,0,0,1,0,0,0,0,0,798541.4159,5816803.1863
200207,13.355381400916679,52.51929383929089,202208,202208,11,0,1,1,2018,6,11,4,3,5,2,0,1,0,0,0,0,1,0,795453.3713,5827716.9165
200208,13.593171942459461,52.45133019813979,202209,202209,11,0,9,9,2018,6,11,4,3,2,6,0,0,1,0,0,0,0,0,812056.7929,5821164.5977
200209,13.297914991805264,52.578171393001156,202210,202210,11,0,12,12,2018,6,15,7,2,5,2,0,0,1,0,1,0,0,0,791166.5215,5834027.3108
200210,13.346013499639275,52.498829609564616,202211,202211,11,0,7,7,2018,6,11,4,2,5,3,0,0,1,0,0,0,0,0,794955.3641,5825403.982000001
200211,13.302285741226868,52.518796899613456,202212,202212,11,0,4,4,2018,6,10,4,3,5,2,0,0,1,0,0,0,0,0,791856.6244,5827445.4268
200212,13.37926178862824,52.569293552656355,202213,202213,11,0,12,12,2018,6,13,7,2,1,5,0,1,1,0,0,0,0,0,796734.6627,5833372.4335
200213,13.332513558260715,52.46898521256156,202214,202214,11,0,7,7,2018,6,10,4,2,5,2,0,0,1,0,1,0,0,0,794238.9431,5822031.6586
200214,13.301109777349694,52.48808053403234,202215,202215,11,0,4,4,2018,6,13,7,3,3,6,0,0,1,0,0,0,1,0,791980.6152,5824026.5107
200215,13.426231351305386,52.47735898277818,202216,202216,11,0,8,8,2018,6,23,7,3,2,6,2,0,1,0,0,0,0,1,800543.3299,5823348.723999999
200216,13.177745388039794,52.55349581749513,202217,202217,11,0,5,5,2018,6,12,7,3,5,6,0,0,1,0,1,0,0,0,783188.4412,5830805.6048
200217,13.448215818558696,52.48143674936154,202218,202218,11,0,8,8,2018,6,10,4,3,5,3,0,0,1,0,1,0,0,0,802007.3472,5823893.7727
200218,13.444667351913845,52.578679272805005,202219,202219,11,0,3,3,2018,6,10,4,3,5,3,0,1,1,0,0,0,0,0,801099.7741,5834687.0104
200219,13.335165118179825,52.46797094501125,202220,202220,11,0,7,7,2018,6,10,4,3,5,2,0,1,1,0,0,0,0,0,794425.71,5821929.7405
200220,13.314309121772913,52.5089698216219,202221,202221,11,0,4,4,2018,6,11,7,3,0,7,0,0,0,0,1,0,0,1,792737.2483,5826401.8784
200221,13.587134309739325,52.411404062037924,202222,202222,11,0,9,9,2018,6,10,4,3,1,7,0,0,1,0,0,0,0,0,811929.0177,5816701.1385
200222,13.398540067613414,52.52622310252713,202223,202223,11,0,1,1,2018,6,9,4,3,1,5,0,1,1,0,0,0,0,0,798332.5949,5828664.8272
200223,13.597927567878024,52.43853246436932,202224,202224,11,0,9,9,2018,6,11,7,3,5,2,0,1,1,0,0,0,0,0,812470.3896,5819762.8495
200224,13.354821517831018,52.55213229170333,202225,202225,11,0,1,1,2018,6,9,4,3,2,6,0,0,1,0,0,0,0,0,795194.7868,5831364.5921
200225,13.501381813640275,52.5487330812619,202226,202226,11,0,11,11,2018,6,13,2,3,2,6,0,0,1,0,0,0,0,0,805147.837,5831597.2522
200226,13.438701291565687,52.452600384854975,202227,202227,11,0,8,8,2018,6,8,4,3,5,2,0,1,1,0,0,0,0,0,801558.9963,5820648.9469
200227,13.485604348369055,52.533681993346214,202228,202228,11,0,11,11,2018,6,10,7,3,6,7,0,1,0,1,0,0,0,0,804183.0298,5829857.7194
200228,13.402831413150446,52.524180649666825,202229,202229,11,0,1,1,2018,6,18,4,3,0,1,0,1,0,0,0,0,0,0,798637.3795,5828455.582
200229,13.410166816808715,52.56684255871732,202230,202230,11,0,3,3,2018,6,10,7,3,1,5,0,1,1,0,0,0,0,0,798844.3619,5833227.7455
200230,13.421108268223186,52.5007876776651,202231,202231,11,0,2,2,2018,6,9,7,2,1,5,0,1,1,0,0,0,0,0,800035.9433,5825931.4047
200231,13.380023456682913,52.52834012756094,202232,202232,11,0,1,1,2018,6,8,4,3,1,5,0,1,1,0,0,0,0,0,797063.0341,5828823.6635
200232,13.507072861052427,52.4534593345108,202233,202233,11,0,9,9,2018,6,8,4,3,5,5,0,1,1,0,0,0,0,0,806195.6404,5821032.3544
200233,13.457160469606793,52.56100783585,202234,202234,11,0,3,3,2018,6,8,7,3,5,2,0,0,1,0,0,0,0,0,802067.238,5832775.2020000005
200234,13.188106795478706,52.52237533517108,202235,202235,11,0,5,5,2018,6,7,4,3,2,6,0,0,1,0,0,0,0,0,784091.5275,5827387.1511
200235,13.384618829841335,52.55569928481072,202236,202236,11,0,1,1,2018,6,1,6,3,5,5,2,0,1,0,0,0,0,0,797189.4569,5831883.5302
200236,13.426006313445242,52.477551985346004,202237,202237,11,0,8,8,2018,6,19,1,2,5,3,1,1,1,0,0,0,0,1,800526.7407,5823369.2379
200237,13.364152648368863,52.48825961203521,202238,202238,11,0,7,7,2018,6,22,7,3,5,3,2,1,1,0,0,0,0,1,796256.9413,5824303.4846
200238,13.322431417280727,52.497853823036394,202239,202239,11,0,4,4,2018,6,15,6,3,2,6,0,1,1,0,0,0,0,0,793362.189,5825199.3369
200239,13.547147565564725,52.54820523404575,202240,202240,11,0,10,10,2018,6,7,4,3,5,3,0,0,1,0,0,0,1,0,808252.2976,5831733.3686
200240,13.4411169970103,52.50086956562686,202241,202241,11,0,2,2,2018,6,0,6,3,1,5,2,1,1,0,0,0,0,0,801392.5581,5826023.9448
200241,13.382082883099336,52.56669088173466,202242,202242,11,0,1,1,2018,6,6,4,3,5,3,0,0,1,0,0,0,1,0,796943.323,5833094.7732
200242,13.310629100448,52.47929272905578,202243,202243,11,0,4,4,2018,6,8,2,3,5,2,0,1,0,0,0,0,1,0,792684.917,5823088.318
200243,13.289902315016633,52.59033054933586,202244,202244,11,0,12,12,2018,6,14,6,3,6,4,0,0,0,1,0,0,1,0,790543.4387,5835346.4743
200244,13.200635151385296,52.549652232441815,202245,202245,11,0,5,5,2018,6,15,3,3,5,2,0,1,1,0,0,0,0,0,784764.2107,5830468.555
200245,13.310769319379007,52.49511056298017,202246,202246,11,0,4,4,2018,6,17,6,3,5,2,0,1,1,0,0,0,0,0,792589.308,5824847.0479999995
200246,13.564255841810224,52.445698176296226,202247,202247,11,0,9,9,2018,6,17,6,3,5,3,0,1,1,0,0,0,0,0,810132.947,5820413.9847
200247,13.409048563400304,52.48892170933807,202248,202248,11,0,2,2,2018,6,9,3,3,1,6,0,1,1,0,0,0,1,0,799298.6103,5824562.432
200248,13.538668190629805,52.42582400456593,202249,202249,11,0,9,9,2018,6,18,6,3,5,7,0,0,1,0,1,0,0,0,808534.2409,5818095.4783
200249,13.385862995611546,52.516482884503496,202250,202250,11,0,1,1,2018,6,14,3,2,2,2,0,1,0,0,0,1,0,0,797539.1002,5827529.8351
200250,13.294212471275715,52.534288682529656,202251,202251,11,0,4,4,2018,6,19,6,3,3,6,0,0,1,0,0,0,0,0,791206.6046,5829134.7129
200251,13.30555103014806,52.43514017742925,202252,202252,11,0,6,6,2018,6,15,3,3,5,3,0,1,1,0,0,0,0,0,792633.2546,5818160.1485
200252,13.409618649550968,52.504024452736566,202253,202253,11,0,2,2,2018,6,22,6,3,2,6,2,0,1,0,0,0,0,0,799234.5971,5826243.4199
200253,13.279220309632635,52.50313999839106,202254,202254,11,0,4,4,2018,6,17,1,3,2,6,0,0,1,0,0,0,0,0,790396.0062,5825612.0159
200254,13.593790767604174,52.444438804501154,202255,202255,11,0,9,9,2018,6,16,3,2,5,3,0,1,1,0,0,0,0,0,812147.6009999999,5820401.3706
200255,13.31551622754607,52.564279365549076,202256,202256,11,0,12,12,2018,6,22,6,3,1,1,2,0,1,0,0,0,1,0,792450.8768,5832554.4787
200256,13.413986978012927,52.391055800797126,202257,202257,11,0,7,7,2018,6,7,7,3,0,1,0,0,0,0,1,0,0,0,800299.2736,5813705.5111
200257,13.408461188273707,52.51615109503826,202258,202258,11,0,1,1,2018,6,15,5,3,0,6,0,0,1,0,1,0,0,0,799073.6429999999,5827586.457
200258,13.312562896573613,52.499138749931056,202259,202259,11,0,4,4,2018,6,3,5,3,6,4,2,0,1,1,0,0,0,0,792684.1997,5825302.061000001
200259,13.411503518036337,52.52395739565002,202260,202260,11,0,1,1,2018,6,12,6,3,5,2,0,1,1,0,0,0,0,0,799226.8118,5828466.7278
200260,13.281094871746705,52.476846146459465,202261,202261,11,0,4,4,2018,6,9,5,3,5,2,0,1,0,0,0,0,1,0,790696.7052,5822696.9594
200261,13.39364231524218,52.53220724331664,202262,202262,11,0,1,1,2018,7,4,2,2,0,1,1,1,0,0,0,0,0,0,797960.0131,5829309.6932
200262,13.437555916222243,52.4551807647657,202263,202263,11,0,8,8,2018,6,23,5,3,2,6,2,0,1,0,0,0,0,0,801463.5745,5820930.9582
200263,13.250385466092418,52.452010976959066,202264,202264,11,0,6,6,2018,6,9,6,3,5,3,0,1,1,0,0,0,0,0,788775.1429,5819813.1658
200264,13.412214394446519,52.5401299096313,202265,202265,11,0,3,3,2018,6,19,7,3,5,3,0,0,1,0,1,0,0,0,799164.9208,5830267.2051
200265,13.310009954604723,52.51624438116618,202266,202266,11,0,4,4,2018,6,22,5,3,6,4,2,1,0,1,0,0,0,0,792397.3271,5827193.0072
200266,13.224953038403184,52.42346212656023,202267,202267,11,0,6,6,2018,6,22,5,3,9,1,2,0,0,0,0,0,1,0,787233.8761,5816538.4034
200267,13.464479218499713,52.48708070920282,202268,202268,11,0,9,9,2018,6,16,6,3,5,2,0,1,1,0,0,0,0,0,803072.108,5824589.288
200268,13.286884872180659,52.51297432200101,202269,202269,11,0,4,4,2018,6,20,5,2,5,2,1,0,1,0,0,0,0,0,790850.872,5826736.007999999
200269,13.416513849973912,52.53493992813629,202270,202270,11,0,3,3,2018,6,20,5,3,5,5,0,1,1,0,0,0,0,0,799491.6541,5829708.2095
200270,13.340002623239892,52.52572134696762,202271,202271,11,0,1,1,2018,6,19,5,3,5,7,0,0,1,0,1,0,0,0,794367.6231,5828368.4222
200271,13.157587452677276,52.542266316398994,202272,202272,11,0,5,5,2018,7,14,1,3,0,3,0,0,0,0,1,0,1,0,781894.6962,5829478.3564
200272,13.424603371346887,52.4842952265989,202273,202273,11,0,8,8,2018,6,19,5,3,1,5,0,0,1,0,1,0,0,0,800385.5319,5824112.879
200273,13.468836293766062,52.520329633103245,202274,202274,11,0,2,2,2018,6,19,5,3,5,3,0,1,1,0,0,0,0,0,803138.5886,5828303.0428
200274,13.288384622123914,52.4463562814901,202275,202275,11,0,6,6,2018,6,10,6,3,5,3,0,1,1,0,0,0,0,0,791392.9685,5819337.3737
200275,13.564159265730641,52.439036918977095,202276,202276,11,0,9,9,2018,6,8,5,3,5,3,0,1,1,0,0,0,0,0,810173.2395,5819673.2354
200276,13.400379182206382,52.490516336726714,202277,202277,11,0,2,2,2018,7,18,1,3,5,2,0,1,1,0,0,0,0,0,798699.5898,5824703.7299
200277,13.170190041765714,52.54123511069014,202278,202278,11,0,5,5,2018,6,18,5,3,0,7,0,0,0,0,1,0,0,0,782755.4238,5829413.0899
200278,13.269218876891005,52.53776852072968,202279,202279,11,0,5,5,2018,6,9,6,3,5,3,0,1,1,0,0,0,0,0,789489.5976,5829420.8337
200279,13.446756124493945,52.427015611263435,202280,202280,11,0,8,8,2018,6,18,7,3,5,2,0,1,1,0,0,0,0,0,802281.2474,5817839.0217
200280,13.359922011877039,52.4814032209032,202281,202281,11,0,7,7,2018,6,13,5,3,0,6,0,1,1,0,0,0,0,0,796015.9786,5823524.0373
200281,13.362940414113742,52.494154710551,202282,202282,11,0,7,7,2018,6,7,5,3,6,4,0,1,0,1,0,0,0,0,796135.0349,5824953.738
200282,13.346040831780133,52.49882783878577,202283,202283,11,0,7,7,2018,6,18,6,3,5,3,0,0,1,0,0,0,0,0,794957.23,5825403.897000001
200283,13.426596823692211,52.49927872829871,202284,202284,11,0,2,2,2018,6,2,5,3,5,2,2,1,1,0,0,0,0,0,800418.5288,5825786.541
200284,13.39878327300186,52.532589639448794,202285,202285,11,0,1,1,2018,7,16,2,3,0,1,0,1,0,0,0,0,0,0,798305.8796,5829373.4584
200285,13.320532200903651,52.48322279804472,202286,202286,11,0,4,4,2018,6,19,5,3,5,2,0,1,1,0,0,0,0,0,793330.8158,5823565.3716
200286,13.416342920338304,52.480482968132456,202287,202287,11,0,8,8,2018,6,16,6,3,0,7,0,0,0,0,1,0,0,0,799850.9761,5823654.7906
200287,13.42828789053647,52.50742326706237,202288,202288,11,0,1,1,2018,6,18,5,2,2,2,0,1,1,0,0,0,0,0,800477.6169,5826698.8213
200288,13.569043276573007,52.44419497792632,202289,202289,11,0,9,9,2018,7,12,1,3,2,2,0,0,1,0,0,0,0,0,810468.6509,5820267.506
200289,13.367445316143286,52.55153942698536,202290,202290,11,0,1,1,2018,6,18,5,3,5,2,0,0,1,0,1,0,0,0,796054.063,5831350.48
200290,13.266949045272124,52.51417548867254,202291,202291,11,0,4,4,2018,6,13,7,2,5,3,0,1,1,0,0,0,0,0,789491.0401,5826789.2949
200291,13.550675354788348,52.4291798986969,202292,202292,11,0,9,9,2018,6,18,5,3,5,2,0,1,1,0,0,0,0,0,809326.5063,5818519.8486
200292,13.123472012758032,52.45693045270709,202293,202293,11,0,5,5,2018,6,17,7,3,1,5,0,0,1,0,1,0,0,0,780125.1676,5819859.7602
200293,13.41101642723474,52.553876492336315,202294,202294,11,0,3,3,2018,6,18,5,3,5,3,0,0,1,0,1,0,0,0,798990.1716,5831790.127
200294,13.383936730062967,52.452636277245404,202295,202295,11,0,7,7,2018,6,15,6,3,6,4,0,0,1,1,0,0,0,0,797840.0147,5820425.482000001
200295,13.346096721363844,52.44403566692562,202296,202296,11,0,6,6,2018,6,17,5,3,5,3,0,1,0,0,0,0,0,0,795328.082,5819314.026000001
200296,13.412871818402353,52.54438835565932,202297,202297,11,0,3,3,2018,7,11,2,3,6,4,0,0,1,1,0,0,0,0,799180.4787,5830743.2478
200297,13.511394001910787,52.484270022672746,202298,202298,11,0,11,11,2018,6,8,5,3,5,3,0,1,1,0,0,0,0,0,806274.78,5824475.081
200298,13.325492997939884,52.43893095701826,202299,202299,11,0,6,6,2018,6,17,6,3,5,2,0,0,1,0,1,0,0,0,793962.7162,5818662.5276
200299,13.314351862715847,52.42397588230725,202300,202300,11,0,6,6,2018,7,14,1,2,5,2,0,0,1,0,0,0,0,0,793305.3273,5816954.9542
200300,13.299731432022133,52.57907372756787,202301,202301,11,0,12,12,2018,6,16,5,3,5,2,0,0,1,0,0,0,0,0,791283.5286,5834134.9496
200301,13.179667770171413,52.4218760086569,202302,202302,11,0,6,6,2018,6,10,7,2,0,2,0,1,0,0,0,0,1,0,784166.7749,5816182.8979
200302,13.309321997810686,52.42058597227011,202303,202303,11,0,6,6,2018,6,16,5,3,5,3,0,0,1,0,0,0,0,0,792986.0467,5816557.7416
200303,13.328582102979345,52.60290750308281,202304,202304,11,0,12,12,2018,6,13,6,3,5,2,0,0,1,0,1,0,0,0,793077.7559999999,5836901.132
200304,13.189241463802281,52.53701068302702,202305,202305,11,0,5,5,2018,6,15,5,3,5,5,0,0,1,0,1,0,0,0,784073.8876,5829018.4217
200305,13.380822479382058,52.51639510698554,202306,202306,11,0,1,1,2018,7,7,2,3,2,2,0,0,1,0,0,0,0,0,797197.9158,5827499.2895
200306,13.276138281520975,52.58465096594,202307,202307,11,0,12,12,2018,6,15,5,3,1,5,0,1,1,0,0,0,0,0,789649.1866,5834659.7453
200307,13.184594696229821,52.515325180983105,202308,202308,11,0,5,5,2018,6,8,6,3,2,6,0,0,1,0,0,0,0,0,783898.902,5826589.655
200308,13.477488664461749,52.571729075045184,202309,202309,11,0,3,3,2018,6,15,6,3,5,7,0,0,1,0,1,0,0,0,803370.0774,5834052.2274
200309,13.384205136788385,52.484988294992846,202310,202310,11,0,2,2,2018,6,15,5,3,6,4,0,0,0,1,1,0,0,0,797639.6127,5824022.4389
200310,13.363033906276964,52.50978760813549,202311,202311,11,0,1,1,2018,7,8,2,2,5,2,0,1,1,0,0,0,0,0,796036.1981,5826691.6978
200311,13.516061158545234,52.4882089308321,202312,202312,11,0,11,11,2018,6,9,5,3,5,3,0,0,1,0,0,0,1,0,806564.032,5824932.6907
200312,13.356653966026261,52.52359746474521,202313,202313,11,0,1,1,2018,6,8,6,3,0,7,0,0,0,1,0,0,1,0,795510.7339,5828200.4762
200313,13.579007865811553,52.45817910382232,202314,202314,11,0,9,9,2018,7,3,1,2,6,4,2,0,1,1,0,0,0,0,811046.6897,5821864.6185
200314,13.501164364747643,52.6322707233992,202315,202315,11,0,3,3,2018,6,8,5,3,3,6,0,1,1,0,0,0,0,0,804552.5276,5840881.0313
200315,13.298393238692837,52.50898580361318,202316,202316,11,0,4,4,2018,6,4,7,3,1,5,0,1,1,0,0,0,0,0,791657.7356,5826339.1619
200316,13.393785346798326,52.54560664304483,202317,202317,11,0,1,1,2018,6,15,5,2,3,5,0,0,0,0,1,0,1,0,797878.8737,5830799.5979
200317,13.301844285740053,52.494521565022346,202318,202318,11,0,4,4,2018,6,14,5,3,5,3,0,1,1,0,0,0,0,0,791987.7325,5824745.4108
200318,13.389938126541152,52.511224865741866,202319,202319,11,0,1,1,2018,6,6,6,3,5,3,0,0,1,0,0,0,1,0,797851.0190000001,5826962.2434
200319,13.263757455035176,52.42213563757666,202320,202320,11,0,6,6,2018,6,14,5,3,6,2,0,0,1,1,0,0,0,0,789879.464,5816546.0566
200320,13.41615699692224,52.566480888006296,202321,202321,11,0,3,3,2018,7,20,1,3,0,3,1,0,1,0,0,0,1,0,799252.5267,5833212.4096
200321,13.430150108900223,52.5102554525841,202322,202322,11,0,2,2,2018,6,14,5,3,2,2,0,0,1,0,0,0,1,0,800584.5598,5827021.3696
200322,13.296229563686055,52.49800519436627,202323,202323,11,0,4,4,2018,6,8,6,3,5,2,0,1,0,0,0,1,0,0,791583.7420000001,5825109.9045
200323,13.356703396723075,52.53560017996168,202324,202324,11,0,1,1,2018,6,18,7,3,5,2,0,0,1,0,0,0,0,0,795433.4173,5829534.7703
200324,13.3254545545373,52.52773936566712,202325,202325,11,0,1,1,2018,6,13,5,3,3,6,0,1,0,0,0,0,1,0,793367.9018,5828533.4227
200325,13.341961878518974,52.51784044044538,202326,202326,11,0,1,1,2018,6,17,6,3,5,2,0,1,1,0,0,0,0,0,794553.2272,5827500.4641
200326,13.420715668511415,52.49902790189386,202327,202327,11,0,2,2,2018,6,22,7,3,6,7,1,1,0,1,0,0,0,0,800021.31,5825734.1785
200327,13.286708809571508,52.58635652841829,202328,202328,11,0,12,12,2018,6,13,5,3,2,6,0,0,1,0,0,1,0,0,790353.5566,5834891.8765
200328,13.454008526514905,52.518376752223425,202329,202329,11,0,2,2,2018,6,12,5,3,1,5,0,0,1,0,0,0,0,0,802146.709,5828023.7434
200329,13.430143798235346,52.481418931712255,202330,202330,11,0,8,8,2018,6,7,6,3,6,7,0,0,1,1,0,0,0,0,800781.1215,5823816.2788
200330,13.314259691076098,52.60534769444377,202331,202331,11,0,12,12,2018,6,7,5,3,0,1,0,1,0,0,0,0,0,0,792092.2474,5837114.1749
200331,13.19236624453493,52.43537061391588,202332,202332,11,0,6,6,2018,6,12,5,3,1,5,0,1,1,0,0,0,0,0,784942.5749,5817732.938999999
200332,13.305817978907786,52.495704557850935,202333,202333,11,0,4,4,2018,6,8,5,3,1,5,0,1,1,0,0,0,0,0,792249.4613,5824892.996
200333,13.232592619701496,52.539426827768935,202334,202334,11,0,5,5,2018,7,16,1,3,0,1,0,0,1,0,0,0,0,0,786996.3796,5829458.7024
200334,13.616801981379457,52.44655244399561,202335,202335,11,0,9,9,2018,6,9,5,2,2,2,0,1,1,0,0,0,0,0,813695.3007,5820736.0705
200335,13.357210787653413,52.49895158532279,202336,202336,11,0,7,7,2018,6,8,6,3,5,3,0,1,0,0,0,0,0,0,795714.1024,5825463.3945
200336,13.315066720459368,52.57657427424105,202337,202337,11,0,12,12,2018,6,18,7,3,3,2,0,0,1,0,1,0,0,0,792338.5451,5833919.2468
200337,13.261972290563223,52.515513348441296,202338,202338,11,0,4,4,2018,6,9,5,3,6,7,0,0,1,1,0,0,0,0,789144.7607,5826918.0328
200338,13.311918785650265,52.567923033594596,202339,202339,11,0,12,12,2018,6,19,4,3,3,2,0,0,1,0,0,0,0,0,792182.9606,5832944.882
200339,13.41645637396542,52.49096343508111,202340,202340,11,0,2,2,2018,6,20,6,2,5,3,0,1,1,0,0,0,0,0,799787.3119,5824820.1292
200340,13.297223463309665,52.510638395763245,202341,202341,11,0,4,4,2018,6,20,4,3,2,6,0,0,1,0,0,0,0,0,791567.45,5826518.119
200341,13.376910917292642,52.54935114670586,202342,202342,11,0,1,1,2018,7,13,2,3,6,7,0,0,1,1,0,0,0,0,796710.1569,5831146.1836
200342,13.313942760053965,52.48823521940238,202343,202343,11,0,4,4,2018,6,19,4,3,5,2,0,1,0,0,0,0,0,0,792850.3265,5824095.7291