,X,Y,OBJECTID_1,OBJECTID,ULAND,UREGBEZ,UKREIS,UGEMEINDE,UJAHR,UMONAT,USTUNDE,UWOCHENTAG,UKATEGORIE,UART,UTYP1,ULICHTVERH,IstRad,IstPKW,IstFuss,IstKrad,IstGkfz,IstSonstig,STRZUSTAND,LINREFX,LINREFY
200523,13.489864700232165,52.46780497721488,202524,202524,11,0,9,9,2018,7,7,3,3,5,3,0,0,1,0,1,0,0,0,804927.9181,5822553.8922
200524,13.301306737467293,52.42413065005328,202525,202525,11,0,6,6,2018,6,8,3,3,6,4,0,0,0,1,1,0,0,0,792417.8759,5816919.2362
200525,13.576755896293793,52.513233350718615,202526,202526,11,0,10,10,2018,7,7,3,3,5,3,0,1,1,0,0,0,0,0,810505.2851,5827973.6469
200526,13.32564787917295,52.4555018915561,202527,202527,11,0,6,6,2018,6,10,6,3,5,3,0,1,1,0,0,0,0,0,793862.7854,5820505.0122
200527,13.4524554768309,52.518403546977865,202528,202528,11,0,2,2,2018,6,7,3,3,5,2,0,1,1,0,0,0,0,0,802041.2259999999,5828020.2138
200528,13.307940194867593,52.48853209662,202529,202529,11,0,4,4,2018,7,8,2,3,0,2,0,0,1,0,0,0,1,0,792441.0722,5824104.3734
200529,13.324128598957126,52.58762844752211,202530,202530,11,0,12,12,2018,7,7,3,3,5,2,0,1,1,0,0,0,0,0,792878.3786,5835184.7367
200530,13.392090726218818,52.50958351913509,202531,202531,11,0,1,1,2018,6,7,3,2,5,3,0,1,1,0,0,0,0,0,798008.1135,5826788.7059
200531,13.47481163550773,52.53282055072983,202532,202532,11,0,11,11,2018,7,7,3,3,2,6,0,0,1,0,0,0,1,0,803457.4779,5829716.4822
200532,13.33422354991306,52.5287141592644,202533,202533,11,0,1,1,2018,6,7,6,3,0,1,0,1,0,0,0,0,0,0,793955.8338,5828677.4919
200533,13.475584920575669,52.5014455304366,202534,202534,11,0,11,11,2018,7,0,1,2,5,3,2,1,1,0,0,0,0,0,803726.4869,5826232.5806
200534,13.468395645864673,52.49966440354748,202535,202535,11,0,2,2,2018,7,7,3,3,5,2,0,1,1,0,0,0,0,0,803251.1321,5826004.3609
200535,13.363857920107293,52.47669522318041,202536,202536,11,0,7,7,2018,6,7,3,3,1,5,0,1,1,0,0,0,0,0,796314.7444,5823016.9097
200536,13.324212328229793,52.502256220179575,202537,202537,11,0,4,4,2018,7,12,3,3,2,6,0,0,1,0,0,0,0,0,793453.6446,5825695.9097
200537,13.209559054943632,52.55170080527465,202538,202538,11,0,5,5,2018,6,4,7,2,5,3,0,1,1,0,0,0,0,0,785355.5789,5830731.5589
200538,13.36938605175444,52.597383644258734,202539,202539,11,0,3,3,2018,7,6,3,3,5,3,0,0,1,0,1,0,0,0,795876.3571,5836453.9938
200539,13.304296081899519,52.51290304396566,202540,202540,11,0,4,4,2018,6,17,3,3,0,4,0,1,0,1,0,0,0,0,792032.0608,5826798.4582
200540,13.401192771986194,52.510416131394116,202541,202541,11,0,1,1,2018,7,9,3,3,5,2,0,1,1,0,0,0,0,0,798619.7299,5826918.9059
200541,13.326247848679852,52.538015217211615,202542,202542,11,0,4,4,2018,6,6,3,3,5,2,0,0,1,0,0,0,0,0,793353.0982,5829678.8157
200542,13.527087950810024,52.49214335237192,202543,202543,11,0,11,11,2018,6,11,6,3,5,2,0,1,1,0,0,0,0,0,807284.696,5825416.9003
200543,13.329161472320145,52.56348569320661,202544,202544,11,0,12,12,2018,6,15,3,3,2,6,0,0,1,0,1,0,0,0,793380.4208,5832521.7304
200544,13.360015717839268,52.5235612809594,202545,202545,11,0,1,1,2018,7,19,1,3,3,6,0,0,1,0,0,0,1,0,795738.8894,5828210.2395
200545,13.440587260487233,52.56689733237923,202546,202546,11,0,3,3,2018,7,7,3,3,0,6,0,1,1,0,0,0,0,0,800904.2767,5833360.4464
200546,13.33346106079824,52.5067559794609,202547,202547,11,0,4,4,2018,6,17,3,3,2,6,0,0,1,0,1,0,0,0,794050.9098,5826233.7326
200547,13.576211402247274,52.51314236306945,202548,202548,11,0,10,10,2018,7,7,3,3,2,6,0,0,1,0,0,0,0,0,810469.0072,5827961.1895
200548,13.325379243377139,52.51792459415449,202549,202549,11,0,4,4,2018,6,7,6,2,1,5,0,1,1,0,0,0,0,0,793428.2782,5827442.2015
200549,13.452302063444991,52.512497857636134,202550,202550,11,0,2,2,2018,6,18,7,3,5,2,0,1,1,0,0,0,0,0,802071.3806,5827363.1815
200550,13.414178956073954,52.55361718765174,202551,202551,11,0,3,3,2018,6,9,3,3,3,6,0,1,0,0,0,0,0,0,799206.1915,5831774.4323
200551,13.453983618028722,52.46920369098838,202552,202552,11,0,8,8,2018,7,7,2,3,5,3,0,1,1,0,0,0,0,0,802482.7368,5822558.2958
200552,13.348321913899625,52.4519873520183,202553,202553,11,0,6,6,2018,7,7,3,3,1,5,0,0,1,0,0,0,0,0,795425.9345,5820206.9543
200553,13.313473525963644,52.5151874857665,202554,202554,11,0,4,4,2018,6,16,3,2,5,3,0,0,0,0,1,0,1,0,792639.2165,5827089.584
200554,13.395805593193607,52.574897927495606,202555,202555,11,0,3,3,2018,7,8,3,3,1,5,0,0,1,0,0,0,0,0,797817.0534,5834063.6135
200555,13.480429381291026,52.499100390236386,202556,202556,11,0,11,11,2018,6,6,6,3,5,3,0,1,1,0,0,0,0,0,804071.2758,5825992.3483
200556,13.48687961291608,52.459489948228615,202557,202557,11,0,9,9,2018,6,21,7,2,6,4,1,0,1,1,0,0,0,0,804782.8005,5821617.1171
200557,13.326051453602558,52.4944586360072,202558,202558,11,0,4,4,2018,7,8,3,2,6,4,0,0,1,1,0,0,0,0,793630.4059,5824836.6931
200558,13.38964937387284,52.54660564831049,202559,202559,11,0,1,1,2018,6,14,3,3,6,7,0,1,0,1,0,0,0,0,797591.8503,5830893.5488
200559,13.345881299968795,52.49999125302429,202560,202560,11,0,7,7,2018,7,9,3,3,0,1,0,1,0,0,0,0,0,0,794938.6119,5825532.5572
200560,13.353711448074865,52.505553652556756,202561,202561,11,0,1,1,2018,6,9,3,3,2,2,0,0,1,0,0,0,0,1,795432.4046,5826182.8648
200561,13.458714233451458,52.520454252715034,202562,202562,11,0,2,2,2018,6,7,6,3,5,3,0,1,1,0,0,0,0,0,802451.4742,5828274.3795
200562,13.609299908794975,52.448910142512865,202563,202563,11,0,9,9,2018,6,15,3,3,2,2,0,1,1,0,0,0,0,0,813169.0974,5820965.5128
200563,13.430245115622974,52.466231605393155,202564,202564,11,0,8,8,2018,7,23,2,3,5,3,2,0,1,0,1,0,0,0,800891.7170000001,5822128.693
200564,13.161886173382776,52.42071998310586,202565,202565,11,0,6,6,2018,6,16,3,3,0,1,0,0,0,0,1,0,0,0,782965.7997,5815984.5629
200565,13.424036060990458,52.546151482041985,202566,202566,11,0,3,3,2018,6,9,3,2,0,1,0,1,0,0,0,0,0,0,799924.9551,5830985.6171
200566,13.281989618922518,52.53381830002096,202567,202567,11,0,4,4,2018,7,16,1,3,2,6,0,0,1,0,0,0,0,0,790381.2376,5829033.1227
200567,13.414778999242726,52.553563892336854,202568,202568,11,0,3,3,2018,7,16,2,3,6,4,0,1,0,1,0,0,0,0,799247.2062,5831771.0003
200568,13.510757285020551,52.457248855508816,202569,202569,11,0,9,9,2018,6,20,2,3,1,5,0,1,1,0,0,0,0,0,806419.4694,5821469.1732
200569,13.491052739263386,52.4245210822616,202570,202570,11,0,8,8,2018,7,7,2,3,3,6,0,1,0,0,0,0,1,0,805308.1190000001,5817748.2017
200570,13.315199045893982,52.576556225469105,202571,202571,11,0,12,12,2018,6,9,6,3,5,2,0,1,0,0,0,1,0,0,792347.6257,5833917.7776
200571,13.538048449203485,52.39818221289561,202572,202572,11,0,9,9,2018,6,17,7,3,1,7,0,1,1,0,0,0,0,0,808685.3548,5815020.688999999
200572,13.320267417982091,52.476691045693556,202573,202573,11,0,4,4,2018,7,20,2,3,5,2,0,0,1,0,1,0,0,0,793356.3494,5822838.2897
200573,13.388635847856913,52.56140423259817,202574,202574,11,0,1,1,2018,6,8,2,2,3,6,0,1,0,0,0,0,0,0,797422.9526,5832534.1987
200574,13.207894862099405,52.55403385847785,202575,202575,11,0,5,5,2018,6,20,6,2,5,2,0,1,1,0,0,0,0,0,785227.6725,5830984.3018
200575,13.203862199024847,52.539902172913024,202576,202576,11,0,5,5,2018,6,20,2,3,5,2,0,1,0,0,0,0,1,0,785046.1092,5829397.541
200576,13.397945472726875,52.53493162028997,202577,202577,11,0,1,1,2018,6,20,2,3,5,2,0,1,1,0,0,0,0,0,798233.2026,5829630.2971
200577,13.351286650781262,52.50018799907034,202578,202578,11,0,7,7,2018,7,18,2,3,6,7,0,0,1,1,0,0,0,0,795303.9495,5825576.5456
200578,13.413993326407011,52.55362854026206,202579,202579,11,0,3,3,2018,6,20,2,3,2,6,0,0,1,0,0,0,1,0,799193.5381,5831774.9234
200579,13.559022832785036,52.44864134301626,202580,202580,11,0,9,9,2018,6,18,6,3,0,1,0,0,0,0,1,0,0,0,809756.8889,5820718.6116
200580,13.391215089802357,52.43192793781579,202581,202581,11,0,7,7,2018,6,20,2,2,5,2,0,0,1,0,0,0,0,0,798474.3657,5818153.876
200581,13.438596231796579,52.452564568530825,202582,202582,11,0,8,8,2018,7,14,2,3,3,6,0,1,1,0,0,0,0,0,801552.1074,5820644.527000001
200582,13.367045455349073,52.517426525478,202583,202583,11,0,1,1,2018,7,18,2,3,0,7,0,1,1,0,0,0,0,0,796256.798,5827557.23
200583,13.333312159649987,52.52437763833446,202584,202584,11,0,1,1,2018,6,20,2,3,5,7,1,0,1,0,0,0,0,0,793923.0390000001,5828191.7716
200584,13.266734308393364,52.44226371632662,202585,202585,11,0,6,6,2018,6,14,6,3,2,6,0,0,1,0,0,0,0,0,789949.4518,5818795.2848
200585,13.316568998261829,52.51625290574421,202586,202586,11,0,4,4,2018,6,19,2,3,2,3,0,0,1,0,0,0,0,0,792842.0264,5827220.5738
200586,13.295641167174955,52.530516971583786,202587,202587,11,0,4,4,2018,7,14,1,3,2,6,0,0,1,0,0,0,0,0,791328.4362,5828721.254
200587,13.384081050701553,52.52974536779328,202588,202588,11,0,1,1,2018,7,18,2,3,1,1,0,1,1,0,0,0,0,0,797328.5855,5828996.5817
200588,13.200805428844044,52.53218856479774,202589,202589,11,0,5,5,2018,6,18,2,3,2,6,0,0,1,0,0,0,0,0,784888.9262,5828528.051
200589,13.363325823709982,52.58075977169808,202590,202590,11,0,12,12,2018,7,17,2,3,2,2,0,0,1,0,0,0,0,0,795578.1782,5834581.3821
200590,13.39098630596748,52.492401909321956,202591,202591,11,0,2,2,2018,6,14,7,3,5,2,0,1,1,0,0,0,0,0,798049.5557,5824874.4475
200591,13.361000195932188,52.495925319326155,202592,202592,11,0,7,7,2018,7,16,2,3,6,2,0,0,1,1,0,0,0,0,795991.5023,5825142.574
200592,13.36301591571676,52.54879121022477,202593,202593,11,0,1,1,2018,6,18,2,3,5,3,0,0,1,0,0,0,0,0,795772.4632,5831026.8312
200593,13.329082113351324,52.56712097145036,202594,202594,11,0,12,12,2018,6,15,6,3,5,3,0,0,1,0,1,0,0,0,793350.7571,5832925.4703
200594,13.421833093673134,52.52647427383039,202595,202595,11,0,2,2,2018,6,18,2,3,5,2,0,1,1,0,0,0,0,0,799909.9241,5828789.3955
200595,13.345152576728873,52.48921811697726,202596,202596,11,0,7,7,2018,7,9,2,3,2,2,0,1,1,0,0,0,0,0,794961.3584,5824332.1506
200596,13.412432770400493,52.53799173022585,202597,202597,11,0,3,3,2018,7,16,2,3,5,2,0,1,1,0,0,0,0,0,799194.2763,5830030.4592
200597,13.36954356594963,52.59103471210394,202598,202598,11,0,3,3,2018,6,17,2,3,5,3,0,1,1,0,0,0,0,0,795929.8509,5835748.9624
200598,13.400055510226364,52.52957038802288,202599,202599,11,0,1,1,2018,7,16,2,3,3,6,0,0,1,0,1,0,0,0,798412.6074,5829043.142000001
200599,13.330256779162927,52.513192317953795,202600,202600,11,0,4,4,2018,6,10,6,3,5,3,0,1,1,0,0,0,0,0,793790.6053,5826936.0702
200600,13.365961067528575,52.60450346544819,202601,202601,11,0,12,12,2018,7,11,1,2,2,6,0,0,0,0,1,0,0,0,795596.551,5837231.2926
200601,13.345900054096994,52.49883757861552,202602,202602,11,0,7,7,2018,7,16,2,3,0,2,0,0,0,0,0,0,1,0,794947.6152,5825404.4038
200602,13.522368132238666,52.42831375849389,202603,202603,11,0,9,9,2018,6,16,2,3,5,3,0,0,1,0,0,0,0,0,807409.4252,5818302.6437
200603,13.406631684755952,52.51344064934897,202604,202604,11,0,1,1,2018,7,13,2,3,5,3,0,1,1,0,0,0,0,0,798968.0137,5827277.6114
200604,13.520744866638804,52.46027184230989,202605,202605,11,0,9,9,2018,7,15,2,3,4,6,0,1,1,0,0,0,0,0,807076.5069,5821847.6187
200605,13.233621446721651,52.43859313722824,202606,202606,11,0,6,6,2018,6,16,2,3,0,2,0,1,1,0,0,0,0,0,787724.2415,5818254.7833
200606,13.512617858569048,52.41536544090177,202607,202607,11,0,8,8,2018,6,13,6,2,6,7,0,0,1,1,0,0,0,0,806837.0148,5816822.0565
200607,13.399400545857787,52.49828716219266,202608,202608,11,0,2,2,2018,7,22,1,2,5,3,2,0,1,0,0,0,0,0,798580.4792,5825563.3829
200608,13.446409567033738,52.49869580563729,202609,202609,11,0,2,2,2018,7,15,2,3,6,4,0,1,0,1,0,0,0,0,801766.4515,5825804.4751
200609,13.42227225935428,52.41320565324194,202610,202610,11,0,8,8,2018,6,16,2,3,1,5,0,0,1,0,0,0,0,0,800711.8133,5816201.8542
200610,13.333536826505933,52.46974147621949,202611,202611,11,0,7,7,2018,7,15,2,3,5,7,0,0,1,0,1,0,0,0,794303.3517,5822119.8907
200611,13.384645772113346,52.59119567934349,202612,202612,11,0,3,3,2018,6,11,7,3,2,2,0,0,1,0,0,0,0,0,796951.0429,5835829.0089
200612,13.437571259447305,52.48286236605112,202613,202613,11,0,8,8,2018,7,14,2,3,1,5,0,1,1,0,0,0,0,0,801275.2668,5824007.7084
200613,13.31141171541846,52.5702133946217,202614,202614,11,0,12,12,2018,6,16,2,3,2,6,0,0,1,0,0,0,0,0,792133.3769,5833197.4023
200614,13.327438207161153,52.428348231734006,202615,202615,11,0,6,6,2018,7,14,2,3,3,6,0,1,0,0,0,1,0,0,794165.4029999999,5817494.1874
200615,13.432542905508456,52.60510651829279,202616,202616,11,0,3,3,2018,6,7,6,3,5,2,0,1,1,0,0,0,0,0,800097.9831,5837573.7018
200616,13.283111350607689,52.432878161391756,202617,202617,11,0,6,6,2018,6,16,2,3,5,3,0,0,1,0,1,0,0,0,791123.7675,5817817.9865
200617,13.349185486840133,52.46944543258997,202618,202618,11,0,7,7,2018,7,7,2,3,1,5,0,1,1,0,0,0,0,0,795367.5561,5822150.9361
200618,13.428596708873243,52.58308830051506,202619,202619,11,0,3,3,2018,7,14,2,3,2,6,0,1,0,0,0,0,0,0,799981.5107,5835110.0088
200619,13.320762983490038,52.48653697578914,202620,202620,11,0,4,4,2018,6,14,2,3,1,6,0,0,1,0,0,0,0,0,793324.4,5823934.6815
200620,13.445499746127465,52.49921744287186,202621,202621,11,0,2,2,2018,7,14,2,3,2,6,0,0,1,0,0,0,0,0,801701.1605,5825858.6458
200621,13.410164910583674,52.50290399051704,202622,202622,11,0,2,2,2018,6,17,5,3,1,5,0,1,1,0,0,0,0,0,799279.2674,5826121.151000001
200622,13.433543158916068,52.44520599881346,202623,202623,11,0,8,8,2018,6,20,7,2,3,6,1,1,1,0,0,0,0,0,801259.2608,5819805.5499
200623,13.256593372678013,52.42889794141493,202624,202624,11,0,6,6,2018,6,13,2,3,5,3,0,1,1,0,0,0,0,0,789348.292,5817268.9598
200624,13.509051103123332,52.45292069670336,202625,202625,11,0,9,9,2018,6,16,6,3,2,6,0,1,1,0,0,0,0,0,806333.7071,5820980.8856
200625,13.200592521833501,52.538599303460046,202626,202626,11,0,5,5,2018,7,13,4,3,0,2,0,1,1,0,0,0,0,0,784832.9529,5829239.7961
200626,13.507739797268789,52.54521042806076,202627,202627,11,0,11,11,2018,7,13,4,3,6,4,0,0,1,1,0,0,0,0,805603.1146,5831232.6747
200627,13.385460027544775,52.55009727529835,202628,202628,11,0,1,1,2018,7,8,7,3,5,7,0,0,1,0,0,0,0,0,797284.3551,5831264.3464
200628,13.61235322225858,52.511283180505295,202629,202629,11,0,10,10,2018,7,11,4,3,0,1,0,1,0,0,0,0,0,0,812932.8701,5827910.8235
200629,13.326659895120926,52.516788052854736,202630,202630,11,0,4,4,2018,7,16,6,3,5,3,0,1,1,0,0,0,0,0,793522.6974,5827321.0874
200630,13.440603589164171,52.51699879991908,202631,202631,11,0,2,2,2018,7,13,6,2,3,6,0,1,0,0,0,0,0,0,801247.2711,5827814.4943
200631,13.424561897028527,52.48441003524533,202632,202632,11,0,8,8,2018,7,10,4,3,5,7,0,0,1,0,0,0,0,0,800381.9345,5824125.4668
200632,13.386589806338243,52.51790637748226,202633,202633,11,0,1,1,2018,7,9,6,3,6,7,0,0,1,0,0,0,1,0,797578.7511,5827691.052999999
200633,13.302320243720322,52.54789052603672,202634,202634,11,0,4,4,2018,7,10,4,3,5,2,0,0,1,0,0,0,0,0,791665.8682,5830679.3598
200634,13.396052045093498,52.53821450202621,202635,202635,11,0,1,1,2018,7,11,6,3,2,2,0,1,1,0,0,0,0,0,798082.6059999999,5829987.3494
200635,13.380763059419285,52.492680795462206,202636,202636,11,0,2,2,2018,7,9,4,3,1,5,0,1,1,0,0,0,0,0,797354.094,5824863.246
200636,13.414136985885568,52.49857936028754,202637,202637,11,0,2,2,2018,7,2,6,3,5,3,2,0,1,0,0,0,0,0,799578.1164,5825656.9753
200637,13.232776977353986,52.52825803282471,202638,202638,11,0,5,5,2018,7,7,6,3,1,5,0,1,1,0,0,0,0,0,787081.8016,5828217.9813
200638,13.364406117907743,52.52672158740115,202639,202639,11,0,1,1,2018,7,8,4,3,5,3,0,0,1,0,1,0,0,0,796015.2631,5828579.522999999
200639,13.429635957249028,52.52324037360482,202640,202640,11,0,2,2,2018,7,2,6,3,5,2,2,0,1,0,0,0,0,0,800460.9747,5828462.4509
200640,13.282068639226495,52.533802663667686,202641,202641,11,0,4,4,2018,7,15,6,3,2,6,0,0,1,0,0,0,0,0,790386.697,5829031.703
200641,13.43528594985607,52.434245052437035,202642,202642,11,0,8,8,2018,7,8,4,3,1,7,0,0,1,0,0,0,1,0,801452.5299,5818594.5681
200642,13.352534362201881,52.5096406551186,202643,202643,11,0,1,1,2018,7,0,6,3,0,7,2,1,0,0,0,0,0,0,795325.1369,5826632.3098
200643,13.490817121045827,52.543152832397155,202644,202644,11,0,11,11,2018,7,16,4,3,0,1,0,0,0,0,1,0,0,0,804470.712,5830932.3576
200644,13.522330555710347,52.42856312633688,202645,202645,11,0,9,9,2018,7,22,6,3,5,3,2,1,1,0,0,0,0,0,807405.1348,5818330.1989
200645,13.30741480798717,52.48850823144888,202646,202646,11,0,4,4,2018,7,17,6,3,5,2,0,0,1,0,0,0,0,0,792405.5826,5824099.5908
200646,13.395205079307663,52.49617012830886,202647,202647,11,0,2,2,2018,7,23,4,3,5,2,2,1,1,0,0,0,0,1,798310.2325,5825310.7179
200647,13.373201944164407,52.477103942528565,202648,202648,11,0,7,7,2018,7,20,6,3,4,6,1,1,1,0,0,0,0,0,796946.1483,5823100.7607
200648,13.332456252932104,52.50413215113689,202649,202649,11,0,4,4,2018,7,6,4,3,3,6,0,0,1,0,0,0,1,0,794000.2916,5825937.9975
200649,13.405694643099928,52.530199042014104,202650,202650,11,0,1,1,2018,7,20,6,3,1,5,0,1,1,0,0,0,0,0,798790.5853,5829136.3744
200650,13.475214062788716,52.50161045922915,202651,202651,11,0,11,11,2018,7,22,4,3,5,3,2,1,1,0,0,0,0,1,803700.1944,5826249.3495
200651,13.496642929225324,52.53948455545634,202652,202652,11,0,11,11,2018,7,19,6,3,5,3,0,1,1,0,0,0,0,0,804890.9329,5830549.2802
200652,13.444392606675775,52.49294068161657,202653,202653,11,0,9,9,2018,7,19,6,3,5,3,1,0,1,0,1,0,0,0,801669.0784,5825156.3809
200653,13.447539465303194,52.47606639012756,202654,202654,11,0,8,8,2018,7,6,4,3,5,3,0,0,1,0,0,0,0,0,801998.2729999999,5823294.0513
200654,13.426437003521672,52.48737012579358,202655,202655,11,0,8,8,2018,7,19,6,2,1,5,0,1,1,0,0,0,0,0,800488.9677,5824462.28
200655,13.328569178917368,52.4734680338737,202656,202656,11,0,7,7,2018,7,19,6,3,5,2,0,1,1,0,0,0,0,0,793941.2863,5822513.844
200656,13.493309973807035,52.53413477828623,202657,202657,11,0,11,11,2018,7,5,4,3,0,1,0,0,0,0,1,0,0,1,804702.1544,5829940.591
200657,13.397923286135994,52.498251935932636,202658,202658,11,0,2,2,2018,7,19,6,3,5,3,0,1,0,0,0,0,0,0,798480.5099,5825553.3523
200658,13.51947594240109,52.52278804477415,202659,202659,11,0,10,10,2018,7,5,4,3,0,1,0,0,0,0,1,0,0,1,806554.6878,5828790.4227
200659,13.414522051427047,52.500118982883365,202660,202660,11,0,2,2,2018,7,0,4,3,5,3,2,1,1,0,0,0,0,1,799593.7557,5825829.6989
200660,13.338849251992116,52.45104065067499,202661,202661,11,0,6,6,2018,7,18,6,3,0,2,0,0,1,0,1,0,0,0,794789.0075,5820062.9916
200661,13.401293836048913,52.414504982990884,202662,202662,11,0,7,7,2018,7,0,4,3,5,2,2,0,1,0,0,0,0,1,799277.2075,5816259.0991
200662,13.326859350758395,52.56252447388714,202663,202663,11,0,12,12,2018,7,20,4,3,5,3,1,1,1,0,0,0,0,0,793230.906,5832405.5197
200663,13.315467051970794,52.44939510650463,202664,202664,11,0,6,6,2018,7,16,6,3,2,6,0,1,0,0,0,0,1,0,793212.1001,5819784.8315
200664,13.486634601913902,52.54424039897644,202665,202665,11,0,11,11,2018,7,17,6,3,4,5,0,1,1,0,0,0,0,0,804179.7657,5831035.5724
200665,13.304437972595293,52.48846946973165,202666,202666,11,0,4,4,2018,7,17,4,3,5,3,0,0,1,0,1,0,0,1,792203.8583,5824083.2188
200666,13.367971144994847,52.55729001648607,202667,202667,11,0,1,1,2018,7,16,6,3,1,1,0,1,1,0,0,0,0,0,796050.9274,5831991.812000001
200667,13.593535693674207,52.4463442786079,202668,202668,11,0,9,9,2018,7,17,4,3,5,3,0,0,1,0,0,0,1,0,812116.7894,5820612.04
200668,13.430498919335148,52.55177053028715,202669,202669,11,0,3,3,2018,7,16,4,3,5,2,0,1,1,0,0,0,0,0,800324.457,5831637.07
200669,13.508726960426099,52.45261773570325,202670,202670,11,0,9,9,2018,7,16,6,3,3,2,0,1,1,0,0,0,0,0,806313.8026,5820945.8376
200670,13.3198379648858,52.46880704004438,202671,202671,11,0,4,4,2018,7,16,4,3,5,3,0,0,1,0,0,0,0,1,793379.7,5821960.2355
200671,13.353556811183513,52.51635491574378,202672,202672,11,0,1,1,2018,7,16,4,3,2,6,0,0,1,0,1,0,0,1,795349.3942,5827382.7821
200672,13.342567974536117,52.46468262408517,202673,202673,11,0,7,7,2018,7,16,6,3,5,3,0,1,1,0,0,0,0,0,794950.2407,5821594.4822
200673,13.361292384656462,52.41259498889878,202674,202674,11,0,7,7,2018,7,16,4,3,2,2,0,0,1,0,0,0,0,1,796571.3927,5815881.7436
200674,13.414279304179425,52.572139010855004,202675,202675,11,0,3,3,2018,7,15,6,3,5,2,0,0,1,0,1,0,0,0,799086.803,5833833.497
200675,13.389852437144524,52.510625776200506,202676,202676,11,0,1,1,2018,7,16,4,3,1,5,0,1,1,0,0,0,1,1,797849.2641,5826895.302
200676,13.360897160067402,52.523840710594776,202677,202677,11,0,1,1,2018,7,15,6,3,3,6,0,1,1,0,0,0,0,0,795796.7677,5828244.914
200677,13.431926600138096,52.51509236823041,202678,202678,11,0,2,2,2018,7,16,4,3,6,2,0,0,1,1,0,0,0,0,800671.9687,5827566.3812
200678,13.468282962992065,52.546546388929855,202679,202679,11,0,11,11,2018,7,15,6,3,6,2,0,0,1,1,0,0,0,0,802920.3434,5831214.5723
200679,13.202114487113711,52.534977693190314,202680,202680,11,0,5,5,2018,7,16,4,3,5,3,0,0,1,0,1,0,0,1,784959.5825,5828843.2505
200680,13.402609946991888,52.55423691134649,202681,202681,11,0,3,3,2018,7,15,6,3,5,3,0,1,0,0,1,0,0,0,798418.2035,5831795.3409
200681,13.50648224210931,52.508752344365824,202682,202682,11,0,11,11,2018,7,16,4,3,5,2,0,0,1,0,0,0,0,0,805771.3675,5827175.2734
200682,13.296000808597253,52.482219605475294,202683,202683,11,0,4,4,2018,7,16,4,3,2,7,0,1,1,0,0,0,0,1,791672.7785,5823354.3934
200683,13.315761518822608,52.567089676049136,202684,202684,11,0,12,12,2018,7,15,6,3,2,6,0,0,1,0,0,0,0,0,792448.7726,5832867.8431
200684,13.302039793281883,52.50788411079311,202685,202685,11,0,4,4,2018,7,22,4,2,6,4,2,0,1,1,0,0,0,1,791912.3525,5826231.4627
200685,13.181219506518465,52.54826222202608,202686,202686,11,0,5,5,2018,7,19,4,2,2,6,0,0,1,0,0,0,0,0,783457.5887,5830237.5155
200686,13.378389014244295,52.424646304889386,202687,202687,11,0,7,7,2018,7,14,6,3,2,2,0,0,1,0,0,0,0,0,797652.1203,5817291.5808
200687,13.415507760211925,52.55990180340784,202688,202688,11,0,3,3,2018,7,18,4,3,1,5,0,1,1,0,0,0,0,1,799253.3904,5832478.467
200688,13.524891474718961,52.45919181695885,202689,202689,11,0,9,9,2018,7,14,6,2,6,4,0,1,0,1,0,0,0,0,807365.5509,5821745.2398
200689,13.410123450638373,52.53353685027479,202690,202690,11,0,3,3,2018,7,12,6,3,2,6,0,1,1,0,0,0,0,0,799068.0796,5829525.7286
200690,13.562211720889618,52.43703773722191,202691,202691,11,0,9,9,2018,7,22,4,3,8,1,2,0,0,0,1,0,0,0,810055.0136,5819442.6766
200691,13.447558291296597,52.49803079456952,202692,202692,11,0,2,2,2018,7,12,6,3,1,5,0,1,0,0,0,1,0,0,801848.9327,5825735.3698
200692,13.472332208068476,52.504230866874636,202693,202693,11,0,11,11,2018,7,7,3,3,5,3,0,1,1,0,0,0,0,0,803486.6539,5826528.4596
200693,13.359468771392008,52.52329233658494,202694,202694,11,0,1,1,2018,7,18,3,3,5,2,0,1,1,0,0,0,0,0,795703.6173,5828178.1031
200694,13.454391631034124,52.54014828919133,202695,202695,11,0,3,3,2018,7,12,6,3,5,3,0,1,1,0,0,0,0,0,802023.0738,5830445.1535
200695,13.419511820029507,52.52519844199479,202696,202696,11,0,1,1,2018,7,23,3,3,5,2,2,1,0,0,0,0,1,1,799761.2637,5828637.9363
200696,13.322003696136305,52.4565964686182,202697,202697,11,0,6,6,2018,7,19,6,3,0,6,0,0,1,0,0,0,1,0,793608.0487,5820611.8402
200697,13.326796263872602,52.50868292499929,202698,202698,11,0,4,4,2018,7,15,3,3,5,2,0,1,1,0,0,0,0,0,793586.03,5826420.7563
200698,13.356470653114428,52.525569205354074,202699,202699,11,0,1,1,2018,7,18,6,3,5,3,0,0,1,0,0,0,0,0,795485.056,5828418.882
200699,13.181295052138903,52.53406154773744,202700,202700,11,0,5,5,2018,7,19,6,3,2,6,0,0,1,0,0,0,0,0,783554.3108,5828659.324
200700,13.37697535075302,52.5019632989974,202701,202701,11,0,2,2,2018,7,14,3,2,5,2,0,1,0,0,0,1,0,0,797034.4751,5825879.369
200701,13.494590450379322,52.489256951331846,202702,202702,11,0,11,11,2018,7,19,6,3,2,6,0,0,1,0,0,0,0,0,805100.0494,5824958.122
200702,13.442663789030027,52.50117178937107,202703,202703,11,0,2,2,2018,7,19,6,3,1,5,0,1,1,0,0,0,1,0,801495.4046,5826064.0016