,X,Y,OBJECTID_1,OBJECTID,ULAND,UREGBEZ,UKREIS,UGEMEINDE,UJAHR,UMONAT,USTUNDE,UWOCHENTAG,UKATEGORIE,UART,UTYP1,ULICHTVERH,IstRad,IstPKW,IstFuss,IstKrad,IstGkfz,IstSonstig,STRZUSTAND,LINREFX,LINREFY
200703,13.43352645833663,52.47847715791441,202704,202704,11,0,8,8,2018,7,11,3,3,5,5,0,0,1,0,0,0,0,0,801030.7729,5823503.424
200704,13.526416352337327,52.46030690030226,202705,202705,11,0,9,9,2018,7,21,6,3,1,5,0,0,1,0,0,0,0,0,807461.297,5821875.6698
200705,13.319289431115436,52.4130420587249,202706,202706,11,0,6,6,2018,7,11,3,3,5,2,0,1,1,0,0,0,0,0,793713.5802,5815759.7356
200706,13.360516966988046,52.59691422658135,202707,202707,11,0,12,12,2018,7,11,5,3,5,2,0,0,1,0,0,0,0,0,795279.2459999999,5836365.42
200707,13.383587548623808,52.50357580024922,202708,202708,11,0,2,2,2018,7,10,3,3,1,5,0,0,0,0,1,0,1,0,797472.0706,5826085.8513
200708,13.47527407114802,52.51170852062477,202709,202709,11,0,2,2,2018,7,0,5,3,2,6,2,1,0,0,1,0,0,0,803634.5675,5827371.9444
200709,13.32329935423687,52.560642238041794,202710,202710,11,0,12,12,2018,7,9,5,3,3,6,0,0,1,0,0,0,1,0,793002.3236,5832181.8268
200710,13.426589352403983,52.54382249827816,202711,202711,11,0,3,3,2018,7,9,3,3,5,3,0,1,1,0,0,0,0,0,800113.8716,5830737.3876
200711,13.50109976959052,52.56078416943107,202712,202712,11,0,11,11,2018,7,14,5,3,5,7,0,0,1,0,1,0,0,0,805045.0153,5832935.4598
200712,13.349020780732785,52.51474176479088,202713,202713,11,0,1,1,2018,7,11,5,3,2,6,0,0,1,0,0,0,0,0,795052.64,5827184.91
200713,13.291333183042221,52.4580481282442,202714,202714,11,0,6,6,2018,7,9,3,3,1,7,0,0,1,0,0,0,1,0,791515.9086,5820648.8432
200714,13.403511106342187,52.5231475281101,202715,202715,11,0,1,1,2018,7,11,5,3,6,4,0,0,1,1,0,0,0,0,798690.4759999999,5828343.5692
200715,13.354618297354175,52.543860987206486,202716,202716,11,0,1,1,2018,7,10,5,3,2,6,0,0,1,0,0,0,0,0,795236.5951,5830444.4094
200716,13.200431521276712,52.549869808238775,202717,202717,11,0,5,5,2018,7,8,3,3,2,6,0,0,0,0,1,0,1,0,784749.0028,5830491.9352
200717,13.533820797813384,52.52410075689743,202718,202718,11,0,10,10,2018,7,9,5,2,5,3,0,1,1,0,0,0,0,0,807517.9851,5828997.4202
200718,13.419656684148867,52.49648410668788,202719,202719,11,0,2,2,2018,7,8,3,3,2,2,0,0,1,0,0,0,1,0,799966.8133,5825447.0395
200719,13.501895791916597,52.569183731698004,202720,202720,11,0,11,11,2018,7,19,1,3,1,5,0,1,1,0,0,0,0,0,805040.5682,5833872.3886
200720,13.2967189703444,52.54812451260057,202721,202721,11,0,4,4,2018,7,8,3,3,5,2,0,0,1,0,0,0,0,0,791284.7777,5830682.7152
200721,13.467752939906454,52.49633033741048,202722,202722,11,0,2,2,2018,7,9,5,3,5,7,0,1,1,0,0,0,0,0,803230.5077,5825631.095
200722,13.35826049241911,52.49847858543906,202723,202723,11,0,7,7,2018,7,21,1,2,9,1,0,0,1,0,0,0,0,0,795788.4866,5825415.1259
200723,13.315274944552344,52.514741086365575,202724,202724,11,0,4,4,2018,7,9,5,3,5,2,0,1,1,0,0,0,0,0,792764.3411,5827047.2792
200724,13.426591767973775,52.47655749995657,202725,202725,11,0,8,8,2018,7,3,1,3,0,7,2,1,0,0,0,0,0,0,800573.2591,5823261.1441
200725,13.452352330473339,52.51248958818724,202726,202726,11,0,2,2,2018,7,8,3,3,5,2,0,1,1,0,0,0,0,0,802074.8459999999,5827362.472999999
200726,13.40535969187322,52.512374077064436,202727,202727,11,0,1,1,2018,7,8,5,3,1,7,0,1,1,0,0,0,0,0,798889.0064,5827153.7914
200727,13.571300864154587,52.45154582213145,202728,202728,11,0,9,9,2018,7,8,3,3,2,6,0,0,1,0,0,0,1,0,810570.1849,5821094.1951
200728,13.376961234626664,52.560758316346366,202729,202729,11,0,12,12,2018,7,14,1,3,5,3,0,0,1,0,0,0,1,0,796636.5172,5832414.2812
200729,13.516975722556221,52.46178007868493,202730,202730,11,0,9,9,2018,7,14,7,3,0,2,0,1,1,0,0,0,0,0,806810.1202,5821999.2117
200730,13.464565753211007,52.470309641965244,202731,202731,11,0,8,8,2018,7,5,3,3,2,6,0,0,1,0,0,1,0,0,803193.4126,5822725.6391
200731,13.436558268827245,52.59249386484623,202732,202732,11,0,3,3,2018,7,6,5,3,5,3,0,1,1,0,0,0,0,0,800456.0984,5836188.5898
200732,13.335602339906686,52.46780011590342,202733,202733,11,0,7,7,2018,7,5,3,3,1,5,0,0,1,0,1,0,0,0,794456.5311,5821912.5373
200733,13.402559018803478,52.52985281845298,202734,202734,11,0,1,1,2018,7,12,7,2,6,4,0,0,1,1,0,0,0,0,798580.3905,5829084.9001
200734,13.249645297417445,52.5155726360461,202735,202735,11,0,4,4,2018,7,22,7,3,5,3,2,1,1,0,0,0,0,0,788308.4722,5826875.2631
200735,13.331001519364396,52.50677200053151,202736,202736,11,0,4,4,2018,7,15,3,3,2,7,0,0,0,0,0,1,1,0,793883.9911,5826225.4868
200736,13.343334179082966,52.528960583091404,202737,202737,11,0,1,1,2018,7,14,5,2,5,3,0,1,1,0,0,0,0,0,794571.7758,5828742.0708
200737,13.309479951282054,52.510256255186825,202738,202738,11,0,4,4,2018,7,11,3,2,5,3,0,1,1,0,0,0,0,0,792401.1875,5826525.2729
200738,13.422012897765436,52.49917801794324,202739,202739,11,0,2,2,2018,7,20,7,3,5,7,1,1,1,0,0,0,0,0,800108.2802,5825756.2611
200739,13.325951646282912,52.50928175015717,202740,202740,11,0,4,4,2018,7,13,3,2,5,2,0,0,1,0,0,0,0,0,793524.7535,5826483.8774
200740,13.23813466265913,52.54245755849431,202741,202741,11,0,5,5,2018,7,7,5,2,4,6,0,0,1,0,0,0,1,0,787352.1698,5829817.6591
200741,13.45433480810082,52.45291376331047,202742,202742,11,0,8,8,2018,7,9,3,2,6,3,0,0,1,1,0,0,0,0,802618.4121,5820749.2275
200742,13.394556171380716,52.49197129345286,202743,202743,11,0,2,2,2018,7,19,7,3,1,5,0,1,1,0,0,0,0,0,798294.6641,5824841.3444
200743,13.572695713330516,52.54992317140394,202744,202744,11,0,10,10,2018,7,14,5,3,2,6,0,0,1,0,0,0,0,0,809971.1309,5832033.8958
200744,13.454080576790568,52.47972505349616,202745,202745,11,0,8,8,2018,7,18,7,3,5,2,0,0,1,0,1,0,0,0,802417.0755,5823728.0983
200745,13.455640611774239,52.473969539640684,202746,202746,11,0,8,8,2018,7,9,3,2,4,1,0,0,1,0,0,1,1,0,802562.4754,5823094.9442
200746,13.278097320306056,52.506734145609904,202747,202747,11,0,4,4,2018,7,9,5,3,0,3,0,0,1,0,0,0,1,0,790296.1240000001,5826006.991
200747,13.445557220339358,52.534597391552886,202748,202748,11,0,3,3,2018,7,12,3,3,5,3,0,1,1,0,0,0,0,0,801462.4578,5829791.211
200748,13.540247984956428,52.52594883478505,202749,202749,11,0,10,10,2018,7,18,7,3,5,2,0,1,1,0,0,0,0,0,807940.7434,5829230.2574
200749,13.354662904097914,52.42915218632135,202750,202750,11,0,6,6,2018,7,16,7,3,5,2,0,0,1,0,0,0,0,0,796009.7433,5817694.8379999995
200750,13.274836808625533,52.500908001977294,202751,202751,11,0,4,4,2018,7,8,3,2,3,6,0,0,1,0,1,0,0,0,790113.3898,5825346.2828
200751,13.18659060995902,52.42565510117565,202752,202752,11,0,6,6,2018,7,0,5,3,8,1,2,0,1,0,0,0,0,0,784612.8593,5816630.2314
200752,13.281272333032774,52.500793816054795,202753,202753,11,0,4,4,2018,7,14,3,3,0,1,0,1,0,0,0,0,0,0,790550.6819,5825359.4985
200753,13.45414837264508,52.47483972558953,202754,202754,11,0,8,8,2018,7,14,7,3,3,6,0,1,0,0,0,0,1,0,802455.2220000001,5823185.4031
200754,13.519148385207462,52.51130569330842,202755,202755,11,0,11,11,2018,7,3,5,3,0,7,2,1,0,0,0,0,0,0,806612.5233,5827512.8508
200755,13.400945665214453,52.49842582201122,202756,202756,11,0,2,2,2018,7,22,3,2,2,6,2,0,1,0,0,0,0,0,798684.3495,5825585.1929
200756,13.454799702430035,52.51018439484599,202757,202757,11,0,2,2,2018,7,10,5,2,0,1,0,1,0,0,0,0,0,0,802256.6422,5827116.5184
200757,13.395340049382462,52.53924465972065,202758,202758,11,0,1,1,2018,7,14,7,3,6,4,0,0,1,1,0,0,0,0,798027.3666,5830098.9048
200758,13.26019824453951,52.516802404077254,202759,202759,11,0,4,4,2018,7,12,5,3,0,7,0,1,0,0,0,0,0,0,789015.9923,5827054.2024
200759,13.469422481319866,52.520377058869045,202760,202760,11,0,2,2,2018,7,13,7,3,5,3,0,0,1,0,0,0,0,0,803178.0040000001,5828310.779
200760,13.548060183824795,52.43922076589766,202761,202761,11,0,9,9,2018,7,21,3,3,1,5,1,1,1,0,0,0,0,0,809078.4759,5819624.5948
200761,13.464827349808266,52.49768795098727,202762,202762,11,0,2,2,2018,7,19,3,3,0,6,0,0,1,0,1,0,0,0,803022.7025,5825769.6889
200762,13.336437018536087,52.45348226067834,202763,202763,11,0,6,6,2018,7,18,5,3,1,6,0,1,1,0,0,0,0,0,794608.8809,5820324.5237
200763,13.291031666212053,52.51910388089017,202764,202764,11,0,4,4,2018,7,18,3,3,3,6,0,0,1,0,0,0,0,0,791091.5157,5827434.0526
200764,13.210583909613623,52.56735759759603,202765,202765,11,0,5,5,2018,7,13,7,3,2,6,0,0,1,0,0,0,0,0,785323.2886,5832475.9471
200765,13.24787373074392,52.439105027778645,202766,202766,11,0,6,6,2018,7,19,5,3,1,5,0,1,0,0,0,0,1,0,788689.0449,5818368.5887
200766,13.303363597396938,52.64122830863582,202767,202767,11,0,12,12,2018,7,13,7,3,5,3,0,0,1,0,0,0,0,0,791116.4181,5841058.2386
200767,13.356439336945314,52.5098034793884,202768,202768,11,0,1,1,2018,7,17,3,3,3,2,0,0,1,0,1,0,0,0,795588.8678,5826666.4081
200768,13.442254539044454,52.50090769847641,202769,202769,11,0,2,2,2018,7,22,5,3,5,2,2,1,1,0,0,0,0,0,801469.455,5826032.9381
200769,13.215105392746654,52.560756605949756,202770,202770,11,0,5,5,2018,7,17,3,3,5,2,0,0,1,0,1,0,0,0,785672.4735,5831760.128
200770,13.178120931439274,52.51684592291579,202771,202771,11,0,5,5,2018,7,12,7,3,2,6,0,0,1,0,0,0,0,0,783450.1008,5826733.2265
200771,13.58067576959622,52.45203447487735,202772,202772,11,0,9,9,2018,7,10,7,3,5,3,0,0,1,0,0,0,0,0,811203.3078,5821188.8983
200772,13.300287561048224,52.57005216195121,202773,202773,11,0,12,12,2018,7,22,2,3,0,3,2,1,1,0,0,0,0,0,791381.0661,5833134.4361
200773,13.2952760460294,52.53943480967515,202774,202774,11,0,4,4,2018,7,21,5,3,2,6,1,0,1,0,0,0,0,0,791244.5937,5829711.01
200774,13.465986146880374,52.42896228481892,202775,202775,11,0,8,8,2018,7,20,2,3,5,3,0,0,0,0,1,0,1,0,803574.3906,5818136.0882
200775,13.389825609856873,52.574271816675385,202776,202776,11,0,3,3,2018,7,20,5,3,2,2,0,0,1,0,0,0,0,0,797416.3586,5833969.3186
200776,13.33227695908289,52.432973456797676,202777,202777,11,0,6,6,2018,7,9,7,3,4,6,0,1,1,0,0,0,0,0,794463.2954,5818028.0071
200777,13.501362811577074,52.560062597731104,202778,202778,11,0,11,11,2018,7,15,5,3,6,7,0,1,0,1,0,0,0,0,805067.8454,5832856.3754
200778,13.422359501039724,52.49921896316884,202779,202779,11,0,2,2,2018,7,20,2,3,3,6,0,1,1,0,0,0,0,0,800131.5117,5825762.2545
200779,13.294062730202679,52.60906815897761,202780,202780,11,0,12,12,2018,7,18,5,3,2,6,0,0,1,0,0,0,0,0,790700.84,5837445.9887
200780,13.370851500426896,52.4926677884249,202781,202781,11,0,7,7,2018,7,18,5,3,5,2,0,1,0,0,0,0,1,0,796681.7515,5824820.982000001
200781,13.34237276433666,52.43433260403325,202782,202782,11,0,6,6,2018,7,10,7,3,2,6,0,0,1,0,0,0,0,0,795140.073,5818220.3084
200782,13.307824949999793,52.48843224396627,202783,202783,11,0,4,4,2018,7,19,2,3,5,2,0,1,1,0,0,0,0,0,792433.9159,5824092.8075
200783,13.38081550216727,52.51640842570397,202784,202784,11,0,1,1,2018,7,18,5,3,2,2,0,0,1,0,0,0,0,0,797197.3527,5827500.7411
200784,13.43368429951856,52.52332128510498,202785,202785,11,0,2,2,2018,7,18,2,3,6,4,0,1,0,1,0,0,0,0,800734.8765,5828488.3245
200785,13.50694435525441,52.496866651392864,202786,202786,11,0,11,11,2018,7,9,7,3,5,2,0,1,1,0,0,0,0,0,805885.3188,5825856.2213
200786,13.406551633186039,52.56538152372518,202787,202787,11,0,3,3,2018,7,18,2,3,5,2,0,1,1,0,0,0,0,0,798609.4511,5833050.3664
200787,13.195645845415244,52.53996442877402,202788,202788,11,0,5,5,2018,7,18,5,3,5,2,0,0,0,0,1,0,1,0,784488.8502,5829372.0029
200788,13.372412139078415,52.53861812404252,202789,202789,11,0,1,1,2018,7,19,5,2,0,1,0,1,0,0,0,0,0,0,796477.7494,5829934.7103
200789,13.386370036198945,52.5555585707647,202790,202790,11,0,1,1,2018,7,17,2,3,2,6,0,0,1,0,1,0,0,0,797309.0455,5831875.1137
200790,13.274944588493321,52.46036085835682,202791,202791,11,0,6,6,2018,7,9,7,3,5,2,0,1,1,0,0,0,0,0,790387.9079,5820839.8259
200791,13.415440840214815,52.522761272370545,202792,202792,11,0,1,1,2018,7,23,7,3,6,4,2,1,0,1,0,0,0,0,799501.8846,5828350.1325
200792,13.44321229135936,52.571287341794786,202793,202793,11,0,3,3,2018,7,18,5,3,8,1,0,0,1,0,0,0,0,0,801051.9537,5833859.3452
200793,13.385873542731296,52.51642668563637,202794,202794,11,0,1,1,2018,7,17,2,3,2,6,0,0,1,0,0,0,0,0,797540.1955,5827523.6322
200794,13.59339387574197,52.40925478696107,202795,202795,11,0,9,9,2018,7,22,5,3,0,1,2,0,0,0,1,0,0,0,812369.6465,5816489.336
200795,13.45188328053762,52.50346853411135,202796,202796,11,0,2,2,2018,7,23,7,3,5,3,2,0,1,0,0,0,0,0,802104.9779,5826357.8605
200796,13.404021315287585,52.44878532936095,202797,202797,11,0,7,7,2018,7,17,5,2,5,3,0,0,1,0,0,0,1,0,799229.9833,5820080.5507
200797,13.464651422844698,52.49743192386506,202798,202798,11,0,2,2,2018,7,19,7,2,5,2,0,0,1,0,1,0,0,0,803012.5315,5825740.4936
200798,13.324762841887061,52.527814044090064,202799,202799,11,0,1,1,2018,7,17,2,3,5,3,0,0,1,0,1,0,0,0,793320.5124,5828538.9086
200799,13.296398103803018,52.52927487376947,202800,202800,11,0,4,4,2018,7,18,5,3,5,2,0,0,1,0,0,0,0,0,791387.9783,5828586.2522
200800,13.333366887712055,52.560399328189995,202801,202801,11,0,1,1,2018,7,12,7,2,6,4,0,0,0,1,1,0,0,0,793685.9133,5832195.8108
200801,13.328040505101301,52.47992150669959,202802,202802,11,0,4,4,2018,7,17,5,3,5,2,0,1,1,0,0,0,0,0,793862.3474,5823228.9924
200802,13.34536127872557,52.55445437756993,202803,202803,11,0,1,1,2018,7,3,7,3,9,1,2,0,1,0,0,0,0,0,794538.2689,5831583.982999999
200803,13.194604774357748,52.53362579844733,202804,202804,11,0,5,5,2018,7,17,2,3,6,2,0,0,1,1,0,0,0,0,784459.3086,5828663.3221
200804,13.328549916342707,52.46497850381789,202805,202805,11,0,7,7,2018,7,17,5,3,0,2,0,1,1,0,0,0,0,0,793996.6196,5821570.1565
200805,13.303965456959205,52.55164170953785,202806,202806,11,0,1,1,2018,7,14,2,3,3,6,0,1,0,0,0,0,1,0,791752.435,5831102.967999999
200806,13.598810945077307,52.538273892859934,202807,202807,11,0,10,10,2018,7,1,7,2,9,1,2,0,0,0,1,0,0,0,811823.093,5830851.8610000005
200807,13.636701213618267,52.45079769553604,202808,202808,11,0,9,9,2018,7,20,2,3,5,3,0,0,1,0,0,0,0,0,815016.2855,5821294.5762
200808,13.459448278311152,52.50786022167778,202809,202809,11,0,2,2,2018,7,17,5,3,6,4,0,0,1,1,0,0,0,0,802587.8659999999,5826877.6957
200809,13.395014279836257,52.49324589531177,202810,202810,11,0,2,2,2018,7,20,2,2,5,3,0,1,1,0,0,0,0,0,798317.1063,5824984.9079
200810,13.440683626361034,52.51726666985485,202811,202811,11,0,2,2,2018,7,8,6,2,5,2,0,1,0,0,0,0,1,0,801250.8631,5827844.6013
200811,13.496508390341866,52.53396462519844,202812,202812,11,0,11,11,2018,7,17,5,3,5,3,0,1,1,0,0,0,0,0,804920.1109,5829935.2056
200812,13.198519785977853,52.54877676566486,202813,202813,11,0,5,5,2018,7,8,6,3,1,3,0,0,1,0,0,0,1,0,784626.5468,5830362.8867
200813,13.563269887785307,52.54164722567955,202814,202814,11,0,10,10,2018,7,17,2,2,5,3,0,0,1,0,1,0,0,0,809390.8101,5831073.5931
200814,13.440007447378699,52.486919259123326,202815,202815,11,0,8,8,2018,7,17,5,3,5,2,0,1,1,0,0,0,0,0,801412.807,5824468.7925
200815,13.376709856365759,52.48936811937779,202816,202816,11,0,2,2,2018,7,6,6,3,5,2,0,1,1,0,0,0,0,0,797101.4674,5824478.3452
200816,13.328339470716045,52.53449356276867,202817,202817,11,0,1,1,2018,7,15,5,3,2,6,0,0,1,0,0,0,0,0,793518.3719,5829295.8972
200817,13.441707459646555,52.4694088299018,202818,202818,11,0,8,8,2018,7,16,6,3,2,7,0,1,1,0,0,0,0,0,801648.0562,5822529.6941
200818,13.497969549558814,52.549795071730976,202819,202819,11,0,11,11,2018,7,17,2,2,1,5,0,1,1,0,0,0,0,0,804909.2732,5831700.8421
200819,13.4173045345106,52.51571254513929,202820,202820,11,0,1,1,2018,7,15,5,3,5,2,0,1,0,0,0,1,0,0,799676.2617,5827574.433999999
200820,13.348197741574507,52.48196950293174,202821,202821,11,0,7,7,2018,7,17,2,3,5,2,0,1,1,0,0,0,0,0,795216.5623,5823538.931
200821,13.309387348450961,52.506469740925596,202822,202822,11,0,4,4,2018,7,22,6,3,6,4,2,1,1,1,0,0,0,0,792420.0716,5826104.0234
200822,13.37501684017733,52.477500169075306,202823,202823,11,0,7,7,2018,7,17,6,3,1,5,0,0,1,0,0,0,0,0,797066.6478,5823152.2729
200823,13.430195514246245,52.51033513051785,202824,202824,11,0,2,2,2018,7,8,2,3,3,6,0,1,0,0,0,1,0,0,800587.0945,5827030.4148
200824,13.4277695850754,52.48107490435956,202825,202825,11,0,8,8,2018,7,15,5,3,0,3,0,0,1,0,1,0,0,0,800622.3578,5823768.1438
200825,13.347389186851895,52.47059730614029,202826,202826,11,0,7,7,2018,7,8,2,3,5,2,0,0,1,0,0,0,0,0,795237.9053,5822271.6131
200826,13.448174277765016,52.4776308898141,202827,202827,11,0,8,8,2018,7,16,6,3,5,2,0,1,1,0,0,0,0,0,802030.6274,5823470.5958
200827,13.285039782892733,52.51871034733636,202828,202828,11,0,4,4,2018,7,9,2,3,0,6,0,0,1,0,1,0,0,0,790687.8415,5827366.1367
200828,13.297536190216244,52.53460531422991,202829,202829,11,0,4,4,2018,7,16,5,3,5,2,0,1,1,0,0,0,0,0,791429.7890000001,5829183.339
200829,13.35466198781634,52.49963511296196,202830,202830,11,0,7,7,2018,7,9,2,3,2,6,0,0,1,0,0,0,1,0,795536.6178,5825528.9197
200830,13.56954691973199,52.528765977504314,202831,202831,11,0,10,10,2018,7,17,6,3,5,3,0,1,1,0,0,0,0,0,809906.9779,5829668.9284
200831,13.386896430989108,52.45911729668913,202832,202832,11,0,7,7,2018,7,14,5,2,6,4,0,0,1,1,0,0,0,0,797997.1756,5821158.0506
200832,13.38551459840165,52.46482072270342,202833,202833,11,0,7,7,2018,7,16,6,3,5,3,0,1,0,0,0,0,1,0,797864.806,5821786.266
200833,13.452588181354551,52.4355413514368,202834,202834,11,0,8,8,2018,7,15,2,2,6,4,0,0,0,1,0,0,1,0,802619.0068,5818811.0514
200834,13.41492027818577,52.4945337713561,202835,202835,11,0,2,2,2018,7,14,5,3,0,4,0,1,0,1,0,0,0,0,799658.791,5825210.576
200835,13.312197747580278,52.448537576087205,202836,202836,11,0,6,6,2018,7,11,2,3,1,5,0,1,1,0,0,0,0,0,792995.7753,5819676.2388
200836,13.450015068614302,52.496564296876755,202837,202837,11,0,2,2,2018,7,2,6,3,6,4,2,0,1,1,0,0,0,1,802025.6466,5825582.6618
200837,13.338673657405211,52.46536685950456,202838,202838,11,0,6,6,2018,7,15,6,2,5,3,0,1,1,0,0,0,0,0,794681.2912,5821654.6218
200838,13.183109667877464,52.54789949459508,202839,202839,11,0,5,5,2018,7,11,2,3,5,7,0,0,1,0,0,0,0,0,783588.0101,5830204.6312
200839,13.447159896552918,52.547500854664115,202840,202840,11,0,3,3,2018,7,13,5,3,1,5,0,1,1,0,0,0,0,0,801482.5415,5831232.0796
200840,13.366283418985127,52.495199198469784,202841,202841,11,0,7,7,2018,7,12,2,3,5,3,0,0,1,0,0,0,0,0,796354.7958,5825083.5631
200841,13.579460908667224,52.444711020055905,202842,202842,11,0,9,9,2018,7,17,5,3,6,7,0,1,0,1,0,0,0,0,811172.5035,5820369.7322
200842,13.310168013178954,52.42303293847246,202843,202843,11,0,6,6,2018,7,12,2,3,1,5,0,1,1,0,0,0,0,0,793027.2926,5816833.1557
200843,13.587981879193075,52.45138022381015,202844,202844,11,0,9,9,2018,7,15,6,3,5,2,0,1,1,0,0,0,0,0,811704.0248,5821147.7231
200844,13.21106979936763,52.56834234447288,202845,202845,11,0,5,5,2018,7,15,6,2,5,3,0,0,1,0,1,0,0,0,785349.7988,5832587.3307
200845,13.286665393993818,52.51875891620596,202846,202846,11,0,4,4,2018,7,13,2,3,5,2,0,1,1,0,0,0,0,0,790797.7448,5827378.0903
200846,13.418102797234994,52.526111478938134,202847,202847,11,0,1,1,2018,7,23,5,3,0,1,2,0,0,0,1,0,0,0,799659.5209,5828733.5593
200847,13.42044802894725,52.6065068455949,202848,202848,11,0,3,3,2018,7,16,2,3,2,6,0,0,1,0,0,0,0,0,799269.9889,5837679.0098
200848,13.409147993427537,52.46401479068141,202849,202849,11,0,7,7,2018,7,13,6,2,2,6,0,0,1,0,0,0,0,0,799474.6495,5821794.5231
200849,13.32855919593959,52.53113720291,202850,202850,11,0,1,1,2018,7,15,2,3,5,2,0,0,1,0,1,0,0,0,793555.6771,5828923.7317
200850,13.484817841896772,52.46717481422361,202851,202851,11,0,9,9,2018,7,11,5,1,0,1,0,0,1,0,1,0,0,0,804589.6998,5822462.5333
200851,13.185391788449435,52.43115837673466,202852,202852,11,0,6,6,2018,7,15,2,3,5,7,0,1,1,0,0,0,0,0,784495.9179,5817237.2212
200852,13.607309718232449,52.452977006871784,202853,202853,11,0,9,9,2018,7,12,4,3,2,6,0,0,1,0,0,0,0,0,813005.0752,5821408.8623
200853,13.357224520199175,52.498695099620456,202854,202854,11,0,7,7,2018,7,14,6,2,6,7,0,0,0,1,0,0,1,0,795716.7572,5825434.9427
200854,13.738100108093626,52.42899196480506,202855,202855,11,0,9,9,2018,7,10,4,3,4,6,0,1,0,0,0,0,0,0,822060.5092,5819318.8118
200855,13.32486818911707,52.49999027086407,202856,202856,11,0,4,4,2018,7,13,6,3,5,2,0,0,1,0,0,0,1,0,793513.2429,5825446.7182
200856,13.430238660329337,52.51048150605341,202857,202857,11,0,2,2,2018,7,14,2,3,5,2,0,0,1,0,0,1,0,0,800589.0203,5827046.8637
200857,13.448727816049812,52.61798505843785,202858,202858,11,0,3,3,2018,7,22,4,3,5,2,2,1,1,0,0,0,0,0,801104.6927,5839072.6736
200858,13.324779487669275,52.608134366800755,202859,202859,11,0,12,12,2018,7,15,2,2,6,3,0,0,1,1,0,0,0,0,792785.5127,5837466.6353
200859,13.363161127484133,52.47620416741546,202860,202860,11,0,7,7,2018,7,13,6,2,6,2,0,0,1,1,0,0,0,0,796270.7573,5822959.4677
200860,13.510541275229032,52.45045145129706,202861,202861,11,0,9,9,2018,7,12,6,3,5,2,0,1,1,0,0,0,0,0,806452.0564,5820712.7751
200861,13.366884567081692,52.55131995752422,202862,202862,11,0,1,1,2018,7,15,2,2,1,1,0,0,1,0,0,0,1,0,796017.5499,5831323.7828
200862,13.270307647591775,52.45091298193445,202863,202863,11,0,6,6,2018,7,21,4,3,5,3,2,1,1,0,0,0,0,0,790135.2543,5819771.0268
200863,13.415050892329777,52.45149968035032,202864,202864,11,0,7,7,2018,7,16,2,2,2,1,0,0,1,0,0,0,0,0,799960.5347,5820428.033
200864,13.401168291098061,52.59038965298858,202865,202865,11,0,3,3,2018,7,21,4,3,5,2,0,1,1,0,0,0,0,0,798074.9335,5835807.6676
200865,13.181476089618121,52.53857403504237,202866,202866,11,0,5,5,2018,7,12,6,3,0,1,0,1,0,0,0,0,0,0,783537.4745,5829161.6254
200866,13.506244599987426,52.54870751004381,202867,202867,11,0,11,11,2018,7,19,4,3,5,2,0,0,1,0,1,0,0,0,805477.4845,5831615.0127
200867,13.380511262543465,52.51769004756789,202868,202868,11,0,1,1,2018,7,7,2,3,3,6,0,1,0,0,0,0,1,0,797168.0641,5827641.9369
200868,13.40046041506091,52.439852344282144,202869,202869,11,0,7,7,2018,7,18,4,3,2,6,0,0,1,0,0,0,1,0,799048.7333,5819072.9187
200869,13.474488782791266,52.43885913070395,202870,202870,11,0,8,8,2018,7,12,6,3,2,2,0,0,0,0,1,0,1,0,804083.8237,5819271.8562
200870,13.364190204235948,52.50995896203383,202871,202871,11,0,1,1,2018,7,12,6,3,5,2,0,0,1,0,1,0,0,0,796113.4613,5826715.4914
200871,13.324340594177652,52.46584183713239,202872,202872,11,0,7,7,2018,7,18,4,3,5,3,0,0,1,0,0,0,0,0,793705.1073,5821648.9724
200872,13.306872633390693,52.49998834591747,202873,202873,11,0,4,4,2018,7,6,2,3,5,2,0,0,0,0,1,0,1,0,792292.5608,5825373.4165
200873,13.422915205162687,52.60819758578985,202874,202874,11,0,3,3,2018,7,18,4,3,5,3,0,1,1,0,0,0,0,0,799425.3842,5837877.1869
200874,13.35084687783898,52.56580151524335,202875,202875,11,0,12,12,2018,7,11,6,3,1,5,0,1,1,0,0,0,0,0,794833.7179,5832867.6476
200875,13.578900253928722,52.45805849400408,202876,202876,11,0,9,9,2018,7,18,4,3,6,4,0,0,1,1,0,0,0,0,811040.235,5821850.75
200876,13.483024697690167,52.52322912572754,202877,202877,11,0,11,11,2018,7,11,6,3,2,6,0,0,0,0,1,0,0,1,804080.4812,5828685.0605
200877,13.537450619483597,52.43157096348567,202878,202878,11,0,9,9,2018,7,8,2,3,2,6,0,1,1,0,0,0,0,0,808411.3402,5818728.9988
200878,13.323082847676988,52.49155235434836,202879,202879,11,0,4,4,2018,7,17,4,3,5,2,0,1,1,0,0,0,0,0,793448.3832,5824501.5777
200879,13.418437541849206,52.55352372527092,202880,202880,11,0,3,3,2018,7,8,2,3,0,3,0,1,1,0,0,0,0,0,799495.3387,5831781.7347
200880,13.365295539870566,52.55803130457742,202881,202881,11,0,1,1,2018,7,16,6,3,5,3,0,0,0,0,1,0,1,0,795864.6792,5832063.2165
200881,13.298234828877346,52.495430400932385,202882,202882,11,0,4,4,2018,7,10,6,3,6,7,0,0,1,1,0,0,0,1,791736.8368,5824831.8225
200882,13.406934681111405,52.586394235590475,202883,202883,11,0,3,3,2018,7,17,4,3,5,3,0,1,1,0,0,0,0,0,798492.4517,5835387.4654