,X,Y,OBJECTID_1,OBJECTID,ULAND,UREGBEZ,UKREIS,UGEMEINDE,UJAHR,UMONAT,USTUNDE,UWOCHENTAG,UKATEGORIE,UART,UTYP1,ULICHTVERH,IstRad,IstPKW,IstFuss,IstKrad,IstGkfz,IstSonstig,STRZUSTAND,LINREFX,LINREFY
200883,13.418109454649588,52.51574251982231,202884,202884,11,0,1,1,2018,7,8,2,3,2,2,0,0,1,0,0,0,0,0,799730.6362,5827581.1115
200884,13.397656325698176,52.489871839723094,202885,202885,11,0,2,2,2018,7,20,4,3,1,5,0,0,1,0,0,0,1,0,798519.2254,5824620.8226
200885,13.432821215261571,52.57083510821121,202886,202886,11,0,3,3,2018,7,9,6,3,5,2,0,1,1,0,0,0,0,0,800351.3646,5833765.7103
200886,13.45606345955824,52.509932524615685,202887,202887,11,0,2,2,2018,7,20,4,2,6,4,0,1,0,1,0,0,0,0,802344.0737,5827093.8228
200887,13.197814544699426,52.520911328743324,202888,202888,11,0,5,5,2018,7,9,6,3,0,1,0,0,0,0,1,0,0,0,784759.2047,5827262.7133
200888,13.315989872364476,52.4665618266655,202889,202889,11,0,6,6,2018,7,8,2,3,1,5,0,0,1,0,1,0,0,0,793133.4224,5821695.0388
200889,13.383914071856545,52.55496298705044,202890,202890,11,0,1,1,2018,7,20,4,2,5,2,0,0,1,0,1,0,0,0,797146.694,5831798.7857
200890,13.559098114300795,52.44627728426536,202891,202891,11,0,9,9,2018,7,7,6,3,2,6,0,0,1,0,0,1,0,1,809778.6109999999,5820456.192000001
200891,13.422137558774045,52.553112253237046,202892,202892,11,0,3,3,2018,7,6,6,3,5,3,0,1,1,0,0,0,0,0,799748.815,5831751.385
200892,13.419367162522672,52.50138052512646,202893,202893,11,0,2,2,2018,7,0,2,3,0,1,2,0,0,0,1,0,0,0,799913.8048,5825990.0549
200893,13.380161193568807,52.51966113611371,202894,202894,11,0,1,1,2018,7,8,4,3,0,2,0,1,1,0,0,0,0,0,797131.0111,5827859.5769
200894,13.398916647668743,52.532574834908104,202895,202895,11,0,1,1,2018,7,16,2,3,5,3,0,0,1,0,0,0,1,0,798315.0203,5829372.3649
200895,13.44608181310908,52.53849348821011,202896,202896,11,0,3,3,2018,7,2,4,3,1,5,2,0,1,0,0,0,0,0,801471.287,5830226.4396
200896,13.370462386178431,52.545316601879904,202897,202897,11,0,1,1,2018,7,17,5,3,5,2,0,0,1,0,0,0,0,1,796300.4414,5830671.2194
200897,13.264882766506748,52.44164251584816,202898,202898,11,0,6,6,2018,7,19,1,3,1,5,0,0,1,0,0,0,0,0,789827.7706,5818718.8007
200898,13.322076414758543,52.43624124146533,202899,202899,11,0,6,6,2018,7,17,4,3,2,6,0,0,1,0,0,0,1,0,793748.5478,5818349.6568
200899,13.390417283422115,52.54560385531548,202900,202900,11,0,1,1,2018,7,14,1,3,5,7,0,0,1,0,1,0,0,0,797650.6699,5830785.3727
200900,13.380621903545439,52.44277475163742,202901,202901,11,0,7,7,2018,7,17,5,2,5,2,0,0,1,0,1,0,0,0,797681.4908,5819315.7208
200901,13.41819259462742,52.515615398971065,202902,202902,11,0,1,1,2018,7,19,1,2,5,2,0,0,1,0,0,0,0,0,799737.1399,5827567.3281
200902,13.366226195403224,52.49712491696838,202903,202903,11,0,7,7,2018,7,17,4,3,0,6,0,0,1,0,1,0,0,0,796337.9489,5825297.3687
200903,13.371295279855367,52.44718313214285,202904,202904,11,0,7,7,2018,7,17,5,3,6,4,0,0,1,1,0,0,0,1,797018.3319,5819767.2744
200904,13.351370406105074,52.54591799464633,202905,202905,11,0,1,1,2018,7,17,4,3,5,3,0,0,1,0,0,0,0,0,795002.693,5830659.7454
200905,13.545113739337287,52.43682701975396,202906,202906,11,0,9,9,2018,7,17,5,3,6,2,0,0,0,1,0,0,1,1,808895.1135,5819345.9361
200906,13.582244565848848,52.43770682042778,202907,202907,11,0,9,9,2018,7,19,1,3,3,6,0,1,1,0,0,0,0,1,811411.0059,5819603.2961
200907,13.341217399727258,52.43376247002119,202908,202908,11,0,6,6,2018,7,16,4,3,5,2,0,1,1,0,0,0,0,0,795065.3977,5818152.215
200908,13.18469990511928,52.547595347569334,202909,202909,11,0,5,5,2018,7,17,1,3,5,2,0,0,1,0,0,0,0,0,783697.7316,5830177.0814
200909,13.466413379341306,52.54959304763995,202910,202910,11,0,3,3,2018,7,19,5,3,5,3,0,1,1,0,0,0,0,1,802772.6669,5831545.3363
200910,13.37574439111584,52.52841534982906,202911,202911,11,0,1,1,2018,7,12,5,3,0,1,0,0,0,0,1,0,0,1,796772.4577,5828814.3996
200911,13.489190845191455,52.41099094678457,202912,202912,11,0,8,8,2018,7,19,1,3,6,4,0,0,1,1,0,0,0,0,805275.1758,5816236.5467
200912,13.47264297035954,52.55534675032213,202913,202913,11,0,3,3,2018,7,15,4,3,5,2,0,1,1,0,0,0,0,0,803155.0258,5832211.022000001
200913,13.53707919306308,52.477150728825464,202914,202914,11,0,11,11,2018,7,17,1,3,1,5,0,1,1,0,0,0,0,0,808067.3840000001,5823793.2145
200914,13.473977006285704,52.508069692778214,202915,202915,11,0,2,2,2018,7,19,5,2,0,7,0,0,1,0,0,0,0,1,803571.7209999999,5826962.0475
200915,13.43655961630019,52.42362263331642,202916,202916,11,0,8,8,2018,7,13,1,3,3,6,0,1,1,0,0,0,0,0,801611.6568,5817419.257
200916,13.300532688831394,52.51774163829258,202917,202917,11,0,4,4,2018,7,16,4,3,5,3,0,0,1,0,0,0,0,0,791744.7592,5827321.0385
200917,13.344189764203986,52.47880390718628,202918,202918,11,0,7,7,2018,7,7,1,3,2,6,0,0,1,0,0,0,0,0,794965.7799,5823170.682
200918,13.310412044119165,52.57180615460639,202919,202919,11,0,12,12,2018,7,21,5,2,0,1,2,0,0,0,1,0,0,1,792055.078,5833370.3869
200919,13.403346729916572,52.52506848295189,202920,202920,11,0,1,1,2018,7,21,5,3,5,2,2,1,1,0,0,0,0,1,798666.2841,5828556.3971
200920,13.378144429941873,52.46644492462654,202921,202921,11,0,7,7,2018,7,12,1,3,5,2,0,0,1,0,0,0,0,0,797353.5149,5821936.3905
200921,13.416280644631223,52.608051339540154,202922,202922,11,0,3,3,2018,7,15,4,3,0,7,0,1,0,0,0,0,0,0,798977.4654,5837833.3653
200922,13.662973940695608,52.41203668675782,202923,202923,11,0,9,9,2018,7,9,1,2,5,3,0,1,1,0,0,0,0,0,817078.73,5817101.8597
200923,13.441389302424055,52.48098482998814,202924,202924,11,0,8,8,2018,7,23,5,2,6,2,2,0,1,1,0,0,0,1,801547.2027,5823814.9832
200924,13.473381744849187,52.52454467549745,202925,202925,11,0,11,11,2018,7,15,4,3,5,3,0,1,1,0,0,0,0,0,803417.6749,5828790.6447
200925,13.458896315671332,52.525975328698436,202926,202926,11,0,11,11,2018,7,23,5,3,5,3,2,1,1,0,0,0,0,1,802425.8438,5828888.7839
200926,13.396110495774105,52.423340607617796,202927,202927,11,0,7,7,2018,7,9,1,3,5,2,0,0,1,0,0,0,0,0,798865.0993,5817219.6761
200927,13.385658018928313,52.47192741959318,202928,202928,11,0,7,7,2018,7,15,4,3,0,2,0,0,1,0,1,0,0,1,797826.5009999999,5822576.75
200928,13.491316556496036,52.46910735263962,202929,202929,11,0,9,9,2018,7,8,1,3,5,2,0,0,1,0,1,0,0,0,805017.4516,5822704.7804
200929,13.452908583466964,52.533786500541325,202930,202930,11,0,3,3,2018,7,15,5,2,5,2,0,1,1,0,0,0,0,1,801966.2779999999,5829731.856000001
200930,13.29184457506886,52.59146857083556,202931,202931,11,0,12,12,2018,7,15,5,3,2,2,0,1,1,0,0,0,0,1,790667.3776,5835480.8037
200931,13.344849290217589,52.53899258398698,202932,202932,11,0,1,1,2018,7,4,1,3,8,1,2,0,1,1,0,0,0,0,794607.2386,5829863.3162
200932,13.364478153810387,52.49749452595953,202933,202933,11,0,7,7,2018,7,22,4,3,0,1,2,1,0,0,0,0,0,0,796216.8806,5825331.2689
200933,13.418824898094686,52.49030138382964,202934,202934,11,0,2,2,2018,7,1,1,3,1,5,2,1,1,0,0,0,0,0,799952.5144,5824756.3924
200934,13.301026628388689,52.49879337913036,202935,202935,11,0,4,4,2018,7,14,5,3,0,1,0,0,1,0,1,0,0,1,791903.9314,5825216.9173
200935,13.467436297243527,52.514338139243534,202936,202936,11,0,2,2,2018,7,18,7,3,5,2,0,1,1,0,0,0,0,0,803084.9583,5827631.234
200936,13.387221340847592,52.55987865033983,202937,202937,11,0,1,1,2018,7,13,4,3,5,2,0,1,1,0,0,0,0,0,797337.4683,5832358.7953
200937,13.462169582530574,52.52974284027867,202938,202938,11,0,3,3,2018,7,23,7,3,6,4,2,0,1,1,0,0,0,0,802621.8025,5829321.2615
200938,13.495513810693586,52.41784080149368,202939,202939,11,0,8,8,2018,7,12,4,3,0,5,0,0,1,0,0,0,0,0,805657.4921,5817024.6142
200939,13.180088838392837,52.497469365691394,202940,202940,11,0,5,5,2018,7,14,5,3,2,6,0,0,1,0,0,0,0,1,783708.4422,5824587.1505
200940,13.526657853621678,52.42651341225858,202941,202941,11,0,9,9,2018,7,13,4,3,5,2,0,0,1,0,0,0,0,0,807713.4199,5818120.8292
200941,13.395035720825446,52.49648649392126,202942,202942,11,0,2,2,2018,7,13,5,3,0,6,0,0,0,0,1,0,1,1,798296.5997,5825345.1806
200942,13.387695685453606,52.52362987883754,202943,202943,11,0,1,1,2018,7,23,7,3,2,6,2,0,1,0,1,0,0,0,797614.9977,5828331.772999999
200943,13.282361668773856,52.53372946972296,202944,202944,11,0,4,4,2018,7,12,4,3,0,6,0,0,0,0,1,0,1,0,790407.0426,5829024.7478
200944,13.375213097812402,52.53684486311796,202945,202945,11,0,1,1,2018,7,21,7,3,0,1,1,1,0,0,0,0,0,0,796679.5459,5829749.1398
200945,13.551925264386465,52.433491011632725,202946,202946,11,0,9,9,2018,7,12,5,3,5,7,0,0,1,0,0,0,0,1,809381.1857,5819004.3464
200946,13.327699801063485,52.56403642832996,202947,202947,11,0,12,12,2018,7,12,5,3,5,2,0,0,1,0,0,0,0,1,793277.7366,5832576.9947
200947,13.33029526568464,52.51304457376972,202948,202948,11,0,4,4,2018,7,12,4,3,5,2,0,1,0,0,0,1,0,0,793794.2019,5826919.8052
200948,13.397003733780231,52.50534323554239,202949,202949,11,0,2,2,2018,7,12,5,3,5,2,0,0,1,0,0,0,0,1,798370.05,5826337.726
200949,13.441470249614305,52.540211215086316,202950,202950,11,0,3,3,2018,7,19,7,3,0,1,0,0,1,0,1,0,0,0,801146.9875,5830398.0789
200950,13.38885494336146,52.49932482274078,202951,202951,11,0,2,2,2018,7,11,4,3,5,2,0,1,1,0,0,0,0,0,797858.1070000001,5825635.107000001
200951,13.402528541660853,52.54018039166424,202952,202952,11,0,1,1,2018,7,20,7,3,5,3,0,1,1,0,0,0,0,0,798508.1782,5830232.6568
200952,13.302316018943536,52.506739368413285,202953,202953,11,0,4,4,2018,7,11,5,3,0,2,0,0,1,0,0,0,1,1,791938.6815,5826105.3416
200953,13.379545349932528,52.529312544233605,202954,202954,11,0,1,1,2018,7,11,5,3,2,6,0,0,1,0,0,0,0,1,797024.0546,5828929.7758
200954,13.306581475932386,52.55516023908229,202955,202955,11,0,12,12,2018,7,18,7,3,5,2,0,1,1,0,0,0,0,0,791906.2974,5831504.6505
200955,13.474276654620075,52.43790075644374,202956,202956,11,0,8,8,2018,7,10,4,3,1,5,0,0,1,0,1,0,0,0,804076.0223,5819164.445
200956,13.37121574571505,52.51112857893895,202957,202957,11,0,1,1,2018,7,18,7,3,5,2,0,0,1,0,0,0,0,0,796582.0240000001,5826874.367000001
200957,13.506960411741796,52.56404333657027,202958,202958,11,0,11,11,2018,7,10,4,3,5,2,0,1,1,0,0,0,0,0,805419.3122,5833322.5236
200958,13.303188949634345,52.49598335140118,202959,202959,11,0,4,4,2018,7,11,5,3,5,2,0,1,1,0,0,0,0,1,792069.2581,5824913.3343
200959,13.391608242876337,52.5235433114863,202960,202960,11,0,1,1,2018,7,10,4,3,1,5,0,1,1,0,0,0,0,0,797880.8354,5828338.3105
200960,13.582408595524786,52.461796389264244,202961,202961,11,0,9,9,2018,7,18,7,3,5,2,0,1,1,0,0,0,0,0,811252.0203,5822281.3098
200961,13.324776018375651,52.53223070825964,202962,202962,11,0,1,1,2018,7,10,4,3,5,2,0,1,1,0,0,0,0,0,793291.94,5829029.8761
200962,13.39069639357415,52.49600177186146,202963,202963,11,0,2,2,2018,7,10,4,3,5,2,0,1,1,0,0,0,0,0,798005.5156,5825273.3653
200963,13.391233322009375,52.502226103964006,202964,202964,11,0,2,2,2018,7,9,5,3,1,5,0,1,0,0,0,0,1,1,797999.792,5825967.4035
200964,13.602620278887365,52.451940716893255,202965,202965,11,0,9,9,2018,7,18,7,2,3,6,0,1,1,0,0,0,0,0,812694.0189,5821273.3564
200965,13.309214532353248,52.50352438701202,202966,202966,11,0,4,4,2018,7,9,4,3,0,7,0,1,1,0,0,0,0,0,792427.923,5825775.9443
200966,13.440628438361552,52.517076462711174,202967,202967,11,0,2,2,2018,7,17,7,3,5,3,0,1,0,0,1,0,0,0,801248.4240000001,5827823.23
200967,13.399064398973412,52.50816187302147,202968,202968,11,0,1,1,2018,7,8,5,3,5,2,0,1,1,0,0,0,0,1,798490.6881,5826659.5385
200968,13.442737759903785,52.52499101683439,202969,202969,11,0,2,2,2018,7,8,5,3,2,6,0,0,1,0,0,1,0,1,801337.2051,5828711.7146
200969,13.178990815044658,52.552399520259094,202970,202970,11,0,5,5,2018,7,17,7,3,5,3,0,1,1,0,0,0,0,0,783279.8923,5830688.6389
200970,13.310656700286788,52.568191855883036,202971,202971,11,0,12,12,2018,7,8,4,3,5,3,0,1,1,0,0,0,0,0,792095.6933,5832969.6448
200971,13.354024816378573,52.499932974136286,202972,202972,11,0,7,7,2018,7,8,5,3,5,3,0,0,1,0,0,0,0,1,795491.3969,5825559.4157
200972,13.387064058417756,52.5119567947997,202973,202973,11,0,1,1,2018,7,8,4,3,1,5,0,1,1,0,0,0,0,0,797651.1645,5827031.7272
200973,13.40023520741918,52.483719679922096,202974,202974,11,0,7,7,2018,7,8,4,3,5,2,0,1,1,0,0,0,0,0,798735.9318,5823947.7048
200974,13.493576379984352,52.5413020916451,202975,202975,11,0,11,11,2018,7,16,7,3,5,3,0,0,1,0,0,0,0,0,804670.5178,5830738.3199
200975,13.308947627610975,52.50649867045772,202976,202976,11,0,4,4,2018,7,7,4,3,2,6,0,0,1,0,0,0,0,0,792390.0561,5826105.4559
200976,13.37699315446366,52.5569125039849,202977,202977,11,0,1,1,2018,7,8,5,3,3,6,0,0,1,0,0,0,1,1,796664.6572,5831986.956
200977,13.426666859945016,52.51582329261331,202978,202978,11,0,2,2,2018,7,7,4,3,5,2,0,1,1,0,0,0,0,0,800310.3304,5827625.699
200978,13.399203121311151,52.539160445774144,202979,202979,11,0,1,1,2018,7,14,5,3,0,1,0,0,0,0,1,0,0,1,798289.7406,5830105.5249
200979,13.427955053943894,52.501138356341364,202980,202980,11,0,2,2,2018,7,15,7,3,5,3,0,0,1,0,0,0,0,0,800497.9617,5825998.8906
200980,13.454475251610667,52.60681918067127,202981,202981,11,0,3,3,2018,7,7,4,3,5,3,0,1,1,0,0,0,0,0,801570.3087,5837855.6834
200981,13.329035628230324,52.46126732955488,202982,202982,11,0,6,6,2018,7,14,5,2,0,7,0,0,1,0,0,0,0,0,794054.3542,5821159.64
200982,13.510617740724332,52.40454448810581,202983,202983,11,0,8,8,2018,7,13,4,3,0,2,0,0,1,0,0,0,1,0,806776.2681,5815610.8924
200983,13.620058441658038,52.44613697733299,202984,202984,11,0,9,9,2018,7,6,5,2,4,1,1,0,1,0,0,0,0,1,813919.4,5820704.0589
200984,13.410438770981205,52.53077057747803,202985,202985,11,0,3,3,2018,7,15,7,2,0,1,0,1,0,0,0,0,0,0,799108.2738,5829219.5738
200985,13.457956842275864,52.52882768024868,202986,202986,11,0,3,3,2018,7,12,4,3,2,6,0,0,1,0,0,0,0,0,802342.5412,5829201.868
200986,13.222461837643804,52.5307626661316,202987,202987,11,0,5,5,2018,7,14,7,3,1,1,0,1,1,0,0,0,1,0,786366.2098,5828455.3572
200987,13.3864494445751,52.490073716354246,202988,202988,11,0,2,2,2018,7,6,5,2,5,3,1,1,1,0,0,0,0,1,797757.507,5824596.935
200988,13.235201766562744,52.54169290854804,202989,202989,11,0,5,5,2018,7,14,7,3,1,5,0,0,1,0,0,0,0,0,787158.4057,5829720.9773
200989,13.509760634755562,52.50773021571661,202990,202990,11,0,11,11,2018,7,12,4,3,6,4,0,1,0,1,0,0,0,0,806000.8011,5827075.5794
200990,13.514310609754467,52.56660472470281,202991,202991,11,0,11,11,2018,7,0,5,2,2,6,2,0,1,0,1,0,0,1,805899.2894,5833638.3884
200991,13.327783233892136,52.42563624644689,202992,202992,11,0,6,6,2018,7,9,4,3,2,7,0,0,1,0,0,0,0,0,794206.9258,5817194.1579
200992,13.34561848705267,52.50006189412972,202993,202993,11,0,7,7,2018,7,23,4,3,2,6,2,0,1,0,0,0,0,1,794920.3113,5825539.3341
200993,13.561968526280973,52.56651729524724,202994,202994,11,0,10,10,2018,7,14,7,3,5,3,0,0,1,0,0,0,0,0,809127.527,5833832.096
200994,13.24479078545236,52.44040719318586,202995,202995,11,0,6,6,2018,7,7,4,2,5,3,0,0,1,0,0,0,0,0,788471.1082,5818501.0018
200995,13.408286621359483,52.52541294008929,202996,202996,11,0,1,1,2018,7,13,7,3,1,5,0,1,1,0,0,0,0,0,798998.8281,5828615.1598
200996,13.326392322930374,52.427629931047875,202997,202997,11,0,6,6,2018,7,23,4,3,5,3,2,1,1,0,0,0,0,1,794099.1293,5817410.0871
200997,13.450819813581788,52.5273549838771,202998,202998,11,0,2,2,2018,7,9,4,3,5,2,0,1,1,0,0,0,0,0,801868.8676,5829008.2735
200998,13.353727292559835,52.493752646672675,202999,202999,11,0,7,7,2018,7,13,7,3,4,6,0,1,1,0,0,0,0,0,795512.7051,5824871.2595
200999,13.572114073946985,52.56056521640548,203000,203000,11,0,10,10,2018,7,5,4,3,5,3,0,0,1,0,0,0,0,0,809856.6308,5833214.1591
201000,13.410111100599842,52.528560513653886,197001,197001,11,0,1,1,2018,1,2,4,3,5,3,2,0,1,0,0,0,0,1,799101.0991,5828972.5721
201001,13.247588740220056,52.53805701632205,197002,197002,11,0,5,5,2018,1,22,5,3,3,6,2,0,1,0,0,0,0,1,788021.7017,5829366.2549
201002,13.397947006151053,52.53493194814503,197003,197003,11,0,1,1,2018,1,2,7,2,5,3,2,1,1,0,0,0,0,0,798233.3043,5829630.3399
201003,13.295651365748371,52.44261442796606,197004,197004,11,0,6,6,2018,1,4,2,3,6,2,2,0,1,1,0,0,0,1,791911.2672,5818950.8284
201004,13.39583646469666,52.529027263618076,197005,197005,11,0,1,1,2018,1,17,4,3,2,6,2,0,1,0,1,0,0,1,798130.3005,5828965.3179
201005,13.35118337596462,52.509486183912685,197006,197006,11,0,1,1,2018,1,1,2,3,6,4,2,0,0,1,0,0,1,0,795234.5531,5826609.6081
201006,13.153792506284796,52.5533207914499,197007,197007,11,0,5,5,2018,1,7,3,3,8,1,1,0,1,0,0,0,0,0,781566.6628,5830692.3046
201007,13.380206588135064,52.43784989784868,197008,197008,11,0,7,7,2018,1,1,2,3,5,3,2,0,1,0,0,0,0,0,797686.5205,5818766.6225
201008,13.390703826234832,52.495887121448014,197009,197009,11,0,2,2,2018,1,13,2,3,5,3,0,1,1,0,0,0,0,2,798006.796,5825260.6529
201009,13.359316011081324,52.52554677473474,197010,197010,11,0,1,1,2018,1,0,2,3,6,4,2,0,1,1,0,0,0,0,795678.1011,5828428.0551
201010,13.176534803091547,52.539658260389245,197011,197011,11,0,5,5,2018,1,0,2,2,6,7,2,0,0,1,0,0,1,0,783195.585,5829262.7198
201011,13.519241520739465,52.464415136411894,197012,197012,11,0,9,9,2018,1,23,6,3,5,3,2,0,1,0,0,0,0,0,806945.5837,5822301.7161
201012,13.35141269789036,52.509510914126,197013,197013,11,0,1,1,2018,1,14,2,3,5,2,0,0,1,0,0,0,0,0,795249.9392,5826613.2958
201013,13.603330552528035,52.43440377011007,197014,197014,11,0,9,9,2018,1,12,4,3,2,6,0,0,1,0,0,0,0,1,812866.6534,5819327.4007
201014,13.526993030325556,52.43765367249517,197015,197015,11,0,9,9,2018,1,14,2,3,5,3,0,0,1,0,0,0,0,0,807658.4892,5819360.4059
201015,13.447361116481623,52.53061363996914,197016,197016,11,0,3,3,2018,1,20,2,3,5,3,2,0,1,0,0,0,0,0,801612.0532,5829355.9806
201018,13.391141272540533,52.536212625837294,197019,197019,11,0,1,1,2018,1,11,2,3,5,2,0,1,0,0,0,0,1,0,797763.3543,5829744.5476
201020,13.3281707904619,52.53520766627556,197021,197021,11,0,1,1,2018,1,10,2,3,2,6,0,0,1,0,0,0,0,2,793502.1707,5829374.5832
201022,13.441679708890788,52.48298365959162,197023,197023,11,0,8,8,2018,1,15,6,3,5,2,0,1,0,0,0,0,1,0,801553.2219,5824038.3582
201024,13.426331646410224,52.515950765459614,197025,197025,11,0,2,2,2018,1,8,4,3,5,3,1,1,1,0,0,0,0,0,800286.7306,5827638.4709
201026,13.401700795330484,52.51221684529808,197027,197027,11,0,1,1,2018,1,17,2,2,4,2,2,1,0,0,0,0,0,0,798641.957,5827121.1544
201029,13.431998194069605,52.51529059595192,197030,197030,11,0,2,2,2018,1,17,7,2,6,4,2,0,1,1,0,0,0,0,800675.4682,5827588.712
201031,13.362477390975284,52.5059106725701,197032,197032,11,0,1,1,2018,1,16,5,3,6,2,2,0,1,1,0,0,0,1,796024.54,5826258.4966
201032,13.376445658247444,52.4850343694049,197033,197033,11,0,2,2,2018,1,10,1,3,5,3,0,0,1,0,0,0,0,0,797112.7839,5823995.5691
201034,13.247010472213766,52.54385229043362,197035,197035,11,0,5,5,2018,1,9,6,3,2,6,0,0,1,0,0,0,1,0,787944.5373,5830008.1091
201036,13.381253357206413,52.552441657430975,197037,197037,11,0,1,1,2018,1,8,3,3,6,2,1,0,1,1,0,0,0,1,796983.4863,5831507.5759
201039,13.255852673098689,52.51978861422414,197040,197040,11,0,4,4,2018,1,10,2,2,5,2,0,1,1,0,0,0,0,0,788701.7246,5827368.7189
201042,13.418193238719507,52.490362995650365,197043,197043,11,0,2,2,2018,1,13,7,3,1,5,0,0,1,0,0,0,0,1,799909.2393,5824760.6135
201045,13.343262632762173,52.474115384574226,197046,197046,11,0,7,7,2018,1,9,3,3,2,7,0,0,1,0,0,0,1,0,794934.2506,5822645.7657
201047,13.337154715854235,52.59296411296831,197048,197048,11,0,12,12,2018,1,13,2,3,1,7,0,0,1,0,0,0,0,0,793724.4832,5835830.8402
201049,13.592920807641999,52.548459393836296,197050,197050,11,0,10,10,2018,1,17,3,3,5,2,2,0,1,0,0,0,0,0,811351.7459,5831958.4069
201052,13.353178195545793,52.60093118991431,197053,197053,11,0,12,12,2018,1,16,2,3,4,7,1,0,1,0,0,0,0,1,794755.5409,5836781.8428
201055,13.376623717811482,52.50943417015768,197056,197056,11,0,1,1,2018,1,1,7,3,5,3,2,0,1,0,0,0,0,0,796960.2002,5826708.2944
201057,13.434471833663526,52.49063013035728,197058,197058,11,0,8,8,2018,1,20,4,3,5,3,2,0,1,0,0,0,0,1,801011.8407,5824858.1211
201059,13.225544071469665,52.555178591594476,197060,197060,11,0,5,5,2018,1,21,2,3,2,6,2,0,1,0,0,0,0,0,786415.9755,5831181.5388
201061,13.418252583223788,52.49933585197512,197062,197062,11,0,2,2,2018,1,11,2,3,5,2,0,1,1,0,0,0,0,0,799852.1354,5825758.1616
201063,13.315346525907426,52.449560026836316,197064,197064,11,0,6,6,2018,1,16,6,2,0,2,2,0,1,0,1,0,0,0,793202.8184,5819802.6727
201066,13.350217110315787,52.549723584683754,197067,197067,11,0,1,1,2018,1,22,7,3,5,3,2,0,1,0,0,0,0,0,794898.9995,5831078.015
201068,13.314003516709885,52.4800046814764,197069,197069,11,0,4,4,2018,1,14,4,3,2,6,0,0,1,0,0,0,0,0,792909.1877,5823181.1481
201069,13.544144626028991,52.52583299231656,197070,197070,11,0,10,10,2018,1,18,5,3,0,2,2,0,1,0,0,0,1,1,808205.6994,5829234.0363
201071,13.210294809297302,52.56838207645392,197072,197072,11,0,5,5,2018,1,7,2,3,6,2,1,0,1,1,0,0,0,0,785297.0506,5832588.6784
201073,13.45560423359848,52.43610101100408,197074,197074,11,0,8,8,2018,1,17,1,3,1,5,2,1,1,0,0,0,0,0,802820.0435,5818885.9049
201075,13.503858809340088,52.4442755158654,197076,197076,11,0,9,9,2018,1,14,6,3,6,4,0,0,1,1,0,0,0,0,806041.1478,5819998.0049
201076,13.59147205595573,52.54250021603176,197077,197077,11,0,10,10,2018,1,6,4,2,6,4,2,0,0,1,0,0,1,2,811295.8139,5831289.8455
201077,13.391526807900894,52.45300459860906,197078,197078,11,0,7,7,2018,1,16,2,3,5,2,2,0,1,0,0,0,0,0,798352.9234,5820497.7749
201078,13.483581884931672,52.43127937351657,197079,197079,11,0,8,8,2018,1,16,1,3,5,3,1,0,1,0,0,0,0,0,804753.8236,5818467.7683
201079,13.172814295595082,52.51795118364939,197080,197080,11,0,5,5,2018,1,21,2,2,4,1,2,0,1,0,0,0,0,0,783083.1434,5826835.2363
201080,13.420518137065294,52.579251034702594,197081,197081,11,0,3,3,2018,1,14,1,3,5,3,0,0,1,0,0,0,0,0,799460.7612,5834649.8956
201081,13.532803797113914,52.4309480731614,197082,197082,11,0,9,9,2018,1,19,2,2,9,1,2,0,1,0,0,0,0,0,808100.0149,5818639.9232
201082,13.44580475470915,52.53475560985773,197083,197083,11,0,3,3,2018,1,18,1,2,5,2,2,0,1,0,0,0,0,1,801478.1496,5829809.8316
201083,13.35927607557706,52.52352741240168,197084,197084,11,0,1,1,2018,1,18,2,3,2,6,2,1,1,0,0,0,0,0,795688.9726,5828203.4412
201084,13.482613836126966,52.422036484483115,197085,197085,11,0,8,8,2018,1,21,1,3,1,5,2,0,1,0,0,0,0,0,804751.8896,5817436.3948
201085,13.487868618518007,52.54170083704717,197086,197086,11,0,11,11,2018,1,17,2,3,5,2,2,1,0,0,0,0,1,0,804280.9696,5830758.5243
201086,13.55323772098285,52.563022737799216,197087,197087,11,0,10,10,2018,1,15,1,2,8,1,0,0,1,0,0,0,0,1,808560.7981,5833406.2781
201087,13.272161538572831,52.453592708920404,197088,197088,11,0,6,6,2018,1,16,2,3,5,2,2,0,1,0,0,0,0,0,790243.5108,5820076.3379
201088,13.458687680149989,52.52898616362767,197089,197089,11,0,3,3,2018,1,18,1,2,0,1,2,1,0,0,0,0,0,1,802390.9909999999,5829222.5483
201089,13.354542473255973,52.551581161328144,197090,197090,11,0,1,1,2018,1,23,7,3,2,6,2,0,1,0,0,0,0,1,795179.5844,5831302.1913
201090,13.372229575361533,52.556686994168956,197091,197091,11,0,1,1,2018,1,16,2,2,6,4,2,0,0,1,1,0,0,0,796343.4761,5831942.2905
201091,13.430582539013365,52.49257257565712,197092,197092,11,0,8,8,2018,1,18,7,3,5,3,2,1,1,0,0,0,0,1,800734.7022,5825057.7906
201092,13.458820619133913,52.50654194470237,197093,197093,11,0,2,2,2018,1,18,7,3,5,2,2,1,1,0,0,0,0,1,802554.365,5826728.542
201093,13.327095157622145,52.4798872494305,197094,197094,11,0,4,4,2018,1,15,2,3,5,2,0,0,1,0,1,0,0,0,793798.421,5823221.3341
201094,13.317108119484642,52.588286377577155,197095,197095,11,0,12,12,2018,1,17,3,3,6,2,1,0,1,1,0,0,0,1,792398.7248,5835229.3454
201095,13.155920277426322,52.53308366627304,197096,197096,11,0,5,5,2018,1,17,7,2,3,6,2,0,1,0,0,0,0,0,781840.58,5828451.1241