,X,Y,OBJECTID_1,OBJECTID,ULAND,UREGBEZ,UKREIS,UGEMEINDE,UJAHR,UMONAT,USTUNDE,UWOCHENTAG,UKATEGORIE,UART,UTYP1,ULICHTVERH,IstRad,IstPKW,IstFuss,IstKrad,IstGkfz,IstSonstig,STRZUSTAND,LINREFX,LINREFY
201096,13.312043266995824,52.50034125721829,197097,197097,11,0,4,4,2018,1,14,2,3,5,3,0,1,0,0,0,0,1,0,792640.9553,5825433.6117
201097,13.603987887550652,52.53987178581847,197098,197098,11,0,10,10,2018,1,15,7,3,6,4,0,0,1,1,0,0,0,0,812162.5674,5831051.8621
201098,13.404055333589099,52.45986040991557,197099,197099,11,0,7,7,2018,1,14,2,3,2,2,0,0,1,0,0,0,1,0,799157.1254,5821311.6506
201099,13.38501826752908,52.531103848959845,197100,197100,11,0,1,1,2018,1,9,3,3,6,4,0,0,1,1,0,0,0,1,797382.9256,5829151.4403
201100,13.496303479235651,52.52294882642822,197101,197101,11,0,11,11,2018,1,14,7,3,5,7,0,0,1,0,0,0,0,0,804982.6347,5828710.0027
201101,13.314335306765145,52.424012343635255,197102,197102,11,0,6,6,2018,1,18,3,3,6,2,2,0,1,1,0,0,0,1,793303.96,5816958.9396
201102,13.418378917793758,52.50001291632327,197103,197103,11,0,2,2,2018,1,12,2,3,1,5,0,1,1,0,0,0,0,0,799856.0918,5825833.9403
201103,13.43928720692997,52.54750250494173,197104,197104,11,0,3,3,2018,1,13,7,3,6,6,0,1,0,1,0,0,0,0,800949.1031,5831199.3576
201104,13.326378382873786,52.4277677909293,197105,197105,11,0,6,6,2018,1,11,2,3,5,7,0,1,1,0,0,0,0,0,794097.2633,5817425.3534
201105,13.616692229709608,52.54083758543165,197106,197106,11,0,10,10,2018,1,2,7,3,6,2,2,0,0,1,0,0,1,1,813016.5886,5831214.3065
201106,13.506299089097595,52.51687427655571,197107,197107,11,0,11,11,2018,1,6,2,3,6,4,2,0,0,1,0,0,1,0,805702.4949,5828077.1937
201107,13.324048908509948,52.60792241840378,197108,197108,11,0,12,12,2018,1,8,7,3,2,6,0,0,1,0,0,0,0,1,792737.4928,5837440.107000001
201108,13.387667357979431,52.560434835578654,197109,197109,11,0,1,1,2018,1,10,7,3,5,3,0,0,1,0,0,0,0,1,797363.9148,5832422.4548
201109,13.29647380483202,52.49260443451024,197110,197110,11,0,4,4,2018,1,9,2,3,5,2,0,0,1,0,0,0,0,0,791636.0884,5824510.5912
201110,13.315082797608024,52.51453983412466,197111,197111,11,0,4,4,2018,1,17,3,3,6,2,2,0,1,1,0,0,0,1,792752.6509,5827024.1297
201111,13.184794641449145,52.538059420967635,197112,197112,11,0,5,5,2018,1,11,7,3,5,7,0,0,1,0,1,0,0,1,783765.7167,5829117.481000001
201112,13.454154044607787,52.562115070194,197113,197113,11,0,3,3,2018,1,9,2,3,5,2,0,1,1,0,0,0,0,0,801855.9848,5832885.6666
201113,13.454408698126212,52.48927400329813,197114,197114,11,0,9,9,2018,1,11,2,3,6,4,0,0,1,1,0,0,0,0,802373.7627,5824790.7919
201114,13.29721662084214,52.510626003639175,197115,197115,11,0,4,4,2018,1,11,7,2,5,2,0,1,1,0,0,0,0,0,791567.0681,5826516.7139
201115,13.344695001872575,52.437634236381534,197116,197116,11,0,6,6,2018,1,9,2,2,6,4,0,0,1,1,0,0,0,0,795275.7313,5818596.7791
201116,13.405186688925912,52.519765881655175,197117,197117,11,0,1,1,2018,1,12,7,3,2,6,0,0,1,0,0,0,0,1,798827.0509,5827974.6523
201117,13.346143963764634,52.497124640239285,197118,197118,11,0,7,7,2018,1,7,2,3,5,2,1,0,1,0,0,0,0,0,794975.6401,5825215.0095
201118,13.390985166903693,52.51570473057339,197119,197119,11,0,1,1,2018,1,12,7,3,0,1,0,1,0,0,0,0,0,0,797891.6839,5827464.4957
201119,13.417826199670813,52.53929975195526,197120,197120,11,0,3,3,2018,1,7,2,3,6,4,0,1,0,1,0,0,0,0,799550.8843,5830198.2437
201120,13.320076341829582,52.50162002345381,197121,197121,11,0,4,4,2018,1,13,7,3,2,6,0,0,1,0,0,0,0,1,793177.3409,5825608.3741
201121,13.425167032746641,52.48045454834046,197122,197122,11,0,8,8,2018,1,21,7,3,2,6,2,0,1,0,0,0,0,0,800449.9814,5823688.3501
201122,13.403297367491698,52.53209943611432,197123,197123,11,0,1,1,2018,1,7,2,3,6,4,0,1,0,1,0,0,0,0,798615.1782,5829337.6642
201123,13.402246318846345,52.439702889881,197124,197124,11,0,7,7,2018,1,18,6,3,0,4,2,0,1,1,0,0,0,1,799171.0529,5819063.7088
201124,13.402977933763188,52.55296540907794,197125,197125,11,0,3,3,2018,1,7,2,3,5,3,0,1,1,0,0,0,0,0,798451.7729,5831655.5405
201125,13.430909921035525,52.48578940104926,197126,197126,11,0,8,8,2018,1,17,6,3,1,5,2,0,1,0,0,0,0,1,800803.2539,5824305.2335
201126,13.238324526086028,52.54467939832354,197127,197127,11,0,5,5,2018,1,9,2,3,5,3,0,1,0,0,0,1,0,0,787350.5081,5830065.3819
201127,13.506033150044274,52.56232609562666,197128,197128,11,0,11,11,2018,1,14,6,3,6,4,0,0,1,1,0,0,0,1,805368.4524,5833127.732999999
201128,13.419741811200113,52.51014497264485,197129,197129,11,0,1,1,2018,1,9,2,3,1,5,0,1,1,0,0,0,0,0,799879.4774,5826965.7508
201129,13.344440389676654,52.437978149345284,197130,197130,11,0,6,6,2018,1,14,6,3,0,4,0,0,0,1,0,0,1,1,795256.1338,5818633.9629999995
201130,13.340465897906673,52.5512332759694,197131,197131,11,0,1,1,2018,1,13,6,3,6,4,0,0,1,1,0,0,0,0,794228.1895,5831205.9608
201131,13.280554388677926,52.506517210084574,197132,197132,11,0,4,4,2018,1,1,1,2,5,2,2,0,1,0,0,0,0,0,790464.2031,5825992.7721
201132,13.60738337289923,52.45299362235405,197133,197133,11,0,9,9,2018,1,13,6,3,0,1,0,1,0,0,0,0,0,1,813009.9583,5821411.0285
201133,13.586676141994976,52.51173793875104,197134,197134,11,0,10,10,2018,1,17,1,3,6,4,2,0,1,1,0,0,0,0,811188.5197,5827850.2201
201134,13.375747932274699,52.45524664690207,197135,197135,11,0,7,7,2018,1,11,6,3,2,6,0,0,1,0,0,1,1,0,797266.3533,5820681.8515
201135,13.541334597903907,52.43528811275144,197136,197136,11,0,9,9,2018,1,7,1,2,6,2,0,0,1,1,0,0,0,0,808649.1827,5819158.7313
201136,13.429060642903428,52.556319713682576,197137,197137,11,0,3,3,2018,1,12,1,3,5,2,0,0,1,0,0,0,0,0,800195.9199,5832136.7028
201137,13.326249077575186,52.591686374195916,197138,197138,11,0,12,12,2018,1,14,1,3,5,3,0,0,1,0,0,0,0,0,792994.8262,5835644.4022
201138,13.335660247106546,52.54170062014984,197139,197139,11,0,1,1,2018,1,15,1,3,2,6,0,0,1,0,0,0,0,0,793966.3617,5830126.7963
201139,13.363337294297853,52.557882875599525,197140,197140,11,0,1,1,2018,1,19,1,3,6,4,2,0,1,1,0,0,0,0,795733.0227,5832038.6804
201140,13.455983946079195,52.518011492359975,197141,197141,11,0,2,2,2018,1,11,6,3,1,5,0,1,1,0,0,0,0,0,802283.1558,5827991.4274
201141,13.386181822078914,52.484862872391226,197142,197142,11,0,2,2,2018,1,21,1,3,6,2,2,0,1,1,0,0,0,0,797774.5882,5824016.657000001
201142,13.385716196521065,52.48163840593594,197143,197143,11,0,7,7,2018,1,10,6,3,5,2,0,1,1,0,0,0,0,0,797764.7953,5823656.342999999
201143,13.34536864401257,52.52752747762306,197144,197144,11,0,1,1,2018,1,14,1,3,1,5,0,0,1,0,0,0,1,0,794719.2938,5828591.097
201144,13.418826972304648,52.50140761405621,197145,197145,11,0,2,2,2018,1,10,6,3,5,7,0,1,1,0,0,0,0,0,799876.9799,5825990.8192
201145,13.315727650539776,52.458732062821475,197146,197146,11,0,6,6,2018,1,9,6,3,5,3,0,0,1,0,0,0,0,0,793167.7007,5820823.6939
201146,13.343115098849802,52.474722322984924,197147,197147,11,0,7,7,2018,1,15,1,2,1,5,0,0,1,0,0,0,0,0,794920.1738,5822712.6233
201147,13.342412063833713,52.411752923899385,197148,197148,11,0,6,6,2018,1,8,6,3,0,7,0,1,0,0,0,0,0,0,795293.7802,5815710.7641
201148,13.41109508731428,52.525935358276776,197149,197149,11,0,1,1,2018,1,8,6,3,5,3,0,1,1,0,0,0,0,0,799185.6637,5828684.8772
201149,13.481593384100185,52.46077249132992,197150,197150,11,0,9,9,2018,1,11,7,3,2,2,0,0,1,0,0,0,0,0,804415.0501,5821737.346
201150,13.444262597097984,52.484728736026405,197151,197151,11,0,8,8,2018,1,8,3,3,5,3,0,0,1,0,0,0,0,2,801716.5302,5824243.117000001
201151,13.330425710945358,52.49508101558957,197152,197152,11,0,4,4,2018,1,8,6,2,5,2,1,1,0,0,0,1,0,1,793923.0059999999,5824923.6882
201152,13.310845340208244,52.500311925522645,197153,197153,11,0,4,4,2018,1,18,3,3,6,4,2,1,0,1,0,0,0,1,792559.8917,5825425.4912
201153,13.326444877967765,52.60453878000752,197154,197154,11,0,12,12,2018,1,16,7,3,8,1,2,0,1,0,0,0,0,0,792922.2241,5837073.7547
201154,13.388575728106533,52.547755713929746,197155,197155,11,0,1,1,2018,1,6,6,3,2,6,2,0,1,0,0,0,0,1,797511.3129,5831016.9436
201155,13.270290296632073,52.44235093713498,197156,197156,11,0,6,6,2018,1,23,7,3,5,3,2,0,1,0,0,0,0,0,790190.4128,5818819.2708
201156,13.444276594646723,52.51413860502442,197157,197157,11,0,2,2,2018,1,3,6,3,1,5,2,0,1,0,1,0,0,1,801515.9214,5827511.9499
201157,13.434737323559235,52.48445368462989,197158,197158,11,0,8,8,2018,1,20,7,3,2,6,2,0,1,0,0,0,0,0,801072.0848,5824172.7434
201158,13.344962397993324,52.4372288092865,197159,197159,11,0,6,6,2018,1,14,6,2,2,6,0,0,1,0,0,0,0,1,795296.6093,5818552.8103
201159,13.279834142839313,52.432454861827964,197160,197160,11,0,6,6,2018,1,13,6,2,5,2,0,0,1,0,0,0,0,1,790903.9128,5817757.7241
201160,13.543309460512724,52.5342210449892,197161,197161,11,0,10,10,2018,1,19,7,3,5,3,2,0,1,0,0,0,0,0,808090.29,5830162.7287
201161,13.38426403662661,52.471573602800845,197162,197162,11,0,7,7,2018,1,11,6,2,6,2,0,0,1,1,0,0,0,0,797734.2758,5822531.6702
201162,13.269520606621885,52.53673285672244,197163,197163,11,0,5,5,2018,1,17,7,3,2,6,2,0,1,0,0,0,0,0,789516.8692,5829306.9288
201163,13.379553815655772,52.52302560582533,197164,197164,11,0,1,1,2018,1,18,6,3,0,5,2,1,1,0,0,0,0,1,797067.1019,5828231.0286
201164,13.409965479200725,52.5106073268766,197165,197165,11,0,1,1,2018,1,19,6,3,6,2,2,0,1,1,0,0,0,1,799213.3498,5826976.5252
201165,13.327057131936176,52.439880837936535,197166,197166,11,0,6,6,2018,1,17,7,3,5,3,2,1,1,0,0,0,0,0,794062.6308,5818774.477999999
201166,13.402680646201386,52.551235337958154,197167,197167,11,0,3,3,2018,1,17,3,3,5,2,2,1,1,0,0,0,0,1,798443.3859,5831462.0162
201167,13.43815421576101,52.50305940570429,197168,197168,11,0,2,2,2018,1,19,6,3,6,4,2,0,1,1,0,0,0,1,801176.6084,5826254.9573
201168,13.334842479262369,52.609650625824344,197169,197169,11,0,12,12,2018,1,16,7,3,6,4,0,0,1,1,0,0,0,0,793456.2804,5837676.129
201169,13.231247665651374,52.436845192806864,197170,197170,11,0,6,6,2018,1,9,6,3,6,7,0,0,1,1,0,0,0,1,787574.3852,5818051.0342
201170,13.393677273181458,52.54113446751274,197171,197171,11,0,1,1,2018,1,15,7,3,5,2,0,0,1,0,0,0,0,0,797901.8684,5830302.0787
201171,13.280217208730953,52.50618521086278,197172,197172,11,0,4,4,2018,1,21,6,3,2,6,2,0,1,0,0,0,1,0,790443.5256,5825954.5117
201172,13.41044661507026,52.50346787355693,197173,197173,11,0,2,2,2018,1,15,7,3,5,2,0,1,1,0,0,0,0,0,799294.5392,5826184.994
201173,13.308602542489517,52.490081344033726,197174,197174,11,0,4,4,2018,1,18,6,3,6,2,2,0,1,1,0,0,0,1,792475.7218,5824279.2589
201174,13.443505263414538,52.46435723563033,197175,197175,11,0,8,8,2018,1,13,7,3,6,4,0,0,1,1,0,0,0,0,801804.686,5821975.752
201175,13.28289035875957,52.45885706290238,197176,197176,11,0,6,6,2018,1,17,6,2,1,5,1,0,1,0,0,0,0,1,790937.3134,5820704.6831
201176,13.364150421445258,52.59710109829674,197177,197177,11,0,12,12,2018,1,13,7,3,5,3,0,0,1,0,0,0,0,0,795523.9067,5836401.0933
201177,13.347946389364752,52.4241875092215,197178,197178,11,0,6,6,2018,1,18,3,2,6,4,2,0,1,1,0,0,0,1,795586.6648,5817115.4995
201178,13.387331212891686,52.50398595950858,197179,197179,11,0,2,2,2018,1,17,5,3,1,5,2,1,1,0,0,0,0,1,797723.2132,5826146.8894
201179,13.344376358661544,52.47857422805148,197180,197180,11,0,7,7,2018,1,13,7,3,5,2,0,0,1,0,0,0,0,0,794979.9814,5823145.9163
201180,13.28170748773618,52.47647224878593,197181,197181,11,0,4,4,2018,1,13,7,3,5,3,0,1,1,0,0,0,0,0,790740.7509999999,5822657.8688
201181,13.317515565653107,52.43065211372807,197182,197182,11,0,6,6,2018,1,11,5,3,5,2,0,1,0,0,0,0,1,1,793475.8989,5817709.8745
201182,13.505591538250599,52.53561866250513,197183,197183,11,0,11,11,2018,1,10,7,3,2,6,0,0,1,0,0,0,0,0,805524.234,5830157.5058
201183,13.529168138190967,52.52566358806735,197184,197184,11,0,10,10,2018,1,10,5,3,6,2,0,0,0,1,0,0,1,1,807191.6585,5829151.2785
201184,13.416282623619795,52.487977647187435,197185,197185,11,0,2,2,2018,1,9,7,3,0,1,0,1,0,0,0,0,0,0,799795.8548,5824487.5471
201185,13.175572736168348,52.517204603202686,197186,197186,11,0,5,5,2018,1,7,5,3,5,3,2,0,1,0,0,0,0,1,783274.9972,5826763.0823
201186,13.325106290278043,52.5174755314408,197187,197187,11,0,4,4,2018,1,8,7,3,3,2,0,0,1,0,0,0,0,0,793412.7662,5827391.1773
201187,13.43597685851414,52.52328734148213,197188,197188,11,0,2,2,2018,1,21,5,3,2,7,2,0,1,0,0,0,0,1,800890.5311,5828494.118
201188,13.396046162026709,52.51868120172511,197189,197189,11,0,1,1,2018,1,5,7,3,0,1,2,0,0,0,1,0,0,0,798214.6729,5827816.2455
201189,13.271092017870295,52.51979260668912,197190,197190,11,0,4,4,2018,1,21,5,2,0,7,2,0,1,0,0,0,0,0,789734.9829,5827430.2917
201190,13.28838578723882,52.51313795287092,197191,197191,11,0,4,4,2018,1,1,7,3,0,7,2,0,1,0,0,0,1,0,790951.5724,5826760.251
201191,13.348276305534325,52.48183363278324,197192,197192,11,0,7,7,2018,1,21,5,3,5,2,2,0,1,0,0,0,0,1,795222.8045,5823524.1507
201192,13.390349516313707,52.50774353104704,197193,197193,11,0,1,1,2018,1,18,5,2,5,2,2,0,1,0,0,0,1,1,797902.4891,5826577.0006
201193,13.427905616958865,52.48685465682585,197194,197194,11,0,8,8,2018,1,1,7,3,3,6,2,0,1,0,0,0,0,0,800592.1322,5824411.1072
201194,13.1572151054836,52.53484963732464,197195,197195,11,0,5,5,2018,1,10,5,3,6,4,0,0,1,1,0,0,0,0,781917.026,5828652.4864
201195,13.380248423576159,52.49879595928515,197196,197196,11,0,2,2,2018,1,22,7,2,5,3,2,0,1,0,0,0,0,0,797277.877,5825540.8123
201196,13.422810603534368,52.46291330146797,197197,197197,11,0,8,8,2018,1,17,5,3,2,6,2,0,1,0,0,0,0,1,800409.6633,5821728.896000001
201197,13.332954631963561,52.506466333944175,197198,197198,11,0,4,4,2018,1,20,6,3,6,4,2,0,1,1,0,0,0,0,794018.4981,5826199.4736
201198,13.315760625897227,52.475070517463614,197199,197199,11,0,4,4,2018,1,17,5,3,6,2,2,0,1,1,0,0,0,1,793061.2584,5822639.8504
201199,13.372007627705965,52.55558597693857,197200,197200,11,0,1,1,2018,1,13,6,3,5,2,0,0,1,0,0,0,0,0,796335.8689,5831819.0011
201200,13.370446129366725,52.5446320124545,197201,197201,11,0,1,1,2018,1,17,5,3,5,2,2,0,1,0,0,0,1,1,796303.9563,5830595.0613
201201,13.36015856164756,52.537240955271024,197202,197202,11,0,1,1,2018,1,12,6,3,5,2,0,1,1,0,0,0,0,1,795656.5612,5829731.3078
201202,13.343389927631204,52.53207126334258,197203,197203,11,0,1,1,2018,1,16,5,3,5,2,2,0,0,0,1,0,1,1,794554.7124,5829088.0497
201203,13.346131794287489,52.49712066102773,197204,197204,11,0,7,7,2018,1,16,5,3,5,2,1,0,1,0,0,1,0,1,794974.8412,5825214.5174
201204,13.415159853482145,52.52742560614698,197205,197205,11,0,1,1,2018,1,11,6,3,3,6,0,1,1,0,0,0,0,1,799451.0672,5828867.3911
201205,13.14205966785108,52.534113090275355,197206,197206,11,0,5,5,2018,1,15,5,3,5,3,0,0,1,0,0,0,1,1,780894.4503,5828511.4565
201206,13.371189602943652,52.51112460864898,197207,197207,11,0,1,1,2018,1,15,5,3,5,2,0,0,1,0,0,0,0,1,796580.2779,5826873.8182
201207,13.202045285395807,52.53476388768386,197208,197208,11,0,5,5,2018,1,17,6,3,2,6,2,0,1,0,0,0,0,0,784956.2778,5828819.2114
201208,13.157821656946574,52.54309172615182,197209,197209,11,0,5,5,2018,1,16,3,2,5,2,0,0,1,0,0,0,0,1,781905.2740000001,5829571.0222
201209,13.464636306893446,52.476393900883615,197210,197210,11,0,8,8,2018,1,14,5,3,5,3,0,0,1,0,0,0,0,1,803156.3266,5823402.1675
201210,13.37662993325493,52.46004344797449,197211,197211,11,0,7,7,2018,1,23,2,2,5,3,2,0,1,0,0,0,1,0,797293.8872,5821218.6393
201211,13.34606972519291,52.59152233034914,197212,197212,11,0,12,12,2018,1,13,5,3,5,2,0,0,1,0,0,0,0,1,794337.6033,5835706.9781
201212,13.438582459724946,52.46534221610619,197213,197213,11,0,8,8,2018,1,9,6,3,5,3,0,0,1,0,0,0,0,1,801463.7616,5822064.6463
201213,13.521748217437539,52.5540122458393,197214,197214,11,0,11,11,2018,1,11,3,3,5,3,0,0,1,0,0,1,0,1,806490.8853,5832270.4302
201214,13.391793303011386,52.52525534889576,197215,197215,11,0,1,1,2018,1,12,5,3,4,6,0,0,0,0,0,0,1,1,797881.7832,5828529.3643
201215,13.459365548863392,52.529360854912966,197216,197216,11,0,3,3,2018,1,7,6,3,5,2,1,1,1,0,0,0,0,1,802434.3626,5829267.0373
201216,13.314942326250401,52.567286029410006,197217,197217,11,0,12,12,2018,1,12,5,3,6,7,0,0,0,1,0,0,1,1,792391.9816,5832886.3434
201217,13.32500999626948,52.51751119272996,197218,197218,11,0,4,4,2018,1,7,6,3,5,2,1,1,0,0,0,0,1,1,793405.9990000001,5827394.7492
201218,13.600280628407981,52.476412837854454,197219,197219,11,0,10,10,2018,1,12,5,3,5,3,0,0,1,0,0,0,1,1,812361.6171,5823983.0265
201219,13.247168721230846,52.54421046941437,197220,197220,11,0,5,5,2018,1,10,5,3,5,2,0,0,0,0,0,1,1,2,787952.9143,5830048.5541
201220,13.580131147988913,52.45214347271053,197221,197221,11,0,9,9,2018,1,6,6,3,2,6,2,0,1,0,0,0,0,1,811165.5581,5821198.6634
201221,13.328421479714965,52.533012191897726,197222,197222,11,0,1,1,2018,1,10,5,2,5,3,0,0,1,0,0,0,0,1,793533.8222,5829131.5764
201222,13.165307800604456,52.55102083816886,197223,197223,11,0,5,5,2018,1,17,5,2,6,2,1,0,1,1,0,0,0,1,782361.6546,5830481.6979
201223,13.361546265623744,52.53799656902895,197224,197224,11,0,1,1,2018,1,5,6,3,5,2,2,1,1,0,0,0,0,0,795745.5276,5829820.9865
201224,13.312407410774336,52.56924598151689,197225,197225,11,0,12,12,2018,1,18,3,3,3,6,2,1,1,0,0,0,0,1,792207.2490000001,5833093.9108
201225,13.144215950621414,52.45431158551004,197226,197226,11,0,5,5,2018,1,17,5,3,6,2,2,0,1,1,0,0,0,1,781550.4835,5819649.3776
201226,13.385677922900063,52.4670996868631,197227,197227,11,0,7,7,2018,1,16,6,3,2,6,1,0,1,0,0,0,0,0,797860.4881,5822040.2415
201227,13.232898934433596,52.52765705010865,197228,197228,11,0,5,5,2018,1,9,5,3,2,6,0,0,1,0,0,0,0,1,787093.9932,5828151.6654
201228,13.20375325943204,52.545269340708025,197229,197229,11,0,5,5,2018,1,16,6,3,2,6,1,0,1,0,0,0,0,0,785003.9174,5829993.6981
201229,13.446402635633035,52.4986997797844,197230,197230,11,0,2,2,2018,1,9,5,3,4,1,0,0,1,0,0,0,0,0,801765.9541,5825804.8878
201230,13.307011220082838,52.47955491943514,197231,197231,11,0,4,4,2018,1,15,6,3,5,3,0,0,1,0,1,0,0,0,792437.6477,5823102.7881
201231,13.2432180482906,52.601572363062594,197232,197232,11,0,12,12,2018,1,9,5,3,2,2,0,0,1,0,0,0,0,1,787309.5202,5836408.7736
201232,13.601069508229262,52.48043988707766,197233,197233,11,0,10,10,2018,1,14,6,3,5,7,0,1,1,0,0,0,0,1,812386.5854,5824434.0057
201233,13.543532933507626,52.4337992337907,197234,197234,11,0,9,9,2018,1,7,5,3,5,3,1,1,1,0,0,0,0,0,808808.9339,5819002.6596
201234,13.429695749114337,52.52115755092697,197235,197235,11,0,2,2,2018,1,7,5,3,5,2,1,1,1,0,0,0,0,1,800479.2602,5828231.2022
201235,13.361360466175215,52.412457253624446,197236,197236,11,0,7,7,2018,1,15,6,3,5,2,1,0,1,0,0,0,0,0,796576.9452,5815866.7142
201236,13.500578708996489,52.43506376424853,197237,197237,11,0,9,9,2018,1,6,5,3,6,4,2,0,1,1,0,0,0,0,805882.2629,5818960.279
201237,13.333196421607115,52.595499304191684,197238,197238,11,0,12,12,2018,1,19,6,3,2,2,0,0,1,0,0,0,0,0,793439.5896,5836096.4939
201238,13.30801542068783,52.4299167263267,197239,197239,11,0,6,6,2018,1,17,6,2,1,5,2,0,1,0,1,0,0,0,792835.3365,5817589.5547
201239,13.329827264082867,52.51001354482298,197240,197240,11,0,4,4,2018,1,5,5,3,5,3,2,1,1,0,0,0,0,1,793782.7055,5826580.9995
201240,13.301724958029315,52.61707770826648,197241,197241,11,0,12,12,2018,1,19,6,2,6,4,2,0,0,1,1,0,0,0,791166.0942,5838367.2234
201241,13.260086221928663,52.4342859896485,197242,197242,11,0,6,6,2018,1,17,5,2,6,4,2,0,1,1,0,0,0,1,789550.2508,5817881.8579
201242,13.258200340143672,52.43537591639118,197243,197243,11,0,6,6,2018,1,16,6,2,5,2,1,1,1,0,0,0,0,0,789414.9816,5817995.4424
201243,13.450513954295554,52.489248516147136,197244,197244,11,0,9,9,2018,1,17,5,3,5,2,2,1,1,0,0,0,0,1,802109.693,5824771.6374
201244,13.471453132002795,52.50517814413929,197245,197245,11,0,11,11,2018,1,22,6,3,0,1,2,1,0,0,0,0,0,0,803420.5001,5826630.0447
201245,13.281205869379823,52.51282479429484,197246,197246,11,0,4,4,2018,1,18,5,3,6,2,2,0,1,1,0,0,0,1,790466.7445,5826696.4961
201246,13.428077132296085,52.49935369736668,197247,197247,11,0,2,2,2018,1,13,6,3,6,7,0,1,1,1,1,0,0,0,800518.4286,5825801.0414
201247,13.39228150772392,52.413711127605325,197248,197248,11,0,7,7,2018,1,18,5,2,6,4,2,0,1,1,0,0,0,1,798670.0706,5816133.5439
201248,13.297351538814642,52.44236775868167,197249,197249,11,0,6,6,2018,1,8,5,3,2,6,0,0,1,0,0,0,0,0,792028.38,5818930.2887
201249,13.448003043600492,52.47788402516906,197250,197250,11,0,8,8,2018,1,18,5,3,6,2,2,0,1,1,0,0,0,1,802017.2709,5823498.0136
201250,13.33557605520148,52.52668920400972,197251,197251,11,0,1,1,2018,1,7,5,2,6,2,2,0,1,1,0,0,0,1,794061.0606,5828457.9341
201251,13.605155391094494,52.53657259925684,197252,197252,11,0,10,10,2018,1,18,5,2,6,4,2,0,1,1,0,0,0,1,812265.1263,5830690.2506
201252,13.247241908773699,52.446205887691434,197253,197253,11,0,6,6,2018,1,14,5,3,1,5,0,0,1,0,0,0,0,1,788599.6588,5819155.3407
201253,13.498028676670833,52.62830371465528,197254,197254,11,0,3,3,2018,1,18,5,2,6,2,2,0,1,1,0,0,0,1,804368.0453,5840426.8586
201254,13.264796366542713,52.4193111139341,197255,197255,11,0,6,6,2018,1,17,5,3,5,3,2,1,1,0,0,0,0,1,789968.6172,5816236.2779
201255,13.320010850153787,52.460407794366496,197256,197256,11,0,6,6,2018,1,19,5,3,6,4,2,0,1,1,0,0,0,1,793447.3598,5821027.3622
201256,13.346191717306805,52.497649831204846,197257,197257,11,0,7,7,2018,1,17,5,3,5,2,1,1,0,0,0,0,1,2,794975.3599,5825273.5794
201257,13.519694787275649,52.50570246738504,197258,197258,11,0,11,11,2018,1,19,5,2,6,2,2,0,1,1,0,0,0,1,806688.6347,5826892.4177
201258,13.475309420752774,52.51188446925416,197259,197259,11,0,2,2,2018,1,17,5,3,6,2,1,0,1,1,0,0,0,1,803635.7501,5827391.649
201259,13.296420276919177,52.54848457954194,197260,197260,11,0,4,4,2018,1,19,5,3,3,6,2,0,1,0,0,0,0,1,791262.1515,5830721.5301
201260,13.454350999335508,52.49385235926421,197261,197261,11,0,9,9,2018,1,19,5,3,6,2,2,0,1,1,0,0,0,1,802338.4026,5825299.4115
201261,13.429465160564055,52.470864854746864,197262,197262,11,0,8,8,2018,1,21,5,3,6,2,2,0,1,1,0,0,0,1,800807.1372,5822640.4068
201262,13.584018890350261,52.44184876774925,197263,197263,11,0,9,9,2018,1,19,5,2,6,7,2,0,1,1,0,0,0,1,811502.2654,5820071.2882
201263,13.196870736932695,52.525632910742814,197264,197264,11,0,5,5,2018,1,11,4,2,6,4,0,0,1,1,0,0,0,1,784664.6478,5827783.8145
201264,13.433143656549632,52.481778385852955,197265,197265,11,0,8,8,2018,1,11,4,3,2,1,0,0,1,0,0,0,0,1,800982.2325,5823868.7441
201265,13.354576134926305,52.5019240219894,197266,197266,11,0,1,1,2018,1,15,4,2,6,4,0,0,1,1,0,0,0,1,795515.4244,5825782.9778
201266,13.54521126852936,52.42574203988616,197267,197267,11,0,9,9,2018,1,19,5,3,5,2,2,0,1,0,0,0,0,1,808979.3669,5818114.3578
201267,13.329126855740693,52.50041765778013,197268,197268,11,0,4,4,2018,1,14,4,2,2,6,0,0,1,0,0,0,0,1,793799.2675,5825511.5632
201268,13.460006126712685,52.559808574498184,197269,197269,11,0,3,3,2018,1,17,4,2,6,4,2,0,1,1,0,0,0,1,802268.2447,5832653.8434
201269,13.345184744500868,52.48786955584358,197270,197270,11,0,7,7,2018,1,19,5,3,5,7,2,0,1,0,0,0,0,1,794972.5754,5824182.3906
201270,13.391994217512915,52.523557853440245,197271,197271,11,0,1,1,2018,1,9,3,3,0,3,0,0,1,0,1,0,0,1,797906.9040000001,5828341.5217
201271,13.377072707468585,52.51307600667364,197272,197272,11,0,1,1,2018,1,17,4,3,2,2,2,0,1,0,0,0,0,1,796966.0647,5827114.9272
201272,13.288234462435966,52.513640739440994,197273,197273,11,0,4,4,2018,1,18,3,2,6,4,2,1,0,1,0,0,0,1,790937.9854,5826815.526000001
201273,13.394638450772533,52.504562627688045,197274,197274,11,0,2,2,2018,1,18,5,3,5,3,2,0,1,0,0,0,0,1,798214.9198,5826241.1791
201274,13.287013246824634,52.41785283843939,197275,197275,11,0,6,6,2018,1,16,4,3,2,2,2,0,1,1,0,0,0,1,791488.0762,5816163.6515
201275,13.458952016608857,52.44043626748535,197276,197276,11,0,8,8,2018,1,17,5,3,6,4,2,0,0,1,1,0,0,1,803017.6682,5819381.7964