,X,Y,OBJECTID_1,OBJECTID,ULAND,UREGBEZ,UKREIS,UGEMEINDE,UJAHR,UMONAT,USTUNDE,UWOCHENTAG,UKATEGORIE,UART,UTYP1,ULICHTVERH,IstRad,IstPKW,IstFuss,IstKrad,IstGkfz,IstSonstig,STRZUSTAND,LINREFX,LINREFY
201276,13.275215094581588,52.5012048198976,197277,197277,11,0,4,4,2018,1,13,4,3,3,6,0,0,1,0,0,0,0,1,790137.0932,5825380.7965
201277,13.396861721811916,52.53713786928193,197278,197278,11,0,1,1,2018,1,18,5,3,1,6,2,1,1,0,0,0,0,1,798144.7829999999,5829871.033
201278,13.498549581856302,52.51570371213775,197279,197279,11,0,11,11,2018,1,18,4,3,5,7,2,0,0,0,0,0,1,1,805185.1807,5827914.2604
201279,13.496126454530838,52.53979866700799,197280,197280,11,0,11,11,2018,1,18,4,3,1,5,2,1,1,0,0,0,0,1,804853.7535,5830582.007
201280,13.442306843451885,52.54659985501276,197281,197281,11,0,3,3,2018,1,18,5,3,5,3,2,1,1,0,0,0,0,1,801159.8912,5831111.646000001
201281,13.549934984890724,52.56887267729316,197282,197282,11,0,11,11,2018,1,18,3,3,2,6,2,0,1,0,0,0,0,1,808296.0193,5834042.3108
201282,13.36631178508684,52.58704176912449,197283,197283,11,0,3,3,2018,1,10,4,2,6,7,0,1,0,1,0,0,0,1,795738.0047,5835291.8769
201283,13.583796424366767,52.524345679529155,197284,197284,11,0,10,10,2018,1,19,5,3,5,2,2,0,1,0,0,0,1,1,810904.1022,5829239.0188
201284,13.491597263852642,52.511413514921905,197285,197285,11,0,11,11,2018,1,17,5,3,6,3,2,0,1,1,0,0,0,1,804743.5038,5827408.0246
201285,13.345069955977229,52.44882304418996,197286,197286,11,0,6,6,2018,1,16,5,2,6,4,2,0,1,1,0,0,0,1,795226.2923,5819841.9367
201286,13.288191347793909,52.51378398620361,197287,197287,11,0,4,4,2018,1,17,3,3,5,3,2,0,1,0,0,0,0,1,790934.1143,5826831.2741
201287,13.338337476384847,52.44673926709418,197288,197288,11,0,6,6,2018,1,9,4,3,1,5,0,1,1,0,0,0,0,2,794783.0090000001,5819582.8058
201288,13.592396818540132,52.547016028715674,197289,197289,11,0,10,10,2018,1,16,5,3,6,4,2,0,1,1,0,0,0,1,811326.474,5831795.7275
201289,13.388822100056348,52.51706892936457,197290,197290,11,0,1,1,2018,1,8,4,3,5,3,0,0,1,0,1,0,0,1,797735.7779999999,5827607.1885
201290,13.568292274215706,52.444887483201505,197291,197291,11,0,9,9,2018,1,15,5,3,5,2,1,1,0,0,0,0,1,1,810412.7726,5820341.2402
201291,13.196818942768347,52.51340928941607,197292,197292,11,0,5,5,2018,1,8,4,3,6,4,0,0,1,1,0,0,0,1,784740.2565,5826424.8919
201292,13.548615166600587,52.54328138742192,197293,197293,11,0,10,10,2018,1,15,5,3,6,4,0,0,1,1,0,0,0,1,808386.293,5831192.403
201293,13.369985121149455,52.50004995893203,197294,197294,11,0,1,1,2018,1,7,4,3,1,5,0,1,1,0,0,0,1,1,796573.2302,5825637.9346
201294,13.329829561075046,52.51001280345014,197295,197295,11,0,4,4,2018,1,7,4,3,5,3,1,1,1,0,0,0,0,2,793782.8662,5826580.9264
201295,13.551835835303285,52.56139697990197,197296,197296,11,0,10,10,2018,1,15,5,3,5,3,0,1,1,0,0,0,0,1,808477.2704,5833219.5856
201296,13.491731404782453,52.520577772206714,197297,197297,11,0,11,11,2018,1,6,4,2,1,5,2,1,1,0,0,0,0,1,804689.1070000001,5828427.1414
201297,13.392537546444498,52.39816015742402,197298,197298,11,0,7,7,2018,1,15,5,3,5,3,0,1,1,0,0,0,0,1,798792.6733,5814406.1629
201298,13.521745132622843,52.4605558150768,197299,197299,11,0,9,9,2018,1,6,4,3,5,7,1,0,1,0,0,0,1,2,807142.4354,5821883.4379
201299,13.424509560281766,52.486433960064026,197300,197300,11,0,8,8,2018,1,14,5,3,5,3,0,1,1,0,0,0,0,1,800364.5768,5824350.2003
201300,13.188864672642865,52.546686668632326,197301,197301,11,0,5,5,2018,1,19,4,2,5,3,2,0,1,0,0,0,0,1,783985.8193,5830092.4771
201301,13.294930678836947,52.539626571134136,197302,197302,11,0,4,4,2018,1,18,4,3,5,3,2,0,1,0,0,0,0,1,791219.9166,5829730.9292
201302,13.438184950720172,52.45161882396607,197303,197303,11,0,8,8,2018,1,14,5,3,2,6,0,0,1,0,0,0,0,1,801530.6485,5820537.6932
201303,13.320214304192612,52.475003485290095,197304,197304,11,0,4,4,2018,1,18,4,3,5,3,1,0,1,0,1,0,0,1,793363.983,5822650.5012
201304,13.613251764816466,52.49913431590561,197305,197305,11,0,10,10,2018,1,13,5,3,2,6,0,0,1,0,0,0,0,1,813080.2409999999,5826564.5144
201305,13.376680323352485,52.48857066136137,197306,197306,11,0,2,2,2018,1,18,4,3,0,1,2,1,0,0,0,0,0,1,797104.8449,5824389.5876
201306,13.18278048652978,52.538379498828384,197307,197307,11,0,5,5,2018,1,18,5,3,8,1,2,0,1,0,0,0,0,1,783627.1373,5829145.1329
201307,13.376647823203829,52.55663631156498,197308,197308,11,0,1,1,2018,1,18,4,3,2,6,2,0,1,0,0,0,1,1,796643.1286,5831954.836
201308,13.428880454332171,52.49843848773344,197309,197309,11,0,2,2,2018,1,7,5,3,6,4,2,0,0,1,0,0,1,1,800579.1696,5825702.6674
201309,13.346024538137476,52.478561788589204,197310,197310,11,0,7,7,2018,1,18,4,3,1,5,2,0,1,0,0,0,1,1,795091.9193,5823151.2746
201310,13.387534506132056,52.493070581456,197311,197311,11,0,2,2,2018,1,7,5,3,6,4,1,1,0,1,0,0,0,1,797810.8511,5824934.5096
201311,13.581366962121908,52.44307069755978,197312,197312,11,0,9,9,2018,1,16,3,2,6,4,1,1,0,1,0,0,0,0,811313.5287,5820195.6486
201312,13.463161925373786,52.49950184522714,197313,197313,11,0,2,2,2018,1,19,3,3,6,2,2,0,1,1,0,0,0,1,802897.2472,5825964.2968
201313,13.365599297997358,52.497264119689504,197314,197314,11,0,7,7,2018,1,13,5,3,5,2,0,0,1,0,0,0,1,1,796294.4854,5825310.2651
201314,13.4066615869768,52.49844465762325,197315,197315,11,0,2,2,2018,1,22,3,3,5,2,2,0,1,0,0,0,0,1,799071.9524,5825610.9757
201315,13.287085252184546,52.583818410974075,197316,197316,11,0,12,12,2018,1,13,5,3,2,1,0,0,1,0,0,0,0,1,790395.8393,5834611.2763
201316,13.268157005343118,52.40662855965794,197317,197317,11,0,6,6,2018,1,12,5,3,2,1,0,0,1,0,1,0,0,1,790280.3718,5814840.095
201317,13.419560390140266,52.515181666455796,197318,197318,11,0,1,1,2018,1,22,3,3,3,6,2,0,1,0,0,0,0,1,799832.8420000001,5827524.8075
201318,13.318266242820293,52.5108773056756,197319,197319,11,0,4,4,2018,1,11,5,2,6,2,0,0,1,1,0,0,0,1,792992.9142,5826629.9679
201319,13.39019440421359,52.50863713452175,197320,197320,11,0,1,1,2018,1,22,3,3,5,3,2,0,1,0,0,0,0,1,797885.9192,5826675.6817
201320,13.426378735199108,52.60308039174856,197321,197321,11,0,3,3,2018,1,11,5,3,2,6,0,0,1,1,0,0,0,1,799694.7163,5837322.8336
201321,13.444749657356805,52.545565801125505,197322,197322,11,0,3,3,2018,1,20,3,3,2,2,2,0,1,0,0,0,0,1,801332.5035,5831006.9262
201322,13.33574579097608,52.528314957621966,197323,197323,11,0,1,1,2018,1,19,3,3,6,6,2,1,0,1,0,0,0,1,794061.6939,5828639.3289
201323,13.330625531298852,52.493156857162134,197324,197324,11,0,4,4,2018,1,10,5,3,5,2,0,1,1,0,0,0,0,1,793949.41,5824710.6326
201324,13.321376088163035,52.42964375934221,197325,197325,11,0,6,6,2018,1,19,3,3,5,3,2,0,1,0,0,0,0,1,793744.8963,5817613.4987
201325,13.39508159868534,52.49971033024504,197326,197326,11,0,2,2,2018,1,19,3,3,1,5,2,1,0,0,0,0,1,1,798277.8631,5825703.6914
201326,13.436605722332153,52.457391868372326,197327,197327,11,0,8,8,2018,1,10,5,3,5,2,1,1,1,0,0,0,0,1,801383.9382,5821172.7429
201327,13.331008232474506,52.493226839242055,197328,197328,11,0,4,4,2018,1,8,3,3,5,3,0,1,1,0,0,0,0,1,793974.9064,5824719.9709
201328,13.280057879040596,52.459417550595134,197329,197329,11,0,6,6,2018,1,18,3,2,6,4,2,0,1,1,0,0,0,2,790741.2982,5820755.5657
201329,13.348513406870424,52.521928968348654,197330,197330,11,0,1,1,2018,1,20,2,3,5,3,2,1,0,0,0,0,0,0,794970.0298,5827981.687000001
201330,13.409904249132635,52.48187573209673,197331,197331,11,0,8,8,2018,1,20,3,3,1,1,2,0,1,0,0,0,0,1,799404.5726,5823782.8459
201331,13.400900664110287,52.414530194542984,197332,197332,11,0,7,7,2018,1,10,5,3,2,6,0,0,1,0,0,0,1,1,799250.3154,5816260.2715
201332,13.428679309861955,52.581611184723606,197333,197333,11,0,3,3,2018,1,3,3,3,9,1,2,0,0,0,0,0,1,1,799997.2019,5834946.1762
201333,13.380837624079426,52.51636620036711,197334,197334,11,0,1,1,2018,1,9,5,3,5,2,0,1,0,0,0,0,1,1,797199.1379999999,5827496.1389999995
201334,13.552206946415154,52.4393984201892,197335,197335,11,0,9,9,2018,1,5,3,2,5,2,2,0,1,0,0,0,0,2,809358.8838,5819662.1078
201335,13.265397658369713,52.53682008271996,197336,197336,11,0,5,5,2018,1,8,5,3,0,6,0,0,1,0,0,0,1,1,789236.8523,5829300.0731
201336,13.366036786523885,52.5253144091094,197337,197337,11,0,1,1,2018,1,5,3,3,6,2,2,0,1,1,0,0,0,2,796135.2844,5828429.813999999
201337,13.387098463893151,52.52709526999746,197338,197338,11,0,1,1,2018,1,5,3,3,5,2,2,0,1,0,0,0,0,2,797551.0574,5828714.4787
201338,13.366682065257061,52.548197311637814,197339,197339,11,0,1,1,2018,1,8,5,3,5,3,0,1,1,0,0,0,0,1,796024.8704,5830975.8723
201339,13.436589332569776,52.42363037879056,197340,197340,11,0,8,8,2018,1,6,3,3,2,2,2,0,1,0,0,0,1,1,801613.623,5817420.242000001
201340,13.376956097161562,52.4915452235681,197341,197341,11,0,2,2,2018,1,7,3,3,6,2,0,0,1,1,0,0,0,1,797103.4821,5824721.3404
201341,13.50093160766427,52.50570719765439,197342,197342,11,0,11,11,2018,1,8,5,3,1,5,0,1,1,0,0,0,0,1,805416.0892,5826813.3006
201342,13.488314261052356,52.45127024029228,197343,197343,11,0,9,9,2018,1,17,3,3,2,6,2,0,1,0,0,0,0,1,804937.0602,5820709.612000001
201343,13.366167839944044,52.552134819021596,197344,197344,11,0,1,1,2018,1,16,3,3,5,7,0,0,1,0,1,0,0,1,795963.4997,5831411.41
201344,13.154187667991755,52.53438924905389,197345,197345,11,0,5,5,2018,1,7,5,3,6,4,0,0,1,1,0,0,0,1,781714.7677,5828589.4766
201345,13.19898502436182,52.434142839315605,197346,197346,11,0,6,6,2018,1,7,3,3,5,3,0,0,1,0,0,0,1,1,785400.1684,5817622.6138
201346,13.345517868554314,52.49398766887458,197347,197347,11,0,7,7,2018,1,7,5,2,2,6,0,0,1,0,0,0,0,1,794954.1868,5824863.7767
201347,13.62081679852258,52.452296260503786,197348,197348,11,0,9,9,2018,1,15,3,3,5,7,0,1,1,0,0,0,0,1,813927.0355,5821391.8894
201348,13.425805179754825,52.47752727873596,197349,197349,11,0,8,8,2018,1,7,5,3,4,5,1,1,1,0,0,0,0,1,800513.2593,5823365.6539
201349,13.329980799639644,52.5237845309772,197350,197350,11,0,1,1,2018,1,14,3,3,6,2,0,0,1,1,0,0,0,1,793701.1506,5828112.2711
201350,13.390514164030547,52.50678249588514,197351,197351,11,0,2,2,2018,1,7,5,3,5,3,0,1,0,0,0,0,1,1,797920.1626,5826470.864
201351,13.420871925963528,52.5182759970661,197352,197352,11,0,1,1,2018,1,14,3,3,5,2,0,1,1,0,0,0,0,0,799900.6738,5827874.1867
201352,13.42622779218022,52.57587996764336,197353,197353,11,0,3,3,2018,1,9,1,2,5,3,0,0,1,0,0,0,0,0,799870.3841,5834298.9629
201353,13.29712319964586,52.526687151251785,197354,197354,11,0,4,4,2018,1,14,3,3,2,6,0,0,1,0,0,0,0,1,791454.2841,5828301.5542
201354,13.264815220383895,52.41925681357368,197355,197355,11,0,6,6,2018,1,7,5,2,6,4,2,0,1,1,0,0,0,1,789970.2552,5816230.318
201355,13.354030827904452,52.499856144539606,197356,197356,11,0,7,7,2018,1,9,1,3,5,3,0,0,1,0,0,0,0,1,795492.3205,5825550.9008
201356,13.316124130075243,52.571060604266,197357,197357,11,0,12,12,2018,1,13,3,3,5,3,0,0,1,0,0,0,0,1,792446.8794,5833310.6877
201357,13.574792514154305,52.56563283416243,197358,197358,11,0,10,10,2018,1,6,4,3,5,3,0,1,0,0,0,0,1,0,810002.2665,5833788.9004
201358,13.412400137301164,52.524086541966106,197359,197359,11,0,1,1,2018,1,17,4,3,2,2,2,0,1,0,0,0,0,0,799286.718,5828484.804
201359,13.563683826078336,52.437913009156034,197360,197360,11,0,9,9,2018,1,12,1,3,2,6,0,0,1,0,0,0,0,1,810148.8506,5819546.2803
201360,13.165250390172956,52.46709287117638,197361,197361,11,0,5,5,2018,1,13,1,2,1,5,0,0,1,0,0,0,0,1,782896.8359999999,5821152.3596
201361,13.309258471648741,52.43887850658676,197362,197362,11,0,6,6,2018,1,13,3,3,5,3,0,0,1,0,1,0,0,1,792860.2948,5818590.7016
201362,13.491392064387226,52.52654496200688,197363,197363,11,0,11,11,2018,1,18,4,3,0,5,2,1,1,0,0,0,0,1,804624.7569,5829088.9234
201363,13.350087112416055,52.503188295203714,197364,197364,11,0,1,1,2018,1,16,1,3,0,2,1,0,1,0,0,0,1,0,795202.4563,5825905.1148
201364,13.299944032707165,52.521589226661774,197365,197365,11,0,4,4,2018,1,13,3,3,2,6,0,0,1,0,0,0,0,1,791679.327,5827746.321
201365,13.449133598538387,52.526699569452106,197366,197366,11,0,2,2,2018,1,20,4,3,7,7,2,1,0,0,0,0,0,0,801759.0615,5828928.3672
201366,13.562827141419435,52.45664572085347,197367,197367,11,0,9,9,2018,1,12,3,3,2,6,0,0,1,0,0,0,0,1,809958.9376,5821624.56
201367,13.526140622545705,52.42376821776409,197368,197368,11,0,9,9,2018,1,17,4,3,5,3,2,0,1,0,0,0,0,0,807697.4206,5817813.5186
201368,13.275446840161926,52.57576974282362,197369,197369,11,0,12,12,2018,1,18,4,3,5,7,2,0,1,0,0,0,0,1,789660.9868,5833669.7937
201369,13.310733307715898,52.51619085132649,197370,197370,11,0,4,4,2018,1,10,6,3,2,6,0,0,1,0,0,0,0,1,792446.7322,5827189.991
201370,13.325703885537653,52.50550089269881,197371,197371,11,0,4,4,2018,2,16,5,3,5,2,1,1,1,0,0,0,0,0,793533.1723,5826062.626
201371,13.499376211580744,52.51986156684378,197372,197372,11,0,11,11,2018,2,11,5,3,1,5,0,1,1,0,0,0,0,0,805212.373,5828379.8783
201372,13.248995899010351,52.41942446057799,197373,197373,11,0,6,6,2018,1,8,6,3,6,2,0,0,1,1,0,0,0,0,788894.0897,5816185.5353
201373,13.338841197697274,52.531399529601686,197374,197374,11,0,1,1,2018,2,15,5,3,6,7,0,1,0,1,0,0,0,0,794250.8823,5828994.8095
201374,13.461964074044731,52.55898189917535,197375,197375,11,0,3,3,2018,1,10,6,3,5,3,0,0,1,0,0,0,1,1,802406.5633,5832570.1778
201375,13.328333436732276,52.53459829425398,197376,197376,11,0,1,1,2018,2,10,5,3,2,6,0,0,1,0,0,0,0,0,793517.2636,5829307.5136
201376,13.336575518989944,52.54255681369129,197377,197377,11,0,1,1,2018,1,8,6,3,2,6,0,0,1,0,0,0,0,1,794022.6594,5830225.6956
201377,13.370332651485084,52.51690122364832,197378,197378,11,0,1,1,2018,2,9,5,3,3,6,0,1,0,0,0,1,0,0,796483.2270000001,5827512.3558
201378,13.613393070708954,52.49885037382826,197379,197379,11,0,10,10,2018,2,10,5,3,2,6,0,0,1,0,0,0,0,1,813091.8456,5826533.571
201379,13.33921908390302,52.54395050011204,197380,197380,11,0,1,1,2018,1,8,6,3,8,1,0,0,1,0,0,0,0,1,794192.4746,5830391.391
201380,13.331964008495765,52.50628749739418,197381,197381,11,0,4,4,2018,2,9,5,3,2,7,0,0,1,0,0,0,0,0,793952.5059999999,5826175.5573
201381,13.381010892029742,52.441734988123464,197382,197382,11,0,7,7,2018,1,7,6,3,3,6,1,1,0,0,0,0,1,1,797714.9298,5819201.7582
201382,13.231461135007274,52.43682442227295,197383,197383,11,0,6,6,2018,2,14,5,3,5,2,0,0,1,0,1,0,0,0,787589.0221,5818049.576
201383,13.43555271266453,52.466753916673156,197384,197384,11,0,8,8,2018,1,7,6,3,6,2,1,0,1,1,0,0,0,1,801248.4392,5822208.895
201384,13.549490897340148,52.43610184836732,197385,197385,11,0,9,9,2018,1,7,6,3,6,4,0,0,1,1,0,0,0,1,809197.5165,5819284.0842
201385,13.450181724065821,52.503483610387896,197386,197386,11,0,2,2,2018,2,8,5,3,6,4,0,0,1,1,0,0,0,1,801989.4671,5826352.4087
201386,13.562675463578653,52.51904010918364,197387,197387,11,0,10,10,2018,1,7,6,3,6,2,0,0,1,1,0,0,0,1,809509.671,5828558.464
201387,13.380837624079426,52.51636620036711,197388,197388,11,0,1,1,2018,2,7,5,3,5,2,0,1,1,0,0,0,0,0,797199.1379999999,5827496.1389999995
201388,13.354766140286982,52.59661910292569,197389,197389,11,0,12,12,2018,1,7,6,3,6,3,1,0,1,1,0,0,0,1,794892.0015,5836309.0555
201389,13.194003638837614,52.54578851264119,197390,197390,11,0,5,5,2018,1,7,6,3,6,2,2,0,1,1,0,0,0,1,784339.8669,5830012.9017
201390,13.410533156968102,52.503433954512644,197391,197391,11,0,2,2,2018,2,14,5,3,6,2,0,0,1,1,0,0,0,0,799300.6396,5826181.5832
201391,13.480808795531035,52.49910056632882,197392,197392,11,0,11,11,2018,1,7,6,3,5,2,2,1,1,0,0,0,0,1,804097.0105,5825993.9678
201392,13.483096918645744,52.48048665177296,197393,197393,11,0,9,9,2018,1,6,6,3,5,5,2,0,1,0,1,0,0,1,804380.8848,5823934.7966
201393,13.250572445927233,52.44986684782228,197394,197394,11,0,6,6,2018,2,14,5,3,1,5,0,0,1,0,0,0,0,0,788801.8840000001,5819575.5887
201394,13.623034071510816,52.45650849542217,197395,197395,11,0,9,9,2018,2,14,5,2,8,1,0,0,1,0,0,0,0,0,814047.5729,5821869.6787
201395,13.42699254774452,52.55210852223215,197396,197396,11,0,3,3,2018,1,6,6,3,5,3,2,1,1,0,0,0,0,1,800084.5899,5831660.0296
201396,13.43474927744071,52.46181629582552,197397,197397,11,0,8,8,2018,2,13,5,3,2,6,0,0,1,0,0,0,0,0,801227.6516,5821656.7456
201397,13.315112967526842,52.57651480202993,197398,197398,11,0,12,12,2018,1,19,6,2,5,3,2,0,1,0,0,0,0,1,792342.0728,5833912.824
201398,13.317105712898016,52.51399177261343,197399,197399,11,0,4,4,2018,1,18,6,3,6,7,2,0,1,1,0,0,0,1,792893.4752,5826971.4276
201399,13.390207616634802,52.53541468528236,197400,197400,11,0,1,1,2018,1,18,6,3,5,3,2,0,1,0,0,0,0,1,797705.48,5829652.0017
201400,13.288375594055287,52.51317182178475,197401,197401,11,0,4,4,2018,2,7,5,2,6,2,1,0,0,1,0,1,0,0,790950.6572,5826763.9745
201401,13.540898992246227,52.403954651553576,197402,197402,11,0,9,9,2018,1,18,6,3,6,4,2,0,1,1,0,0,0,1,808838.7795,5815674.4335
201402,13.266642019972622,52.41344806502757,197403,197403,11,0,6,6,2018,1,17,6,2,6,4,2,0,1,1,0,0,0,1,790132.5749,5815592.0047
201403,13.28025889235677,52.51832513600618,197404,197404,11,0,4,4,2018,1,16,6,3,5,2,1,0,1,0,0,0,0,1,790366.2164,5827304.0556
201404,13.505902376898446,52.50893297515735,197405,197405,11,0,11,11,2018,2,6,5,2,5,3,2,1,1,0,0,0,0,0,805730.7886,5827192.8903
201405,13.299938234980333,52.57894759027248,197406,197406,11,0,12,12,2018,1,16,6,2,5,3,2,1,1,0,0,0,0,1,791298.3687,5834121.7654
201406,13.44981546385648,52.55104734372168,197407,197407,11,0,3,3,2018,2,9,5,3,6,4,0,0,0,1,0,0,1,1,801638.1212,5831637.3691
201407,13.259427113631645,52.43318918269988,197408,197408,11,0,6,6,2018,1,15,6,3,6,2,1,0,1,1,0,0,0,1,789512.6708,5817757.3019
201408,13.207688440026908,52.5539510039641,197409,197409,11,0,5,5,2018,2,6,5,3,2,6,2,0,1,0,0,0,1,0,785214.2249,5830974.2752
201409,13.45462763013735,52.47460141923793,197410,197410,11,0,8,8,2018,1,15,6,3,5,3,0,0,1,0,0,0,0,1,802489.3851,5823160.9261
201410,13.444274176381967,52.45496656379714,197411,197411,11,0,8,8,2018,2,5,5,3,6,2,2,0,1,1,0,0,0,0,801921.2077,5820935.2408
201411,13.420304779998768,52.5670077345743,197412,197412,11,0,3,3,2018,1,14,6,3,5,3,0,0,1,0,0,0,0,1,799529.8529,5833288.2026
201412,13.340069871122074,52.56635845317526,197413,197413,11,0,12,12,2018,2,19,5,2,6,4,2,0,1,1,0,0,0,0,794100.0534,5832885.5078
201413,13.420340829391124,52.502766330747754,197414,197414,11,0,2,2,2018,2,20,5,3,3,6,2,1,0,0,0,0,1,0,799970.4006,5826148.1322
201414,13.559106268308616,52.44846596308162,197415,197415,11,0,9,9,2018,1,13,6,3,2,2,0,0,1,0,0,0,0,1,809763.787,5820699.477999999
201415,13.3609012267407,52.59422682064545,197416,197416,11,0,12,12,2018,2,21,5,3,5,3,2,0,1,0,0,0,0,0,795323.3485,5836068.2916
201416,13.247296237085429,52.538077183978345,197417,197417,11,0,5,5,2018,1,12,6,3,2,6,0,0,1,0,0,1,0,1,788001.7449,5829367.3279
201417,13.572630189315367,52.55009425515746,197418,197418,11,0,10,10,2018,1,21,4,3,5,3,2,0,1,0,0,0,0,1,809965.4844,5832052.6283
201418,13.448279706741696,52.5493412154129,197419,197419,11,0,3,3,2018,1,12,6,3,0,3,0,0,1,0,0,0,1,0,801545.7835,5831441.312999999
201419,13.474843483479528,52.6155975122104,197420,197420,11,0,3,3,2018,1,21,4,3,6,6,2,1,0,1,0,0,0,1,802887.8441,5838916.8486
201420,13.405182424623256,52.4960540618407,197421,197421,11,0,2,2,2018,1,6,6,3,5,3,2,1,1,0,0,0,0,1,798987.8546,5825339.1349
201421,13.402385232525232,52.5467032012107,197422,197422,11,0,3,3,2018,1,18,4,3,0,7,2,1,1,0,0,0,0,1,798454.1588,5830957.0571
201422,13.383665314879638,52.55521356632092,197423,197423,11,0,1,1,2018,1,11,6,3,1,5,0,1,1,0,0,0,0,1,797128.1465,5831825.6114
201423,13.329974913877894,52.523784008462194,197424,197424,11,0,1,1,2018,1,17,4,3,2,2,2,0,1,0,0,0,0,1,793700.7551,5828112.188999999
201424,13.359703396072874,52.585446488660004,197425,197425,11,0,3,3,2018,1,23,4,3,8,1,2,0,1,0,0,0,0,1,795301.3711,5835087.4513
201425,13.292524440737116,52.631208352665865,197426,197426,11,0,12,12,2018,1,11,6,2,5,3,0,0,1,0,0,0,0,1,790449.9707,5839900.715
201426,13.320600828598108,52.48387672368736,197427,197427,11,0,4,4,2018,1,22,4,3,2,6,2,0,1,0,0,0,0,1,793331.1171,5823638.3346
201427,13.350099035754836,52.48959671546426,197428,197428,11,0,7,7,2018,1,10,6,3,1,5,0,1,1,0,0,0,0,1,795294.4317,5824394.4714
201428,13.462881184779521,52.532380798897094,197429,197429,11,0,3,3,2018,1,22,4,3,5,3,2,1,1,0,0,0,0,1,802651.8748,5829617.4451
201429,13.388684140388275,52.54761468379528,197430,197430,11,0,1,1,2018,1,20,6,2,6,4,2,0,0,1,0,0,1,1,797519.6137,5831001.7159
201430,13.185786373437958,52.51673523377772,197431,197431,11,0,5,5,2018,1,22,4,2,6,4,2,0,1,1,0,0,0,1,783970.6101,5826751.0825
201431,13.364385559064136,52.50995884065846,197432,197432,11,0,1,1,2018,1,21,4,3,6,2,2,0,1,1,0,0,0,1,796126.7104,5826716.2802
201432,13.385496521603192,52.550123385387884,197433,197433,11,0,1,1,2018,1,22,6,2,5,3,2,0,1,0,0,0,0,1,797286.651,5831267.399
201433,13.331385879728355,52.506745004578534,197434,197434,11,0,4,4,2018,1,21,4,3,6,4,2,0,1,1,0,0,0,1,793910.2396,5826224.0527
201434,13.297918733288412,52.578173584190885,197435,197435,11,0,12,12,2018,1,20,6,3,5,2,2,0,1,0,0,0,0,1,791166.7603,5834027.5695
201435,13.38664529796828,52.54936285984939,197436,197436,11,0,1,1,2018,1,20,4,3,6,2,2,0,1,1,0,0,0,1,797369.6331,5831187.6075
201436,13.200613363646394,52.548667719817885,197437,197437,11,0,5,5,2018,1,20,4,3,6,2,2,0,1,1,0,0,0,1,784769.1152,5830359.0352
201437,13.440422816687967,52.4174358749717,197438,197438,11,0,8,8,2018,1,17,5,3,5,3,1,0,1,0,0,0,0,1,801916.4731,5816747.778
201438,13.414476711658047,52.55359323164074,197439,197439,11,0,3,3,2018,1,6,4,3,0,7,2,0,1,0,0,0,0,0,799226.527,5831773.006
201439,13.519852402980444,52.50596474476823,197440,197440,11,0,11,11,2018,1,17,5,3,6,2,2,0,1,1,0,0,0,1,806697.4958,5826922.2383
201440,13.341485887301047,52.52553406490162,197441,197441,11,0,1,1,2018,1,18,4,3,6,7,2,0,1,1,0,0,0,1,794469.4319,5828353.6634
201441,13.262928444775223,52.548463425210784,197442,197442,11,0,5,5,2018,1,23,5,2,0,3,2,0,1,0,0,0,0,1,788992.9176,5830584.359
201442,13.428581963926186,52.54783231995015,197443,197443,11,0,3,3,2018,1,23,5,3,5,2,2,0,1,0,0,0,0,1,800221.4955,5831191.3645
201443,13.35374251541065,52.449159450210374,197444,197444,11,0,6,6,2018,1,13,4,3,0,7,0,0,0,0,1,0,0,0,795813.0011,5819914.8421
201444,13.514477628125348,52.551425441982715,197445,197445,11,0,11,11,2018,1,17,5,3,2,6,1,0,1,0,0,0,0,1,806016.3631,5831952.0244
201445,13.182057035502256,52.536193679642295,197446,197446,11,0,5,5,2018,1,14,5,3,0,2,0,1,1,0,0,0,0,1,783592.2058,5828899.3202
201446,13.43922578552073,52.56690653512091,197447,197447,11,0,3,3,2018,1,18,4,3,2,6,2,0,1,0,0,0,0,1,800812.0054,5833355.784
201447,13.44520471423534,52.474076779800356,197448,197448,11,0,8,8,2018,1,11,4,3,5,3,0,0,1,0,0,0,0,1,801853.4544,5823063.1435
201448,13.44009367396786,52.54834444761301,197449,197449,11,0,3,3,2018,1,15,5,3,6,4,0,0,1,1,0,0,0,1,800997.9782,5831296.3043
201449,13.329629546685482,52.523787698860886,197450,197450,11,0,1,1,2018,1,11,4,2,3,2,0,0,1,0,0,1,0,1,793677.3159,5828111.1923
201450,13.331599505391145,52.46811598401501,197451,197451,11,0,7,7,2018,1,14,5,3,6,7,0,0,1,1,0,0,0,1,794182.7,5821931.3168
201451,13.386211411686075,52.52802899777139,197452,197452,11,0,1,1,2018,1,11,4,3,0,1,0,0,0,0,1,0,0,1,797484.6067,5828814.5997
201452,13.313529447886687,52.50624253607645,197453,197453,11,0,4,4,2018,1,10,5,3,2,6,0,0,1,0,1,0,0,1,792702.5135,5826095.574
201453,13.452958208199886,52.45268009829822,197454,197454,11,0,8,8,2018,1,16,5,2,6,4,2,0,1,1,0,0,0,1,802526.5409,5820717.4844
201454,13.600716210709471,52.53836563874933,197455,197455,11,0,10,10,2018,1,18,4,3,6,2,2,0,1,1,0,0,0,1,811951.556,5830870.302999999
201455,13.453989391501032,52.43498320837426,197456,197456,11,0,8,8,2018,1,13,5,3,2,6,0,0,1,0,0,0,0,1,802718.0205,5818754.8929