,X,Y,OBJECTID_1,OBJECTID,ULAND,UREGBEZ,UKREIS,UGEMEINDE,UJAHR,UMONAT,USTUNDE,UWOCHENTAG,UKATEGORIE,UART,UTYP1,ULICHTVERH,IstRad,IstPKW,IstFuss,IstKrad,IstGkfz,IstSonstig,STRZUSTAND,LINREFX,LINREFY
201456,13.576100176442056,52.45288355363165,197457,197457,11,0,9,9,2018,1,17,5,3,6,2,2,0,1,1,0,0,0,1,810886.6323,5821263.5393
201457,13.390926817732725,52.51574701667897,197458,197458,11,0,1,1,2018,1,8,4,3,5,2,0,1,1,0,0,0,0,0,797887.441,5827468.9546
201458,13.294207651814222,52.49782600346374,197459,197459,11,0,4,4,2018,1,10,5,2,6,2,0,0,1,1,0,0,0,1,791447.7687,5825081.8146
201459,13.296581785922422,52.54824524537982,197460,197460,11,0,4,4,2018,1,8,4,2,6,4,0,0,1,1,0,0,0,1,791274.6818,5830695.5804
201460,13.45556575156835,52.55609210355882,197461,197461,11,0,3,3,2018,1,7,4,3,5,3,1,1,1,0,0,0,0,0,801993.0214,5832222.1562
201461,13.509355601461932,52.55158109523582,197462,197462,11,0,11,11,2018,1,9,5,3,6,4,0,0,1,1,0,0,0,1,805668.2682,5831947.5847
201462,13.411931452081467,52.54064547522504,197463,197463,11,0,3,3,2018,1,7,4,3,6,2,0,0,1,1,0,0,0,0,799142.2366,5830323.3343
201463,13.579018552170188,52.45819108158429,197464,197464,11,0,9,9,2018,1,9,5,3,2,6,0,0,1,0,0,0,0,1,811047.3307,5821865.9958
201464,13.284661300205645,52.464394849008634,197465,197465,11,0,6,6,2018,1,7,4,3,5,3,0,1,0,0,0,0,0,0,791020.9878,5821327.3571
201465,13.376792699001253,52.5096320527142,197466,197466,11,0,1,1,2018,1,9,5,3,5,2,0,1,1,0,0,0,0,1,796970.3243,5826730.9846
201466,13.585307815577815,52.427320138032215,197467,197467,11,0,9,9,2018,1,14,4,2,6,4,0,0,1,1,0,0,0,1,811692.4539,5818462.1496
201467,13.307312211398573,52.43328490244012,197468,197468,11,0,6,6,2018,1,9,5,2,5,2,0,0,1,0,0,0,0,0,792765.2093,5817961.0758
201468,13.283246771636765,52.47519055758463,197469,197469,11,0,4,4,2018,1,15,4,3,1,5,0,1,1,0,0,0,0,0,790853.6849,5822521.6115
201469,13.398232212270624,52.51728155881936,197470,197470,11,0,1,1,2018,1,6,3,3,6,7,2,1,0,1,0,0,0,0,798372.3873,5827669.7233
201470,13.375866895269453,52.457703729316385,197471,197471,11,0,7,7,2018,1,8,5,3,5,3,0,0,1,0,0,0,0,0,797257.8609999999,5820955.441000001
201471,13.3326340268319,52.506305572346,197472,197472,11,0,4,4,2018,1,17,3,3,0,4,1,0,0,1,0,0,1,0,793997.8279,5826180.2978
201472,13.399627754945953,52.50671634476919,197473,197473,11,0,2,2,2018,1,8,5,3,5,2,0,1,1,0,0,0,0,0,798538.7022,5826501.2042
201473,13.413385312486767,52.52522210088071,197474,197474,11,0,1,1,2018,1,8,5,3,0,2,1,0,1,0,0,0,1,0,799345.7757,5828615.1083
201474,13.506005101047835,52.44570502102937,197475,197475,11,0,9,9,2018,1,11,3,3,6,7,0,0,1,1,0,0,0,0,806176.9865,5820165.9885
201475,13.358287362825887,52.54699110656439,197476,197476,11,0,1,1,2018,1,11,3,3,0,2,0,0,1,0,0,0,1,0,795464.1779,5830807.3556
201476,13.51681280589292,52.470982533044776,197477,197477,11,0,9,9,2018,1,7,5,2,6,4,1,0,0,1,0,0,1,1,806734.9884,5823021.3016
201477,13.375431462088313,52.54332290453392,197478,197478,11,0,1,1,2018,1,9,3,3,1,5,0,0,1,0,1,0,0,0,796650.6141,5830470.0632
201478,13.43158999151968,52.481596087012775,197479,197479,11,0,8,8,2018,1,21,5,3,2,6,2,1,1,0,0,0,0,1,800878.0486,5823842.0004
201479,13.408015900573876,52.452489434301995,197480,197480,11,0,7,7,2018,1,9,3,3,5,2,0,1,1,0,0,0,0,0,799476.0944,5820508.8205
201480,13.352369603992233,52.61611663401801,197481,197481,11,0,12,12,2018,1,20,5,3,8,1,2,0,1,0,0,0,0,1,794598.7539,5838466.3951
201481,13.64512743164454,52.378503660859536,197482,197482,11,0,9,9,2018,1,8,3,3,2,6,0,0,1,0,0,0,0,0,816105.7585,5813296.8678
201482,13.263072321646042,52.45764770216941,197483,197483,11,0,6,6,2018,1,20,5,2,5,2,2,0,0,0,1,0,1,1,789599.6599,5820490.5415
201483,13.167893854474688,52.469196925426594,197484,197484,11,0,5,5,2018,1,6,3,3,2,6,2,0,1,0,0,0,0,1,783062.7783,5821396.6045
201484,13.329114953063153,52.4712996024416,197485,197485,11,0,7,7,2018,1,20,5,3,6,2,2,0,1,1,0,0,0,1,793992.8,5822275.0473
201485,13.472080128223341,52.45986574119037,197486,197486,11,0,8,8,2018,1,17,3,2,3,6,2,1,0,0,0,0,1,0,803775.4459,5821596.4693
201486,13.377141208500586,52.50852181010419,197487,197487,11,0,1,1,2018,1,20,5,3,5,3,2,0,1,0,0,0,0,1,797001.4538,5826609.0186
201487,13.349839630148564,52.5245379157128,197488,197488,11,0,1,1,2018,1,19,5,2,5,3,2,1,1,0,0,0,0,1,795042.4407,5828277.0967
201488,13.231927920290177,52.539301763692286,197489,197489,11,0,5,5,2018,1,17,3,3,2,2,2,0,1,0,0,0,0,0,786952.1467,5829442.1548
201489,13.303267409389568,52.45854069811306,197490,197490,11,0,6,6,2018,1,19,5,2,6,2,2,0,1,1,0,0,0,1,792322.9565,5820751.8726
201490,13.294056894746602,52.53701718572365,197491,197491,11,0,4,4,2018,1,16,3,3,2,6,0,0,1,0,0,1,0,0,791177.9846,5829437.3619
201491,13.275120523541725,52.46039006836715,197492,197492,11,0,6,6,2018,1,19,5,3,5,3,2,1,1,0,0,0,0,1,790399.6606,5820843.7807
201492,13.389775340133564,52.57429091785889,197493,197493,11,0,3,3,2018,1,14,3,3,5,3,0,1,1,0,0,0,0,0,797412.8251,5833971.2341
201493,13.274775399792722,52.535936192752686,197494,197494,11,0,5,5,2018,1,12,3,2,6,4,0,0,1,1,0,0,0,0,789878.2789,5829239.4957
201494,13.480695682365415,52.49897813215805,197495,197495,11,0,11,11,2018,1,19,5,3,6,2,2,0,1,1,0,0,0,1,804090.1839,5825979.882999999
201495,13.385124403479875,52.449287630462415,197496,197496,11,0,7,7,2018,1,12,3,3,2,2,0,0,1,0,0,0,0,0,797943.2921,5820058.1913
201496,13.383681243806269,52.530747174053204,197497,197497,11,0,1,1,2018,1,18,5,2,0,7,2,0,1,0,0,0,1,1,797294.7096,5829106.2816
201497,13.479699452511966,52.553456338571976,197498,197498,11,0,3,3,2018,1,12,3,3,6,4,0,0,1,1,0,0,0,0,803646.1271,5832030.6241
201498,13.445149380708795,52.4994031352759,197499,197499,11,0,2,2,2018,1,17,5,3,1,5,2,1,1,0,0,0,0,1,801676.1219,5825877.8189
201499,13.423736628251755,52.55258106457171,197500,197500,11,0,3,3,2018,1,18,4,3,2,6,2,0,1,0,0,0,0,0,799860.7757,5831698.9978
201500,13.388757150064672,52.52598479033805,197501,197501,11,0,1,1,2018,1,9,3,2,3,6,0,1,0,0,0,0,1,0,797671.017,5828597.8989
201501,13.351059974394046,52.510481563459976,197502,197502,11,0,1,1,2018,1,17,4,3,3,6,0,0,1,0,1,0,0,0,795219.505,5826719.7385
201502,13.280606859273654,52.506477982528,197503,197503,11,0,4,4,2018,1,21,3,2,5,3,2,0,1,0,0,0,0,0,790468.0208,5825988.6232
201503,13.572259941484509,52.45064728241071,197504,197504,11,0,9,9,2018,1,19,3,3,5,2,2,1,1,0,0,0,0,0,810641.6398,5820998.46
201504,13.397312786577315,52.52859930670324,197505,197505,11,0,1,1,2018,1,20,4,3,5,3,2,1,1,0,0,0,0,1,798233.2779999999,5828923.8582
201505,13.315747556308155,52.4419575148086,197506,197506,11,0,6,6,2018,1,10,4,3,6,4,0,1,0,1,0,0,0,0,793280.6091,5818959.2827
201506,13.458644292420075,52.52705019770843,197507,197507,11,0,11,11,2018,1,18,3,3,5,2,0,1,1,0,0,0,0,0,802401.3661,5829007.1931
201507,13.393466036139019,52.528463210628274,197508,197508,11,0,1,1,2018,1,7,4,3,6,7,1,1,0,1,0,0,0,1,797973.4406,5828892.8239
201508,13.276393335688008,52.50724862156711,197509,197509,11,0,4,4,2018,1,18,3,3,2,6,2,0,1,0,1,0,0,0,790177.1608,5826057.3179
201509,13.360904907138442,52.494261868151035,197510,197510,11,0,7,7,2018,1,17,3,3,6,2,0,0,1,1,0,0,0,0,795996.2234,5824957.2925
201510,13.526663133020588,52.42879171297166,197511,197511,11,0,9,9,2018,1,7,4,3,5,2,1,0,1,0,0,0,1,1,807697.8896,5818374.0659
201511,13.326701175403144,52.46500039999934,197512,197512,11,0,7,7,2018,1,17,3,3,6,7,2,0,1,1,0,0,0,0,793870.9682,5821565.0588
201512,13.313270665711238,52.57528225065332,197513,197513,11,0,12,12,2018,1,15,4,3,6,4,0,0,1,1,0,0,0,0,792225.5277,5833768.3504
201513,13.329621670257065,52.53303734821568,197514,197514,11,0,1,1,2018,1,19,2,3,5,7,2,0,1,0,0,0,0,1,793615.0052,5829139.2604
201514,13.239621245096965,52.54503610319513,197515,197515,11,0,5,5,2018,1,16,4,3,6,4,0,0,1,1,0,0,0,0,787436.0481,5830110.2013
201515,13.605440242379515,52.48790425982146,197516,197516,11,0,10,10,2018,1,16,4,2,5,3,1,1,0,0,0,0,1,1,812630.1622,5825282.5281
201516,13.338130689596332,52.449400829406116,197517,197517,11,0,6,6,2018,1,18,2,3,1,7,2,0,1,0,0,0,0,1,794751.1733,5819877.7917
201517,13.49566998280571,52.62593246289492,197518,197518,11,0,3,3,2018,1,16,4,2,6,4,1,0,1,1,0,0,0,0,804224.9940000001,5840153.337
201518,13.320584092086055,52.50890843434069,197519,197519,11,0,4,4,2018,1,9,2,3,3,6,0,1,1,0,0,0,0,0,793163.2209,5826420.5477
201519,13.460920482314545,52.54551733127482,197520,197520,11,0,3,3,2018,1,16,2,3,0,6,0,1,1,0,0,0,0,1,802428.5628,5831069.2759
201520,13.442585899704994,52.516202899673345,197521,197521,11,0,2,2,2018,1,17,4,2,6,4,2,0,1,1,0,0,0,1,801387.1332,5827734.3182
201521,13.179945685564109,52.50405335981846,197522,197522,11,0,5,5,2018,1,21,2,3,1,5,2,0,1,0,0,0,1,1,783656.2968,5825318.4351
201522,13.427677717066235,52.420779177751605,197523,197523,11,0,8,8,2018,1,13,4,3,0,2,0,0,1,0,1,0,0,1,801027.5404,5817066.1459
201523,13.42688652048987,52.51579413743363,197524,197524,11,0,2,2,2018,1,20,2,3,5,3,2,0,1,0,0,0,1,1,800325.4238,5827623.3735
201524,13.370855291317381,52.49200574423399,197525,197525,11,0,7,7,2018,1,19,2,3,6,4,2,0,0,1,0,0,1,1,796686.4704,5824747.4125
201525,13.344326790522473,52.5041688425051,197526,197526,11,0,1,1,2018,1,18,4,3,5,3,2,1,1,0,0,0,0,0,794805.1793,5825990.5374
201526,13.297924434895522,52.57811718149127,197527,197527,11,0,12,12,2018,1,19,2,3,5,2,2,0,1,0,0,0,0,1,791167.5206,5834021.3233
201527,13.573188402432926,52.45016045161447,197528,197528,11,0,9,9,2018,1,12,4,3,5,7,0,0,1,0,0,0,1,0,810708.1165,5820948.3513
201528,13.396354767462773,52.529153793155864,197529,197529,11,0,1,1,2018,1,18,2,3,0,6,2,0,1,0,1,0,0,1,798164.5762,5828981.525
201529,13.323356087338658,52.43759118293051,197530,197530,11,0,6,6,2018,1,11,4,3,0,7,0,0,1,0,1,0,0,1,793826.4859999999,5818504.911
201530,13.271960775886619,52.481865864321506,197531,197531,11,0,4,4,2018,1,11,4,3,5,7,0,1,1,0,0,0,0,1,790043.7195,5823218.1444
201531,13.321431872643855,52.52576497885001,197532,197532,11,0,1,1,2018,1,18,2,3,6,4,2,0,1,1,0,0,0,1,793108.3652,5828297.6064
201532,13.396013646606699,52.5506978372936,197533,197533,11,0,1,1,2018,1,17,2,2,1,5,2,1,1,0,0,0,0,1,797995.33,5831374.685
201533,13.384621100782395,52.514442853741166,197534,197534,11,0,1,1,2018,1,9,4,3,5,3,0,0,1,0,0,0,0,1,797468.6883,5827297.9655
201534,13.511326052444373,52.505550047566096,197535,197535,11,0,11,11,2018,1,22,2,3,5,3,1,0,1,0,0,0,0,1,806122.1314,5826839.9141
201535,13.314836583761663,52.51487936081607,197536,197536,11,0,4,4,2018,1,18,4,3,2,6,2,0,1,0,0,0,0,0,792733.6955,5827060.8687
201536,13.404302788907149,52.5151253549501,197537,197537,11,0,1,1,2018,1,10,2,3,3,7,0,1,1,0,0,0,0,1,798798.6465,5827455.2074
201537,13.253190952335407,52.426117936224756,197538,197538,11,0,6,6,2018,1,8,4,3,2,6,0,0,1,0,0,0,0,1,789135.3306,5816946.324
201538,13.297248430186329,52.5115929872204,197539,197539,11,0,4,4,2018,1,17,2,3,0,6,2,1,0,0,1,0,0,1,791562.8169,5826624.324
201539,13.313363757225813,52.523197074809275,197540,197540,11,0,4,4,2018,1,18,4,3,5,2,2,1,1,0,0,0,0,0,792578.4865,5827979.4101
201540,13.582040279970085,52.44282517963315,197541,197541,11,0,9,9,2018,1,7,4,2,6,2,1,0,1,1,0,0,0,1,811360.9905,5820171.2669
201541,13.439543074970667,52.56806492340806,197542,197542,11,0,3,3,2018,1,17,2,3,6,2,2,0,1,1,0,0,0,1,800825.5567,5833485.8592
201542,13.433303816283344,52.47664741049272,197543,197543,11,0,8,8,2018,1,7,4,3,1,5,1,1,1,0,0,0,0,1,801028.1689,5823299.1262
201543,13.326403369513415,52.604482991163216,197544,197544,11,0,12,12,2018,1,17,2,3,6,2,1,0,1,1,0,0,0,1,792919.7879,5837067.3849
201544,13.452617770063377,52.534082424863264,197545,197545,11,0,3,3,2018,1,16,2,3,2,6,2,0,1,0,0,0,0,0,801944.5345,5829763.5284
201545,13.288271994048534,52.513060793732635,197546,197546,11,0,4,4,2018,1,7,4,3,6,2,1,0,1,1,0,0,0,1,790944.3659999999,5826751.2155
201546,13.183203845455198,52.53982346211578,197547,197547,11,0,5,5,2018,1,17,2,3,5,2,2,1,0,0,0,0,1,1,783646.5128,5829307.3036
201547,13.328154148272938,52.53491777715449,197548,197548,11,0,1,1,2018,1,7,4,3,0,6,1,0,1,0,1,0,0,1,793502.9783,5829342.2942
201548,13.372439365218046,52.556670698013384,197549,197549,11,0,1,1,2018,1,17,2,2,2,6,2,0,1,0,0,0,1,0,796357.7981,5831941.342
201549,13.504126403090199,52.534624987860745,197550,197550,11,0,11,11,2018,1,5,4,3,0,1,2,0,1,0,1,0,0,1,805431.8419,5830040.8558
201550,13.290942047584352,52.53744292584754,197551,197551,11,0,4,4,2018,1,16,2,3,0,1,2,1,0,0,0,0,0,1,790964.0531,5829472.106000001
201551,13.549446729872555,52.54509676696336,197552,197552,11,0,10,10,2018,1,15,2,3,5,3,0,1,1,0,0,0,0,0,808429.8958,5831397.726
201552,13.35958404680254,52.50422102926754,197553,197553,11,0,1,1,2018,1,13,4,3,5,3,0,1,1,0,0,0,0,1,795839.6645,5826058.821
201553,13.34327213154798,52.5318069231186,197554,197554,11,0,1,1,2018,1,14,2,3,5,2,0,0,1,0,0,0,0,0,794548.4990000001,5829058.187000001
201554,13.401211031142662,52.59527732082419,197555,197555,11,0,3,3,2018,1,6,3,2,0,5,2,0,1,0,0,0,0,0,798044.613,5836351.0985
201555,13.530261499282837,52.53798462282303,197556,197556,11,0,10,10,2018,1,14,2,2,3,6,0,0,1,0,0,1,0,0,807179.6588,5830525.3268
201556,13.37940891021391,52.529427775835636,197557,197557,11,0,1,1,2018,1,14,2,3,5,2,0,1,0,0,0,0,1,0,797014.0274,5828942.0214
201557,13.342013124710991,52.4906151300784,197558,197558,11,0,7,7,2018,1,23,3,3,5,2,2,1,1,0,0,0,0,1,794738.997,5824474.5937
201558,13.491826265978146,52.51181442775538,197559,197559,11,0,11,11,2018,1,14,2,3,3,2,0,0,1,0,0,1,0,0,804756.2552,5827453.5515
201559,13.340602045672796,52.488481553575674,197560,197560,11,0,7,7,2018,1,7,3,3,6,4,0,0,1,1,0,0,0,0,794657.538,5824231.6825
201560,13.460558860107017,52.43200779930791,197561,197561,11,0,8,8,2018,1,9,3,3,2,6,0,0,1,0,0,0,1,1,803184.7346,5818451.7675
201561,13.457745682488545,52.52878188616937,197562,197562,11,0,3,3,2018,1,9,2,3,5,2,0,0,1,0,0,0,0,1,802328.5426,5829195.8926
201562,13.306409675829256,52.51878923865137,197563,197563,11,0,4,4,2018,1,12,3,3,5,2,0,1,1,0,0,0,0,0,792136.2959,5827461.2766
201563,13.326265855409734,52.53797680129103,197564,197564,11,0,4,4,2018,1,10,3,3,5,2,0,0,1,0,0,0,0,0,793354.575,5829674.619
201564,13.152755518070245,52.54996428785001,197565,197565,11,0,5,5,2018,1,7,2,3,2,6,0,0,1,0,0,0,0,1,781517.9087,5830315.155
201565,13.418846604086886,52.51038045833246,197566,197566,11,0,1,1,2018,1,9,2,2,6,4,0,0,1,1,0,0,0,1,799817.1641,5826988.2014
201566,13.438969391067298,52.48040595190892,197567,197567,11,0,8,8,2018,1,9,3,3,5,3,0,0,1,0,0,0,0,0,801386.9501,5823740.5296
201567,13.31542830763258,52.57793504628884,197568,197568,11,0,12,12,2018,1,9,2,3,5,2,0,0,1,0,0,0,1,1,792353.9654,5834071.9654
201568,13.431392625363559,52.497600761021424,197569,197569,11,0,2,2,2018,1,7,3,3,1,5,0,1,0,0,0,1,0,1,800755.3018,5825620.0314
201569,13.535617682604835,52.43054472998241,197570,197570,11,0,9,9,2018,1,7,3,3,5,3,1,0,1,0,0,0,0,1,808293.9937,5818607.1109
201570,13.397906875712387,52.43843263021896,197571,197571,11,0,7,7,2018,1,10,3,3,1,5,0,0,1,0,0,0,1,0,798884.9068,5818904.5443
201571,13.540938922360606,52.43577114725615,197572,197572,11,0,9,9,2018,1,8,2,3,3,6,0,0,1,0,0,1,0,0,808618.9256,5819210.7242
201572,13.346997818730376,52.5402405436485,197573,197573,11,0,1,1,2018,1,6,3,3,6,4,2,0,1,1,0,0,0,0,794744.4793,5830010.8102
201573,13.359300171986234,52.574250675867965,197574,197574,11,0,12,12,2018,1,6,3,2,6,2,2,0,1,1,0,0,0,1,795349.4134,5833841.39
201574,13.318860402922267,52.49814462180371,197575,197575,11,0,4,4,2018,1,8,2,3,5,3,0,1,1,0,0,0,0,1,793118.0079999999,5825217.1395
201575,13.500319552223552,52.567119689385,197576,197576,11,0,11,11,2018,1,10,3,3,2,6,0,0,1,0,0,0,1,1,804948.1604,5833636.3103
201576,13.55902933838432,52.446936676786144,197577,197577,11,0,9,9,2018,1,5,3,3,3,6,2,0,1,0,0,0,1,1,809769.3076,5820529.182
201577,13.197379512166894,52.531700780013274,197578,197578,11,0,5,5,2018,1,7,2,2,3,6,0,0,1,0,1,0,0,1,784659.8551,5828460.2985
201578,13.507492491071096,52.56424318743396,197579,197579,11,0,11,11,2018,1,17,3,3,5,2,2,1,1,0,0,0,0,1,805453.9593,5833346.9914
201579,13.552277889966394,52.42811636887745,197580,197580,11,0,9,9,2018,1,7,2,3,2,6,0,0,1,0,0,0,1,0,809442.8369,5818408.5165
201580,13.36407342504564,52.52793349432591,197581,197581,11,0,1,1,2018,1,7,2,3,5,3,1,1,1,0,0,0,0,1,795984.5511,5828712.859
201581,13.443583531828613,52.51498331250805,197582,197582,11,0,2,2,2018,1,18,3,3,1,5,2,1,0,0,0,0,1,1,801463.1366,5827602.9373
201582,13.443494420749072,52.46436818059311,197583,197583,11,0,8,8,2018,1,7,2,3,2,7,0,0,1,0,0,0,0,0,801803.875,5821976.9231
201583,13.357068171118922,52.44868662493554,197584,197584,11,0,6,6,2018,1,18,3,2,6,4,2,0,1,1,0,0,0,0,796042.0234,5819875.9257
201584,13.27481428606474,52.46044846260417,197585,197585,11,0,6,6,2018,1,7,2,3,5,2,1,1,1,0,0,0,0,1,790378.4838,5820849.0389
201585,13.392860012885413,52.41260122836238,197586,197586,11,0,7,7,2018,1,17,3,3,6,2,2,0,1,1,0,0,0,0,798716.8982,5816012.5755
201586,13.381451592931725,52.44055222771821,197587,197587,11,0,7,7,2018,1,7,2,3,5,2,2,1,1,0,0,0,0,0,797752.8477,5819072.1154
201587,13.456981546761774,52.53123070586227,197588,197588,11,0,3,3,2018,1,16,3,3,5,3,1,1,1,0,0,0,0,1,802259.9076,5829464.8626
201588,13.314446530773733,52.56740499987932,197589,197589,11,0,12,12,2018,1,7,2,3,6,4,2,0,1,1,0,0,0,1,792357.6096,5832897.5553
201589,13.422380844112565,52.499045630926744,197590,197590,11,0,2,2,2018,1,6,2,3,6,4,1,0,1,1,0,0,0,0,800134.1415,5825743.0781
201590,13.62138871813475,52.53185846994236,197591,197591,11,0,10,10,2018,1,16,3,3,6,4,1,0,1,1,0,0,0,1,813398.8634,5830236.7898
201591,13.174585073547751,52.540146500954464,197592,197592,11,0,5,5,2018,1,6,2,2,6,4,2,0,1,1,0,0,0,1,783060.2977,5829309.3329
201592,13.28515892016065,52.49511401897074,197593,197593,11,0,4,4,2018,1,12,1,3,0,1,0,0,0,0,1,0,0,1,790851.8478,5824743.8451
201593,13.383733335312956,52.55148840688033,197594,197594,11,0,1,1,2018,1,16,3,3,0,7,0,0,1,0,0,0,0,1,797157.9544,5831411.8468
201594,13.412491089028759,52.444626858144034,197595,197595,11,0,7,7,2018,1,10,1,3,6,4,0,0,1,1,0,0,0,0,799833.4417,5819653.5063
201595,13.486757053965249,52.502069708638466,197596,197596,11,0,11,11,2018,1,15,3,2,5,3,0,1,1,0,0,0,0,1,804479.9398,5826349.0705
201596,13.478171428993466,52.51496998078414,197597,197597,11,0,11,11,2018,1,17,1,3,2,7,2,1,1,0,0,0,0,0,803808.5135,5827746.6427
201597,13.372799509696915,52.483959236703846,197598,197598,11,0,7,7,2018,1,15,3,3,1,5,0,1,1,0,0,0,0,1,796872.6231,5823861.0573
201598,13.436105075054623,52.49798075354389,197599,197599,11,0,2,2,2018,1,15,1,3,6,4,0,0,0,1,0,0,1,0,801072.3669,5825681.9297
201599,13.35243189227574,52.52410991669331,197600,197600,11,0,1,1,2018,1,15,3,3,6,2,0,0,1,1,0,0,0,1,795221.0549,5828240.137
201600,13.411939102134454,52.531282229317725,197601,197601,11,0,3,3,2018,1,14,1,3,5,2,0,1,1,0,0,0,0,1,799206.4887,5829282.669
201601,13.426008281654015,52.50605477564248,197602,197602,11,0,1,1,2018,1,8,3,3,5,2,0,1,1,0,0,0,0,0,800332.3572,5826537.2215
201602,13.18332010991087,52.540542201088044,197603,197603,11,0,5,5,2018,1,13,1,2,6,4,0,0,1,1,0,0,0,1,783649.7541,5829387.6531
201603,13.421207213160152,52.50983979916187,197604,197604,11,0,1,1,2018,1,12,3,3,0,2,0,1,0,0,0,0,1,0,799980.9345,5826937.9275
201604,13.492978882641092,52.45803055839338,197605,197605,11,0,9,9,2018,1,22,1,3,8,1,2,0,1,0,0,0,0,1,805206.9958,5821480.6988
201605,13.537197381710069,52.41367949162152,197606,197606,11,0,9,9,2018,1,20,3,3,1,5,2,0,1,0,0,0,0,1,808519.1956,5816739.4361
201606,13.373064311483116,52.538192458148615,197607,197607,11,0,1,1,2018,1,8,1,3,2,6,0,0,1,0,0,0,0,1,796524.8204,5829890.0809
201607,13.275546611548958,52.48698589569914,197608,197608,11,0,4,4,2018,1,9,3,1,1,5,0,1,0,0,0,1,0,1,790253.3142,5823801.6691
201608,13.432968830022313,52.464563265697144,197609,197609,11,0,8,8,2018,1,19,1,3,3,6,2,0,1,0,0,0,0,1,801088.0092,5821954.6274
201609,13.429165538280834,52.5419110597613,197610,197610,11,0,3,3,2018,1,11,2,3,0,5,0,0,1,0,0,0,1,0,800301.5038,5830535.6688
201610,13.226906895705712,52.549358850407344,197611,197611,11,0,5,5,2018,1,19,1,3,6,4,2,0,0,1,0,0,1,1,786546.2636,5830540.0666
201611,13.325952615565116,52.49443343298224,197612,197612,11,0,4,4,2018,1,18,1,3,6,4,2,1,0,1,0,0,0,1,793623.8687,5824833.4894
201612,13.324795960076651,52.602123591556044,197613,197613,11,0,12,12,2018,1,19,2,3,5,2,2,0,1,0,0,0,0,1,792826.7686,5836798.5987
201613,13.333771247269194,52.507158200556795,197614,197614,11,0,4,4,2018,1,18,1,3,3,6,2,1,1,0,0,0,0,0,794069.2592,5826279.7043
201614,13.387554270864928,52.56029381724633,197615,197615,11,0,1,1,2018,1,19,2,3,0,7,2,0,0,0,1,0,0,1,797357.2094,5832406.3142
201615,13.389988882253025,52.511228007741934,197616,197616,11,0,1,1,2018,1,15,7,3,6,4,0,0,0,1,0,0,1,0,797854.4397,5826962.8023
201616,13.408710619885369,52.5540231127867,197617,197617,11,0,3,3,2018,1,18,2,2,2,2,2,1,1,0,0,0,0,1,798832.9612,5831796.859
201617,13.46452833837943,52.47011228942864,197618,197618,11,0,8,8,2018,1,16,2,3,3,6,0,0,1,0,0,0,1,0,803192.2312,5822703.5472
201618,13.401909185611787,52.414653638505676,197619,197619,11,0,8,8,2018,1,14,7,3,2,6,0,0,1,0,0,0,0,0,799318.0207,5816278.1726
201619,13.3776515243455,52.4249750204695,197620,197620,11,0,7,7,2018,1,13,2,3,1,5,0,1,1,0,0,0,0,0,797599.7925,5817325.0761
201620,13.565480910295772,52.39878147641645,197621,197621,11,0,9,9,2018,1,14,7,3,5,3,0,0,1,0,0,0,0,0,810546.1314,5815204.9229
201621,13.27665858034364,52.5125989382111,197622,197622,11,0,4,4,2018,1,13,7,3,5,2,0,1,1,0,0,0,0,0,790159.8636,5826653.0839
201622,13.441898036335752,52.46828568017548,197623,197623,11,0,8,8,2018,1,13,2,3,5,2,0,0,1,0,0,0,0,0,801668.6822,5822405.6581
201623,13.391839419823151,52.509567451522855,197624,197624,11,0,1,1,2018,1,11,7,3,5,3,0,0,1,0,0,0,0,0,797991.1796,5826785.8814
201624,13.376527978961755,52.49154803879609,197625,197625,11,0,2,2,2018,2,9,6,3,2,6,0,0,1,0,0,0,0,0,797074.4175,5824719.8898
201625,13.329107733303212,52.47153022956569,197626,197626,11,0,7,7,2018,1,11,2,3,0,6,0,0,1,0,1,0,0,1,793990.771,5822300.652000001
201626,13.54012810927336,52.52566472541794,197627,197627,11,0,10,10,2018,1,7,7,3,5,2,2,1,1,0,0,0,0,1,807934.6073,5829198.1688
201627,13.37926346308793,52.48501237323363,197628,197628,11,0,2,2,2018,2,6,6,3,9,1,1,0,0,0,1,0,0,0,797304.1340000001,5824004.735
201628,13.395627632444253,52.45426087997868,197629,197629,11,0,7,7,2018,1,10,2,3,5,3,0,0,1,0,0,0,0,1,798622.8753,5820654.3701
201629,13.416719296476028,52.511502398011544,197630,197630,11,0,1,1,2018,1,2,7,3,6,4,2,0,1,1,0,0,0,0,799665.2589,5827104.0577
201630,13.623538857326832,52.51398744504971,197631,197631,11,0,10,10,2018,2,6,6,3,0,1,1,1,0,0,0,0,0,2,813672.0635,5828259.9835
201631,13.2833325203222,52.506394718925456,197632,197632,11,0,4,4,2018,2,13,5,3,0,6,0,1,0,0,0,0,1,0,790653.4357,5825990.3506
201632,13.388854063012472,52.48981211431745,197633,197633,11,0,2,2,2018,1,10,2,3,6,4,0,1,0,1,0,0,0,0,797922.4228,5824577.7885
201633,13.396656050730993,52.492128384879635,197634,197634,11,0,2,2,2018,2,9,5,3,5,7,0,1,1,0,0,0,0,0,798436.0626,5824867.4918
201634,13.440647521273124,52.51714319845175,197635,197635,11,0,2,2,2018,1,15,7,3,2,2,0,0,1,0,0,0,0,0,801249.2608,5827830.7271
201635,13.299667315667064,52.44026244402453,197636,197636,11,0,6,6,2018,2,10,5,2,6,7,0,1,0,1,0,0,0,0,792199.6206,5818705.6542