,X,Y,OBJECTID_1,OBJECTID,ULAND,UREGBEZ,UKREIS,UGEMEINDE,UJAHR,UMONAT,USTUNDE,UWOCHENTAG,UKATEGORIE,UART,UTYP1,ULICHTVERH,IstRad,IstPKW,IstFuss,IstKrad,IstGkfz,IstSonstig,STRZUSTAND,LINREFX,LINREFY
201636,13.385559188975707,52.46858781757717,197637,197637,11,0,7,7,2018,1,10,2,3,5,2,0,0,1,0,0,0,0,0,797842.3687,5822205.1534
201637,13.442365867257607,52.514367259308365,197638,197638,11,0,2,2,2018,1,9,2,3,2,7,0,1,0,0,0,0,1,0,801384.7916,5827529.3749
201638,13.345185212523123,52.5542261542352,197639,197639,11,0,1,1,2018,1,9,7,3,5,3,0,0,1,0,0,0,0,0,794527.8709999999,5831557.8964
201639,13.452040518950035,52.56384260399276,197640,197640,11,0,3,3,2018,2,10,5,2,5,3,0,1,0,0,0,0,0,0,801700.9573,5833068.8222
201640,13.3596618444994,52.50986038709657,197641,197641,11,0,1,1,2018,1,8,2,3,2,6,0,0,1,0,0,0,1,1,795807.0259,5826685.9483
201641,13.459387286296625,52.560065453352216,197642,197642,11,0,3,3,2018,1,16,7,3,8,1,0,0,1,0,0,0,0,0,802224.5582,5832679.7984
201642,13.441233612707205,52.4770195968482,197643,197643,11,0,8,8,2018,1,23,7,3,5,7,2,1,1,0,0,0,0,0,801563.787,5823373.6147
201643,13.309906096781466,52.50037537168868,197644,197644,11,0,4,4,2018,2,19,5,3,2,6,2,0,1,0,0,0,0,0,792495.7586,5825428.7335
201644,13.444776137894747,52.58030735796528,197645,197645,11,0,3,3,2018,1,8,2,2,9,1,0,0,1,0,0,0,0,1,801095.9686,5834868.4204
201645,13.361457099746952,52.545783528291174,197646,197646,11,0,1,1,2018,2,19,5,3,6,7,2,0,1,1,0,0,0,0,795687.0841,5830686.1338
201646,13.33896415280516,52.464317234882344,197647,197647,11,0,6,6,2018,1,7,2,3,0,1,1,0,0,0,1,0,0,1,794708.0312,5821539.1433
201647,13.33108294356004,52.503688918674,197648,197648,11,0,4,4,2018,2,19,5,3,2,6,2,1,1,0,0,0,0,0,793910.1053,5825883.1343
201648,13.43666077917759,52.52964251395247,197649,197649,11,0,3,3,2018,1,7,2,2,0,3,0,1,0,0,0,0,0,0,800893.4012,5829203.3248
201649,13.379354371696394,52.524245451825244,197650,197650,11,0,1,1,2018,2,12,5,3,6,4,0,0,0,1,0,0,1,0,797045.34,5828365.7905
201650,13.552253341704645,52.439363272170105,197651,197651,11,0,9,9,2018,1,22,7,3,5,3,2,0,1,0,0,0,0,0,809362.2816,5819658.4003
201651,13.43638593242988,52.509790600432176,197652,197652,11,0,2,2,2018,2,19,5,3,5,7,2,1,1,0,0,0,0,0,801010.6196,5826995.7176
201652,13.26286845797548,52.43928626557924,197653,197653,11,0,6,6,2018,1,7,2,3,5,3,0,0,1,0,0,0,0,0,789706.4252,5818448.8122
201653,13.386028653933087,52.55875583420685,197654,197654,11,0,1,1,2018,1,20,7,3,6,4,2,0,0,1,0,0,1,1,797264.2772,5832229.0754
201654,13.415328188783235,52.52689386283859,197655,197655,11,0,1,1,2018,2,18,5,3,5,2,2,1,1,0,0,0,0,0,799466.1002,5828808.9888
201655,13.143348492467293,52.454667796449144,197656,197656,11,0,5,5,2018,1,7,2,3,5,2,0,1,1,0,0,0,0,0,781489.3023,5819685.589
201656,13.38625975003149,52.591228798814505,197657,197657,11,0,3,3,2018,1,7,2,2,6,4,0,0,1,1,0,0,0,0,797060.0695,5835839.3453
201657,13.51815801506458,52.4219940222408,197658,197658,11,0,8,8,2018,1,19,7,2,6,4,2,0,1,1,0,0,0,1,807167.3836,5817582.3325
201658,13.371222127346833,52.558733131636494,197659,197659,11,0,1,1,2018,1,17,7,3,5,2,1,0,1,0,0,0,0,0,796261.4246,5832165.5737
201659,13.407705844358635,52.50409653367052,197660,197660,11,0,2,2,2018,2,17,5,2,6,4,2,0,1,1,0,0,0,0,799104.3717,5826243.4956
201660,13.414694827998927,52.504615961174174,197661,197661,11,0,1,1,2018,1,18,1,3,6,7,2,0,1,1,0,0,0,0,799574.8599,5826330.2409
201661,13.533254553757176,52.49122464848545,197662,197662,11,0,11,11,2018,1,11,6,3,4,6,0,1,0,0,0,0,1,0,807709.4612,5825341.0877
201662,13.411326899370007,52.50437813106717,197663,197663,11,0,2,2,2018,2,17,5,3,2,6,2,0,1,0,0,0,0,0,799348.0525,5826289.8202
201663,13.419665740963536,52.49900173243041,197664,197664,11,0,2,2,2018,1,3,1,2,6,4,2,0,1,1,0,0,0,1,799950.2695,5825726.9023
201664,13.372403162213788,52.53862398286642,197665,197665,11,0,1,1,2018,2,11,5,3,6,4,0,0,1,1,0,0,0,0,796477.1015,5829935.3246
201665,13.486711066510903,52.55648447257986,197666,197666,11,0,3,3,2018,1,4,1,2,5,7,2,0,1,0,0,0,1,1,804100.1718,5832396.7528
201666,13.362123892232876,52.49991872951089,197667,197667,11,0,1,1,2018,2,20,7,3,6,2,2,0,1,1,0,0,0,0,796040.8711,5825591.0487
201667,13.455702054743044,52.43031345598335,197668,197668,11,0,8,8,2018,2,17,4,3,2,6,2,0,1,0,0,0,0,0,802866.4197,5818243.0602
201668,13.388669956888235,52.561438253248504,197669,197669,11,0,1,1,2018,2,19,7,3,4,1,2,0,1,0,1,0,0,0,797425.0326,5832538.1208
201669,13.397721376301154,52.39598338359409,197670,197670,11,0,7,7,2018,2,18,3,2,6,2,2,0,1,1,0,0,0,0,799159.8558,5814185.6838
201670,13.386617786164406,52.44215490486122,197671,197671,11,0,7,7,2018,2,20,7,3,2,2,2,0,1,0,0,0,0,0,798092.9205,5819271.5748
201671,13.369912925346696,52.467116587616175,197672,197672,11,0,7,7,2018,2,18,7,3,2,6,2,0,1,0,0,0,0,0,796790.2067,5821977.1507
201672,13.505852171853864,52.53472762293625,197673,197673,11,0,11,11,2018,2,16,7,3,6,4,1,0,1,1,0,0,0,0,805548.0925,5830059.5776
201673,13.407698290425403,52.57392132911743,197674,197674,11,0,3,3,2018,2,7,4,3,5,2,0,1,1,0,0,0,0,1,798629.0151,5834004.297
201674,13.412629079239533,52.506059956970994,197675,197675,11,0,1,1,2018,2,15,7,3,2,2,0,0,1,0,1,0,0,0,799424.9268,5826482.1563
201675,13.499387722592822,52.51815265531846,197676,197676,11,0,11,11,2018,2,9,3,3,5,3,0,0,1,0,0,0,0,1,805225.0141,5828189.9927
201676,13.355988377282774,52.59774975698164,197677,197677,11,0,12,12,2018,2,14,7,3,6,7,0,0,1,1,0,0,0,1,794967.1213,5836439.7324
201677,13.207794621791791,52.53869176934239,197678,197678,11,0,5,5,2018,2,12,7,3,2,6,0,0,1,0,0,0,0,0,785320.4823,5829278.556
201678,13.307423051826534,52.443289741009394,197679,197679,11,0,6,6,2018,2,1,7,3,4,6,2,1,0,0,0,0,1,2,792706.343,5819073.566000001
201679,13.315781607847295,52.49652101116879,197680,197680,11,0,4,4,2018,2,12,3,3,5,2,0,1,1,0,0,0,0,1,792919.9595,5825024.1657
201680,13.434515890638306,52.462445000277775,197681,197681,11,0,8,8,2018,2,19,7,1,6,4,2,0,1,1,0,0,0,0,801207.51,5821725.649
201681,13.345502316920127,52.52631296729228,197682,197682,11,0,1,1,2018,2,11,6,3,5,7,0,1,1,0,0,0,0,0,794736.4966,5828456.6512
201682,13.404367867357905,52.522219036680575,197683,197683,11,0,1,1,2018,2,10,2,3,6,7,0,1,0,1,0,0,0,0,798754.8684,5828243.92
201683,13.32844390346108,52.56243108454197,197684,197684,11,0,12,12,2018,2,19,6,3,3,6,2,0,1,0,0,0,0,0,793338.8614,5832401.5888
201684,13.405242702477127,52.49662682801553,197685,197685,11,0,2,2,2018,2,6,2,3,5,3,1,1,0,0,0,0,0,1,798988.053,5825403.046
201685,13.572288145889475,52.54641378786845,197686,197686,11,0,10,10,2018,2,17,6,3,2,2,2,0,1,0,0,0,0,0,809968.2804,5831642.1072
201686,13.536370499559007,52.43286444876932,197687,197687,11,0,9,9,2018,2,14,6,3,5,2,0,0,1,0,0,0,0,0,808328.923,5818868.1435
201687,13.295685366981877,52.49393951947145,197688,197688,11,0,4,4,2018,2,10,4,3,2,6,0,0,1,0,0,0,0,0,791573.7543,5824655.7998
201688,13.279228726846835,52.50311758475422,197689,197689,11,0,4,4,2018,2,14,6,3,2,6,0,0,1,0,0,0,0,0,790396.725,5825609.5585
201689,13.443463719027607,52.50373936495305,197690,197690,11,0,2,2,2018,2,6,3,3,0,1,1,0,0,0,1,0,0,2,801532.0683,5826352.721
201690,13.480511715480066,52.425534221518056,197691,197691,11,0,8,8,2018,2,13,6,3,2,6,0,0,1,0,0,0,1,0,804584.9084,5817816.2729
201691,13.376760161123352,52.491560983810615,197692,197692,11,0,2,2,2018,2,13,6,3,5,2,0,0,1,0,0,0,0,0,797090.0825,5824722.285
201692,13.392353452896687,52.52437440763932,197693,197693,11,0,1,1,2018,2,13,6,3,6,4,0,0,1,1,0,0,0,0,797925.7258,5828433.7644
201693,13.269305396330953,52.5330455176225,197694,197694,11,0,5,5,2018,2,21,4,3,1,1,2,0,1,0,0,0,1,2,789526.5681,5828896.2074
201694,13.30072728188824,52.48807600699434,197695,197695,11,0,4,4,2018,2,12,6,3,2,2,0,0,1,0,0,0,0,0,791954.6922,5824024.4592
201695,13.476712328715134,52.55111185279005,197696,197696,11,0,3,3,2018,2,11,6,3,1,5,0,0,1,0,0,0,0,0,803459.9565,5831757.4641
201696,13.444602538466098,52.44580571585034,197697,197697,11,0,8,8,2018,2,1,3,3,0,5,2,0,1,0,0,0,1,1,802006.2498,5819918.4314
201697,13.413685865424616,52.52512891798271,197698,197698,11,0,1,1,2018,2,15,6,3,5,3,0,1,1,0,0,0,0,0,799366.7852,5828605.9994
201698,13.515913600378376,52.546345502541286,197699,197699,11,0,11,11,2018,2,7,6,3,5,2,1,1,1,0,0,0,0,0,806149.0497,5831393.5238
201699,13.437983895183168,52.478962142075346,197700,197700,11,0,8,8,2018,2,13,4,3,6,2,0,0,1,1,0,0,0,0,801329.9522,5823575.9393
201700,13.424010264070446,52.477220322734524,197701,197701,11,0,8,8,2018,2,7,6,3,5,3,1,0,1,0,0,0,0,0,800393.5403,5823324.0608
201701,13.292675959576108,52.49662094007193,197702,197702,11,0,4,4,2018,2,14,2,3,1,5,0,1,1,0,0,0,0,0,791351.8395,5824941.6816
201702,13.403684195527784,52.53249545959942,197703,197703,11,0,1,1,2018,2,22,6,2,0,1,2,1,0,0,0,0,0,0,798638.7075,5829383.2837
201703,13.432044186913865,52.50978816416798,197704,197704,11,0,2,2,2018,2,21,6,2,0,1,2,1,0,0,0,0,0,2,800716.2,5826977.3301
201704,13.257364409262786,52.51633104817917,197705,197705,11,0,4,4,2018,2,19,4,3,6,4,2,0,1,1,0,0,0,0,788826.9292,5826990.4548
201705,13.424371083184102,52.55223760870759,197706,197706,11,0,3,3,2018,2,19,6,2,6,4,2,0,1,1,0,0,0,0,799906.1045,5831663.464
201706,13.349500250227466,52.54209218307778,197707,197707,11,0,1,1,2018,2,14,3,3,5,2,0,0,1,0,0,0,0,0,794901.6436,5830226.855
201707,13.183684322859659,52.53415121395535,197708,197708,11,0,5,5,2018,2,4,6,3,1,1,2,0,1,0,0,0,0,0,783715.6853,5828678.6912
201708,13.53742568853952,52.418381245613205,197709,197709,11,0,9,9,2018,2,5,6,3,2,6,2,0,1,0,0,0,0,0,808501.8483,5817262.9704
201709,13.378351864415732,52.574917791066845,197710,197710,11,0,3,3,2018,2,16,2,3,2,6,1,0,1,0,0,0,0,1,796635.0292,5833993.8128
201710,13.584790354533114,52.4415535397181,197711,197711,11,0,9,9,2018,2,6,6,3,2,6,2,1,1,0,0,0,0,0,811556.7464,5820041.8072
201711,13.390999678288805,52.503652205032644,197712,197712,11,0,2,2,2018,2,12,5,3,6,7,0,0,1,1,0,0,0,0,797974.2877,5826124.9457
201712,13.5059357034972,52.575458712205474,197713,197713,11,0,11,11,2018,2,17,2,3,5,3,1,0,1,0,1,0,0,0,805270.5115,5834586.9257
201713,13.438091817883091,52.453861105944654,197714,197714,11,0,8,8,2018,2,17,4,3,1,5,2,0,1,0,0,0,1,0,801508.9881,5820786.5233
201714,13.424481858035042,52.607445764379996,197715,197715,11,0,3,3,2018,2,9,5,3,5,3,0,1,1,0,0,0,0,0,799536.526,5837800.1397
201715,13.505732081473422,52.563591880150796,197716,197716,11,0,11,11,2018,2,19,3,3,6,4,2,0,1,1,0,0,0,0,805339.2576,5833267.1408
201716,13.404350979928873,52.533180045402574,197717,197717,11,0,1,1,2018,2,8,5,3,5,3,0,1,1,0,0,0,0,0,798679.2511,5829462.1363
201717,13.53737951603224,52.39717464074293,197718,197718,11,0,9,9,2018,2,8,2,3,6,4,0,0,0,1,0,0,1,0,808646.918,5814905.8468
201718,13.437309430186364,52.55472369804996,197719,197719,11,0,3,3,2018,2,7,2,3,5,2,1,1,1,0,0,0,0,1,800765.6488,5831993.7082
201719,13.343714543740568,52.546312483542955,197720,197720,11,0,1,1,2018,2,8,5,3,5,2,0,0,1,0,0,0,0,0,794481.2772,5830672.2838
201720,13.301728821683334,52.50974431685706,197721,197721,11,0,4,4,2018,2,9,5,2,5,3,0,0,1,0,0,0,0,0,791878.9215,5826436.9678
201721,13.45492453861011,52.59330214824982,197722,197722,11,0,3,3,2018,2,8,4,3,2,7,0,0,1,0,0,0,0,1,801693.6958,5836355.2033
201722,13.177234692207534,52.52522939945425,197723,197723,11,0,5,5,2018,2,12,2,3,5,3,0,1,1,0,0,0,0,0,783335.9934,5827661.6157
201723,13.417729432250075,52.51391611617575,197724,197724,11,0,1,1,2018,2,9,5,3,0,1,0,1,0,0,0,0,0,2,799717.313,5827376.5331
201724,13.346231130889889,52.496885239927785,197725,197725,11,0,7,7,2018,2,14,5,3,3,6,0,0,1,0,0,0,0,0,794983.1576,5825188.7568
201725,13.588327638050961,52.51244707370449,197726,197726,11,0,10,10,2018,2,15,4,2,6,4,0,0,1,1,0,0,0,0,811295.4863,5827936.1631
201726,13.32217410564736,52.484740710941175,197727,197727,11,0,4,4,2018,2,14,5,3,0,6,0,0,1,0,0,0,1,0,793432.1193,5823740.7658
201727,13.342575533859224,52.50471063660586,197728,197728,11,0,1,1,2018,2,10,3,3,1,5,0,0,1,0,0,0,0,1,794682.7703,5826043.5996
201728,13.527599118257859,52.513624525705715,197729,197729,11,0,11,11,2018,2,15,5,3,1,5,0,0,1,0,0,0,1,0,807169.3798,5827806.5436
201729,13.4905760671225,52.543216366958674,197730,197730,11,0,11,11,2018,2,15,5,3,5,3,0,1,1,0,0,0,0,0,804453.9374,5830938.4007
201730,13.39854039190523,52.41957067084801,197731,197731,11,0,7,7,2018,2,8,2,3,5,2,0,1,1,0,0,0,0,1,799055.7535,5816810.7229
201731,13.423892584768211,52.51322129718393,197732,197732,11,0,2,2,2018,2,18,5,3,2,6,2,0,1,0,0,0,0,0,800139.9719,5827324.9444
201732,13.593191514952853,52.45233182083845,197733,197733,11,0,9,9,2018,2,18,5,3,0,3,2,0,1,0,0,0,1,0,812051.0313,5821276.0019
201733,13.3883630753192,52.509239151106094,197734,197734,11,0,1,1,2018,2,18,5,3,0,3,2,0,0,0,1,0,1,0,797757.6477,5826735.0305
201734,13.386628487794395,52.51198070519697,197735,197735,11,0,1,1,2018,2,10,4,3,5,3,0,0,1,0,0,0,0,1,797621.4654,5827032.5868
201735,13.304925143346894,52.601355659665835,197736,197736,11,0,12,12,2018,2,19,5,2,1,5,2,0,0,0,1,0,1,0,791487.1118,5836632.6346
201736,13.327927429664893,52.468957293734256,197737,197737,11,0,7,7,2018,2,6,3,3,1,5,1,1,1,0,0,0,0,1,793927.8197,5822009.8617
201737,13.417008897153964,52.418216199794884,197738,197738,11,0,8,8,2018,2,20,5,3,6,2,2,0,1,1,0,0,0,0,800320.0004,5816736.8462
201738,13.307977538732299,52.47078518845045,197739,197739,11,0,4,4,2018,2,20,5,3,1,5,2,0,1,0,0,0,0,0,792561.463,5822131.9453
201739,13.523325928571033,52.52877970344183,197740,197740,11,0,10,10,2018,2,7,3,3,2,6,0,0,1,0,0,0,0,2,806773.8793,5829472.7303
201740,13.488369984447775,52.45131752049366,197741,197741,11,0,9,9,2018,2,23,5,3,5,2,2,1,1,0,0,0,0,0,804940.517,5820715.1024
201741,13.338088636762938,52.50196846440311,197742,197742,11,0,4,4,2018,2,21,4,3,6,7,2,0,1,1,0,0,0,0,794396.7895,5825720.4822
201742,13.310472521399026,52.515987329976696,197743,197743,11,0,4,4,2018,2,19,4,3,2,6,2,1,1,0,0,0,0,0,792430.4018,5827166.3117
201743,13.408499110653407,52.53739987490934,197744,197744,11,0,3,3,2018,2,23,5,2,4,4,2,1,1,1,0,0,0,1,798931.7093,5829948.3547
201744,13.19720825105292,52.51260177942632,197745,197745,11,0,5,5,2018,2,18,6,2,6,7,2,0,1,1,0,0,0,1,784771.8843,5826336.6704
201745,13.407875544200616,52.500034318212826,197746,197746,11,0,2,2,2018,2,18,4,3,5,3,2,1,1,0,0,0,0,0,799143.4940000001,5825792.6967
201746,13.571506546015275,52.43864842358889,197747,197747,11,0,9,9,2018,2,10,4,2,0,1,0,0,0,0,1,0,0,0,810675.0129999999,5819661.663
201747,13.284329936850147,52.58882469043176,197748,197748,11,0,12,12,2018,2,8,4,3,1,5,0,0,1,0,0,0,0,0,790176.1817,5835156.6329
201748,13.427600514054086,52.49017350730127,197749,197749,11,0,8,8,2018,2,16,2,3,5,3,0,0,1,0,0,0,0,0,800548.7741,5824778.7129
201749,13.379920072271828,52.56045680876113,197750,197750,11,0,1,1,2018,2,17,2,3,2,6,2,0,1,0,0,0,0,1,796838.9801,5832392.9539
201750,13.57864082945785,52.457775782726,197751,197751,11,0,9,9,2018,2,15,2,3,6,4,0,0,1,1,0,0,0,0,811024.6174,5821818.2111
201751,13.513527169232242,52.46477896719293,197752,197752,11,0,9,9,2018,2,17,4,2,5,2,1,1,1,0,0,0,0,0,806555.1432,5822317.8557
201752,13.200739963219403,52.5384132783476,197753,197753,11,0,5,5,2018,2,16,4,3,2,6,0,0,0,0,0,0,1,0,784844.1514,5829219.701
201753,13.408441827782696,52.46394729396984,197754,197754,11,0,7,7,2018,2,18,4,3,0,5,2,0,1,0,1,0,0,1,799427.1690000001,5821784.0901
201754,13.401456232587659,52.491791285959465,197755,197755,11,0,2,2,2018,2,16,4,2,6,4,0,0,1,1,0,0,0,0,798764.0107,5824849.897999999
201755,13.334914191771492,52.52481004158664,197756,197756,11,0,1,1,2018,2,16,4,3,5,3,0,0,1,0,0,0,0,0,794028.7575,5828246.3658
201756,13.408848415161774,52.52881673711032,197757,197757,11,0,1,1,2018,2,16,4,3,3,6,0,1,1,0,0,0,0,0,799013.7631,5828995.8122
201757,13.15338683967888,52.552926556170256,197758,197758,11,0,5,5,2018,2,15,4,3,5,7,0,0,1,0,0,0,0,0,781541.7036,5830646.8979
201758,13.424861526498294,52.50208430308736,197759,197759,11,0,2,2,2018,2,14,4,3,5,7,0,0,1,0,0,0,0,0,800281.6768,5826091.1425
201759,13.452227329003232,52.4711070446996,197760,197760,11,0,8,8,2018,2,5,3,3,6,4,2,0,0,1,0,0,1,0,802350.4616,5822762.4814
201760,13.314660390896794,52.511232080805904,197761,197761,11,0,4,4,2018,2,13,4,2,2,6,0,0,1,0,0,0,1,0,792746.0179999999,5826654.7559
201761,13.582720230079994,52.44257099553199,197762,197762,11,0,9,9,2018,2,16,2,3,2,6,0,0,1,0,0,0,0,0,811408.9644,5820145.9511
201762,13.384167314121662,52.55573080899026,197763,197763,11,0,1,1,2018,2,17,2,3,2,6,2,0,1,0,0,0,0,1,797158.6555,5831885.172
201763,13.392267597311733,52.414512902114495,197764,197764,11,0,7,7,2018,2,12,4,3,2,6,0,0,1,0,0,0,0,0,798663.7009999999,5816222.6011
201764,13.299562311593478,52.42264374650002,197765,197765,11,0,6,6,2018,2,11,4,2,1,5,0,0,1,0,0,0,1,0,792309.1887,5816746.9017
201765,13.487704463077938,52.618110871771634,197766,197766,11,0,3,3,2018,2,5,2,3,5,2,2,0,1,0,0,0,0,1,803740.4724,5839250.3764
201766,13.455827762288935,52.430364101995494,197767,197767,11,0,8,8,2018,2,16,4,2,5,2,0,0,1,0,0,0,0,0,802874.6123,5818249.2167
201767,13.351234416442434,52.52511002329977,197768,197768,11,0,1,1,2018,2,9,4,3,0,7,0,0,1,0,1,0,0,1,795133.1594,5828346.3952
201768,13.375868182555255,52.480169278723814,197769,197769,11,0,7,7,2018,2,12,3,3,5,3,0,0,1,0,0,0,0,0,797106.4201,5823452.4453
201769,13.198163998328106,52.55541084071165,197770,197770,11,0,5,5,2018,2,18,2,3,5,2,2,1,1,0,0,0,0,0,784559.4653,5831098.8948
201770,13.444422750543444,52.503522038437865,197771,197771,11,0,2,2,2018,2,9,4,3,2,6,0,0,1,0,0,0,0,0,801598.6035,5826332.5769
201771,13.31474216453711,52.56733400509353,197772,197772,11,0,12,12,2018,2,8,4,3,5,3,0,1,1,0,0,0,0,0,792378.1053,5832890.8637
201772,13.237613319095813,52.62020648091414,197773,197773,11,0,12,12,2018,2,15,3,3,5,2,0,1,1,0,0,0,0,0,786808.2664,5838457.6946
201773,13.495812865241545,52.417741342885044,197774,197774,11,0,8,8,2018,2,13,3,3,5,3,0,1,1,0,0,0,0,0,805678.5034,5817014.8264
201774,13.199754320909882,52.53474458240735,197775,197775,11,0,5,5,2018,2,18,2,2,6,4,2,0,1,1,0,0,0,1,784801.1167,5828808.0123
201775,13.186767260964675,52.52027022947712,197776,197776,11,0,5,5,2018,2,12,3,3,0,6,0,0,1,0,0,0,0,0,784014.2985,5827147.88
201776,13.377055487662888,52.556445028568966,197777,197777,11,0,1,1,2018,2,13,3,2,0,2,0,0,1,0,0,0,1,0,796672.0375,5831935.2534
201777,13.345294863581664,52.55440871125992,197778,197778,11,0,1,1,2018,2,6,4,2,5,3,2,1,1,0,0,0,0,0,794534.0756,5831578.6357
201778,13.43168707874065,52.55451188450056,197779,197779,11,0,3,3,2018,2,20,3,3,5,2,2,1,0,0,0,0,1,0,800386.2073,5831946.714
201779,13.52516799951958,52.48004484194847,197780,197780,11,0,11,11,2018,2,9,3,3,2,6,0,0,1,0,0,1,0,0,807238.8602,5824064.0662
201780,13.417286488254843,52.60538218727274,197781,197781,11,0,3,3,2018,2,18,2,3,5,3,2,1,1,0,0,0,0,0,799063.7321,5837540.8727
201781,13.424166820661528,52.48061206223235,197782,197782,11,0,8,8,2018,2,12,3,3,2,6,0,0,1,0,0,0,0,0,800381.0319,5823701.6915
201782,13.345218281305375,52.55439472188071,197783,197783,11,0,1,1,2018,2,18,3,3,5,2,2,0,1,0,1,0,0,0,794528.9811,5831576.7678
201783,13.324749915130127,52.499429057863466,197784,197784,11,0,4,4,2018,2,18,2,3,5,7,2,0,1,0,0,0,0,1,793508.9626,5825383.8579
201784,13.390656729361107,52.42003993967253,197785,197785,11,0,7,7,2018,2,19,3,2,6,2,2,0,1,1,0,0,0,0,798516.8413,5816830.2518
201785,13.198012885527632,52.539224267495506,197786,197786,11,0,5,5,2018,2,17,6,3,5,2,2,1,1,0,0,0,0,0,784654.0677,5829299.0744
201786,13.413187912194653,52.52519642305304,197787,197787,11,0,1,1,2018,2,23,3,3,5,3,2,1,1,0,0,0,0,0,799332.5684,5828611.4346
201787,13.43619802104214,52.49993980333005,197788,197788,11,0,2,2,2018,2,16,3,3,1,5,0,1,1,0,0,0,1,0,801065.2701,5825900.0579
201788,13.379295921015787,52.50703344918745,197789,197789,11,0,1,1,2018,2,15,3,3,5,3,0,1,0,0,0,0,1,0,797157.6352,5826452.4673
201789,13.427378446024274,52.55249931993724,197790,197790,11,0,3,3,2018,2,14,3,3,5,3,0,1,1,0,0,0,0,0,800108.0645,5831705.0724
201790,13.384534637037973,52.48350343282303,197791,197791,11,0,7,7,2018,2,9,4,3,6,4,0,0,1,1,0,0,0,0,797672.0081,5823858.7596
201791,13.51348128777909,52.46459997038159,197792,197792,11,0,9,9,2018,2,13,3,3,6,4,0,0,1,1,0,0,0,0,806553.2739,5822297.7666
201792,13.532034858993633,52.484018143452005,197793,197793,11,0,11,11,2018,2,7,3,3,5,3,0,0,1,0,0,0,0,2,807677.0743,5824534.9393
201793,13.38716164689867,52.504304267460185,197794,197794,11,0,2,2,2018,2,19,2,3,1,5,2,1,1,0,0,0,1,0,797709.5588,5826181.5686
201794,13.602151565819893,52.536107031049006,197795,197795,11,0,10,10,2018,2,6,3,3,5,3,1,1,1,0,0,0,0,0,812064.8642,5830625.4967
201795,13.55498111020085,52.52500690828413,197796,197796,11,0,10,10,2018,2,13,3,2,1,5,0,1,1,0,0,0,0,0,808946.0833,5829188.6137
201796,13.339316324735892,52.595928622433156,197797,197797,11,0,12,12,2018,2,12,3,3,2,6,0,0,1,0,0,0,0,0,793850.9385,5836169.1635
201797,13.383884335824025,52.555756124879686,197798,197798,11,0,1,1,2018,2,8,4,2,6,4,0,1,0,1,0,0,0,0,797139.3138,5831886.819
201798,13.462108460260337,52.55892155606114,197799,197799,11,0,3,3,2018,2,6,6,3,6,2,2,0,1,1,0,0,0,0,802416.7593,5832564.0769
201799,13.313302158848447,52.43548035508886,197800,197800,11,0,6,6,2018,2,10,3,3,2,6,0,0,1,0,0,0,0,0,793157.5551,5818229.4119
201800,13.335275866979616,52.55546734908317,197801,197801,11,0,1,1,2018,2,7,3,3,6,7,0,1,0,1,0,0,0,0,793848.2222,5831655.4023
201801,13.387185664256101,52.45799068217372,197802,197802,11,0,7,7,2018,2,10,3,2,5,3,0,0,1,0,0,0,0,0,798024.4305,5821034.0249
201802,13.324042973340859,52.486658549121415,197803,197803,11,0,4,4,2018,2,16,2,3,6,4,1,0,1,1,0,0,0,1,793546.1492,5823961.5377
201803,13.31495666515897,52.50098630020855,197804,197804,11,0,4,4,2018,2,12,4,3,2,6,0,0,1,0,0,0,0,0,792834.2869,5825517.1346
201804,13.427404066874493,52.55241429408213,197805,197805,11,0,3,3,2018,2,9,3,3,5,3,0,1,1,0,0,0,0,0,800110.3812,5831695.7288
201805,13.460189202469284,52.429009169394206,197806,197806,11,0,8,8,2018,2,15,2,3,2,2,0,1,1,0,0,0,0,0,803180.2275,5818116.933999999
201806,13.32829220316244,52.465103632839316,197807,197807,11,0,7,7,2018,2,19,2,3,6,4,2,0,1,1,0,0,0,0,793978.2895,5821583.0145
201807,13.38800636330304,52.52183142051796,197808,197808,11,0,1,1,2018,2,18,2,3,2,6,2,0,1,0,0,0,0,1,797648.2331,5828133.1608
201808,13.432199597254614,52.55250255675654,197809,197809,11,0,3,3,2018,2,16,2,3,0,3,0,0,1,0,0,0,1,0,800434.6717,5831725.5211
201809,13.353934172773116,52.56208927141018,197810,197810,11,0,12,12,2018,2,19,4,3,5,2,2,0,1,0,0,0,0,0,795067.7668,5832467.6708
201810,13.165473444552946,52.5510846863451,197811,197811,11,0,5,5,2018,2,21,2,3,6,2,2,0,1,1,0,0,0,0,782372.4679,5830489.444
201811,13.392097265055758,52.43993059076015,197812,197812,11,0,7,7,2018,2,18,2,3,6,2,2,0,1,1,0,0,0,0,798480.1438,5819046.9954
201812,13.192692507256243,52.531179150651035,197813,197813,11,0,5,5,2018,2,14,3,3,6,4,0,0,1,1,0,0,0,0,784345.5112,5828383.8203
201813,13.498601163119938,52.538224627071365,197814,197814,11,0,11,11,2018,2,18,2,3,5,3,2,0,1,0,0,0,0,0,805032.3833,5830417.5331
201814,13.15782625182926,52.543044860308335,197815,197815,11,0,5,5,2018,2,20,2,3,5,2,2,0,1,0,0,0,0,1,781905.8859999999,5829565.8307
201815,13.315248595168415,52.49082271972172,197816,197816,11,0,4,4,2018,2,17,2,3,5,2,2,0,1,0,0,0,0,0,792921.7142,5824388.6334
201816,13.17353066610155,52.51972742571747,197817,197817,11,0,5,5,2018,2,17,2,2,6,4,1,0,1,1,0,0,0,0,783120.2864,5827035.4888