,X,Y,OBJECTID_1,OBJECTID,ULAND,UREGBEZ,UKREIS,UGEMEINDE,UJAHR,UMONAT,USTUNDE,UWOCHENTAG,UKATEGORIE,UART,UTYP1,ULICHTVERH,IstRad,IstPKW,IstFuss,IstKrad,IstGkfz,IstSonstig,STRZUSTAND,LINREFX,LINREFY
201817,13.346554175845867,52.44987519693837,197818,197818,11,0,6,6,2018,2,20,2,3,6,4,2,0,1,1,0,0,0,0,795320.0407,5819964.9552
201818,13.435166107410655,52.62904434049077,197819,197819,11,0,3,3,2018,2,16,2,3,5,3,0,1,1,0,0,0,0,0,800111.5111,5840245.2479
201819,13.297997373605016,52.51012005252491,197820,197820,11,0,4,4,2018,2,16,2,3,5,7,0,1,1,0,0,0,0,0,791623.3701,5826463.634
201820,13.420240433674977,52.514946039212944,197821,197821,11,0,1,1,2018,2,17,4,3,5,3,1,0,1,0,0,0,0,1,799880.5603,5827501.4466
201821,13.420033427697534,52.6063255326464,197822,197822,11,0,3,3,2018,2,15,2,3,6,4,0,0,1,1,0,0,0,0,799243.1721,5837657.1344
201822,13.332785887928992,52.47872665385431,197823,197823,11,0,4,4,2018,2,16,3,2,5,2,0,1,1,0,0,0,0,2,794192.3679,5823115.5267
201823,13.381488719404107,52.561652630030444,197824,197824,11,0,1,1,2018,2,19,2,2,0,1,2,0,0,0,1,0,0,2,796937.1512,5832532.3307
201824,13.384633472380488,52.42214563214439,197825,197825,11,0,7,7,2018,2,15,2,3,5,2,0,1,1,0,0,0,0,0,798093.309,5817039.4042
201825,13.51323816234072,52.45847522048954,197826,197826,11,0,9,9,2018,2,22,1,3,1,7,2,0,1,0,0,0,0,1,806579.3766,5821616.0136
201826,13.296343561692215,52.492570634524135,197827,197827,11,0,4,4,2018,2,12,2,3,5,3,0,0,1,0,0,0,0,0,791627.4759999999,5824506.3077
201827,13.344081288141847,52.43847140370855,197828,197828,11,0,6,6,2018,2,14,2,3,6,4,0,1,0,1,0,0,0,0,795228.4393,5818687.3188
201828,13.364063093521555,52.44828292617068,197829,197829,11,0,7,7,2018,2,11,2,3,0,3,0,1,0,0,0,0,1,0,796519.7729,5819859.7734
201829,13.330934906591132,52.49316058021534,197830,197830,11,0,4,4,2018,2,7,4,3,5,2,0,0,1,0,0,0,0,1,793970.3742,5824712.3074
201830,13.326504657256644,52.592134486503106,197831,197831,11,0,12,12,2018,2,15,2,2,5,2,0,1,0,0,0,1,0,0,793009.1334,5835695.2499
201831,13.289484763699551,52.4849509645305,197832,197832,11,0,4,4,2018,2,8,3,3,6,4,0,0,1,1,0,0,0,1,791212.5305,5823631.6609
201832,13.562108377801032,52.43689641838792,197833,197833,11,0,9,9,2018,2,21,1,3,9,1,2,0,1,0,0,0,0,1,810048.9875,5819426.5264
201833,13.321803787747896,52.429413975390574,197834,197834,11,0,6,6,2018,2,15,4,3,3,6,0,0,1,0,0,0,1,0,793775.4848,5817589.6988
201834,13.273686267969213,52.4099375804488,197835,197835,11,0,6,6,2018,2,15,2,3,2,6,0,0,1,0,0,0,0,0,790634.4632,5815230.1386
201835,13.366517217215902,52.45983661184132,197836,197836,11,0,7,7,2018,2,11,3,3,5,3,0,1,1,0,0,0,0,0,796608.6909,5821154.0308
201836,13.554349022329257,52.45569961724493,197837,197837,11,0,9,9,2018,2,21,1,3,5,2,2,0,1,0,0,0,1,0,809389.9627,5821483.0199
201837,13.284241847155075,52.485282449612654,197838,197838,11,0,4,4,2018,2,14,2,2,5,3,0,0,1,0,0,0,0,0,790854.5723,5823647.3527
201838,13.446594521167604,52.426955188678924,197839,197839,11,0,8,8,2018,2,14,2,3,0,7,0,0,1,0,0,0,0,0,802270.6815,5817831.6293
201839,13.340893203131106,52.55319652726402,197840,197840,11,0,1,1,2018,2,20,1,3,5,3,2,0,1,0,0,0,0,1,794243.9902,5831425.9207
201840,13.403158945191256,52.4634295024965,197841,197841,11,0,7,7,2018,2,13,2,3,5,3,0,0,1,0,0,1,0,0,799072.0455,5821704.6276
201841,13.366763051973185,52.47266105250611,197842,197842,11,0,7,7,2018,2,12,2,3,2,6,0,0,1,0,0,1,0,0,796539.0653,5822580.4555
201842,13.341648910863874,52.5255154830151,197843,197843,11,0,1,1,2018,2,11,2,3,6,4,0,0,0,1,0,1,0,0,794480.6082,5828352.2639
201843,13.35888014221726,52.44612675495718,197844,197844,11,0,6,6,2018,2,10,4,3,5,7,0,0,1,0,0,0,0,0,796182.2709,5819598.835
201844,13.440731675448946,52.494397581229066,197845,197845,11,0,2,2,2018,2,15,2,3,5,3,0,1,1,0,0,0,0,0,801410.7409999999,5825303.0017
201845,13.624795260846133,52.45153111346193,197846,197846,11,0,9,9,2018,2,10,2,2,6,4,0,0,1,1,0,0,0,0,814202.6249,5821324.1706
201846,13.411682852309756,52.52396316734071,197847,197847,11,0,1,1,2018,2,6,3,3,5,2,0,0,1,0,0,0,1,2,799238.9303,5828468.1137
201847,13.329735789535796,52.52379283819965,197848,197848,11,0,1,1,2018,2,17,1,3,5,2,2,0,1,0,1,0,0,1,793684.4844,5828112.1963
201848,13.442792052282927,52.46508273278415,197849,197849,11,0,8,8,2018,2,10,2,3,5,2,0,0,1,0,0,0,0,0,801751.3014,5822053.4043
201849,13.405415972224073,52.496085135545684,197850,197850,11,0,2,2,2018,2,10,2,3,5,3,0,1,1,0,0,0,0,1,799003.4867,5825343.5569
201850,13.417319541765742,52.499011989562575,197851,197851,11,0,2,2,2018,2,14,1,3,0,1,0,1,0,0,0,0,0,1,799791.0517,5825718.2862
201851,13.56158995915226,52.54476306466758,197852,197852,11,0,10,10,2018,2,8,2,3,2,6,0,0,1,0,0,0,0,0,809255.0412,5831412.6801
201852,13.427598054466833,52.4901872108371,197853,197853,11,0,8,8,2018,2,21,4,3,5,3,2,0,1,0,0,0,0,1,800548.5137,5824780.2257
201853,13.346844374801767,52.45000339098442,197854,197854,11,0,6,6,2018,2,6,2,3,5,2,2,0,1,0,0,0,1,1,795338.8894,5819980.3914
201854,13.197474172139971,52.53173012245766,197855,197855,11,0,5,5,2018,2,6,2,3,5,2,2,1,1,0,0,0,0,1,784666.0818,5828463.9338
201855,13.464370059717949,52.470209769836046,197856,197856,11,0,8,8,2018,2,6,2,3,6,2,2,0,1,1,0,0,0,1,803180.8171,5822713.7164
201856,13.609629978576455,52.478075588664225,197857,197857,11,0,10,10,2018,2,12,1,3,5,3,0,0,1,0,0,0,0,0,812984.2714,5824208.3531
201857,13.39241925179632,52.497994320660226,197858,197858,11,0,2,2,2018,2,6,2,3,2,1,2,0,1,0,0,0,0,2,798108.8944,5825501.9527
201858,13.326059270742169,52.56180893671746,197859,197859,11,0,12,12,2018,2,12,5,3,5,2,0,1,1,0,0,0,0,0,793181.4888,5832322.7318
201859,13.341405363217294,52.520574833665115,197860,197860,11,0,1,1,2018,2,7,6,3,5,3,1,1,1,0,0,0,0,1,794497.1827,5827802.1175
201860,13.313556653365085,52.426761068097065,197861,197861,11,0,6,6,2018,2,3,2,3,5,3,2,0,1,0,0,1,0,1,793232.7855,5817261.2969
201861,13.518145200597052,52.568060117950246,197862,197862,11,0,11,11,2018,2,14,4,2,6,4,0,0,0,1,0,0,1,0,806148.8384,5833816.4337
201862,13.344320031598278,52.450289828477366,197863,197863,11,0,6,6,2018,2,18,2,1,6,4,2,0,0,1,0,0,1,0,795165.5445,5820001.9006
201863,13.442086538814982,52.48080982669961,197864,197864,11,0,8,8,2018,2,18,2,3,3,6,2,1,1,0,0,0,0,1,801595.7153,5823798.4475
201864,13.620164396149153,52.53835761567007,197865,197865,11,0,10,10,2018,2,11,1,2,6,4,0,0,1,1,0,0,0,1,813269.5521,5830953.7732
201865,13.387050890014002,52.45792160031056,197866,197866,11,0,7,7,2018,2,22,1,3,5,3,2,0,1,0,0,0,0,1,798015.7469,5821025.79
201866,13.499577996549757,52.523228555654285,197867,197867,11,0,11,11,2018,2,18,1,3,0,3,2,0,0,0,1,0,1,1,805202.6834,5828754.9514
201867,13.490099403964743,52.52308024125289,197868,197868,11,0,11,11,2018,2,17,4,3,1,5,2,0,1,0,0,1,0,0,804561.1290000001,5828698.379
201868,13.420242497105178,52.60616512179424,197869,197869,11,0,3,3,2018,2,17,1,3,6,2,2,0,1,1,0,0,0,1,799258.4140000001,5837640.174
201869,13.398745336249107,52.57055683644228,197870,197870,11,0,3,3,2018,2,14,3,3,6,4,0,0,1,1,0,0,0,0,798045.5941,5833593.2673
201870,13.385642277749605,52.50723805196408,197871,197871,11,0,1,1,2018,2,16,1,3,2,6,2,0,1,0,0,0,0,1,797586.6656,5826501.3807
201871,13.293371702967026,52.47213592043242,197872,197872,11,0,4,4,2018,2,16,3,3,6,7,0,1,0,1,0,0,0,0,791561.1004,5822222.9532
201872,13.301948722976675,52.5999613805901,197873,197873,11,0,12,12,2018,2,16,1,3,2,6,1,0,1,0,0,0,0,1,791294.9391,5836465.6159
201873,13.426888575835225,52.507918635495464,197874,197874,11,0,1,1,2018,2,16,2,3,3,6,1,0,1,0,1,0,0,0,800379.3347,5826748.0494
201874,13.443058502477667,52.48032927803789,197875,197875,11,0,8,8,2018,2,3,1,3,2,7,2,0,1,0,0,0,1,1,801664.9642,5823749.1012
201875,13.207458256616821,52.555519530086364,197876,197876,11,0,5,5,2018,2,14,1,3,0,7,0,0,1,0,0,0,0,0,785188.4462,5831147.7139
201876,13.313342482424927,52.42310754116515,197877,197877,11,0,6,6,2018,2,14,1,2,0,1,0,0,1,1,0,0,0,0,793242.5088,5816854.3376
201877,13.3198379648858,52.46880704004438,197878,197878,11,0,4,4,2018,2,17,2,2,5,3,1,0,1,0,0,0,0,1,793379.7,5821960.2355
201878,13.325762359574446,52.50927013293408,197879,197879,11,0,4,4,2018,2,17,4,3,5,2,1,0,1,0,0,0,1,0,793511.9938,5826481.8156
201879,13.311321037677047,52.46820931627282,197880,197880,11,0,4,4,2018,2,13,1,3,6,2,0,0,1,1,0,0,0,0,792805.5317,5821859.1996
201880,13.285377085908873,52.59511879083339,197881,197881,11,0,12,12,2018,2,15,3,2,2,6,0,0,1,0,0,0,0,0,790205.4279,5835860.456
201881,13.61222621754538,52.514703018543614,197882,197882,11,0,10,10,2018,2,22,7,3,9,1,2,0,1,0,0,0,0,1,812899.928,5828290.3491
201882,13.322691695151146,52.48654316868299,197883,197883,11,0,4,4,2018,2,9,1,3,5,2,0,1,1,0,0,0,0,0,793455.2291,5823943.2148
201883,13.128564853157851,52.52877387226886,197884,197884,11,0,5,5,2018,2,20,7,3,5,3,2,0,1,0,0,0,0,0,780013.7124,5827865.4676
201884,13.401910327370498,52.49263739490018,197885,197885,11,0,2,2,2018,2,1,1,3,5,3,2,0,1,0,0,0,0,0,798789.0754,5824945.8217
201885,13.430441112746625,52.52882639269221,197886,197886,11,0,3,3,2018,2,19,7,3,6,2,2,0,1,1,0,0,0,1,800477.3822,5829086.672
201886,13.4148099659672,52.49131836438625,197887,197887,11,0,2,2,2018,2,18,7,3,6,4,2,1,0,1,0,0,0,0,799673.1957,5824852.7361
201887,13.49705842250212,52.53101916199983,197888,197888,11,0,11,11,2018,2,11,7,3,5,7,0,0,1,0,0,0,0,0,804977.8259999999,5829610.1631
201888,13.362646259875653,52.499769161759396,197889,197889,11,0,1,1,2018,2,14,4,3,6,2,0,0,0,1,0,1,0,0,796077.3106,5825576.5689
201889,13.440631838484896,52.51708835338084,197890,197890,11,0,2,2,2018,2,11,7,3,5,2,0,0,1,0,0,0,0,0,801248.5731,5827824.5658
201890,13.1448134497613,52.45255925005822,197891,197891,11,0,5,5,2018,2,8,3,2,6,6,0,0,1,1,0,0,0,0,781602.2498,5819456.9254
201891,13.384830181868136,52.51425451168053,197892,197892,11,0,1,1,2018,2,12,7,3,5,5,0,1,1,0,0,0,0,1,797484.1397,5827277.8943
201892,13.400719892532413,52.41437405616047,197893,197893,11,0,7,7,2018,2,13,7,3,2,6,0,0,1,0,0,0,0,0,799239.0879,5816242.168
201893,13.417980384709557,52.48775779159594,197894,197894,11,0,2,2,2018,2,16,7,2,2,7,1,0,1,0,0,0,0,0,799912.5443,5824470.1692
201894,13.453909850174206,52.488904160561276,197895,197895,11,0,9,9,2018,2,9,6,3,5,2,0,1,0,0,0,1,0,0,802342.4575,5824747.5944
201895,13.260836799382838,52.54449936245136,197896,197896,11,0,5,5,2018,2,17,7,2,1,5,1,0,1,0,1,0,0,0,788877.2489,5830135.357000001
201896,13.32179001837122,52.5061881241212,197897,197897,11,0,4,4,2018,2,10,4,3,2,6,0,0,1,0,0,0,1,1,793263.1363,5826123.0878
201897,13.575565085959921,52.42387211425129,197898,197898,11,0,9,9,2018,2,18,7,3,2,6,2,0,1,0,0,0,0,1,811054.8482,5818036.9073
201898,13.401215299936867,52.51115748244235,197899,197899,11,0,1,1,2018,2,18,7,3,5,2,2,1,1,0,0,0,0,0,798616.2254,5827001.3983
201899,13.430822201446354,52.468337879976424,197900,197900,11,0,8,8,2018,2,8,4,3,2,6,0,0,1,0,0,0,0,1,800916.5059,5822365.2035
201900,13.245486500097202,52.524956553093794,197901,197901,11,0,5,5,2018,2,18,7,3,2,6,2,0,1,0,0,0,0,0,787965.0155,5827901.6962
201901,13.616468599509547,52.5191853520965,197902,197902,11,0,10,10,2018,2,7,3,3,5,3,0,0,1,0,0,0,0,1,813155.6548,5828806.9321
201902,13.418492173791515,52.50016809619231,197903,197903,11,0,2,2,2018,2,16,6,3,1,5,0,1,1,0,0,0,0,0,799862.7167,5825851.6589
201903,13.42823723094432,52.53537028980237,197904,197904,11,0,3,3,2018,2,20,6,3,0,7,1,1,1,0,0,0,0,1,800283.2846,5829804.8181
201904,13.157494564181944,52.560735405108346,197905,197905,11,0,5,5,2018,2,15,6,3,5,3,0,0,1,0,0,0,0,0,781769.9273,5831530.9591
201905,13.489675468320925,52.51231223093107,197906,197906,11,0,11,11,2018,2,22,5,2,5,3,2,1,1,0,0,0,0,1,804606.9609,5827499.7901
201906,13.343131930583287,52.43970250381639,197907,197907,11,0,6,6,2018,2,18,6,3,5,3,2,0,1,0,0,0,0,1,795155.7137,5818820.2714
201907,13.431459324375082,52.483122078815214,197908,197908,11,0,8,8,2018,2,13,6,3,5,2,0,0,0,0,1,0,1,0,800858.7559999999,5824011.062999999
201908,13.420628275909026,52.533733109013575,197909,197909,11,0,3,3,2018,2,14,3,3,6,4,0,0,1,1,0,0,0,1,799778.7468,5829591.179
201909,13.20763397606952,52.544897600797704,197910,197910,11,0,5,5,2018,2,11,6,3,6,4,0,0,1,1,0,0,0,0,785269.31,5829967.7288
201910,13.574093796441472,52.48608604095218,197911,197911,11,0,10,10,2018,2,16,2,3,5,3,0,0,1,0,0,0,0,0,810516.2791,5824945.024
201911,13.572712196517658,52.54996981687069,197912,197912,11,0,10,10,2018,2,12,2,3,2,6,0,0,1,0,0,0,0,0,809971.9185,5832039.1509
201912,13.446021639459774,52.468147508697406,197913,197913,11,0,8,8,2018,2,11,6,3,6,4,0,0,1,1,0,0,0,0,801949.5356,5822407.5521
201913,13.35710401389874,52.5967373231985,197914,197914,11,0,12,12,2018,2,19,2,3,2,6,2,0,1,0,0,0,0,1,795049.4399,5836331.7704
201914,13.601355647698385,52.4825816790405,197915,197915,11,0,10,10,2018,2,10,6,3,5,3,0,0,1,0,0,0,1,0,812390.8067,5824673.2819
201915,13.467676621734876,52.53403207789193,197916,197916,11,0,11,11,2018,2,20,6,3,6,4,2,0,1,1,0,0,0,0,802965.5253,5829821.1223
201916,13.394655342693119,52.48392841483067,197917,197917,11,0,7,7,2018,2,0,4,3,0,1,2,1,0,0,0,0,0,0,798355.8882,5823947.81
201917,13.5190775305894,52.5326899027577,197918,197918,11,0,10,10,2018,2,9,6,3,5,2,0,1,0,0,0,0,1,0,806458.6452,5829889.248
201918,13.366081170485446,52.4952500860099,197919,197919,11,0,7,7,2018,2,19,6,3,5,3,2,1,1,0,0,0,0,1,796340.7328,5825088.3881
201919,13.313730129724533,52.50623179508865,197920,197920,11,0,4,4,2018,2,15,3,3,6,2,0,0,1,1,0,0,0,1,792716.1959,5826095.1947
201920,13.34294554812814,52.52624502233913,197921,197921,11,0,1,1,2018,2,19,6,3,5,2,2,1,1,0,0,0,0,1,794563.6239,5828438.6492
201921,13.295593474718189,52.530631014713485,197922,197922,11,0,4,4,2018,2,8,6,3,2,6,0,0,1,0,0,0,1,1,791324.4476,5828733.7373
201922,13.453468682148294,52.4697285795069,197923,197923,11,0,8,8,2018,2,16,2,3,2,6,1,0,1,0,0,0,0,0,802444.181,5822614.4755
201923,13.566409735960212,52.529178985566986,197924,197924,11,0,10,10,2018,2,16,4,3,5,3,0,1,1,0,0,0,0,0,809691.4218,5829701.3465
201924,13.411536776363072,52.50094016977589,197925,197925,11,0,2,2,2018,2,9,6,3,5,3,0,1,1,0,0,0,0,0,799385.6761,5825908.5731
201925,13.481211409661615,52.5386557072671,197926,197926,11,0,11,11,2018,2,15,5,3,0,2,0,1,0,0,0,0,1,0,803850.9014,5830391.9894
201926,13.36586335148691,52.590127019564044,197927,197927,11,0,3,3,2018,2,10,2,2,1,7,0,0,1,0,0,0,0,1,795686.8514,5835632.9592
201927,13.44282180538346,52.46504726812401,197928,197928,11,0,8,8,2018,2,16,5,3,5,2,0,1,1,0,0,0,0,0,801753.564,5822049.587
201928,13.519239414190135,52.46441555345619,197929,197929,11,0,9,9,2018,2,6,2,2,5,3,0,0,1,0,0,0,0,2,806945.4378,5822301.7535
201929,13.569548599581596,52.52877346075306,197930,197930,11,0,10,10,2018,2,17,5,3,5,3,1,1,1,0,0,0,0,0,809907.0390000001,5829669.7673
201930,13.365703760386795,52.55196991980064,197931,197931,11,0,1,1,2018,2,16,7,3,5,3,0,0,1,0,0,0,0,0,795933.1686,5831391.1758
201931,13.366595895261753,52.48136401798698,197932,197932,11,0,7,7,2018,2,19,5,3,2,6,2,0,1,0,0,0,0,0,796469.1372,5823547.0886
201932,13.436407017686253,52.55433504863249,197933,197933,11,0,3,3,2018,2,14,6,2,6,4,0,0,1,1,0,0,0,0,800707.1751,5831946.7451
201933,13.431144643632749,52.55204734269918,197934,197934,11,0,3,3,2018,2,16,4,3,1,6,0,0,1,0,0,0,0,0,800366.3122,5831670.528
201934,13.391737517632238,52.525268897756604,197935,197935,11,0,1,1,2018,2,14,4,3,5,7,0,0,1,0,0,0,1,0,797877.9096,5828530.6397
201935,13.306677330664769,52.5148608782907,197936,197936,11,0,4,4,2018,2,8,4,3,2,6,0,1,0,0,0,0,0,0,792180.5374,5827025.7201
201936,13.332984794695836,52.42397089125697,197937,197937,11,0,6,6,2018,2,8,2,3,5,3,0,1,1,0,0,0,0,2,794571.4754,5817030.2667
201937,13.346809991784266,52.56849368923178,197938,197938,11,0,12,12,2018,2,15,4,3,5,2,0,0,1,0,0,0,0,0,794542.2357,5833150.3715
201938,13.521985882017288,52.5258932492173,197939,197939,11,0,10,10,2018,2,12,7,2,5,2,0,0,1,0,0,0,1,0,806703.1825,5829146.2199
201939,13.452455234285784,52.51840349504792,197940,197940,11,0,2,2,2018,2,14,4,3,5,2,0,1,1,0,0,0,0,0,802041.2099,5828020.207
201940,13.604050658229434,52.53958570944501,197941,197941,11,0,10,10,2018,2,16,4,3,6,4,0,0,1,1,0,0,0,0,812168.8534,5831020.3396
201941,13.443896914505375,52.479751739963,197942,197942,11,0,8,8,2018,2,22,4,2,6,4,2,0,1,1,0,0,0,0,801725.816,5823688.4172
201942,13.642771837865505,52.37734675340866,197943,197943,11,0,9,9,2018,2,17,7,3,8,1,1,0,1,0,0,0,0,0,815953.818,5813157.985
201943,13.411019848917684,52.488538906251485,197944,197944,11,0,2,2,2018,2,19,4,3,2,6,2,0,1,0,0,0,0,0,799434.9616,5824528.0669
201944,13.389902611646404,52.51031577841845,197945,197945,11,0,1,1,2018,2,23,6,3,2,6,2,0,1,0,0,0,0,0,797854.7655,5826861.0537
201945,13.206919925013125,52.53898497954526,197946,197946,11,0,5,5,2018,2,19,4,3,2,6,2,0,1,0,0,0,0,0,785259.2961,5829307.686000001
201946,13.328142102763294,52.508251223056924,197947,197947,11,0,4,4,2018,2,13,5,3,5,2,0,1,1,0,0,0,0,0,793680.1855,5826378.2529
201947,13.231498954080742,52.53901946178221,197948,197948,11,0,5,5,2018,2,7,4,3,2,6,0,0,1,0,0,0,0,0,786924.9167,5829409.0683
201948,13.343872800842492,52.4786877899589,197949,197949,11,0,7,7,2018,2,13,3,3,6,2,0,0,1,1,0,0,0,0,794945.0467,5823156.4796
201949,13.553303143488364,52.46961952341467,197950,197950,11,0,9,9,2018,2,8,4,2,5,3,0,0,1,0,1,0,0,0,809221.2547,5823025.6063
201950,13.484004508136866,52.49762108069758,197951,197951,11,0,11,11,2018,2,9,4,3,2,6,0,0,1,0,1,0,0,0,804324.0077,5825843.0133
201951,13.465908926800244,52.499990546481435,197952,197952,11,0,2,2,2018,2,13,1,3,5,2,0,1,1,0,0,0,0,0,803080.2117,5826030.1554
201952,13.45909037153565,52.440428426396075,197953,197953,11,0,8,8,2018,2,6,4,3,5,3,1,1,1,0,0,0,0,0,803027.1194,5819381.5058
201953,13.348086494209724,52.556095088878706,197954,197954,11,0,1,1,2018,2,14,6,3,6,2,0,0,1,1,0,0,1,0,794711.8885,5831777.4894
201954,13.454623491598856,52.51906588189605,197955,197955,11,0,2,2,2018,2,11,4,3,1,5,0,1,0,0,0,1,0,0,802183.6694,5828102.9144
201955,13.621795237241844,52.53048198154654,197956,197956,11,0,10,10,2018,2,12,4,3,6,4,0,0,1,1,0,0,1,0,813436.2315,5830085.5766
201956,13.18434188246112,52.54476501824611,197957,197957,11,0,5,5,2018,2,17,4,3,6,2,1,0,1,1,0,0,0,0,783691.743,5829861.0647
201957,13.449195906584794,52.48833811330288,197958,197958,11,0,9,9,2018,2,7,3,3,1,5,0,1,1,0,0,0,0,0,802026.5134,5824664.9302
201958,13.403073331253117,52.52900051906311,197959,197959,11,0,1,1,2018,2,9,4,3,5,2,0,1,1,0,0,0,0,0,798621.0424,5828992.2997
201959,13.319431457456801,52.50158362743915,197960,197960,11,0,4,4,2018,2,15,2,3,6,7,0,0,1,1,0,0,0,0,793133.8405,5825601.7072
201960,13.411942262407608,52.581532002336644,197961,197961,11,0,3,3,2018,2,17,4,3,0,7,2,1,0,0,0,0,0,0,798864.569,5834867.8037
201961,13.404474808199202,52.50786682984185,197962,197962,11,0,1,1,2018,2,15,3,3,5,2,0,1,1,0,0,0,0,0,798859.618,5826649.156
201962,13.407149710840955,52.51148279657648,197963,197963,11,0,1,1,2018,2,16,4,3,6,4,0,1,0,1,0,0,0,0,799016.4491,5827062.15
201963,13.619873940275085,52.53920934225804,197964,197964,11,0,10,10,2018,2,16,4,2,6,4,0,0,1,1,0,0,0,0,813243.7972,5831047.1704
201964,13.344767301879935,52.4891290198022,197965,197965,11,0,7,7,2018,2,14,1,2,0,7,0,0,1,0,0,0,0,0,794935.8147,5824320.672
201965,13.469753220346243,52.506430124566315,197966,197966,11,0,2,2,2018,2,14,4,3,2,6,0,1,0,0,0,0,0,0,803296.5792,5826762.0436
201966,13.365302068826034,52.493754569157616,197967,197967,11,0,7,7,2018,2,13,6,3,6,7,0,0,1,1,0,0,0,0,796297.9453,5824918.9626
201967,13.440351743779313,52.467422046731656,197968,197968,11,0,8,8,2018,2,14,4,3,2,6,0,1,1,0,0,0,0,0,801569.6322,5822303.2044
201968,13.44753961532184,52.43698721881242,197969,197969,11,0,8,8,2018,2,12,3,3,0,2,0,0,0,0,0,0,1,0,802266.152,5818950.5959
201969,13.232519866943266,52.52772074700404,197970,197970,11,0,5,5,2018,2,14,4,3,6,2,0,0,1,1,0,0,0,0,787067.8795,5828157.2361
201970,13.472657386523226,52.50357511891747,197971,197971,11,0,11,11,2018,2,14,2,3,2,6,0,0,1,0,0,0,0,0,803513.2316,5826456.9456
201971,13.389086923402107,52.515631108493054,197972,197972,11,0,1,1,2018,2,14,4,3,2,7,0,0,1,0,0,0,0,0,797763.4679,5827448.4715
201972,13.560178208174234,52.48461552505382,197973,197973,11,0,10,10,2018,2,15,7,3,2,6,0,0,1,0,0,0,0,0,809582.4655,5824721.766
201973,13.44770641719872,52.47786185362207,197974,197974,11,0,8,8,2018,2,13,4,3,2,6,0,0,1,0,0,0,0,0,801997.2926,5823494.3074
201974,13.279780686791696,52.54092359256157,197975,197975,11,0,4,4,2018,2,15,1,3,5,3,0,0,1,0,0,0,0,0,790184.5995,5829813.9956
201975,13.332626021944401,52.47542268707952,197976,197976,11,0,7,7,2018,2,11,4,2,5,3,0,1,1,0,0,0,0,0,794203.5852,5822747.64
201976,13.304102335954001,52.4603516141174,197977,197977,11,0,6,6,2018,2,10,6,3,2,2,0,0,0,0,0,1,1,0,792367.6337,5820956.5397
201977,13.319671135161109,52.54572919315788,197978,197978,11,0,4,4,2018,2,5,4,3,2,2,2,0,1,0,0,0,0,0,792855.9559999999,5830509.484
201978,13.179267651560705,52.533946467088974,197979,197979,11,0,5,5,2018,2,15,3,3,2,2,0,0,1,0,0,0,0,0,783417.6282,5828638.5598
201979,13.312850319735286,52.48050532492047,197980,197980,11,0,4,4,2018,2,12,5,3,2,2,0,0,1,0,0,0,0,0,792827.5985,5823232.113
201980,13.4776180470155,52.430172429433135,197981,197981,11,0,8,8,2018,2,17,2,3,5,3,1,1,1,0,0,0,0,0,804356.3043,5818319.5738
201981,13.339296826802654,52.458712236971614,197982,197982,11,0,6,6,2018,2,20,3,3,5,2,2,0,1,0,0,0,0,0,794768.1005,5820917.5108
201982,13.383775159075954,52.4943643831501,197983,197983,11,0,2,2,2018,2,10,2,3,0,6,0,0,1,0,1,0,0,0,797547.0635,5825062.796
201983,13.317113218322197,52.506042339576815,197984,197984,11,0,4,4,2018,2,14,3,3,0,5,0,0,1,0,0,0,1,0,792946.9101,5826087.8746
201984,13.443673189083851,52.464187211265966,197985,197985,11,0,8,8,2018,2,16,7,3,5,5,0,0,1,0,0,0,0,0,801817.2502,5821957.5571
201985,13.398196771936036,52.50697254856348,197986,197986,11,0,2,2,2018,2,22,6,2,2,6,2,0,1,0,0,0,0,0,798439.9140000001,5826523.757
201986,13.350636443890414,52.51390039401352,197987,197987,11,0,1,1,2018,2,11,5,3,5,3,0,0,1,0,0,0,0,0,795167.843,5827098.005
201987,13.361841549044154,52.47468256037497,197988,197988,11,0,7,7,2018,2,13,3,3,5,2,0,1,0,0,0,0,1,0,796191.4301,5822784.9247
201988,13.427992816423517,52.47368657486171,197989,197989,11,0,8,8,2018,2,18,3,3,2,6,2,0,1,0,0,0,0,0,800687.9407,5822947.8912
201989,13.485610509015286,52.52241558649534,197990,197990,11,0,11,11,2018,2,14,3,3,5,3,0,0,1,0,0,0,0,0,804261.4109,5828605.5511
201990,13.430171548092785,52.55134883240214,197991,197991,11,0,3,3,2018,2,17,6,3,5,3,2,0,1,0,0,0,0,0,800305.1604,5831588.8355
201991,13.427310220775087,52.477766657496325,197992,197992,11,0,8,8,2018,2,15,3,3,2,6,0,0,1,0,0,0,0,0,800613.7655,5823398.531
201992,13.296165918946464,52.44346342877754,197993,197993,11,0,6,6,2018,2,1,6,3,2,7,2,0,1,0,0,0,0,0,791940.5969,5819047.2767
201993,13.180148161337588,52.5090116806378,197994,197994,11,0,5,5,2018,2,16,4,3,0,6,0,0,1,0,0,0,1,0,783638.0702,5825870.3767
201994,13.266147748038698,52.41507711066914,197995,197995,11,0,6,6,2018,2,21,3,3,6,4,2,0,1,1,0,0,0,0,790088.2765,5815771.0898
201995,13.46645001982512,52.50084742589757,197996,197996,11,0,2,2,2018,2,18,3,3,0,6,2,0,1,0,0,0,1,0,803111.0118,5826127.6673
201996,13.194045867740801,52.51973809726682,197997,197997,11,0,5,5,2018,2,9,2,3,1,5,0,1,1,0,0,0,0,0,784511.2641,5827117.4255