,X,Y,OBJECTID_1,OBJECTID,ULAND,UREGBEZ,UKREIS,UGEMEINDE,UJAHR,UMONAT,USTUNDE,UWOCHENTAG,UKATEGORIE,UART,UTYP1,ULICHTVERH,IstRad,IstPKW,IstFuss,IstKrad,IstGkfz,IstSonstig,STRZUSTAND,LINREFX,LINREFY
201997,13.159914814203573,52.55217104371907,197998,197998,11,0,5,5,2018,2,18,3,3,1,5,2,0,1,0,0,0,1,0,781988.8554,5830588.4375
201998,13.442399011498349,52.524751088365505,197999,197999,11,0,2,2,2018,2,13,7,3,2,2,0,0,1,0,0,0,0,0,801315.885,5828683.6316
201999,13.346623601244278,52.520254506308746,198000,198000,11,0,1,1,2018,2,17,3,3,5,5,1,0,1,0,1,0,0,0,794853.1302,5827787.8412
202000,13.33280776999102,52.59540852735218,198001,198001,11,0,12,12,2018,2,14,5,3,5,2,0,1,1,0,0,0,0,0,793413.891,5836084.8207
202001,13.309372865811955,52.51824340191424,198002,198002,11,0,4,4,2018,2,17,3,3,6,4,1,0,0,1,1,0,0,0,792340.8408,5827412.6167
202002,13.251446950466423,52.433204191603956,198003,198003,11,0,6,6,2018,2,16,3,3,5,3,0,0,1,0,0,0,0,0,788970.4184,5817726.9942
202003,13.399141693613698,52.53892786751238,198004,198004,11,0,1,1,2018,2,18,3,3,5,3,2,1,1,0,0,0,0,0,798287.1562,5830079.4202
202004,13.568539420513284,52.44483873360341,198005,198005,11,0,9,9,2018,2,13,3,2,6,4,0,0,0,1,0,0,1,0,810429.9001,5820336.8854
202005,13.409725574222614,52.52881583155783,198006,198006,11,0,1,1,2018,2,11,3,3,2,6,0,0,1,0,0,0,0,0,799073.2287,5828999.3504
202006,13.20624849542368,52.43522879190794,198007,198007,11,0,6,6,2018,2,12,1,3,5,3,0,0,1,0,0,0,0,0,785886.5932,5817772.0637
202007,13.325759035807891,52.59087003986678,198008,198008,11,0,12,12,2018,2,10,3,3,2,6,0,0,1,0,0,0,0,0,792967.1066,5835551.6727
202008,13.41028293483896,52.50378742871189,198009,198009,11,0,2,2,2018,2,0,3,2,5,3,2,1,1,0,0,0,0,0,799281.2641,5826219.8322
202009,13.194242155020275,52.558111682849066,198010,198010,11,0,5,5,2018,2,7,2,3,5,3,0,0,1,0,0,0,1,1,784276.2798,5831383.6308
202010,13.27832643022938,52.46966318364334,198011,198011,11,0,4,4,2018,2,2,3,3,2,6,2,0,1,0,0,0,0,0,790556.1806,5821887.4093
202011,13.306902708986414,52.5056644578946,198012,198012,11,0,4,4,2018,2,9,7,2,0,7,0,1,0,0,0,0,0,0,792256.9036,5826004.443
202012,13.473151212892787,52.53630761240858,198013,198013,11,0,11,11,2018,2,6,3,3,2,6,1,0,1,0,0,0,1,0,803320.8714,5830097.0611
202013,13.544032888184061,52.52604316202899,198014,198014,11,0,10,10,2018,2,7,3,2,6,7,0,0,1,1,0,0,0,0,808196.6516,5829256.9172
202014,13.580985115244093,52.50319136559814,198015,198015,11,0,10,10,2018,2,8,3,3,5,3,0,1,1,0,0,0,0,0,810863.0059,5826875.8035
202015,13.31560708045898,52.443087027116185,198016,198016,11,0,6,6,2018,2,14,3,3,5,2,0,1,1,0,0,0,0,0,793263.557,5819084.2572
202016,13.382081448489835,52.50155233122811,198017,198017,11,0,2,2,2018,2,9,3,3,5,3,0,1,1,0,0,0,0,0,797383.5916,5825854.735
202017,13.39092716178748,52.49245211039071,198018,198018,11,0,2,2,2018,2,10,3,3,5,2,0,1,1,0,0,0,0,0,798045.2033,5824879.7828
202018,13.430490687173878,52.48634203457652,198019,198019,11,0,8,8,2018,2,19,1,3,6,4,2,0,1,1,0,0,0,0,800771.0329,5824364.9081
202019,13.480365621567108,52.46005943406751,198020,198020,11,0,9,9,2018,2,9,5,3,2,6,0,0,1,0,0,0,0,0,804336.6216,5821652.9145
202020,13.43277133271215,52.4649077674966,198021,198021,11,0,8,8,2018,2,19,6,3,2,6,2,0,1,0,0,0,0,0,801072.2483,5821992.0931
202021,13.314986542227,52.50083389684738,198022,198022,11,0,4,4,2018,2,12,3,3,5,2,0,0,1,0,0,0,0,0,792837.3276,5825500.3162
202022,13.485332671776007,52.52685305324293,198023,198023,11,0,11,11,2018,2,11,6,3,2,6,0,0,1,0,0,0,0,0,804211.8711,5829097.5765
202023,13.572428475313258,52.568945814829,198024,198024,11,0,10,10,2018,2,19,2,3,0,5,2,0,1,0,0,0,1,0,809818.7779999999,5834146.937999999
202024,13.337324655546407,52.5586347884661,198025,198025,11,0,1,1,2018,2,15,6,3,5,2,0,0,1,0,0,0,0,0,793965.8206,5832015.8197
202025,13.41524786232885,52.520853887105524,198026,198026,11,0,1,1,2018,2,2,2,2,9,1,2,0,1,1,0,0,0,0,799501.792,5828137.331
202026,13.499668716512,52.53466547439918,198027,198027,11,0,11,11,2018,2,20,2,3,6,7,2,0,1,1,0,0,0,0,805129.4405,5830026.4749
202027,13.410289860849815,52.50378558595341,198028,198028,11,0,2,2,2018,2,20,2,3,5,3,2,1,1,0,0,0,0,0,799281.7464,5826219.6561
202028,13.465069806900091,52.42950616933678,198029,198029,11,0,8,8,2018,2,9,3,3,6,4,0,0,1,1,0,0,0,0,803508.3936,5818192.6842
202029,13.409292120928347,52.58200537566551,198030,198030,11,0,3,3,2018,2,17,2,2,2,6,1,1,1,0,0,0,0,0,798681.9195,5834909.4262
202030,13.317732887883285,52.4260335311871,198031,198031,11,0,6,6,2018,2,14,2,3,4,1,0,0,1,0,0,0,0,0,793521.3841,5817197.4035
202031,13.335930719058792,52.50428471202729,198032,198032,11,0,4,4,2018,2,18,2,3,3,6,2,1,1,0,0,0,0,0,794234.9317,5825969.1254
202032,13.419208419432188,52.49007278484192,198033,198033,11,0,2,2,2018,2,2,1,3,5,7,2,0,1,0,0,0,0,1,799980.0923,5824732.5795
202033,13.41990862475512,52.5316663974962,198034,198034,11,0,3,3,2018,2,16,5,3,0,2,0,1,1,0,0,0,0,0,799744.0625,5829358.4781
202034,13.485158693258311,52.62134858326558,198035,198035,11,0,3,3,2018,2,17,2,3,2,7,1,0,1,0,0,0,1,0,803545.8302,5839599.494
202035,13.309244395946555,52.46754524791297,198036,198036,11,0,6,6,2018,2,3,6,3,5,3,2,0,1,0,0,0,0,0,792668.975,5821776.9624
202036,13.157163635611074,52.53927822931411,198037,198037,11,0,5,5,2018,2,21,4,3,0,1,2,0,1,0,0,0,0,0,781885.1369,5829144.552999999
202037,13.296037042144244,52.534940967983005,198038,198038,11,0,4,4,2018,2,16,2,3,2,6,0,0,1,0,0,1,0,0,791325.9521,5829214.5877
202038,13.296541579126934,52.59751841627714,198039,198039,11,0,12,12,2018,2,14,5,3,2,2,0,0,1,0,0,0,0,0,790945.196,5836172.2202
202039,13.335236365361615,52.541511161845605,198040,198040,11,0,1,1,2018,2,16,2,3,2,6,0,0,1,0,0,0,0,0,793938.9032,5830104.0093
202040,13.410210754307585,52.524764043280314,198041,198041,11,0,1,1,2018,2,8,2,3,1,5,0,1,1,0,0,0,0,0,799133.6827,5828551.0192
202041,13.396028641285419,52.53827246898453,198042,198042,11,0,1,1,2018,2,23,5,2,5,2,2,0,1,0,0,0,0,0,798080.6267,5829993.6955
202042,13.387425375198074,52.492851283503704,198043,198043,11,0,2,2,2018,2,14,2,3,5,3,0,1,0,0,0,0,1,0,797804.931,5824909.6845
202043,13.325499587082493,52.504127943446896,198044,198044,11,0,4,4,2018,2,21,7,3,0,1,2,0,0,0,1,0,0,0,793528.4739,5825909.1909
202044,13.351283981886553,52.52435798142833,198045,198045,11,0,1,1,2018,2,9,2,3,3,6,0,0,1,0,0,0,0,0,795141.5673,5828263.0092
202045,13.361589886017306,52.548023053807604,198046,198046,11,0,1,1,2018,2,14,2,3,5,2,0,1,1,0,0,0,0,0,795681.01,5830935.5998
202046,13.44335133798892,52.53340477712189,198047,198047,11,0,3,3,2018,2,6,2,3,5,3,2,0,1,0,0,0,0,1,801321.1262,5829649.4333
202047,13.315607000508905,52.443087668317524,198048,198048,11,0,6,6,2018,2,14,2,3,6,2,0,0,1,1,0,0,0,0,793263.5473,5819084.3281
202048,13.3864053220233,52.54950542040364,198049,198049,11,0,1,1,2018,2,16,7,3,6,4,0,0,1,1,0,0,0,0,797352.4086,5831202.4627
202049,13.34829231530933,52.4817717480541,198050,198050,11,0,7,7,2018,2,20,5,3,5,7,2,0,1,0,0,0,0,0,795224.3058,5823517.3378
202050,13.390747826615764,52.55461574896261,198051,198051,11,0,1,1,2018,2,14,2,3,1,5,0,0,1,0,0,0,1,0,797612.0094,5831788.3917
202051,13.570665571992375,52.56527136752633,198052,198052,11,0,10,10,2018,2,13,6,3,6,4,0,0,1,1,0,0,0,0,809725.3178,5833730.9763
202052,13.264877033458605,52.53670733807081,198053,198053,11,0,5,5,2018,2,16,4,3,5,7,0,0,1,0,0,0,0,0,789202.3075,5829285.4524
202053,13.27979460079714,52.58531480638401,198054,198054,11,0,12,12,2018,2,14,2,3,5,3,0,0,1,0,0,0,0,0,789892.3449,5834748.2403
202054,13.548741702393173,52.557812040165615,198055,198055,11,0,10,10,2018,2,14,2,2,5,3,0,1,1,0,0,0,0,0,808292.8654,5832807.9059
202055,13.283036464350655,52.51281650303941,198056,198056,11,0,4,4,2018,2,8,2,3,2,6,0,0,1,0,0,0,0,2,790590.9394,5826702.9502
202056,13.195313673575992,52.527788820291214,198057,198057,11,0,5,5,2018,2,7,5,3,6,2,0,0,1,1,0,0,0,0,784545.1338,5828017.3086
202057,13.462220313987926,52.51002144678514,198058,198058,11,0,2,2,2018,2,10,2,3,5,3,0,0,1,0,0,0,0,0,802760.9849,5827129.5414
202058,13.374711528863424,52.54710588589485,198059,198059,11,0,1,1,2018,2,13,7,3,1,5,0,1,1,0,0,0,0,0,796576.2927,5830887.5732
202059,13.316590852476047,52.49040600572607,198060,198060,11,0,4,4,2018,2,9,2,3,5,5,0,1,1,0,0,0,0,0,793015.5561,5824347.7675
202060,13.308894145512214,52.578356930266,198061,198061,11,0,12,12,2018,2,9,5,3,6,7,0,0,1,1,0,0,0,0,791908.7137,5834092.3627
202061,13.435388764735265,52.5534125670664,198062,198062,11,0,3,3,2018,2,7,2,3,6,7,0,0,1,1,0,0,0,0,800644.5064,5831839.9661
202062,13.431463591372692,52.46046480706528,198063,198063,11,0,8,8,2018,2,6,2,3,6,2,2,0,1,1,0,0,0,0,801013.8193,5821492.8206
202063,13.375629689728784,52.460127531715486,198064,198064,11,0,7,7,2018,2,16,3,3,6,4,0,0,1,1,0,0,0,0,797225.4102,5821223.8642
202064,13.335846856835456,52.46364574646051,198065,198065,11,0,6,6,2018,2,20,2,3,1,5,2,1,1,0,0,0,0,0,794500.8923,5821451.7795
202065,13.473434639449742,52.520671558369685,198066,198066,11,0,11,11,2018,2,14,2,2,5,3,0,1,1,0,0,0,0,0,803447.9878,5828360.3916
202066,13.322689037036232,52.43113111582552,198067,198067,11,0,6,6,2018,2,16,2,2,5,3,0,1,1,0,0,0,0,0,793824.1955,5817784.1614
202067,13.436437643949228,52.5518221132117,198068,198068,11,0,3,3,2018,2,15,3,3,5,3,0,0,1,0,0,0,0,0,800726.4541,5831667.5697
202068,13.48703071942834,52.46554576398961,198069,198069,11,0,9,9,2018,2,18,2,2,5,2,2,0,1,0,1,0,0,0,804751.1768,5822290.8202
202069,13.418643764495714,52.498895116848345,198070,198070,11,0,2,2,2018,2,10,2,1,6,2,0,0,0,1,0,1,0,0,799881.673,5825710.8021
202070,13.215823749428205,52.4331320256969,198071,198071,11,0,6,6,2018,2,1,1,2,1,5,2,1,1,0,0,0,0,1,786550.7113,5817576.9659
202071,13.220639619463013,52.61691886502169,198072,198072,11,0,12,12,2018,2,8,5,3,5,3,0,1,1,0,0,0,0,0,785681.4385,5838024.7874
202072,13.217948347720144,52.53125103786309,198073,198073,11,0,5,5,2018,2,2,1,3,6,4,2,0,1,1,0,0,0,0,786057.0729,5828491.7231
202073,13.426781039410892,52.4991270015125,198074,198074,11,0,2,2,2018,2,0,7,3,0,1,2,1,0,0,0,0,0,0,800432.0602,5825770.4446
202074,13.434963950539112,52.46120296490143,198075,198075,11,0,8,8,2018,2,20,1,3,1,5,2,0,1,0,0,0,0,0,801246.4181,5821589.4729
202075,13.414651321691395,52.55357759413725,198076,198076,11,0,3,3,2018,2,18,1,3,2,6,2,0,1,0,0,0,0,0,799238.463,5831771.993
202076,13.511965032190833,52.50949970592618,198077,198077,11,0,11,11,2018,2,16,1,2,6,4,1,0,1,1,0,0,0,0,806137.9819,5827281.6035
202077,13.433387418893581,52.42454282874428,198078,198078,11,0,8,8,2018,2,5,3,2,5,3,2,0,1,0,1,0,1,0,801389.8267,5817508.2829
202078,13.469605022578854,52.61426661745646,198079,198079,11,0,3,3,2018,2,15,1,3,6,4,0,0,1,1,0,0,0,0,802542.6468,5838746.9017
202079,13.194272183903587,52.53569686010697,198080,198080,11,0,5,5,2018,2,15,2,3,2,6,0,0,1,0,0,0,1,0,784423.3643,5828892.2194
202080,13.334416373288793,52.41121722226549,198081,198081,11,0,6,6,2018,2,9,1,2,5,3,0,1,1,0,0,0,0,0,794753.8979999999,5815618.5505
202081,13.387618341405945,52.52414451445864,198082,198082,11,0,1,1,2018,2,16,1,3,2,6,0,0,1,0,0,0,0,0,797606.2711,5828388.6544
202082,13.400558986298716,52.48409959327064,198083,198083,11,0,2,2,2018,2,8,1,3,6,7,0,0,0,1,0,0,1,0,798755.3247,5823991.2721
202083,13.305987143353901,52.52576726229057,198084,198084,11,0,4,4,2018,2,13,1,2,5,2,0,0,1,0,0,0,0,0,792061.3003,5828235.1792
202084,13.422228611112946,52.55989983794246,198085,198085,11,0,3,3,2018,2,8,5,3,5,3,0,0,1,0,0,0,0,0,799708.6612,5832506.182
202085,13.467442659112368,52.50964533466404,198086,198086,11,0,2,2,2018,2,6,1,3,5,3,2,0,1,0,0,0,1,0,803117.725,5827109.6805
202086,13.386618318865349,52.543407092467206,198087,198087,11,0,1,1,2018,2,6,6,3,0,2,2,0,1,0,1,0,0,0,797408.1172,5830525.5239
202087,13.425036406924539,52.60732646504631,198088,198088,11,0,3,3,2018,2,2,1,3,0,1,2,1,0,0,0,0,0,0,799574.8644,5837789.1868
202088,13.39149315521373,52.512215000706185,198089,198089,11,0,1,1,2018,2,5,1,3,5,3,2,0,1,0,0,0,0,0,797949.7656,5827078.7193
202089,13.507356976617224,52.56419228858199,198090,198090,11,0,11,11,2018,2,10,3,3,6,4,0,0,1,1,0,0,0,0,805445.1351,5833340.7598
202090,13.436279977938767,52.48015723034653,198091,198091,11,0,8,8,2018,2,20,7,3,6,7,2,0,1,1,0,0,0,0,801206.1462,5823701.6515
202091,13.302139519753124,52.4381965494605,198092,198092,11,0,6,6,2018,2,12,2,3,5,3,0,0,1,0,0,0,0,0,792381.2404,5818486.0404
202092,13.38382464906158,52.45580802301612,198093,198093,11,0,7,7,2018,2,0,7,3,2,3,2,0,1,0,0,0,0,0,797810.9759999999,5820777.551
202093,13.434834798852382,52.441093005644596,198094,198094,11,0,8,8,2018,2,13,7,3,2,6,0,0,1,0,0,0,0,0,801375.0893,5819353.8023
202094,13.477632767708068,52.56055576440107,198095,198095,11,0,3,3,2018,2,5,5,3,5,3,2,1,1,0,0,0,0,0,803457.0568,5832810.9803
202095,13.476218428683708,52.53309598648993,198096,198096,11,0,11,11,2018,2,12,7,2,5,2,0,0,1,0,0,0,0,0,803550.9262,5829753.018999999
202096,13.395908612888707,52.53827779513071,198097,198097,11,0,1,1,2018,2,10,6,2,5,3,0,0,1,0,0,0,0,0,798072.4559999999,5829993.7911
202097,13.321169189085113,52.50595452862677,198098,198098,11,0,4,4,2018,2,18,4,2,0,5,2,1,1,0,0,0,0,0,793222.5862,5826094.598999999
202098,13.519107249553974,52.513466842472155,198099,198099,11,0,11,11,2018,2,12,7,3,5,3,0,0,1,0,0,0,0,0,806594.6699,5827752.8716
202099,13.356576696538761,52.400568232668704,198100,198100,11,0,7,7,2018,2,6,5,3,0,5,2,0,1,0,0,0,0,0,796331.574,5814525.632
202100,13.340483853432556,52.50534762465148,198101,198101,11,0,1,1,2018,2,12,7,3,6,6,0,1,0,1,0,0,0,0,794536.6379,5826105.8551
202101,13.4286081435285,52.58290606479196,198102,198102,11,0,3,3,2018,2,11,6,3,6,4,0,0,0,1,0,0,1,0,799983.5308,5835089.8015
202102,13.313051218067095,52.50059446806241,198103,198103,11,0,4,4,2018,2,6,7,3,5,3,1,0,1,0,0,0,0,0,792707.6433,5825465.8468
202103,13.331162507344766,52.46956484340858,198104,198104,11,0,7,7,2018,2,16,2,2,5,3,0,1,1,0,0,0,0,0,794143.3633,5822090.5752
202104,13.59316300781563,52.451550415886594,198105,198105,11,0,9,9,2018,2,9,7,3,0,1,0,0,0,0,1,0,0,1,812054.6273,5821189.0339
202105,13.324834151950952,52.602150540894186,198106,198106,11,0,12,12,2018,2,11,2,2,2,6,0,0,1,0,0,0,1,0,792829.1733,5836801.7494
202106,13.590305125537036,52.51366744797322,198107,198107,11,0,10,10,2018,2,7,5,3,1,5,0,1,1,0,0,0,1,0,811420.9335,5828080.3358
202107,13.393411947677453,52.5264027362306,198108,198108,11,0,1,1,2018,2,23,7,3,5,3,2,0,1,0,0,0,0,0,797983.7387,5828663.5833
202108,13.452029924219566,52.490316192772454,198109,198109,11,0,9,9,2018,2,15,7,3,5,3,0,1,1,0,0,0,0,0,802205.2172,5824896.6557
202109,13.29362551656066,52.533965692936576,198110,198110,11,0,4,4,2018,2,7,5,2,0,2,0,0,1,0,1,0,0,0,791168.9598,5829096.4411
202110,13.425579694533653,52.50846868092246,198111,198111,11,0,1,1,2018,2,18,6,3,1,5,2,1,1,0,0,0,0,0,800286.8144,5826803.7331
202111,13.357142784288106,52.545240494061495,198112,198112,11,0,1,1,2018,2,23,7,3,5,3,2,0,1,0,0,0,0,0,795398.3912,5830608.0846
202112,13.332792234526485,52.469032118034114,198113,198113,11,0,7,7,2018,2,16,6,3,6,4,0,0,1,1,0,0,0,0,794257.5466,5822038.0087
202113,13.357224759151034,52.42336255079967,198114,198114,11,0,6,6,2018,2,14,4,3,6,4,0,0,1,1,0,0,0,0,796222.6614,5817061.8385
202114,13.428816516741824,52.47798014131949,198115,198115,11,0,8,8,2018,2,23,7,3,2,1,2,0,1,0,0,0,0,0,800714.5324,5823428.5373
202115,13.21406836680289,52.53837019229965,198116,198116,11,0,5,5,2018,2,21,7,3,5,2,2,0,1,0,0,0,0,0,785747.7805,5829267.6616
202116,13.278908938283772,52.50361881490042,198117,198117,11,0,4,4,2018,2,7,2,3,2,6,0,0,1,0,0,0,0,2,790371.7268,5825663.9835
202117,13.580528633637533,52.443040259364366,198118,198118,11,0,9,9,2018,2,9,5,2,5,3,0,1,1,0,0,0,0,0,811256.8087,5820188.6493
202118,13.461118658751055,52.51106710938435,198119,198119,11,0,2,2,2018,2,18,7,2,6,4,2,0,1,1,0,0,0,0,802679.0824,5827241.1361
202119,13.403892645097866,52.45974284036312,198120,198120,11,0,7,7,2018,2,9,2,3,5,2,0,1,0,0,0,1,0,1,799146.878,5821297.9086
202120,13.426004630002382,52.457228570824356,198121,198121,11,0,8,8,2018,2,12,5,3,5,2,0,0,1,0,0,0,0,0,800665.2778,5821110.3654
202121,13.1948152541204,52.53558226131281,198122,198122,11,0,5,5,2018,2,18,7,2,6,4,2,0,1,1,0,0,0,0,784460.9156,5828881.6239
202122,13.379246587337024,52.52945576886749,198123,198123,11,0,1,1,2018,2,16,7,3,9,1,0,0,1,0,0,0,0,0,797002.835,5828944.464
202123,13.462459883894418,52.51978183894902,198124,198124,11,0,2,2,2018,2,18,7,3,5,2,2,1,1,0,0,0,0,0,802710.0506,5828215.3651
202124,13.429083022632087,52.556326964487425,198125,198125,11,0,3,3,2018,2,5,5,3,5,2,2,0,1,0,0,0,0,1,800197.3864,5832137.6019
202125,13.623608156961119,52.44669494955015,198126,198126,11,0,9,9,2018,2,15,7,3,5,7,0,1,1,0,0,0,0,0,814156.4817,5820781.5202
202126,13.571125034209073,52.52861102483814,198127,198127,11,0,10,10,2018,2,15,7,3,2,6,0,0,1,0,0,0,0,0,810015.0393,5829658.4933
202127,13.441893656150436,52.504403362840776,198128,198128,11,0,2,2,2018,2,19,3,3,1,5,2,1,1,0,0,0,1,0,801421.0313,5826419.9572
202128,13.42867664186554,52.50715224458367,198129,198129,11,0,2,2,2018,2,15,7,3,2,6,0,0,1,0,0,0,1,0,800505.8327,5826670.3183
202129,13.35411667270961,52.596580579516846,198130,198130,11,0,12,12,2018,2,17,6,3,6,4,1,0,1,1,0,0,0,0,794848.3027,5836302.1147
202130,13.444873150555555,52.462451252390366,198131,198131,11,0,8,8,2018,2,14,7,3,5,3,0,1,1,0,0,0,0,0,801910.6032,5821769.6342
202131,13.297723299408476,52.46475355834285,198132,198132,11,0,6,6,2018,2,13,1,3,6,4,0,0,1,1,0,0,0,0,791905.3740000001,5821419.9919
202132,13.453168940389125,52.46347154607953,198133,198133,11,0,8,8,2018,2,0,5,2,9,1,2,0,1,0,0,0,0,1,802466.7847,5821917.7816
202133,13.625534639901993,52.45751166057671,198134,198134,11,0,9,9,2018,2,13,6,3,6,4,0,0,1,1,0,0,0,0,814210.1916,5821992.0563
202134,13.456374633277743,52.52323356606777,198135,198135,11,0,3,3,2018,2,7,6,3,5,2,0,1,1,0,0,0,0,0,802273.7481,5828573.4739
202135,13.302003006372681,52.42472990294149,198136,198136,11,0,6,6,2018,2,17,6,2,6,7,1,0,1,1,0,0,0,0,792461.2167,5816988.6639
202136,13.33458550270062,52.49838048241458,198137,198137,11,0,4,4,2018,2,13,5,3,2,2,0,1,1,0,0,0,0,0,794183.1552,5825307.3838
202137,13.328477240839597,52.46484111061306,198138,198138,11,0,7,7,2018,2,7,6,3,3,6,0,0,1,0,0,0,1,1,793992.6025,5821554.5892
202138,13.409536446515975,52.399782932842996,198139,198139,11,0,7,7,2018,2,7,6,3,0,7,1,1,0,0,0,0,0,0,799937.3823,5814657.0004
202139,13.262461305556094,52.482010412208794,198140,198140,11,0,4,4,2018,2,19,6,3,1,1,2,0,1,0,0,0,0,0,789398.1141,5823196.0593
202140,13.295978558225979,52.52961113989807,198141,198141,11,0,4,4,2018,2,11,7,3,2,6,0,0,1,0,0,0,0,0,791357.3096,5828621.932999999
202141,13.287354848279419,52.59021859047832,198142,198142,11,0,12,12,2018,2,22,6,2,6,4,2,0,1,1,0,0,0,0,790371.7314,5835323.7577
202142,13.425626450047552,52.465685290506805,198143,198143,11,0,8,8,2018,2,14,5,3,6,7,0,0,1,1,0,0,0,0,800581.9164,5822048.7196
202143,13.422746962388064,52.513868767078655,198144,198144,11,0,1,1,2018,2,22,6,3,2,6,2,0,1,0,0,0,0,0,800057.8704,5827392.14
202144,13.320003373475682,52.473572704564674,198145,198145,11,0,4,4,2018,2,21,6,3,5,3,2,1,1,0,0,0,0,0,793359.1945,5822490.6121
202145,13.399175597829151,52.48888554731949,198146,198146,11,0,2,2,2018,2,14,3,2,6,2,0,0,1,1,0,0,0,0,798628.993,5824517.4883
202146,13.29689148550652,52.44278248169977,198147,198147,11,0,6,6,2018,2,12,6,3,8,1,0,0,1,0,0,0,0,0,791994.3863,5818974.5241
202147,13.399475017093165,52.49828893791528,198148,198148,11,0,2,2,2018,2,13,6,3,5,2,0,0,1,0,0,0,0,0,798585.5188,5825563.8886
202148,13.333101796668325,52.45832522824502,198149,198149,11,0,6,6,2018,2,23,1,2,1,1,2,1,1,0,0,0,0,0,794350.0644,5820849.2057
202149,13.400176749552063,52.4591365766309,198150,198150,11,0,7,7,2018,2,15,5,3,5,2,0,0,1,0,0,0,0,0,798898.705,5821215.1246
202150,13.389095333429804,52.51474484367174,198151,198151,11,0,1,1,2018,2,14,6,3,5,3,0,0,1,0,0,0,0,0,797770.0378,5827349.9999
202151,13.42692147753082,52.48711145447256,198152,198152,11,0,8,8,2018,2,12,6,3,5,3,0,1,1,0,0,0,0,0,800523.6048,5824435.5482
202152,13.553360776702045,52.4273969935375,198153,198153,11,0,9,9,2018,2,15,6,3,2,2,0,0,1,0,0,0,0,0,809521.4533,5818333.2079
202153,13.39570274058517,52.454326571344204,198154,198154,11,0,7,7,2018,2,12,3,3,0,3,0,0,1,0,0,0,1,0,798627.5303,5820661.9823
202154,13.399539545774966,52.41691599427994,198155,198155,11,0,7,7,2018,2,15,6,2,6,4,0,0,1,1,0,0,0,0,799141.6418,5816519.8041
202155,13.500490385739436,52.53441206367025,198156,198156,11,0,11,11,2018,2,15,2,3,2,6,0,0,1,0,0,0,0,0,805186.8888,5830001.7887
202156,13.444152856207936,52.4847849529987,198157,198157,11,0,8,8,2018,2,8,3,2,5,2,0,1,1,0,0,0,0,0,801708.6987,5824248.9062
202157,13.420486249567654,52.50545115817712,198158,198158,11,0,1,1,2018,2,15,6,3,1,6,0,1,0,0,0,0,1,0,799961.9612,5826447.1462
202158,13.50060465863011,52.510600736073116,198159,198159,11,0,11,11,2018,2,14,2,3,2,2,0,0,1,0,0,1,0,0,805359.9479,5827355.7999
202159,13.30555103014806,52.43514017742925,198160,198160,11,0,6,6,2018,2,16,6,3,5,3,0,1,1,0,0,0,0,0,792633.2546,5818160.1485
202160,13.436792971661527,52.45696473496459,198161,198161,11,0,8,8,2018,2,14,1,3,5,3,0,0,1,0,0,0,0,0,801399.5724,5821126.0511
202161,13.332600375941364,52.50616985227924,198162,198162,11,0,4,4,2018,2,15,5,3,5,2,0,1,0,0,0,0,1,0,793996.4524,5826165.0753
202162,13.31918273371755,52.4574453784035,198163,198163,11,0,6,6,2018,2,17,6,2,5,3,2,0,1,0,1,0,0,0,793410.8546,5820694.7221
202163,13.327833563802548,52.50545999433318,198164,198164,11,0,4,4,2018,2,9,6,3,5,2,0,1,1,0,0,0,0,0,793677.8893,5826066.7511
202164,13.624520892900513,52.529946677170585,198165,198165,11,0,10,10,2018,2,0,4,3,1,5,2,0,1,0,0,0,0,0,813624.7919,5830037.9406
202165,13.400849461037431,52.51848676377834,198166,198166,11,0,1,1,2018,2,23,6,3,0,1,2,1,0,0,0,0,0,0,798541.6674,5827814.5132
202166,13.298524126822992,52.472363837253205,198167,198167,11,0,4,4,2018,2,7,5,2,0,1,0,1,0,0,0,0,0,0,791909.3195,5822269.1212
202167,13.38539182295682,52.55009920679003,198168,198168,11,0,1,1,2018,2,18,2,3,5,2,2,1,1,0,0,0,0,0,797279.7209,5831264.2797
202168,13.430182494962844,52.4146120863733,198169,198169,11,0,8,8,2018,2,20,6,2,5,7,2,0,1,0,0,0,0,0,801239.8322,5816391.1498
202169,13.34618173343073,52.501045505699146,198170,198170,11,0,7,7,2018,2,10,2,3,5,2,0,0,1,0,0,0,0,0,794951.9255,5825650.9654
202170,13.406688570571315,52.54709825117465,198171,198171,11,0,3,3,2018,2,15,5,3,2,6,0,0,1,0,1,0,0,0,798743.0617,5831018.7956
202171,13.40019290575246,52.50951241547781,198172,198172,11,0,1,1,2018,2,18,6,3,3,2,2,1,1,0,0,0,0,0,798558.0568,5826814.3198
202172,13.322102513512483,52.511808647361356,198173,198173,11,0,4,4,2018,2,18,7,2,5,2,2,1,1,0,0,0,0,0,793246.8675,5826749.0816
202173,13.388188962952508,52.56095848963209,198174,198174,11,0,1,1,2018,2,15,5,3,5,2,0,1,1,0,0,0,0,0,797395.7009,5832482.8107
202174,13.372119306262087,52.4924222669526,198175,198175,11,0,7,7,2018,2,19,6,3,5,7,2,0,1,0,0,0,0,0,796769.4186,5824798.9087
202175,13.211572849638523,52.52726892775896,198176,198176,11,0,5,5,2018,2,12,6,3,5,2,0,1,1,0,0,0,0,0,785650.7654,5828023.8148
202176,13.57813444104734,52.46002406552678,198177,198177,11,0,9,9,2018,2,11,7,2,6,3,0,0,1,1,0,0,0,0,810974.3726,5822065.902000001