,X,Y,OBJECTID_1,OBJECTID,ULAND,UREGBEZ,UKREIS,UGEMEINDE,UJAHR,UMONAT,USTUNDE,UWOCHENTAG,UKATEGORIE,UART,UTYP1,ULICHTVERH,IstRad,IstPKW,IstFuss,IstKrad,IstGkfz,IstSonstig,STRZUSTAND,LINREFX,LINREFY
202358,13.31105863259604,52.58461585803649,198359,198359,11,0,12,12,2018,3,14,7,3,5,2,0,1,1,0,0,0,0,0,792013.6234,5834796.8232
202359,13.314951559134906,52.50082864326559,198360,198360,11,0,4,4,2018,3,12,6,2,5,3,0,0,1,0,0,0,0,0,792834.9896,5825499.5902
202360,13.353751594683215,52.59655892290748,198361,198361,11,0,12,12,2018,3,12,7,3,2,6,0,0,1,0,0,0,0,0,794823.7388,5836298.2131
202361,13.288772404170821,52.58799726416074,198362,198362,11,0,12,12,2018,3,10,7,3,5,7,0,1,1,0,0,0,0,1,790482.3993,5835082.5675
202362,13.606461572958624,52.54182513651693,198363,198363,11,0,10,10,2018,3,19,3,2,0,7,2,1,0,0,0,0,0,1,812316.3107,5831279.674
202363,13.249433974136718,52.552274965065784,198364,198364,11,0,12,12,2018,3,17,7,3,5,3,1,0,1,0,0,0,0,0,788053.5466,5830954.0022
202364,13.443409426648465,52.446346255179776,198365,198365,11,0,8,8,2018,3,13,6,3,6,4,0,0,1,1,0,0,0,0,801921.5198,5819973.5172
202365,13.438060162150776,52.48281480679508,198366,198366,11,0,8,8,2018,3,13,7,3,3,3,0,0,1,0,0,0,0,0,801308.7675,5824004.4646
202366,13.563900106262777,52.54202221814386,198367,198367,11,0,10,10,2018,3,12,7,2,6,4,0,0,1,1,0,0,0,1,809430.8746,5831117.976
202367,13.698362941057784,52.38056709772165,198368,198368,11,0,9,9,2018,3,13,6,3,9,1,0,0,0,0,0,0,1,0,819711.4956,5813760.5395
202368,13.323470609960955,52.45716427088022,198369,198369,11,0,6,6,2018,3,18,7,3,6,3,2,0,1,1,0,0,0,0,793703.8690000001,5820680.921
202369,13.285627394276267,52.48292480178886,198370,198370,11,0,4,4,2018,3,13,6,3,5,3,0,0,1,0,1,0,0,0,790964.1674,5823390.8843
202370,13.155373694796753,52.42261462704371,198371,198371,11,0,6,6,2018,3,10,7,3,1,7,0,0,1,0,0,0,0,0,782511.0911,5816169.6604
202371,13.384934385542774,52.53998203038353,198372,198372,11,0,1,1,2018,3,20,3,2,5,3,2,0,1,0,0,0,0,1,797317.179,5830137.8872
202372,13.384215805180714,52.45818038852256,198373,198373,11,0,7,7,2018,3,23,7,2,6,4,2,0,1,1,0,0,0,1,797821.5059999999,5821042.847999999
202373,13.54971233205767,52.55892995767042,198374,198374,11,0,10,10,2018,3,8,7,2,5,3,0,0,1,0,0,0,1,1,808350.7640000001,5832936.3067
202374,13.339936332063518,52.5881598465536,198375,198375,11,0,12,12,2018,3,14,6,3,5,3,0,1,1,0,0,0,0,0,793944.9578,5835308.1915
202375,13.433571993938365,52.52317579460448,198376,198376,11,0,2,2,2018,3,7,7,3,6,4,0,0,1,1,0,0,0,1,800728.2578,5828471.6853
202376,13.396053742011082,52.4472958820577,198377,198377,11,0,7,7,2018,3,23,6,3,6,2,2,0,1,1,0,0,0,0,798698.993,5819881.995
202377,13.40575209395563,52.4902149914842,198378,198378,11,0,2,2,2018,3,2,7,3,8,1,2,0,1,0,0,0,0,0,799066.1659,5824692.5019
202378,13.300287561048224,52.57005216195121,198379,198379,11,0,12,12,2018,3,20,6,3,5,3,2,1,1,0,0,0,0,0,791381.0661,5833134.4361
202379,13.489003143111141,52.617594586762564,198380,198380,11,0,3,3,2018,3,23,6,3,7,7,2,0,1,0,0,0,0,1,803831.9029999999,5839198.4738
202380,13.427642406089063,52.49917173987614,198381,198381,11,0,2,2,2018,3,8,6,2,5,3,0,1,1,0,0,0,0,0,800490.1828,5825779.006
202381,13.624023834392526,52.45052786188181,198382,198382,11,0,9,9,2018,3,15,4,2,6,4,0,0,1,1,0,0,0,0,814157.3944,5821209.3121
202382,13.198451921851394,52.532981040469764,198383,198383,11,0,5,5,2018,3,21,6,3,2,2,2,0,1,0,0,0,0,0,784724.2589,5828606.841
202383,13.241169073772545,52.43850045957096,198384,198384,11,0,6,6,2018,3,8,6,2,5,3,0,0,1,0,0,0,0,0,788237.5557,5818274.5947
202384,13.568875449718375,52.56835731768119,198385,198385,11,0,10,10,2018,3,12,2,3,5,5,0,0,1,0,0,0,0,0,809582.3163,5834066.2574
202385,13.320344056852234,52.47883001371436,198386,198386,11,0,4,4,2018,3,7,6,3,5,2,0,1,1,0,0,0,0,0,793347.3054,5823076.3479
202386,13.313366303051325,52.42312888570082,198387,198387,11,0,6,6,2018,3,10,6,3,5,3,0,0,1,0,0,0,0,0,793243.9856,5816856.8068
202387,13.569705142697954,52.44201374097685,198388,198388,11,0,9,9,2018,3,8,6,3,6,2,0,0,1,1,0,0,0,0,810528.9607,5820027.931
202388,13.330702489969227,52.575503529535744,198389,198389,11,0,12,12,2018,3,9,6,3,0,5,0,0,1,0,0,0,0,0,793404.4717,5833863.794
202389,13.435879569172226,52.48370427081897,198390,198390,11,0,8,8,2018,3,17,6,3,6,2,0,0,1,1,0,0,0,0,801154.7164,5824094.2178
202390,13.405052227297535,52.52210361453764,198391,198391,11,0,1,1,2018,3,9,6,3,1,5,0,1,1,0,0,0,0,0,798802.05,5828233.9274
202391,13.429742002470018,52.48961728389021,198392,198392,11,0,8,8,2018,3,17,6,3,6,4,0,0,1,1,0,0,0,0,800697.8638,5824725.8171
202392,13.451030879046018,52.49183284136229,198393,198393,11,0,9,9,2018,3,17,3,3,5,2,1,1,1,0,0,0,0,1,802127.0282,5825061.0381
202393,13.403927863548606,52.386675491512726,198394,198394,11,0,7,7,2018,3,9,6,3,6,7,0,0,1,1,0,0,0,0,799644.9644,5813176.8762
202394,13.403369061136218,52.493838102823965,198395,198395,11,0,2,2,2018,3,15,6,3,2,2,0,0,1,0,0,0,0,0,798879.8871,5825085.3212
202395,13.416612107699699,52.50206319147092,198396,198396,11,0,2,2,2018,3,15,6,3,3,2,0,1,0,0,0,0,1,0,799722.2838,5826054.4762
202396,13.406650466731898,52.49843003407525,198397,198397,11,0,2,2,2018,3,8,6,3,5,3,0,0,1,0,0,0,0,0,799071.2974,5825609.3042
202397,13.497691917135436,52.57758214240757,198398,198398,11,0,11,11,2018,3,19,4,3,8,1,2,0,0,0,0,0,1,1,804697.5651,5834788.0294
202398,13.213446822457795,52.42961608833839,198399,198399,11,0,6,6,2018,3,7,6,3,5,3,0,1,1,0,0,0,0,1,786412.0468,5817176.7237
202399,13.473665121100499,52.438118104399386,198400,198400,11,0,8,8,2018,3,14,6,3,0,4,0,0,0,1,0,0,1,0,804032.9855,5819186.0255
202400,13.31903361787196,52.457501349426956,198401,198401,11,0,6,6,2018,3,19,6,3,3,6,2,0,1,0,0,0,0,1,793400.3573,5820700.337
202401,13.392138834595542,52.5298661538583,198402,198402,11,0,1,1,2018,3,7,6,3,6,4,0,0,1,1,0,0,0,0,797873.9675,5829043.2727
202402,13.294264465764348,52.49769211773022,198403,198403,11,0,4,4,2018,3,19,6,3,5,7,2,1,1,0,0,0,0,0,791452.5093,5825067.1626
202403,13.317517938103773,52.559881829272754,198404,198404,11,0,12,12,2018,3,6,6,3,5,2,1,0,1,0,0,0,0,0,792615.7614,5832073.8146
202404,13.307205609222114,52.58587203792677,198405,198405,11,0,12,12,2018,3,7,6,3,6,4,0,0,1,1,0,0,0,0,791744.4117,5834920.8377
202405,13.423316562550163,52.52018602450677,198406,198406,11,0,1,1,2018,3,4,6,3,5,3,1,1,1,0,0,0,0,0,800053.3941,5828096.6514
202406,13.309341713136213,52.49205885065156,198407,198407,11,0,4,4,2018,3,5,3,2,5,2,2,0,1,0,0,0,0,1,792512.7347,5824502.0576
202407,13.27370577129233,52.53693536565481,198408,198408,11,0,5,5,2018,3,18,6,3,6,4,2,0,1,1,0,0,0,0,789799.1934,5829346.2554
202408,13.417241246402188,52.4988386286139,198409,198409,11,0,2,2,2018,3,19,5,3,3,6,2,1,1,0,0,0,0,0,799786.9216,5825698.6923
202409,13.285749786140473,52.51875690243451,198410,198410,11,0,4,4,2018,3,19,5,3,2,6,2,0,1,0,0,0,0,0,790735.6755,5827374.1741
202410,13.450015747740641,52.507509135151466,198411,198411,11,0,2,2,2018,3,7,6,3,2,2,0,0,1,0,1,0,0,1,801950.5832,5826799.1318
202411,13.29665528607897,52.54814633954193,198412,198412,11,0,4,4,2018,3,18,6,3,5,3,1,0,1,0,0,0,0,0,791280.3178,5830684.8839
202412,13.460486238502831,52.52937556927265,198413,198413,11,0,3,3,2018,3,13,5,3,2,6,0,0,1,0,0,0,0,0,802510.2265,5829273.3753
202413,13.386015941873493,52.485030432315895,198414,198414,11,0,2,2,2018,3,17,6,3,5,2,1,0,1,0,1,0,0,0,797762.1994,5824034.5961
202414,13.413951700273378,52.507764454582755,198415,198415,11,0,1,1,2018,3,12,5,3,5,5,0,1,1,0,0,0,0,0,799503.0259,5826677.0986
202415,13.372654709357946,52.54017550884665,198416,198416,11,0,1,1,2018,3,17,6,3,1,1,0,0,1,0,0,0,0,0,796483.6822,5830108.8092
202416,13.483941035873821,52.61324319496602,198417,198417,11,0,3,3,2018,3,10,5,2,2,6,0,0,1,0,0,0,0,0,803519.6017,5838693.489
202417,13.27598815866394,52.53557809433658,198418,198418,11,0,5,5,2018,3,17,6,3,1,5,1,0,1,0,0,0,1,1,789962.8401,5829204.5698
202418,13.178019596085331,52.54873327081185,198419,198419,11,0,5,5,2018,3,7,3,3,5,2,0,0,1,0,0,0,0,0,783237.7211,5830277.2961
202419,13.663750112050517,52.44933737266325,198420,198420,11,0,9,9,2018,3,7,6,3,0,1,0,1,0,0,0,0,0,2,816863.4319,5821250.726
202420,13.411744960031875,52.54047256259018,198421,198421,11,0,3,3,2018,3,7,6,3,1,5,0,0,1,0,0,1,0,0,799130.7754,5830303.3416
202421,13.429946208398714,52.551078644560405,198422,198422,11,0,3,3,2018,3,11,5,3,2,2,0,1,1,0,0,0,0,0,800291.7404,5831557.8661
202422,13.368262746220887,52.50630877375017,198423,198423,11,0,1,1,2018,3,15,6,3,5,2,0,1,1,0,0,0,0,0,796414.2373,5826326.5106
202423,13.430650114780619,52.46863537907841,198424,198424,11,0,8,8,2018,3,15,6,3,2,6,0,0,1,0,1,0,0,0,800902.793,5822397.5515
202424,13.43563394911228,52.55104726506536,198425,198425,11,0,3,3,2018,3,11,5,3,5,3,0,0,1,0,0,0,0,0,800677.3074,5831578.0946
202425,13.269269533788192,52.5191358697469,198426,198426,11,0,4,4,2018,3,15,6,3,5,3,0,0,1,0,0,0,0,0,789615.7364,5827349.9718
202426,13.300563117465007,52.51711445249296,198427,198427,11,0,4,4,2018,3,10,5,3,6,7,0,0,1,1,0,0,0,0,791750.9825,5827251.4492
202427,13.377894914786882,52.468684183331064,198428,198428,11,0,7,7,2018,3,15,6,2,5,3,0,0,1,0,0,1,0,0,797321.4666,5822184.2509
202428,13.361395820271518,52.577652995047615,198429,198429,11,0,12,12,2018,3,8,2,3,0,1,0,1,0,0,0,0,0,2,795468.4197,5834228.1487
202429,13.364301858537548,52.506929040723726,198430,198430,11,0,1,1,2018,3,22,5,3,0,7,2,0,1,0,0,0,0,1,796141.4266,5826379.1782
202430,13.467955256678113,52.51553067394594,198431,198431,11,0,2,2,2018,3,22,5,3,6,7,2,1,0,1,0,0,0,0,803111.9292,5827765.9596
202431,13.155767966273256,52.52162342029556,198432,198432,11,0,5,5,2018,3,15,5,3,6,4,0,0,1,1,0,0,0,0,781903.7151,5827176.6455
202432,13.571356530057788,52.52854688984423,198433,198433,11,0,10,10,2018,3,9,5,3,2,7,0,0,1,0,0,0,0,0,810031.183,5829652.3610000005
202433,13.409908371501482,52.574407324182644,198434,198434,11,0,3,3,2018,3,17,5,3,5,3,0,1,1,0,0,0,0,0,798775.3659999999,5834067.4775
202434,13.443353495742247,52.511955875231855,198435,198435,11,0,2,2,2018,3,19,3,2,5,3,2,0,1,0,0,0,1,2,801468.2865,5827265.489
202435,13.297337841303198,52.44238011802428,198436,198436,11,0,6,6,2018,3,21,5,3,5,5,2,0,1,0,1,0,0,1,792027.3678,5818931.607000001
202436,13.623002260369965,52.450567827528296,198437,198437,11,0,9,9,2018,3,19,5,3,5,2,2,1,1,0,0,0,0,0,814087.7426,5821209.3062
202437,13.380418125214806,52.52271996318984,198438,198438,11,0,1,1,2018,3,9,5,3,5,2,0,1,1,0,0,0,0,0,797127.7638,5828200.6188
202438,13.342535592066747,52.545291187643365,198439,198439,11,0,1,1,2018,3,14,5,3,2,6,0,0,1,0,0,0,0,1,794408.2335,5830553.9505
202439,13.321351535409699,52.444107350650356,198440,198440,11,0,6,6,2018,3,13,5,3,2,2,0,0,1,0,0,0,0,1,793646.9323,5819221.0232
202440,13.411019724950151,52.503480318006446,198441,198441,11,0,2,2,2018,3,9,5,3,5,2,0,1,1,0,0,0,0,0,799333.3259999999,5826188.756
202441,13.459574775476193,52.509088447213756,198442,198442,11,0,2,2,2018,3,15,4,3,0,6,0,0,1,0,0,0,1,1,802587.9971,5827014.7376
202442,13.540128107476733,52.52566482980718,198443,198443,11,0,10,10,2018,3,12,5,3,5,2,0,1,1,0,0,0,0,1,807934.6064,5829198.1804
202443,13.397497516132336,52.423854744410775,198444,198444,11,0,7,7,2018,3,9,5,3,5,3,0,0,1,0,0,0,0,0,798955.8640000001,5817282.563999999
202444,13.297113847285411,52.53721632371651,198445,198445,11,0,4,4,2018,3,18,5,3,6,4,2,0,1,1,0,0,0,0,791383.8536,5829471.8492
202445,13.449227865947664,52.49703543548328,198446,198446,11,0,2,2,2018,3,9,5,3,2,6,0,0,1,0,0,0,0,0,801969.0141,5825631.73
202446,13.343943191929847,52.48570569017139,198447,198447,11,0,7,7,2018,3,18,5,3,5,3,2,0,1,0,0,0,0,0,794902.8264,5823936.8018
202447,13.472144698227641,52.46514355734628,198448,198448,11,0,8,8,2018,3,8,5,3,5,3,0,0,1,0,0,0,0,0,803743.4492,5822183.3394
202448,13.539664548942337,52.436428984533,198449,198449,11,0,9,9,2018,3,8,5,3,2,6,0,0,1,0,0,0,0,0,808527.7597,5819278.3882
202449,13.53521660010184,52.43240254444668,198450,198450,11,0,9,9,2018,3,6,5,3,5,2,1,1,0,0,0,1,0,1,808253.7644,5818811.8778
202450,13.43089239939591,52.46784250884188,198451,198451,11,0,8,8,2018,3,22,5,3,2,3,2,0,1,0,0,0,0,0,800924.6542,5822310.4379
202451,13.365637501549752,52.493696623292045,198452,198452,11,0,7,7,2018,3,10,5,3,5,3,0,0,1,0,0,0,0,1,796321.0916,5824913.9001
202452,13.607554088735831,52.53348622344554,198453,198453,11,0,10,10,2018,3,8,5,3,0,6,0,1,0,0,0,0,1,0,812449.6269,5830357.6292
202453,13.17660855477638,52.545016515081656,198454,198454,11,0,5,5,2018,3,14,3,3,0,3,0,0,1,0,1,0,0,0,783166.0578,5829858.6121
202454,13.333141371049855,52.59549021876767,198455,198455,11,0,12,12,2018,3,10,5,3,6,2,0,0,0,1,0,0,1,0,793435.9243,5836095.2598
202455,13.411967160114026,52.54272192911704,198456,198456,11,0,3,3,2018,3,20,5,3,6,4,2,0,1,1,0,0,0,0,799130.5213,5830554.2743
202456,13.408428802211088,52.501991145481284,198457,198457,11,0,2,2,2018,3,17,5,3,0,3,2,0,1,0,1,0,0,0,799167.7192,5826012.4872
202457,13.415155221768545,52.569673721885536,198458,198458,11,0,3,3,2018,3,10,5,3,1,5,0,1,1,0,0,0,0,1,799162.9203,5833563.1237
202458,13.425163559859765,52.52687745779117,198459,198459,11,0,2,2,2018,2,8,4,3,6,3,0,0,1,1,0,0,0,0,800132.9429,5828848.0691
202459,13.506765902228244,52.496915936779565,198460,198460,11,0,11,11,2018,3,7,5,3,2,2,0,0,1,0,0,0,0,0,805872.8712,5825860.9421
202460,13.203424263137329,52.52381511121126,198461,198461,11,0,5,5,2018,3,8,5,3,5,5,0,0,1,0,0,0,0,1,785120.7372,5827607.6523
202461,13.154599441344944,52.532173109835156,198462,198462,11,0,5,5,2018,3,7,5,2,6,4,0,0,1,1,0,0,0,0,781756.8817,5828344.7468
202462,13.582088004766181,52.442807777288465,198463,198463,11,0,9,9,2018,3,10,5,3,2,2,0,0,1,1,0,0,0,1,811364.3546,5820169.5387
202463,13.407900844352303,52.51172643151997,198464,198464,11,0,1,1,2018,3,17,5,3,1,5,2,1,1,0,0,0,0,0,799065.7296,5827092.3446
202464,13.441635370743315,52.54327937204303,198465,198465,11,0,3,3,2018,3,10,3,3,6,4,0,1,0,1,0,0,0,0,801137.1506,5830739.782000001
202465,13.554805406019465,52.43268533755038,198466,198466,11,0,9,9,2018,3,15,5,3,5,3,0,0,1,0,0,0,0,0,809582.4886,5818927.1538
202466,13.314075695444672,52.4367735328627,198467,198467,11,0,6,6,2018,3,7,5,3,5,3,0,1,1,0,0,0,0,1,793201.5085,5818376.2906
202467,13.460165809440966,52.522806891264075,198468,198468,11,0,3,3,2018,3,17,5,3,5,3,2,1,1,0,0,0,0,0,802533.702,5828541.9545
202468,13.362287881484644,52.5510389875782,198469,198469,11,0,1,1,2018,3,16,3,3,6,4,0,0,1,1,0,0,0,0,795708.0037,5831273.682
202469,13.447955541586573,52.44744873594412,198470,198470,11,0,8,8,2018,3,15,5,2,6,4,0,0,1,1,0,0,0,0,802222.7032,5820115.0824
202470,13.230729175137371,52.53815344846262,198471,198471,11,0,5,5,2018,3,14,5,3,2,6,0,0,1,0,0,0,0,0,786878.3974,5829309.7437
202471,13.58534911472467,52.441556701481886,198472,198472,11,0,9,9,2018,3,15,5,3,6,3,0,0,1,1,0,0,0,0,811594.6734,5820044.5712
202472,13.471707601366576,52.50768704816737,198473,198473,11,0,2,2,2018,3,9,5,3,0,7,0,1,0,0,0,0,0,1,803420.4559,5826909.9663
202473,13.419337876546097,52.51501688260961,198474,198474,11,0,1,1,2018,3,8,4,3,5,3,0,1,1,0,0,0,0,0,799818.8772,5827505.567000001
202474,13.325474958870672,52.42800188498168,198475,198475,11,0,6,6,2018,3,14,5,2,3,3,0,1,1,0,0,1,0,0,794034.3208,5817447.6926
202475,13.456131195225616,52.56144163521578,198476,198476,11,0,3,3,2018,3,19,4,2,5,2,2,0,1,0,0,0,0,1,801994.5362,5832819.1023
202476,13.527826916640851,52.422777131497114,198477,198477,11,0,9,9,2018,3,14,5,3,5,3,0,1,1,0,0,0,0,0,807818.9106,5817710.5574
202477,13.432702561287256,52.478419908110325,198478,198478,11,0,8,8,2018,3,18,4,3,2,2,2,0,1,0,0,0,0,1,800975.2515,5823493.6229
202478,13.38576880545738,52.42154867078345,198479,198479,11,0,7,7,2018,3,5,3,3,5,7,2,0,1,0,1,0,0,0,798174.4899,5816977.7424
202479,13.318626277704716,52.45416933123342,198480,198480,11,0,6,6,2018,3,17,4,3,5,3,0,0,1,0,0,0,0,0,793394.875,5820328.3270000005
202480,13.347624986529135,52.507011496277904,198481,198481,11,0,1,1,2018,3,12,4,3,2,6,0,0,1,0,0,0,0,1,795009.8238,5826319.9849
202481,13.216626511813864,52.436203893196755,198482,198482,11,0,6,6,2018,3,14,5,3,5,2,0,1,1,0,0,0,0,0,786585.2954,5817921.6021
202482,13.314932509460983,52.46932282391714,198483,198483,11,0,4,4,2018,3,10,4,3,2,7,0,0,1,0,0,0,0,1,793043.281,5821997.629
202483,13.438601654027627,52.452594621858005,198484,198484,11,0,8,8,2018,3,10,4,3,5,2,0,0,1,0,0,0,0,1,801552.27,5820647.89
202484,13.575766084903035,52.491203080951706,198485,198485,11,0,10,10,2018,3,13,5,2,5,3,0,0,1,0,0,0,0,0,810593.6369,5825520.9342
202485,13.426681987574403,52.5157058949684,198486,198486,11,0,2,2,2018,3,9,4,3,5,3,0,1,1,0,0,0,0,1,800312.1577,5827612.7137
202486,13.376957860554464,52.55821534163492,198487,198487,11,0,1,1,2018,3,8,4,3,5,7,0,0,1,0,0,0,0,1,796653.4659999999,5832131.6193
202487,13.389139975207824,52.52756190819496,198488,198488,11,0,1,1,2018,3,13,5,3,5,2,0,1,1,0,0,0,0,0,797686.291,5828774.772999999
202488,13.391639832133302,52.51222365836919,198489,198489,11,0,1,1,2018,3,8,4,3,5,3,0,0,1,0,0,0,0,1,797959.6535,5827080.2877
202489,13.608374420371824,52.538904314357026,198490,198490,11,0,10,10,2018,3,13,5,3,5,3,0,0,1,0,0,0,0,0,812466.6981,5830963.347999999
202490,13.401944704099824,52.509661606181666,198491,198491,11,0,1,1,2018,3,13,4,3,1,5,0,0,1,0,0,0,0,1,798675.8446,5826838.1569
202491,13.347408466494533,52.59622288586574,198492,198492,11,0,12,12,2018,3,20,3,3,6,2,2,0,1,1,0,0,0,1,794396.6727,5836234.9164
202492,13.4656528979611,52.517475989527064,198493,198493,11,0,2,2,2018,3,7,4,3,6,4,0,0,1,1,0,0,0,1,802942.4171,5827972.494
202493,13.55882496357234,52.46996207470461,198494,198494,11,0,9,9,2018,3,5,4,3,0,1,2,0,1,0,0,0,1,2,809593.6372,5823087.3622
202494,13.328813924916506,52.47884765459719,198495,198495,11,0,4,4,2018,3,13,5,3,5,2,0,1,1,0,0,0,0,0,793922.0006,5823112.7849
202495,13.17924711966658,52.533767931435655,198496,198496,11,0,5,5,2018,3,8,4,2,5,3,0,1,1,0,0,0,0,2,783417.3875,5828618.6338
202496,13.419188749920707,52.50130602651889,198497,198497,11,0,2,2,2018,3,2,4,3,6,4,2,0,0,1,0,0,1,1,799902.2109999999,5825981.0326
202497,13.376708783777325,52.48503360572892,198498,198498,11,0,2,2,2018,2,13,4,3,5,2,0,1,0,0,0,0,1,0,797130.6434,5823996.5681
202498,13.475336458246176,52.45616632662193,198499,198499,11,0,9,9,2018,3,13,4,3,2,6,0,0,1,0,0,0,0,1,804022.0398,5821199.0171
202499,13.3372833716709,52.503820503205404,198500,198500,11,0,4,4,2018,3,23,4,3,6,4,2,0,1,1,0,0,0,0,794329.7816,5825923.0487
202500,13.453039924348026,52.551780013133744,198501,198501,11,0,3,3,2018,2,14,4,2,6,4,0,0,1,1,0,0,0,0,801851.5468,5831732.3038
202501,13.519660143746718,52.50581690356261,198502,198502,11,0,11,11,2018,2,13,4,3,6,2,0,0,1,1,0,0,0,0,806685.4875,5826904.9891
202502,13.429644963758063,52.54475186655263,198503,198503,11,0,3,3,2018,3,21,4,2,1,1,2,0,1,0,0,0,0,1,800314.5759,5830853.4120000005
202503,13.499401006879227,52.522888665511395,198504,198504,11,0,11,11,2018,2,13,4,3,2,2,0,0,1,0,0,0,0,0,805193.0439,5828716.4255
202504,13.35411645082576,52.44911396292002,198505,198505,11,0,6,6,2018,3,15,2,3,2,6,0,0,1,0,0,0,0,0,795838.7005,5819911.3191
202505,13.42969044456261,52.51035085286222,198506,198506,11,0,2,2,2018,3,18,4,3,2,6,2,0,1,0,0,0,0,1,800552.7361,5827030.0568
202506,13.57755325621134,52.40221678594345,198507,198507,11,0,9,9,2018,3,18,4,2,5,3,2,1,1,0,0,0,0,1,811342.6311,5815638.7132
202507,13.406148205181823,52.58168748000367,198508,198508,11,0,3,3,2018,2,12,4,3,5,2,0,1,1,0,0,0,0,0,798471.2258,5834861.0618
202508,13.308154024447957,52.47786561243953,198509,198509,11,0,4,4,2018,3,18,4,2,5,2,1,0,1,0,0,0,0,1,792526.423,5822919.654
202509,13.197714730193274,52.521046581314465,198510,198510,11,0,5,5,2018,2,12,4,3,6,2,0,0,1,1,0,0,0,0,784751.5613,5827277.3531
202510,13.328444948201772,52.490942845405854,198511,198511,11,0,4,4,2018,3,17,4,3,7,7,0,1,0,0,0,0,0,1,793816.2476,5824455.6604
202511,13.387614186697768,52.503457224849974,198512,198512,11,0,2,2,2018,2,11,4,3,2,6,0,0,1,0,0,0,1,0,797745.9835,5826089.2901
202512,13.356930241095252,52.49866981425783,198513,198513,11,0,7,7,2018,3,17,3,2,5,3,1,1,1,0,0,0,0,1,795696.9649,5825430.9256
202513,13.587268588111394,52.5235698735318,198514,198514,11,0,10,10,2018,2,11,4,3,5,3,0,0,1,0,0,0,0,0,811144.9669,5829167.7776
202514,13.274986313441634,52.54855084421924,198515,198515,11,0,4,4,2018,2,11,4,3,2,6,0,0,1,0,0,0,1,0,789809.3735,5830642.4924
202515,13.320682101876807,52.45676349847602,198516,198516,11,0,6,6,2018,3,15,4,3,2,2,0,0,1,0,0,1,1,1,793517.2002,5820625.029
202516,13.415920730121075,52.50204564520385,198517,198517,11,0,2,2,2018,2,20,4,3,6,2,2,0,1,1,0,0,0,0,799675.5088,5826049.6526
202517,13.517105391672544,52.44458904116335,198518,198518,11,0,9,9,2018,3,10,3,3,5,2,0,0,1,0,0,0,0,1,806938.6018,5820089.1122
202518,13.396022913627156,52.538254496241464,198519,198519,11,0,1,1,2018,3,13,2,3,5,2,0,0,1,0,0,0,0,1,798080.3604,5829991.6742
202519,13.59162619607872,52.544950069159356,198520,198520,11,0,10,10,2018,3,19,3,3,5,2,2,0,1,0,0,0,0,0,811288.9002,5831562.7878
202520,13.439049989711211,52.48041898172128,198521,198521,11,0,8,8,2018,3,14,2,3,5,3,0,0,1,0,0,0,1,0,801392.3304,5823742.3146
202521,13.379295921015787,52.50703344918745,198522,198522,11,0,1,1,2018,3,19,3,3,5,3,2,1,1,0,0,0,0,0,797157.6352,5826452.4673
202522,13.479387897008502,52.51611816976778,198523,198523,11,0,11,11,2018,3,16,2,3,6,4,0,0,0,1,0,0,1,0,803883.0644,5827879.3841
202523,13.4038547317013,52.5514884871745,198524,198524,11,0,3,3,2018,3,16,2,3,5,2,0,1,1,0,0,0,0,0,798521.212,5831495.016
202524,13.525172796523215,52.486834426262504,198525,198525,11,0,11,11,2018,3,19,3,2,6,4,2,0,1,1,0,0,0,1,807191.8148,5824818.6958
202525,13.435494031116905,52.424914783528756,198526,198526,11,0,8,8,2018,3,13,2,3,6,4,0,0,0,1,0,1,0,0,801530.4229,5817558.4216
202526,13.313891187773507,52.4867979151676,198527,198527,11,0,4,4,2018,3,7,2,3,6,4,1,1,0,1,0,0,0,0,792856.3865,5823935.7627
202527,13.532614848171995,52.51129185967392,198528,198528,11,0,11,11,2018,3,13,2,2,6,4,0,0,0,1,1,0,0,1,807525.7893,5827568.6683
202528,13.424619604802404,52.486566579247075,198529,198529,11,0,8,8,2018,3,18,3,3,0,6,1,0,1,0,1,0,0,0,800371.1388,5824365.3987
202529,13.568526972558406,52.5694768152017,198530,198530,11,0,10,10,2018,3,16,2,2,5,2,0,0,1,0,1,0,0,0,809550.8222,5834189.182
202530,13.600997009694247,52.53683282589604,198531,198531,11,0,10,10,2018,3,18,3,3,5,3,2,0,1,0,0,0,0,1,811981.4669,5830701.1625
202531,13.412119451504125,52.405488663082245,198532,198532,11,0,7,7,2018,3,4,2,3,6,6,2,0,1,1,0,0,0,0,800074.2201,5815301.9016
202532,13.327483328639559,52.52439869660177,198533,198533,11,0,1,1,2018,3,18,3,3,2,2,2,0,1,0,0,0,0,0,793527.7323,5828170.3644
202533,13.557172756050653,52.55698745447755,198534,198534,11,0,10,10,2018,3,16,3,2,6,4,0,0,1,1,0,0,0,0,808869.7679999999,5832752.3685
202534,13.352997562308435,52.433214685894114,198535,198535,11,0,6,6,2018,3,15,2,3,2,2,0,1,1,0,0,0,0,0,795869.3534,5818139.5509
202535,13.320514776282089,52.570405450210714,198536,198536,11,0,12,12,2018,3,16,3,3,2,6,0,1,1,0,0,0,0,1,792748.5968,5833255.6972
202536,13.433656356523347,52.54997494713705,198537,198537,11,0,3,3,2018,3,14,2,3,3,6,0,0,1,0,0,0,0,0,800550.6593,5831450.661