,X,Y,OBJECTID_1,OBJECTID,ULAND,UREGBEZ,UKREIS,UGEMEINDE,UJAHR,UMONAT,USTUNDE,UWOCHENTAG,UKATEGORIE,UART,UTYP1,ULICHTVERH,IstRad,IstPKW,IstFuss,IstKrad,IstGkfz,IstSonstig,STRZUSTAND,LINREFX,LINREFY
202537,13.322791771067054,52.49158529091341,198538,198538,11,0,4,4,2018,3,15,3,3,0,5,0,1,1,0,0,0,0,0,793428.4153,5824504.0544
202538,13.359122633445047,52.56821559643907,198539,198539,11,0,12,12,2018,3,14,3,3,5,3,0,0,1,0,0,0,0,0,795377.9968,5833169.8668
202539,13.358874437016896,52.47462844532518,198540,198540,11,0,7,7,2018,3,15,2,3,5,3,0,0,1,0,0,0,0,0,795990.4123,5822766.7318
202540,13.351304467966594,52.509411151205605,198541,198541,11,0,1,1,2018,3,5,3,3,5,7,2,0,1,0,1,0,0,0,795243.2688,5826601.7641
202541,13.580816683823278,52.460021764438686,198542,198542,11,0,9,9,2018,3,7,3,3,5,2,0,1,1,0,0,0,0,0,811156.4825,5822077.2114
202542,13.273474170340725,52.499957931750046,198543,198543,11,0,4,4,2018,3,14,2,2,5,3,0,0,1,0,0,0,0,1,790027.2189,5825235.1999
202543,13.184565082368172,52.515551484441175,198544,198544,11,0,5,5,2018,3,7,3,3,5,2,0,0,1,0,0,0,0,1,783895.4334,5826614.6933
202544,13.341181150908918,52.50484099160766,198545,198545,11,0,1,1,2018,3,13,2,3,0,1,0,1,0,0,0,0,0,1,794587.3233,5826052.3914
202545,13.420768769724507,52.46854930864853,198546,198546,11,0,8,8,2018,3,8,3,3,5,2,0,1,1,0,0,0,0,1,800232.6437,5822346.8168
202546,13.389805767868884,52.54640162489377,198547,198547,11,0,1,1,2018,3,18,2,3,3,6,0,0,1,0,0,0,0,0,797603.8294,5830871.5178
202547,13.236360479193227,52.62369947248325,198548,198548,11,0,12,12,2018,3,9,3,3,4,6,0,0,1,0,0,0,0,2,786700.6589,5838840.967
202548,13.3130475026351,52.57144179988862,198549,198549,11,0,12,12,2018,3,11,3,3,6,2,0,0,1,1,0,0,0,1,792235.9825,5833340.5746
202549,13.387027753903856,52.41175246635553,198550,198550,11,0,7,7,2018,3,18,2,3,2,6,0,0,1,0,0,0,0,0,798326.2356,5815894.1236
202550,13.343528918565207,52.43926118372889,198551,198551,11,0,6,6,2018,3,11,3,3,2,6,0,0,0,0,0,1,0,1,795185.6328,5818772.8427
202551,13.373762333001602,52.52350266876003,198552,198552,11,0,1,1,2018,3,18,2,3,5,3,0,1,1,0,0,0,0,0,796671.2434,5828260.2048
202552,13.377541158228006,52.543958759815254,198553,198553,11,0,1,1,2018,3,13,3,3,2,6,0,0,1,0,0,0,1,1,796789.2823,5830549.4229999995
202553,13.401908510977002,52.528965774288864,198554,198554,11,0,1,1,2018,3,17,2,3,5,2,0,1,1,0,0,0,0,0,798542.3195,5828983.6132
202554,13.36855259124057,52.525812522812316,198555,198555,11,0,1,1,2018,3,5,2,3,6,4,2,0,1,1,0,0,0,0,796302.4811,5828495.516
202555,13.363928637283097,52.54731484050388,198556,198556,11,0,1,1,2018,3,16,2,3,4,6,0,0,1,0,0,0,0,0,795844.2474,5830866.4804
202556,13.217513336747212,52.61119566292294,198557,198557,11,0,12,12,2018,3,17,2,3,5,3,0,0,1,0,0,0,0,0,785507.2064,5837376.2258
202557,13.372478045775864,52.56902278626029,198558,198558,11,0,12,12,2018,3,16,2,2,4,2,0,0,1,0,0,0,0,0,796277.0641,5833314.4208
202558,13.397485002600437,52.529429699493,198559,198559,11,0,1,1,2018,3,15,2,3,3,6,0,1,1,0,0,0,0,0,798239.3188,5829016.8668
202559,13.397531030478946,52.49527036739418,198560,198560,11,0,2,2,2018,3,16,2,3,2,6,0,0,1,0,1,0,0,0,798474.1195,5825220.3356
202560,13.42142730938793,52.535749191934116,198561,198561,11,0,3,3,2018,3,18,1,3,5,5,1,0,1,0,1,0,0,0,799819.1517,5829818.5833
202561,13.262660912110547,52.43926188631877,198562,198562,11,0,6,6,2018,3,15,2,3,5,2,0,1,0,0,0,0,1,0,789692.4871,5818445.2694
202562,13.559286460473164,52.446881468170616,198563,198563,11,0,9,9,2018,3,17,1,3,2,6,0,0,1,0,0,0,0,0,809787.1565,5820524.1499
202563,13.572540652434368,52.45134796446665,198564,198564,11,0,9,9,2018,3,15,2,3,2,6,0,0,1,0,0,0,0,0,810655.7632,5821077.5424
202564,13.365952352972002,52.55714830372058,198565,198565,11,0,1,1,2018,3,17,1,3,2,6,0,0,1,0,0,0,0,0,795915.1225,5831967.7688
202565,13.435846121300932,52.483764376520575,198566,198566,11,0,8,8,2018,3,15,2,3,5,2,0,0,1,0,0,0,0,0,801152.0357,5824100.7586
202566,13.46854967010497,52.50691093486221,198567,198567,11,0,2,2,2018,3,14,1,3,6,2,0,0,1,1,0,0,0,0,803211.6414,5826810.4212
202567,13.427906663496186,52.53548486838589,198568,198568,11,0,3,3,2018,3,15,1,3,1,5,0,1,1,0,0,0,0,0,800260.0974,5829816.176
202568,13.30187502339414,52.488474015874225,198569,198569,11,0,4,4,2018,3,9,2,3,5,3,0,1,1,0,0,0,0,0,792029.9289,5824073.3445
202569,13.517123478352472,52.53545939217598,198570,198570,11,0,10,10,2018,3,12,1,3,5,2,0,0,1,0,0,0,0,0,806306.9025,5830188.7505
202570,13.282321127805078,52.49039305599576,198571,198571,11,0,4,4,2018,3,12,1,3,5,7,0,0,1,0,0,0,0,0,790690.4982,5824207.6621
202571,13.449434544938333,52.54794667208795,198572,198572,11,0,3,3,2018,3,16,2,3,6,7,0,0,1,1,0,0,0,0,801633.6029,5831291.1485
202572,13.206092582924652,52.54076565162928,198573,198573,11,0,5,5,2018,3,11,1,3,2,7,0,0,1,0,0,0,0,0,785191.6682,5829502.3429
202573,13.320343999360087,52.47924309400551,198574,198574,11,0,4,4,2018,3,12,1,2,5,7,0,0,1,0,1,0,0,0,793344.5504,5823122.2616
202574,13.4635362299965,52.51070612156272,198575,198575,11,0,2,2,2018,3,8,2,3,2,6,0,0,1,0,0,0,1,0,802845.5092,5827211.1659
202575,13.334797584159398,52.58732696037158,198576,198576,11,0,12,12,2018,3,17,1,2,5,3,0,0,1,0,0,0,0,0,793602.6575,5835194.6584
202576,13.367196411842688,52.41045265713545,198577,198577,11,0,7,7,2018,3,8,2,3,2,6,0,0,1,0,0,0,0,0,796987.0817,5815667.8961
202577,13.403132270617212,52.53192967351079,198578,198578,11,0,1,1,2018,3,15,1,3,0,1,0,1,0,0,0,0,0,0,798605.1409,5829318.1116
202578,13.366323838681328,52.5424810338033,198579,198579,11,0,1,1,2018,3,15,2,3,6,4,0,0,1,1,0,0,0,0,796039.109,5830339.043
202579,13.400082783976707,52.52876976038976,198580,198580,11,0,1,1,2018,3,23,1,3,6,4,2,0,1,1,0,0,0,0,798419.8907,5828954.2672
202580,13.51409090968374,52.53513670134471,198581,198581,11,0,11,11,2018,3,20,1,3,2,6,2,0,1,0,1,0,0,0,806103.6221,5830140.002
202581,13.468107062079651,52.507247269952785,198582,198582,11,0,2,2,2018,3,7,2,3,5,3,0,1,1,0,0,0,0,0,803179.3066,5826845.9419
202582,13.326321642585516,52.52475638281224,198583,198583,11,0,1,1,2018,3,20,1,3,8,1,2,0,1,0,0,0,0,0,793446.5887,5828205.3922
202583,13.168757784944676,52.54141919197225,198584,198584,11,0,5,5,2018,3,14,2,3,5,3,0,0,1,0,0,0,0,0,782657.172,5829427.9346
202584,13.34122856309129,52.53504425912126,198585,198585,11,0,1,1,2018,3,14,2,3,2,6,0,0,1,0,0,0,0,0,794388.298,5829409.668
202585,13.396172298069015,52.538313237918075,198586,198586,11,0,1,1,2018,3,19,1,3,6,2,2,0,1,1,0,0,0,0,798090.0861,5829998.821
202586,13.415453918787058,52.54407832784571,198587,198587,11,0,3,3,2018,3,13,1,3,5,2,0,1,1,0,0,0,0,0,799357.5596,5830719.5111
202587,13.303987197087393,52.48000610395814,198588,198588,11,0,4,4,2018,3,14,2,3,5,2,0,1,1,0,0,0,0,0,792229.429,5823140.682999999
202588,13.35319731708491,52.490204537574435,198589,198589,11,0,7,7,2018,3,14,2,3,1,5,0,0,1,0,1,0,0,0,795500.5654,5824474.7194
202589,13.507733784844618,52.545724534936745,198590,198590,11,0,11,11,2018,3,10,1,2,8,1,0,0,1,0,0,0,0,0,805599.1312,5831289.7887
202590,13.371412606119675,52.40930831930454,198591,198591,11,0,7,7,2018,3,14,2,3,2,6,0,0,1,0,0,0,0,0,797281.3617,5815558.0565
202591,13.202176498716113,52.537456453464145,198592,198592,11,0,5,5,2018,3,10,1,3,1,5,0,0,1,0,0,0,0,0,784947.7173,5829119.0224
202592,13.177236201377195,52.54901980323317,198593,198593,11,0,5,5,2018,3,16,2,3,6,4,0,1,0,1,0,0,0,0,783182.7908,5830306.0678
202593,13.392948441245355,52.4841039177596,198594,198594,11,0,7,7,2018,3,8,1,3,6,7,0,0,0,1,0,0,1,0,798238.8759,5823960.2577
202594,13.386402628874068,52.55347926344297,198595,198595,11,0,1,1,2018,3,13,2,3,5,3,0,0,1,0,0,0,0,0,797325.3283,5831644.1369
202595,13.413342662273704,52.54869583059311,198596,198596,11,0,3,3,2018,3,11,2,3,2,2,0,0,1,0,0,0,0,0,799183.0505,5831223.9657
202596,13.237070660307396,52.52910853334466,198597,198597,11,0,5,5,2018,3,8,1,2,5,3,0,0,1,0,0,0,1,0,787367.3173,5828329.6237
202597,13.3727043349892,52.41970240184562,198598,198598,11,0,7,7,2018,3,15,2,3,5,3,0,0,1,0,0,0,0,0,797299.1579999999,5816718.6531
202598,13.300746055779348,52.52319774873145,198599,198599,11,0,4,4,2018,3,16,2,3,6,7,0,0,1,1,0,0,0,0,791723.0339,5827928.3552
202599,13.724005635608888,52.43088354150228,198600,198600,11,0,9,9,2018,3,7,1,2,9,1,0,0,1,0,0,0,0,0,821089.2639,5819466.2228
202600,13.379427397542475,52.545417988263,198601,198601,11,0,1,1,2018,3,17,2,2,5,2,0,1,1,0,0,0,0,0,796907.2404,5830719.3829
202601,13.624820322944254,52.424795779681254,198602,198602,11,0,9,9,2018,3,17,2,3,2,7,1,0,1,0,0,0,0,0,814394.8611,5818352.9725
202602,13.411757787075796,52.52396557822377,198603,198603,11,0,1,1,2018,3,3,1,3,5,3,2,0,1,0,0,0,0,0,799243.9940000001,5828468.6927
202603,13.380858989610154,52.4421407707516,198604,198604,11,0,7,7,2018,3,9,2,3,2,6,0,0,1,0,0,0,1,0,797701.8732,5819246.2333
202604,13.199354185231195,52.53479323682433,198605,198605,11,0,5,5,2018,3,20,7,3,2,2,2,0,1,0,0,0,0,0,784773.6795,5828811.8398
202605,13.505753684159385,52.56359980087171,198606,198606,11,0,11,11,2018,3,18,2,3,6,4,1,0,1,1,0,0,0,0,805340.6657,5833268.1127
202606,13.598612228753279,52.534918904429766,198607,198607,11,0,10,10,2018,3,20,7,3,2,6,2,0,1,0,0,0,0,0,811833.4322,5830478.1292
202607,13.317795782529595,52.45791842932103,198608,198608,11,0,6,6,2018,3,20,2,3,5,2,2,1,1,0,0,0,0,0,793313.5345,5820741.6631
202608,13.198572336523654,52.53329944607145,198609,198609,11,0,5,5,2018,3,13,2,3,0,6,0,0,1,0,0,0,1,0,784730.359,5828642.709
202609,13.49416555353814,52.54799369766914,198610,198610,11,0,11,11,2018,3,20,7,2,0,1,2,1,0,0,0,0,0,0,804664.0384,5831484.5416
202610,13.315282358348393,52.51473876080443,198611,198611,11,0,4,4,2018,3,20,2,3,5,2,2,0,1,0,0,0,0,0,792764.8593,5827047.0508
202611,13.435390920691965,52.425156990167494,198612,198612,11,0,8,8,2018,3,18,2,3,2,6,1,0,1,0,0,0,0,0,801521.762,5817584.911
202612,13.520032252886862,52.423641625858686,198613,198613,11,0,9,9,2018,3,19,7,2,9,1,2,0,0,0,1,0,0,0,807283.2629999999,5817773.4276
202613,13.443974408571684,52.545881202655906,198614,198614,11,0,3,3,2018,3,18,7,3,5,2,1,0,1,0,1,0,0,0,801277.8102,5831038.7406
202614,13.212606110742954,52.56115463179616,198615,198615,11,0,5,5,2018,3,5,2,3,5,3,0,0,1,0,0,0,0,0,785500.5808,5831794.466
202615,13.4327699241538,52.46462914911982,198616,198616,11,0,8,8,2018,3,17,7,3,3,6,0,0,1,0,0,0,0,0,801074.0563,5821961.12
202616,13.379853665212762,52.54017719054221,198617,198617,11,0,1,1,2018,3,5,2,3,0,2,2,0,1,0,0,0,1,0,796971.5411,5830138.632999999
202617,13.44761915215708,52.51311235326419,198618,198618,11,0,2,2,2018,3,16,7,3,5,2,0,1,1,0,0,0,0,0,801749.6141,5827411.8705
202618,13.304441020579045,52.48833923466258,198619,198619,11,0,4,4,2018,3,12,1,3,5,2,0,0,1,0,0,0,0,0,792204.9294,5824068.7554
202619,13.413253353564773,52.5418821764884,198620,198620,11,0,3,3,2018,3,16,7,2,5,7,0,0,0,0,1,0,1,0,799223.3981,5830466.2773
202620,13.323809908135352,52.502194244972976,198621,198621,11,0,4,4,2018,3,17,1,3,0,6,1,0,1,0,1,0,0,0,793426.7619,5825687.3837
202621,13.483605864559856,52.43121928157155,198622,198622,11,0,8,8,2018,3,15,1,3,5,3,0,0,1,0,0,0,1,0,804755.8678,5818461.1907
202622,13.39842076685212,52.59242078132198,198623,198623,11,0,3,3,2018,3,14,7,3,2,2,0,0,1,0,1,0,0,0,797875.1566,5836022.0568
202623,13.403131086637671,52.52331188137458,198624,198624,11,0,1,1,2018,3,20,1,3,1,5,2,1,1,0,0,0,1,0,798663.5962,5828360.2622
202624,13.38823269024562,52.5205185908375,198625,198625,11,0,1,1,2018,3,13,7,2,6,4,0,1,0,1,0,0,0,0,797672.4638,5827988.177
202625,13.207936991289616,52.55921546179232,198626,198626,11,0,5,5,2018,3,16,1,3,2,4,0,0,1,1,0,0,0,0,785196.8819,5831560.4298
202626,13.409897777669306,52.41659678214551,198627,198627,11,0,8,8,2018,3,12,7,3,6,7,0,0,1,1,0,0,0,0,799847.7492,5816527.2956
202627,13.29796901828307,52.42168173806322,198628,198628,11,0,6,6,2018,3,11,7,3,6,4,0,0,1,1,0,0,0,0,792207.2885,5816633.524
202628,13.393227952944324,52.5644521631035,198629,198629,11,0,1,1,2018,3,8,1,3,6,2,0,0,1,1,0,0,0,0,797713.3393,5832891.9347
202629,13.49222758204312,52.53628283771785,198630,198630,11,0,11,11,2018,3,10,7,3,1,7,0,0,1,0,0,0,0,0,804613.9061,5830174.7594
202630,13.567229074059513,52.43867076986746,198631,198631,11,0,9,9,2018,3,10,7,3,2,6,0,0,1,0,0,0,0,0,810384.3219,5819645.7404
202631,13.48815014064658,52.400324250496254,198632,198632,11,0,8,8,2018,3,9,1,3,2,6,0,0,1,0,0,0,1,0,805278.1764,5815046.6173
202632,13.322345371252913,52.521128200872134,198633,198633,11,0,4,4,2018,3,5,1,2,8,1,2,0,1,0,1,0,0,0,793201.2081,5827785.941000001
202633,13.4288694885975,52.48461616455649,198634,198634,11,0,8,8,2018,3,9,7,3,5,3,0,0,1,0,0,0,1,0,800672.8169,5824166.3253
202634,13.18794399379977,52.54699214394063,198635,198635,11,0,5,5,2018,3,12,1,3,2,6,0,0,1,0,0,0,0,0,783921.4568,5830122.8054
202635,13.328507020889573,52.46506007262096,198636,198636,11,0,7,7,2018,3,0,7,3,5,2,2,0,1,0,0,0,1,0,793993.1634,5821579.0481
202636,13.498384352031145,52.457674441437184,198637,198637,11,0,9,9,2018,3,3,7,2,8,1,2,0,1,0,0,0,0,0,805576.4622,5821463.9987
202637,13.349913059338176,52.413522340383395,198638,198638,11,0,7,7,2018,3,6,1,3,1,1,0,0,1,0,0,0,0,0,795791.7587,5815938.1364
202638,13.195207700220234,52.5450173443644,198639,198639,11,0,5,5,2018,3,18,6,3,5,3,2,0,1,0,0,0,0,0,784426.4517,5829931.9326
202639,13.333631647277427,52.56078175128553,198640,198640,11,0,1,1,2018,3,13,1,2,9,1,0,0,1,0,0,0,0,0,793701.2903,5832239.3963
202640,13.3925581169662,52.49130266094143,198641,198641,11,0,2,2,2018,3,17,6,3,3,6,0,1,1,0,0,0,0,0,798163.6372,5824758.7656
202641,13.516050236828024,52.50563543704633,198642,198642,11,0,11,11,2018,3,9,6,3,6,7,0,0,0,1,0,0,1,0,806441.93,5826869.472
202642,13.42644509374913,52.47689386044475,198643,198643,11,0,8,8,2018,3,21,7,3,6,4,2,0,1,1,0,0,0,0,800561.0096,5823297.9181
202643,13.40963602835848,52.547322621040706,198644,198644,11,0,3,3,2018,3,5,6,3,5,3,1,0,1,0,0,0,0,1,798941.2492,5831055.9558
202644,13.25949475407759,52.51620882982039,198645,198645,11,0,4,4,2018,3,23,6,2,1,7,2,0,1,0,0,0,0,0,788972.1891,5826985.4054
202645,13.356965136152473,52.50134117596135,198646,198646,11,0,1,1,2018,3,2,7,3,7,7,2,0,0,0,1,0,0,0,795681.3844,5825727.9876
202646,13.368199987220207,52.524335561121596,198647,198647,11,0,1,1,2018,3,3,7,2,8,1,2,0,1,0,0,0,0,0,796288.5294,5828329.9045
202647,13.399614623373148,52.49428736825776,198648,198648,11,0,2,2,2018,3,9,6,3,5,3,0,1,1,0,0,0,0,0,798622.1359,5825119.7033
202648,13.437241072884836,52.510673572187464,198649,198649,11,0,2,2,2018,3,9,7,3,0,4,0,0,0,1,0,0,1,0,801062.5684,5827097.4266
202649,13.370261958563798,52.54467965454003,198650,198650,11,0,1,1,2018,3,16,6,3,5,2,0,0,1,0,0,0,0,0,796291.1551,5830599.5995
202650,13.624910121235008,52.44682664767817,198651,198651,11,0,9,9,2018,3,11,7,3,2,6,0,0,1,0,0,0,0,0,814243.9569,5820801.8263
202651,13.357721374789556,52.53610676276149,198652,198652,11,0,1,1,2018,3,14,6,3,2,6,0,0,1,0,0,0,0,1,795499.0072,5829595.2493
202652,13.379374234345615,52.54050089442482,198653,198653,11,0,1,1,2018,3,12,7,3,2,6,0,0,1,0,0,0,0,0,796936.8631,5830172.6369
202653,13.478268950999034,52.4616952181461,198654,198654,11,0,9,9,2018,3,0,7,2,1,1,2,0,1,0,0,0,0,1,804182.9858,5821825.8798
202654,13.614643477075436,52.517258268468616,198655,198655,11,0,10,10,2018,3,14,6,3,2,6,0,0,1,0,0,0,0,0,813045.6366,5828584.8311
202655,13.552278575380981,52.439440962047,198656,198656,11,0,9,9,2018,3,0,7,3,5,3,2,0,1,0,0,0,0,2,809363.4505,5819667.142999999
202656,13.343509314630785,52.59879187747985,198657,198657,11,0,12,12,2018,3,15,7,3,5,3,0,1,1,0,0,0,0,0,794115.5351,5836504.5299
202657,13.4023070647225,52.53339878918706,198658,198658,11,0,1,1,2018,3,13,6,3,1,5,0,0,1,0,0,0,0,1,798539.2294,5829477.9819
202658,13.407932847732596,52.49997550947457,198659,198659,11,0,2,2,2018,3,15,7,3,5,3,0,0,1,0,0,0,0,0,799147.7807,5825786.397999999
202659,13.47472379284936,52.60433162223896,198660,198660,11,0,3,3,2018,3,17,6,3,5,2,0,0,1,0,0,0,1,0,802957.6028,5837664.1965
202660,13.326828574476734,52.42344319091307,198661,198661,11,0,6,6,2018,3,15,7,3,1,5,0,0,1,0,0,0,0,0,794156.6759,5816946.5107
202661,13.334440225356223,52.595616293727204,198662,198662,11,0,12,12,2018,3,16,7,3,0,2,0,0,0,0,0,0,1,0,793522.9935,5836114.5655
202662,13.48660980841208,52.502391950142915,198663,198663,11,0,11,11,2018,3,17,6,3,5,2,0,1,1,0,0,0,0,0,804467.7231,5826384.2639
202663,13.385407798595828,52.44805178139515,198664,198664,11,0,7,7,2018,3,17,6,3,2,2,1,0,1,0,0,0,0,2,797970.8890000001,5819922.0
202664,13.323203726778251,52.49342756939807,198665,198665,11,0,4,4,2018,3,17,6,3,2,6,0,0,1,0,0,0,0,0,793444.0848,5824710.4999
202665,13.41120144964058,52.56721214160032,198666,198666,11,0,3,3,2018,3,13,6,3,6,4,0,0,1,1,0,0,0,0,798911.9187,5833273.1156
202666,13.325972962406304,52.46939306664702,198667,198667,11,0,7,7,2018,3,17,6,3,2,6,1,0,1,0,0,0,0,0,793792.2432,5822050.3371
202667,13.554832465072472,52.547279790651395,198668,198668,11,0,10,10,2018,3,14,6,3,5,3,0,1,0,0,0,0,1,0,808779.4769,5831663.4148
202668,13.430332612429964,52.49560509010167,198669,198669,11,0,2,2,2018,3,21,6,2,6,4,2,0,0,1,0,0,1,2,800697.0304,5825393.8003
202669,13.404827410422973,52.529696164025324,198670,198670,11,0,1,1,2018,3,19,6,3,3,6,2,1,1,0,0,0,0,0,798735.2177,5829076.8866
202670,13.457970430192828,52.4727687046117,198671,198671,11,0,8,8,2018,3,19,6,3,2,6,2,0,1,0,0,0,0,2,802728.8526,5822971.2522
202671,13.414759079101286,52.48804869597034,198672,198672,11,0,2,2,2018,3,21,6,3,2,6,2,0,1,0,0,0,0,0,799691.9997,5824489.1122
202672,13.303256348433507,52.41949065204753,198673,198673,11,0,6,6,2018,3,18,6,3,1,1,2,0,1,0,1,0,0,2,792581.1095,5816411.3978
202673,13.279053752995793,52.503616824494934,198674,198674,11,0,4,4,2018,3,5,6,3,5,2,2,0,1,0,0,0,0,1,790381.5625,5825664.3454
202674,13.176308233603846,52.42085440441699,198675,198675,11,0,6,6,2018,3,13,6,3,8,1,0,0,1,0,0,0,0,1,783945.0426,5816056.1242
202675,13.396313126057787,52.538352672001324,198676,198676,11,0,1,1,2018,3,7,6,3,2,6,0,0,1,0,0,0,1,1,798099.3628,5830003.7864
202676,13.531415480486707,52.430408463902005,198677,198677,11,0,9,9,2018,3,8,6,2,2,6,0,1,1,0,0,0,0,1,808009.4674,5818574.0246
202677,13.354103546526687,52.49928985105914,198678,198678,11,0,7,7,2018,3,10,6,3,6,2,0,0,1,1,0,0,0,0,795501.0553,5825488.2558
202678,13.439622933402806,52.482027630562364,198679,198679,11,0,8,8,2018,3,8,6,3,2,6,0,0,1,0,0,0,0,1,801420.2001,5823923.5029
202679,13.411908607025484,52.53283789072109,198680,198680,11,0,3,3,2018,3,8,6,3,6,7,0,1,0,1,0,0,0,1,799193.8332,5829455.4495
202680,13.377797610173616,52.46548558633146,198681,198681,11,0,7,7,2018,3,15,6,3,2,6,0,0,1,0,0,0,0,1,797336.4448,5821828.3328
202681,13.497431777605572,52.50864750531733,198682,198682,11,0,11,11,2018,3,15,6,3,3,6,0,1,1,0,0,0,0,1,805158.3359999999,5827125.2778
202682,13.162547067530562,52.521758799669364,198683,198683,11,0,5,5,2018,3,10,6,3,5,2,0,0,1,0,0,0,0,1,782362.4913,5827218.2193
202683,13.352544926389616,52.41868065191157,198684,198684,11,0,6,6,2018,3,16,6,3,1,5,0,0,1,0,0,0,0,1,795936.054,5816522.26
202684,13.413213823200698,52.50680717895683,198685,198685,11,0,1,1,2018,3,11,6,3,5,2,0,1,0,0,1,0,0,1,799459.4993,5826567.6359
202685,13.407719300223254,52.48881011186367,198686,198686,11,0,2,2,2018,3,16,6,3,6,2,0,0,1,1,0,0,0,1,799209.1808,5824544.512999999
202686,13.4340207149992,52.481687966615496,198687,198687,11,0,8,8,2018,3,13,6,3,6,4,0,1,0,1,0,0,0,1,801042.3665,5823862.3545
202687,13.299238338677867,52.5065708282576,198688,198688,11,0,4,4,2018,3,13,6,2,3,6,0,1,0,0,0,1,0,0,791731.0612,5826074.153
202688,13.718366447039807,52.431491360817205,198689,198689,11,0,9,9,2018,3,17,6,3,2,7,1,0,1,0,0,1,0,1,820701.7742,5819508.6962
202689,13.665749010881408,52.41021875155386,198690,198690,11,0,9,9,2018,3,13,6,3,4,6,0,1,0,0,1,0,0,0,817280.3916,5816912.0149
202690,13.369759122091947,52.52317547322047,198691,198691,11,0,1,1,2018,3,20,6,1,9,1,2,0,0,0,1,0,0,0,796402.0493,5828207.3713
202691,13.47731711858183,52.417027454116706,198692,198692,11,0,8,8,2018,3,18,6,3,2,2,2,0,1,0,0,0,0,1,804426.527,5816857.3247
202692,13.288983610670526,52.470734159874475,198693,198693,11,0,4,4,2018,3,15,5,3,2,6,0,0,1,0,0,0,0,1,791272.5179,5822049.4214
202693,13.335326938000135,52.458468064641714,198694,198694,11,0,6,6,2018,3,12,3,3,1,3,0,1,1,0,0,0,0,0,794500.1907,5820874.1612
202694,13.37968594525765,52.51479231264017,198695,198695,11,0,1,1,2018,3,8,5,3,6,7,0,0,1,1,0,0,0,0,797131.6786,5827316.4576
202695,13.393305944677293,52.45801320803563,198696,198696,11,0,7,7,2018,3,20,5,3,6,2,2,0,1,1,0,0,0,0,798439.8223,5821061.825
202696,13.4307923836671,52.502403149765556,198697,198697,11,0,2,2,2018,3,19,5,3,0,7,2,0,0,1,0,0,1,0,800681.7719,5826151.2947
202697,13.593482861955714,52.450182238005354,198698,198698,11,0,9,9,2018,3,18,5,3,2,6,2,0,1,0,0,0,1,1,812086.0318,5821038.3591
202698,13.577995230924378,52.461239627505606,198699,198699,11,0,9,9,2018,3,18,5,3,5,2,1,0,1,0,0,0,0,0,810956.3442,5822200.3994
202699,13.420776541948323,52.49902850946837,198700,198700,11,0,2,2,2018,3,18,5,3,0,6,2,0,1,0,1,0,0,1,800025.435,5825734.4993
202700,13.501459810763128,52.482989150546246,198701,198701,11,0,11,11,2018,3,13,3,3,2,6,0,0,1,0,0,0,1,0,805609.6061,5824290.5818
202701,13.423171347189536,52.4859446021249,198702,198702,11,0,8,8,2018,3,14,5,3,6,7,0,0,1,1,0,0,0,0,800277.1142,5824290.238
202702,13.410526337856767,52.41403477802689,198703,198703,11,0,8,8,2018,3,18,5,3,5,3,2,0,1,0,0,0,0,1,799907.8711,5816245.1495
202703,13.128651126459427,52.52877106270342,198704,198704,11,0,5,5,2018,3,18,5,3,5,3,2,0,1,0,0,0,0,0,780019.579,5827865.4904
202704,13.510060160020734,52.55039778455609,198705,198705,11,0,11,11,2018,3,12,3,3,5,7,0,0,1,0,0,0,0,0,805724.2369,5831819.0566
202705,13.374399961681824,52.543714562254436,198706,198706,11,0,1,1,2018,3,19,5,2,5,3,2,0,1,0,0,0,0,0,796578.0713,5830509.3503
202706,13.275967767805323,52.53835314025113,198707,198707,11,0,4,4,2018,3,17,5,3,5,3,0,1,1,0,0,0,0,1,789943.1521,5829512.9405
202707,13.40672235620915,52.49852507064409,198708,198708,11,0,2,2,2018,3,17,5,3,6,2,1,0,1,1,0,0,0,1,799075.5281,5825620.1654
202708,13.468946942852876,52.53140306088454,198709,198709,11,0,11,11,2018,3,18,5,3,5,2,1,0,1,0,0,0,0,0,803069.7499,5829534.2611
202709,13.425307782581998,52.58644200316516,198710,198710,11,0,3,3,2018,3,20,5,3,2,2,2,0,1,0,0,0,0,0,799735.9316,5835469.0708
202710,13.492044496405056,52.413730724950895,198711,198711,11,0,8,8,2018,3,16,5,3,2,6,0,0,1,0,0,0,0,1,805450.1715,5816553.1241
202711,13.356988401619995,52.542199808402046,198712,198712,11,0,1,1,2018,3,12,3,3,6,2,0,0,1,1,0,0,0,0,795408.3709,5830269.4819
202712,13.450680952903495,52.52239138170297,198713,198713,11,0,2,2,2018,3,8,5,3,5,2,0,1,0,0,0,0,1,0,801893.5331,5828456.0103
202713,13.362258903630206,52.54721513064161,198714,198714,11,0,1,1,2018,3,15,5,3,1,5,0,0,1,0,0,0,0,1,795731.7793,5830848.5449
202714,13.42946293723374,52.55592497065261,198715,198715,11,0,3,3,2018,3,12,3,2,5,2,0,1,0,0,0,0,1,0,800225.8709999999,5832094.5045
202715,13.413983713535172,52.55362912796505,198716,198716,11,0,3,3,2018,3,10,5,3,2,6,0,0,1,0,0,0,0,0,799192.8829,5831774.9488
202716,13.373532278050599,52.57469576567149,198717,198717,11,0,12,12,2018,3,15,5,3,5,3,0,1,1,0,0,0,0,1,796310.1657,5833949.3015
202717,13.413299588055818,52.50292113780729,198718,198718,11,0,2,2,2018,3,10,5,3,5,2,0,1,1,0,0,0,0,0,799491.7645,5826136.0712