,X,Y,OBJECTID_1,OBJECTID,ULAND,UREGBEZ,UKREIS,UGEMEINDE,UJAHR,UMONAT,USTUNDE,UWOCHENTAG,UKATEGORIE,UART,UTYP1,ULICHTVERH,IstRad,IstPKW,IstFuss,IstKrad,IstGkfz,IstSonstig,STRZUSTAND,LINREFX,LINREFY
202718,13.558373580803337,52.549461620922244,198719,198719,11,0,10,10,2018,3,14,5,3,1,7,0,0,1,0,0,0,0,1,809004.0545,5831921.0857
202719,13.337982406489015,52.451055219356405,198720,198720,11,0,6,6,2018,3,11,3,3,5,2,0,0,1,0,0,0,0,0,794730.0442,5820061.0702
202720,13.328422266639153,52.56528640021017,198721,198721,11,0,12,12,2018,3,7,5,2,6,4,0,0,1,1,0,0,0,0,793318.3219,5832718.8705
202721,13.524739910065879,52.47871487481435,198722,198722,11,0,11,11,2018,3,7,5,3,2,6,0,0,1,0,0,0,0,0,807219.0883,5823914.4274
202722,13.411552115096546,52.51276025957381,198723,198723,11,0,1,1,2018,3,14,5,3,5,2,0,1,1,0,0,0,0,1,799306.2982,5827222.4023
202723,13.618428202436608,52.45548170350647,198724,198724,11,0,9,9,2018,3,10,5,2,6,7,0,0,1,1,0,0,0,0,813742.1759,5821735.5235
202724,13.48415702680073,52.53965908048501,198725,198725,11,0,11,11,2018,3,11,5,3,5,3,0,1,1,0,0,0,0,0,804043.5819,5830515.9309
202725,13.44696776218499,52.480497722388314,198726,198726,11,0,8,8,2018,3,12,5,3,5,3,0,0,1,0,0,0,0,1,801929.0936,5823784.1794
202726,13.191187404252215,52.53637896284961,198727,198727,11,0,5,5,2018,3,18,2,3,0,4,1,0,0,1,1,0,0,0,784209.8655,5828955.8726
202727,13.643731387709266,52.521509434124916,198728,198728,11,0,10,10,2018,3,11,5,3,5,3,0,0,1,0,0,0,0,0,814987.3095,5829184.012
202728,13.352181335074981,52.50644356823703,198729,198729,11,0,1,1,2018,3,19,5,3,6,2,2,0,1,1,0,0,0,1,795322.6539,5826275.5105
202729,13.344414689774695,52.47593900569338,198730,198730,11,0,7,7,2018,3,12,5,3,1,5,0,1,0,0,0,0,1,1,795000.2309999999,5822853.1702
202730,13.3878829707156,52.55003662226513,198731,198731,11,0,1,1,2018,3,20,5,2,5,2,2,1,0,0,0,0,1,1,797448.9298,5831267.6026
202731,13.392246368324955,52.542998488838656,198732,198732,11,0,1,1,2018,3,23,2,2,6,4,2,0,1,1,0,0,0,0,797792.267,5830503.3474
202732,13.352814780300955,52.550686256147564,198733,198733,11,0,1,1,2018,3,12,5,3,1,7,0,0,1,1,0,0,0,0,795068.5397,5831195.647999999
202733,13.302747747472448,52.48845580777986,198734,198734,11,0,4,4,2018,3,13,5,3,2,6,0,0,1,0,0,0,0,0,792089.2651,5824074.8544
202734,13.331246942693276,52.52400496889695,198735,198735,11,0,1,1,2018,3,14,5,3,6,4,0,0,1,1,0,0,0,0,793785.5173,5828141.9316
202735,13.379246587337024,52.52945576886749,198736,198736,11,0,1,1,2018,3,12,5,3,2,6,0,0,1,0,0,0,0,1,797002.835,5828944.464
202736,13.333529113570886,52.600685721710526,198737,198737,11,0,12,12,2018,3,13,5,3,3,6,0,0,1,0,0,0,1,0,793427.4049,5836674.3228
202737,13.390353222762569,52.5067049187865,198738,198738,11,0,2,2,2018,3,12,5,3,6,4,0,0,1,1,0,0,0,1,797909.7727,5826461.5766
202738,13.298314533697539,52.4414955114009,198739,198739,11,0,6,6,2018,3,14,2,3,5,2,0,1,1,0,0,0,0,0,792099.5657,5818837.2347
202739,13.282068639226495,52.533802663667686,198740,198740,11,0,4,4,2018,3,15,5,3,2,6,0,0,1,0,0,0,0,0,790386.697,5829031.703
202740,13.550417439487132,52.54306316817217,198741,198741,11,0,10,10,2018,3,16,5,2,5,3,0,0,0,0,1,0,1,0,808509.9483,5831175.8637
202741,13.316913734836948,52.50205731027053,198742,198742,11,0,4,4,2018,3,12,5,3,1,5,0,1,1,0,0,0,0,1,792959.9086,5825644.1264
202742,13.354443066584963,52.52657412371581,198743,198743,11,0,1,1,2018,3,16,5,3,0,7,1,0,0,0,1,0,1,0,795340.8505,5828522.2693
202743,13.42639535852343,52.480997025854684,198744,198744,11,0,8,8,2018,3,18,4,3,3,6,1,1,1,0,0,0,0,0,800529.6346,5823753.7614
202744,13.519421273627833,52.525718786429046,198745,198745,11,0,10,10,2018,3,11,5,3,6,4,0,0,0,1,0,0,1,1,806530.5487,5829115.9207
202745,13.490596607101464,52.468342965055115,198746,198746,11,0,9,9,2018,3,7,5,2,5,3,0,1,1,0,0,0,0,1,804973.875,5822616.7799
202746,13.342697475667489,52.50342076091055,198747,198747,11,0,7,7,2018,3,11,2,3,6,7,0,0,1,1,0,0,0,0,794699.6791,5825900.7289
202747,13.371940536130678,52.469892416781605,198748,198748,11,0,7,7,2018,3,14,4,2,5,7,0,1,1,0,0,0,0,0,796909.1405,5822294.0216
202748,13.29731227884349,52.58010036399649,198749,198749,11,0,12,12,2018,3,7,5,3,5,2,0,0,1,0,0,0,0,1,791112.9146,5834239.2838
202749,13.526886933900595,52.492053982720925,198750,198750,11,0,11,11,2018,3,10,4,3,5,3,0,1,1,0,0,0,0,0,807271.6828,5825406.1111
202750,13.55833594139292,52.49043338858148,198751,198751,11,0,10,10,2018,3,8,5,3,6,4,0,0,1,1,0,0,0,1,809416.574,5825360.462
202751,13.296478898279664,52.4998502236699,198752,198752,11,0,4,4,2018,3,7,4,3,5,3,0,1,1,0,0,0,0,1,791588.4328,5825315.9898
202752,13.25608535472357,52.435662257322775,198753,198753,11,0,6,6,2018,3,8,5,3,2,7,0,0,1,0,0,0,1,1,789269.4240000001,5818018.792
202753,13.397394456013064,52.488895200738,198754,198754,11,0,2,2,2018,3,8,5,3,5,2,0,1,1,0,0,0,0,1,798508.08,5824511.187999999
202754,13.231053373530154,52.61041110878292,198755,198755,11,0,12,12,2018,3,6,4,3,2,6,0,0,1,0,0,0,0,1,786428.4955,5837342.7847
202755,13.380769326066707,52.5110341168846,198756,198756,11,0,1,1,2018,3,10,5,2,6,4,0,0,1,1,0,0,0,1,797230.5335,5826903.2066
202756,13.415138615512204,52.52706921397794,198757,198757,11,0,1,1,2018,3,8,4,3,2,6,0,0,1,0,0,1,0,1,799452.0549,5828827.691000001
202757,13.351533727010267,52.50952449572669,198758,198758,11,0,1,1,2018,3,10,5,3,5,2,0,1,1,0,0,0,0,1,795258.056,5826615.301
202758,13.326108226230184,52.53836103493134,198759,198759,11,0,4,4,2018,3,11,5,2,5,2,0,0,1,0,0,0,0,1,793341.3273,5829716.6852
202759,13.409905318127814,52.51809444751842,198760,198760,11,0,1,1,2018,3,11,2,3,5,3,0,1,1,0,0,0,0,0,799158.3451,5827808.4462
202760,13.250795345796988,52.434888340114746,198761,198761,11,0,6,6,2018,3,18,4,3,5,2,2,0,1,0,0,0,0,0,788915.1209999999,5817911.583
202761,13.25024837329858,52.421291585307074,198762,198762,11,0,6,6,2018,3,11,5,3,5,3,0,0,1,0,0,0,0,1,788966.9835,5816398.0828
202762,13.473126228948082,52.50925711877565,198763,198763,11,0,2,2,2018,3,14,4,3,2,6,0,0,1,0,0,0,0,0,803505.832,5827090.4416
202763,13.359714860372536,52.48645676840825,198764,198764,11,0,7,7,2018,3,19,4,3,1,5,2,1,1,0,0,0,0,0,795967.9546,5824084.8823
202764,13.305757549238642,52.531852402013065,198765,198765,11,0,4,4,2018,3,8,4,3,4,2,0,1,1,0,0,0,0,0,792005.3181,5828910.619
202765,13.383709120326163,52.55110540625726,198766,198766,11,0,1,1,2018,3,20,4,3,6,7,2,0,1,1,0,0,0,0,797158.9046,5831369.1771
202766,13.267678967762974,52.515723376196405,198767,198767,11,0,4,4,2018,3,17,4,3,5,3,0,0,1,0,0,0,0,0,789530.3499,5826964.2771
202767,13.280826669837158,52.47798315547811,198768,198768,11,0,4,4,2018,3,12,2,3,5,7,0,0,1,0,0,0,0,0,790670.9995,5822822.2591
202768,13.577644544807146,52.45653730072255,198769,198769,11,0,9,9,2018,3,15,4,3,6,4,0,0,1,1,0,0,0,0,810965.7158,5821676.2718
202769,13.40700862862894,52.386668696824074,198770,198770,11,0,7,7,2018,3,17,4,2,5,2,0,1,1,0,0,0,0,0,799854.5212,5813188.9072
202770,13.406551181333466,52.39376359798852,198771,198771,11,0,7,7,2018,3,17,4,3,5,3,0,0,1,0,0,0,0,0,799775.2723,5813975.5788
202771,13.329502217680462,52.56311672274394,198772,198772,11,0,12,12,2018,3,13,2,3,6,4,0,0,1,1,0,0,0,0,793405.9664,5832482.1066
202772,13.454000140741735,52.522113314775495,198773,198773,11,0,2,2,2018,3,17,4,3,6,4,0,0,1,1,0,0,0,0,802120.4688,5828439.0095
202773,13.380837624079426,52.51636620036711,198774,198774,11,0,1,1,2018,3,17,4,3,5,2,0,1,1,0,0,0,0,0,797199.1379999999,5827496.1389999995
202774,13.450525140117442,52.52235268538127,198775,198775,11,0,2,2,2018,3,16,4,3,5,2,0,0,1,0,1,0,0,0,801883.2354,5828451.0569
202775,13.379631752591484,52.52254941223626,198776,198776,11,0,1,1,2018,3,16,4,3,5,2,0,1,1,0,0,0,0,0,797075.6027,5828178.4217
202776,13.333110176153314,52.595485070905596,198777,198777,11,0,12,12,2018,3,15,4,3,6,4,0,0,1,1,0,0,0,0,793433.8473,5836094.5605
202777,13.354605327478087,52.506958791206806,198778,198778,11,0,1,1,2018,3,15,4,3,0,7,0,1,0,0,0,0,0,0,795483.5946,5826342.7071
202778,13.446855388332848,52.521433495470895,198779,198779,11,0,2,2,2018,3,15,4,3,2,6,0,1,0,0,0,0,0,0,801640.7482,5828333.532000001
202779,13.438648434694375,52.514428134925595,198780,198780,11,0,2,2,2018,3,15,4,2,6,4,0,0,1,1,0,0,0,1,801132.3033,5827520.6079
202780,13.439621937171125,52.48153085813924,198781,198781,11,0,8,8,2018,3,14,4,3,1,5,0,1,1,0,0,0,0,1,801423.5327,5823868.2847
202781,13.526737046402163,52.42745960711055,198782,198782,11,0,9,9,2018,3,15,4,3,1,5,0,0,0,0,1,0,1,0,807712.2015,5818226.3285
202782,13.378755567304394,52.55051810140831,198783,198783,11,0,1,1,2018,3,13,4,2,6,4,0,0,1,1,0,0,0,1,796827.257,5831283.485
202783,13.28151082855417,52.50129833680561,198784,198784,11,0,4,4,2018,3,18,4,3,2,6,2,0,1,0,0,0,0,0,790563.5288,5825416.5377
202784,13.312798674691287,52.48041000047382,198785,198785,11,0,4,4,2018,3,13,4,3,5,2,0,0,1,0,0,0,0,0,792824.7275,5823221.307999999
202785,13.408250929496608,52.57246525193551,198786,198786,11,0,3,3,2018,3,19,4,3,1,7,2,1,1,0,0,0,0,0,798676.3458,5833844.7486
202786,13.604801330905035,52.537592409659084,198787,198787,11,0,10,10,2018,3,12,4,3,0,4,0,0,0,1,0,0,1,1,812233.8858,5830802.0576
202787,13.426035557200985,52.413652042372206,198788,198788,11,0,8,8,2018,3,11,4,2,6,4,0,0,1,1,0,0,0,1,800964.5414,5816267.1498
202788,13.270506212100495,52.45102014852298,198789,198789,11,0,6,6,2018,3,15,4,2,6,2,0,0,1,1,0,0,0,0,790148.0336,5819783.7369
202789,13.511828301418054,52.550640873778924,198790,198790,11,0,11,11,2018,3,12,4,3,5,3,0,1,1,0,0,0,0,1,805842.3369,5831853.5773
202790,13.194917221888302,52.53556074285982,198791,198791,11,0,5,5,2018,3,10,4,3,2,6,0,0,1,0,0,0,0,0,784467.9663,5828879.6344
202791,13.165363512321743,52.55113201062546,198792,198792,11,0,5,5,2018,3,14,4,3,5,2,0,1,1,0,0,0,0,0,782364.715,5830494.2737
202792,13.514699318862743,52.46873759153129,198793,198793,11,0,9,9,2018,3,17,3,3,5,3,1,0,1,0,0,0,1,1,806607.163,5822762.8084
202793,13.351093656725615,52.50416225456375,198794,198794,11,0,1,1,2018,3,18,3,3,2,6,1,0,1,0,0,0,0,0,795264.1925,5826017.4904
202794,13.347733679085273,52.54337347030629,198795,198795,11,0,1,1,2018,3,14,4,3,3,6,0,0,1,0,0,0,0,0,794773.3329,5830362.0431
202795,13.474259894751828,52.535391414380356,198796,198796,11,0,11,11,2018,3,12,3,2,3,6,0,0,1,0,0,0,0,0,803402.335,5829999.897000001
202796,13.378929404786609,52.48062051275085,198797,198797,11,0,7,7,2018,3,14,4,3,5,3,0,1,1,0,0,0,0,0,797311.1156,5823515.212
202797,13.33860592982268,52.44905686325468,198798,198798,11,0,6,6,2018,3,18,3,2,6,4,2,1,0,1,0,0,0,2,794785.7468,5819841.5013
202798,13.496499844668575,52.53401467607852,198799,198799,11,0,11,11,2018,3,13,4,3,5,3,0,1,1,0,0,0,0,0,804919.1845,5829940.7323
202799,13.384107247371874,52.45582410096938,198800,198800,11,0,7,7,2018,3,13,3,3,3,6,0,1,1,0,0,0,0,0,797830.0557,5820780.5044
202800,13.520224068352851,52.4738598943426,198801,198801,11,0,9,9,2018,3,10,3,3,0,7,0,1,0,0,0,0,0,0,806946.4711,5823355.6088
202801,13.40801054571648,52.516145033138706,198802,198802,11,0,1,1,2018,3,13,4,3,2,6,0,0,1,0,0,0,1,0,799043.128,5827583.914
202802,13.259547280368874,52.43026953490117,198803,198803,11,0,6,6,2018,3,14,3,3,6,4,0,0,1,1,0,0,0,1,789539.9931,5817433.2591
202803,13.270694801716274,52.45101036635046,198804,198804,11,0,6,6,2018,3,15,3,3,5,2,0,0,1,0,0,0,0,0,790160.9051,5819783.4078
202804,13.605089395463835,52.527659266775935,198805,198805,11,0,10,10,2018,3,12,4,3,2,2,0,0,1,0,0,0,0,0,812323.9847,5829699.3433
202805,13.315529899006396,52.455836546311744,198806,198806,11,0,6,6,2018,3,8,4,3,1,5,0,1,1,0,0,0,1,0,793173.5311,5820501.0535
202806,13.436679520729367,52.55209460476573,198807,198807,11,0,3,3,2018,3,13,3,3,6,4,0,0,1,1,0,0,0,1,800740.9757,5831698.8655
202807,13.526960653246071,52.4865814069523,198808,198808,11,0,11,11,2018,3,6,4,3,5,2,0,1,1,0,0,0,0,0,807314.8842,5824798.1914
202808,13.49012870700933,52.419987862855024,198809,198809,11,0,8,8,2018,3,7,4,3,5,3,0,0,1,0,0,0,0,1,805276.6919,5817240.4576
202809,13.34083458536387,52.492317664620415,198810,198810,11,0,7,7,2018,3,16,3,3,1,5,0,1,1,0,0,0,0,0,794647.6419,5824659.0141
202810,13.449499012534696,52.49673617539602,198811,198811,11,0,2,2,2018,3,7,4,3,5,3,0,1,1,0,0,0,0,0,801989.4605,5825599.6041
202811,13.39364708170308,52.50106976217114,198812,198812,11,0,2,2,2018,3,7,4,3,1,5,0,0,1,0,0,0,1,0,798171.3468,5825848.8564
202812,13.323613195952747,52.58716813200285,198813,198813,11,0,12,12,2018,3,16,3,3,5,2,0,1,1,0,0,0,0,0,792846.5597,5835131.4768
202813,13.33109300019965,52.495437555693904,198814,198814,11,0,4,4,2018,3,10,3,2,5,2,0,1,1,0,0,0,0,0,793965.8941,5824966.0372
202814,13.306661780827213,52.410380901125116,198815,198815,11,0,6,6,2018,3,7,4,3,0,5,0,0,1,0,0,0,1,0,792872.9614,5815412.6542
202815,13.31279130311604,52.48041447413756,198816,198816,11,0,4,4,2018,3,16,3,3,5,2,0,0,1,0,0,0,0,0,792824.1975,5823221.7753
202816,13.352995594997992,52.48468405736632,198817,198817,11,0,7,7,2018,3,7,4,3,5,2,0,1,1,0,0,0,0,0,795523.9284,5823860.2974
202817,13.401015055578576,52.5621514635841,198818,198818,11,0,3,3,2018,3,8,3,3,5,3,0,0,1,0,0,0,0,0,798256.3990000001,5832668.4213
202818,13.453363063627059,52.542065601638974,198819,198819,11,0,3,3,2018,3,8,4,3,5,3,0,1,1,0,0,0,0,0,801940.1956,5830653.9443
202819,13.402502423143945,52.511854315898006,198820,198820,11,0,1,1,2018,3,9,4,3,5,2,0,0,1,0,1,0,0,0,798698.7787,5827084.1808
202820,13.385353037296102,52.51362183762987,198821,198821,11,0,1,1,2018,3,9,4,3,0,7,0,0,1,0,0,0,0,0,797523.8734,5827209.7313
202821,13.30193158940927,52.445441096964025,198822,198822,11,0,6,6,2018,3,8,4,3,2,6,0,0,1,0,0,0,1,1,792319.0972,5819290.4333
202822,13.397272653443688,52.515286562077605,198823,198823,11,0,1,1,2018,3,8,3,3,5,7,0,1,0,0,0,1,0,1,798320.8556,5827444.0138
202823,13.295041105141552,52.590934334847525,198824,198824,11,0,12,12,2018,4,14,2,3,5,3,0,0,1,0,0,0,0,0,790887.3002,5835434.326
202824,13.312834180602865,52.49145018230504,198825,198825,11,0,4,4,2018,4,16,2,3,9,7,0,0,1,0,0,0,0,0,792753.7303,5824448.5735
202825,13.397961575926645,52.510917125781575,198826,198826,11,0,1,1,2018,4,9,3,3,2,6,0,0,1,0,1,0,0,1,798397.208,5826961.2129999995
202826,13.401944411249035,52.530581993915405,198827,198827,11,0,1,1,2018,4,9,2,3,1,5,0,1,1,0,0,0,0,0,798533.7777,5829163.4005
202827,13.394467768173588,52.48393202323557,198828,198828,11,0,7,7,2018,4,9,3,3,6,2,0,0,1,1,0,0,0,1,798343.1357,5823947.4352
202828,13.413322405264024,52.49188651846853,198829,198829,11,0,2,2,2018,4,15,2,3,5,2,0,1,1,0,0,0,0,0,799568.4071,5824909.7046
202829,13.44104347529419,52.4723539843079,198830,198830,11,0,8,8,2018,4,8,3,2,2,7,0,0,1,0,0,0,1,1,801582.8247,5822854.2583
202830,13.23605526938893,52.6132938137912,198831,198831,11,0,12,12,2018,4,8,3,3,5,3,0,0,1,0,0,0,0,1,786748.0879,5837683.1159
202831,13.182449157310305,52.54263849380398,198832,198832,11,0,5,5,2018,4,9,2,3,1,5,0,0,1,0,1,0,0,0,783577.2004,5829617.2415
202832,13.293795694306397,52.445619580877704,198833,198833,11,0,6,6,2018,4,7,3,3,2,6,0,0,1,0,0,0,0,1,791765.344,5819277.35
202833,13.39581165322853,52.454304626607026,198834,198834,11,0,7,7,2018,4,7,3,3,5,3,0,0,1,0,0,0,0,1,798635.0743,5820659.994
202834,13.331550869703356,52.5839248810909,198835,198835,11,0,12,12,2018,4,15,2,2,4,7,0,0,1,0,0,0,0,0,793405.6120000001,5834803.2870000005
202835,13.416943235696593,52.41834282809796,198836,198836,11,0,8,8,2018,4,6,3,3,5,2,0,1,1,0,0,0,0,1,800314.6767,5816750.6473
202836,13.360975012561527,52.49008179201285,198837,198837,11,0,7,7,2018,4,12,2,3,5,2,0,1,1,0,0,0,0,0,796029.0863,5824492.9703
202837,13.34897810896016,52.51479881206688,198838,198838,11,0,1,1,2018,4,6,3,3,5,3,1,0,1,0,0,0,0,1,795049.3638,5827191.0761
202838,13.41219484890257,52.49877353632412,198839,198839,11,0,2,2,2018,4,9,2,3,2,2,0,0,1,0,0,0,0,0,799445.0543,5825670.4911
202839,13.38428900619826,52.49369630552101,198840,198840,11,0,2,2,2018,4,0,3,3,5,5,2,0,1,0,0,0,0,0,797586.4393,5824990.6608
202840,13.496561386452026,52.5336542549175,198841,198841,11,0,11,11,2018,4,10,2,3,6,7,0,0,1,1,0,0,1,0,804925.8559999999,5829900.9341
202841,13.519215572902505,52.528774315481755,198842,198842,11,0,10,10,2018,4,10,2,3,5,2,0,0,1,0,1,0,0,0,806495.3017,5829454.6458
202842,13.305809666796478,52.63700725877587,198843,198843,11,0,12,12,2018,4,9,3,3,5,3,0,1,1,0,0,0,0,0,791309.8867,5840598.9557
202843,13.427525166063011,52.54569274626528,198844,198844,11,0,3,3,2018,4,7,2,2,5,3,0,1,1,0,0,0,0,0,800164.5079,5830949.1564
202844,13.255987484171698,52.53736071316775,198845,198845,11,0,5,5,2018,4,7,2,3,2,2,0,0,1,0,0,0,0,0,788595.5048,5829322.4499
202845,13.422787919276832,52.54475417741374,198846,198846,11,0,3,3,2018,4,8,3,3,1,5,0,0,1,0,1,0,0,0,799849.9178,5830825.1177
202846,13.382803745182226,52.403709547601224,198847,198847,11,0,7,7,2018,4,5,2,2,5,3,1,1,0,0,0,1,0,0,798093.4291,5814982.731000001
202847,13.208491272481144,52.56626709942108,198848,198848,11,0,5,5,2018,4,14,2,3,1,5,0,0,1,0,1,0,0,0,785188.6340000001,5832346.4487
202848,13.456985554146259,52.52962110297985,198849,198849,11,0,3,3,2018,4,7,2,3,1,5,0,1,0,0,0,0,1,0,802271.2468,5829285.9797
202849,13.50881789778064,52.50802505969919,198850,198850,11,0,11,11,2018,4,11,3,2,0,2,0,0,0,0,1,0,1,1,805934.8176,5827104.3487
202850,13.264812442793035,52.41926481292772,198851,198851,11,0,6,6,2018,4,8,2,2,9,1,0,0,1,0,0,0,0,0,789970.0139,5816231.196
202851,13.353789055328875,52.59656114591751,198852,198852,11,0,12,12,2018,4,20,2,3,5,3,2,0,1,0,0,0,0,0,794826.2593,5836298.6135
202852,13.326114487487724,52.50567685633875,198853,198853,11,0,4,4,2018,4,12,2,3,0,1,0,0,0,0,1,0,0,0,793559.8472,5826083.8558
202853,13.442245718486689,52.54288622552523,198854,198854,11,0,3,3,2018,4,19,2,3,0,3,1,1,1,0,0,0,0,0,801181.2045,5830698.6358
202854,13.365689667616632,52.522678828875144,198855,198855,11,0,1,1,2018,4,15,2,3,0,7,0,1,0,0,0,0,0,0,796129.5007,5828135.4467
202855,13.550311855101885,52.49964553838046,198856,198856,11,0,10,10,2018,4,18,2,3,2,1,0,0,1,0,0,0,0,0,808807.5611,5826349.9143
202856,13.426423244924793,52.49936796022179,198857,198857,11,0,2,2,2018,4,16,1,3,3,6,0,1,1,0,0,0,0,0,800406.1456,5825795.7357
202857,13.301097421921279,52.616322256340354,198858,198858,11,0,12,12,2018,4,15,2,3,5,2,0,1,1,0,0,0,0,0,791128.6579999999,5838280.7161
202858,13.558309309039705,52.4555831100572,198859,198859,11,0,9,9,2018,4,17,1,3,2,6,0,0,1,0,0,0,0,0,809659.6682,5821487.0611
202859,13.316809703638851,52.49953105168415,198860,198860,11,0,4,4,2018,4,7,1,3,8,1,0,0,1,0,0,0,0,0,792969.6683,5825362.909
202860,13.525652992754983,52.564076790545386,198861,198861,11,0,11,11,2018,4,13,3,3,0,3,0,0,1,0,0,0,1,0,806685.1136,5833405.6469
202861,13.43258683492248,52.46526788466359,198862,198862,11,0,8,8,2018,4,15,2,3,2,6,0,0,1,0,0,0,0,0,801057.2633,5822031.3487
202862,13.29195591406178,52.57552380936947,198863,198863,11,0,12,12,2018,4,13,1,3,1,5,0,0,1,0,0,0,0,0,790780.5561,5833708.9596
202863,13.435173025336638,52.629040402126904,198864,198864,11,0,3,3,2018,4,14,2,3,5,3,0,1,1,0,0,0,0,0,800112.0059999999,5840244.839
202864,13.428699141070144,52.493938507094576,198865,198865,11,0,2,2,2018,4,12,1,3,5,3,0,1,1,0,0,0,0,0,800597.6012,5825201.7565
202865,13.365981910239801,52.449245606183865,198866,198866,11,0,7,7,2018,4,15,3,2,5,2,0,0,1,0,1,0,0,0,796643.6066,5819974.6594
202866,13.177330952978409,52.5252729061199,198867,198867,11,0,5,5,2018,4,12,2,2,2,6,0,0,1,0,1,0,0,0,783342.2393,5827666.83
202867,13.258707350188338,52.44618517851304,198868,198868,11,0,6,6,2018,4,3,1,3,1,1,2,1,1,0,0,0,0,0,789378.5008,5819198.9479
202868,13.395815716308567,52.4989245878481,198869,198869,11,0,2,2,2018,4,22,1,3,5,3,2,0,1,0,0,0,0,0,798332.9857,5825619.3949
202869,13.343663800605125,52.43906683696385,198870,198870,11,0,6,6,2018,4,17,2,3,2,6,0,0,1,0,0,0,0,0,795196.0955,5818751.7929
202870,13.559742011425099,52.479942951742004,198871,198871,11,0,10,10,2018,4,12,2,3,2,6,0,0,1,0,0,0,0,0,809585.7188,5824200.5803
202871,13.28646850304646,52.506500777743405,198872,198872,11,0,4,4,2018,4,21,1,3,1,5,2,0,1,0,0,0,0,0,790865.4294,5826014.7834
202872,13.56174782728364,52.50549428144507,198873,198873,11,0,10,10,2018,4,11,2,3,2,6,0,0,1,0,0,0,0,0,809542.0913,5827048.9861
202873,13.1991115718325,52.53410696528189,198874,198874,11,0,5,5,2018,4,15,2,3,8,1,0,0,1,0,0,0,0,0,784761.68,5828734.5988
202874,13.404247617077345,52.5814833500535,198875,198875,11,0,3,3,2018,4,18,1,2,6,2,0,0,1,1,0,0,0,0,798343.935,5834830.5
202875,13.376590681368592,52.460926476881426,198876,198876,11,0,7,7,2018,4,17,3,3,9,1,0,0,1,0,0,0,0,0,797285.266,5821316.6243
202876,13.457405392574088,52.43089456489378,198877,198877,11,0,8,8,2018,4,21,2,3,5,3,2,0,1,0,0,0,0,0,802978.1495,5818314.7959
202877,13.413186362600793,52.4916956380993,198878,198878,11,0,2,2,2018,4,15,1,3,5,2,0,1,1,0,0,0,0,0,799560.4764,5824887.9238
202878,13.239905971516151,52.60210001121258,198879,198879,11,0,12,12,2018,4,21,2,3,0,1,2,0,0,0,1,0,0,0,787081.912,5836454.217
202879,13.428650516162154,52.499382715799726,198880,198880,11,0,2,2,2018,4,14,1,3,6,4,0,0,1,1,0,0,0,0,800557.1239,5825806.6563
202880,13.582724495280948,52.514460975633725,198881,198881,11,0,10,10,2018,4,22,1,3,5,3,2,0,1,0,0,0,0,1,810901.3159,5828135.8089
202881,13.395236320916617,52.496319983944254,198882,198882,11,0,2,2,2018,4,20,1,2,5,2,2,1,1,0,0,0,0,1,798311.3362,5825327.5032
202882,13.416592103116633,52.50203513778244,198883,198883,11,0,2,2,2018,4,14,1,3,5,2,0,0,1,0,0,0,0,0,799721.118,5826051.275
202883,13.380993777326978,52.59109133884837,198884,198884,11,0,3,3,2018,4,19,1,2,1,7,1,0,1,0,0,0,0,1,796704.5433,5835802.3616
202884,13.43288632784832,52.51783756677058,198885,198885,11,0,2,2,2018,4,16,1,3,5,3,0,0,1,0,0,0,0,1,800718.275,5827875.502
202885,13.378514080393096,52.52923920891313,198886,198886,11,0,1,1,2018,4,13,1,3,5,3,0,1,1,0,0,0,0,0,796954.6440000001,5828917.376
202886,13.492190859812608,52.4580402256986,198887,198887,11,0,9,9,2018,4,22,1,3,8,1,2,0,1,0,0,0,0,1,805153.427,5821478.4401
202887,13.444823779147546,52.615355976892204,198888,198888,11,0,3,3,2018,4,14,1,2,5,7,0,0,1,0,0,0,0,1,800858.6433,5838764.141
202888,13.66168580059562,52.41229346509678,198889,198889,11,0,9,9,2018,4,13,1,3,5,3,0,0,1,0,1,0,0,0,816989.3432,5817124.7397
202889,13.417033546925351,52.41822203960921,198890,198890,11,0,8,8,2018,4,7,2,3,6,2,0,0,1,1,0,0,0,0,800321.6358,5816737.5978
202890,13.52665346624982,52.426441170758544,198891,198891,11,0,9,9,2018,4,16,2,3,5,2,0,0,1,0,1,0,0,0,807713.6256,5818112.7814
202891,13.376916874021296,52.56005811414892,198892,198892,11,0,1,1,2018,4,14,1,3,0,5,0,0,1,0,0,0,1,1,796638.2421,5832336.2721
202892,13.577300792785575,52.513155094528905,198893,198893,11,0,10,10,2018,4,12,1,3,5,2,0,1,1,0,0,0,0,0,810542.7851,5827967.2965
202893,13.440650239575175,52.51715270408554,198894,198894,11,0,2,2,2018,4,13,1,3,2,2,0,0,1,0,0,0,0,1,801249.38,5827831.795
202894,13.574872704064774,52.51309757550642,198895,198895,11,0,10,10,2018,4,10,1,3,5,7,0,0,1,0,0,0,0,0,810378.5507,5827950.4475
202895,13.165392458735152,52.55118861354181,198896,198896,11,0,5,5,2018,4,10,1,3,5,2,0,0,1,0,0,0,0,1,782366.3126,5830500.6789
202896,13.300894002916749,52.43916765538617,198897,198897,11,0,6,6,2018,4,14,2,2,5,2,0,0,1,0,1,0,0,0,792290.1989,5818588.9347