,X,Y,OBJECTID_1,OBJECTID,ULAND,UREGBEZ,UKREIS,UGEMEINDE,UJAHR,UMONAT,USTUNDE,UWOCHENTAG,UKATEGORIE,UART,UTYP1,ULICHTVERH,IstRad,IstPKW,IstFuss,IstKrad,IstGkfz,IstSonstig,STRZUSTAND,LINREFX,LINREFY
202897,13.513083851537845,52.42935166365866,198898,198898,11,0,9,9,2018,4,6,1,3,9,1,2,0,1,0,0,0,0,1,806771.4429,5818378.4969
202898,13.500553667559632,52.51079671077285,198899,198899,11,0,11,11,2018,4,9,2,3,2,2,0,0,1,0,0,0,0,0,805355.1297,5827377.3652
202899,13.28294799556654,52.53384440121592,198900,198900,11,0,4,4,2018,4,16,1,3,0,6,0,0,1,0,0,0,1,0,790446.0255,5829039.8849
202900,13.401670654157774,52.41472476348408,198901,198901,11,0,7,7,2018,4,1,1,3,3,6,2,0,1,0,0,0,0,1,799301.3272,5816285.089
202901,13.315915118159777,52.506724980004094,198902,198902,11,0,4,4,2018,4,7,1,3,2,7,0,0,1,0,0,0,0,0,792861.1070000001,5826158.884
202902,13.358991838739692,52.420067458906004,198903,198903,11,0,6,6,2018,4,22,2,2,5,2,2,0,1,0,1,0,0,0,796364.8605,5816702.8475
202903,13.286902738773332,52.495689289127704,198904,198904,11,0,4,4,2018,4,14,2,2,5,2,0,0,1,0,1,0,0,0,790966.3484,5824814.8209
202904,13.40196396847108,52.5288694635131,198905,198905,11,0,1,1,2018,4,17,1,3,0,1,0,1,0,0,0,0,0,0,798546.7328,5828973.1382
202905,13.48336671416661,52.42581909643993,198906,198906,11,0,8,8,2018,4,1,1,3,6,7,2,0,1,1,0,0,0,1,804776.9215,5817859.9859
202906,13.44957760524059,52.551027410345746,198907,198907,11,0,3,3,2018,3,18,7,3,0,3,1,1,1,0,0,0,0,0,801622.1429,5831634.158
202907,13.283380148100278,52.45889456876903,198908,198908,11,0,6,6,2018,4,14,1,1,0,3,0,1,1,0,0,0,0,0,790970.3213,5820710.8268
202908,13.436736798210196,52.503721111778404,198909,198909,11,0,2,2,2018,4,18,2,3,5,5,0,0,1,0,1,0,0,0,801075.9438,5826322.584
202909,13.316696943511126,52.425827301664974,198910,198910,11,0,6,6,2018,4,19,1,3,2,6,0,0,1,0,1,0,0,0,793452.3658,5817170.2695
202910,13.61713543780956,52.45528846619536,198911,198911,11,0,9,9,2018,3,12,7,3,5,3,0,1,1,0,0,0,0,0,813655.7793,5821708.4264
202911,13.202451706586555,52.546485159578886,198912,198912,11,0,5,5,2018,4,12,1,2,5,3,0,1,1,0,0,0,0,0,784907.8337,5830123.6971
202912,13.401519872835632,52.51147967154285,198913,198913,11,0,1,1,2018,3,12,7,3,2,6,0,0,1,0,0,0,0,1,798634.6925,5827038.4702
202913,13.494837081043967,52.545428446525285,198914,198914,11,0,11,11,2018,4,19,7,3,5,3,2,1,1,0,0,0,0,0,804727.3301,5831202.268999999
202914,13.290287952784965,52.63342805020746,198915,198915,11,0,12,12,2018,4,7,2,3,5,3,0,1,1,0,0,0,0,0,790284.0049,5840138.4195
202915,13.198288062855372,52.534977636908614,198916,198916,11,0,5,5,2018,3,20,7,3,6,4,2,0,1,1,0,0,0,1,784700.2213,5828828.1259
202916,13.17418594398218,52.47408827116994,198917,198917,11,0,5,5,2018,4,14,7,3,2,6,0,0,1,0,0,0,0,0,783458.4417,5821965.0072
202917,13.525302579725572,52.53668093587018,198918,198918,11,0,10,10,2018,4,18,7,3,0,6,0,0,1,0,1,0,0,0,806852.6989,5830359.3076
202918,13.325609291141632,52.56461670361722,198919,198919,11,0,12,12,2018,3,19,7,3,1,5,2,0,1,0,0,0,0,1,793132.2645,5832632.9861
202919,13.481206786032855,52.41105148769125,198920,198920,11,0,8,8,2018,4,13,7,3,5,2,0,1,1,0,0,0,0,0,804732.1084,5816209.5453
202920,13.315191009565446,52.46956353879274,198921,198921,11,0,4,4,2018,4,13,7,3,6,4,0,1,0,1,0,0,0,0,793059.2271,5822025.4345
202921,13.345929046324489,52.494708182420815,198922,198922,11,0,7,7,2018,3,19,7,3,2,6,2,0,1,0,0,0,0,1,794977.2537,5824945.5429
202922,13.462820410157287,52.51079912456538,198923,198923,11,0,2,2,2018,4,13,7,2,6,2,0,0,1,1,0,0,0,0,802796.3271,5827218.4963
202923,13.54832694304,52.42746808591093,198924,198924,11,0,9,9,2018,4,12,7,2,3,6,0,0,1,0,1,0,0,0,809178.958,5818319.5341
202924,13.369141453078996,52.5061460754163,198925,198925,11,0,1,1,2018,3,18,7,3,0,6,0,0,1,0,1,0,0,1,796474.9293,5826312.0393
202925,13.399352984555065,52.50679103651496,198926,198926,11,0,2,2,2018,4,12,7,3,3,6,0,1,0,0,0,0,0,0,798519.5603,5826508.3684
202926,13.365330016312836,52.49732037314217,198927,198927,11,0,7,7,2018,3,17,7,3,6,2,0,0,1,1,0,0,0,1,796275.8397,5825315.4113
202927,13.365888461195741,52.52525565441469,198928,198928,11,0,1,1,2018,4,9,7,3,5,2,0,1,0,0,0,0,1,0,796125.6247,5828422.6742
202928,13.593579478459468,52.44967022704938,198929,198929,11,0,9,9,2018,3,16,7,3,2,6,0,0,1,0,0,0,0,1,812096.2172,5820981.8725
202929,13.14158548045026,52.53242747393645,198930,198930,11,0,5,5,2018,4,8,7,3,5,2,0,0,1,0,0,1,0,0,780873.0764,5828322.2405
202930,13.535619466659005,52.430448038652614,198931,198931,11,0,9,9,2018,4,8,7,3,5,3,0,0,1,0,0,0,0,0,808294.7906,5818596.3721
202931,13.25155508516876,52.413735788939505,198932,198932,11,0,6,6,2018,4,15,3,2,5,3,0,0,1,0,1,0,0,0,789105.2604,5815563.4703
202932,13.513310566552608,52.42796348187434,198933,198933,11,0,9,9,2018,3,15,7,3,5,3,0,0,1,0,0,0,0,1,806796.4981,5818225.1749
202933,13.409982012693506,52.50267217334773,198934,198934,11,0,2,2,2018,4,16,7,3,5,2,0,1,1,0,0,0,0,0,799268.4386,5826094.6262
202934,13.577769900213475,52.4439847398491,198935,198935,11,0,9,9,2018,4,17,7,3,1,5,0,1,1,0,0,0,1,0,811062.7869,5820281.7227
202935,13.430812115162347,52.48582456399053,198936,198936,11,0,8,8,2018,3,15,7,3,1,5,0,0,1,0,0,0,0,1,800796.3773,5824308.7338
202936,13.161723324093124,52.52355541083394,198937,198937,11,0,5,5,2018,3,15,7,3,5,2,0,0,1,0,0,0,0,1,782295.1070000001,5827414.6987
202937,13.358378244484875,52.55397680097974,198938,198938,11,0,1,1,2018,4,21,4,3,3,6,2,0,1,0,0,1,0,0,795423.3553,5831584.1828
202938,13.393765979120808,52.52858474346514,198939,198939,11,0,1,1,2018,4,13,2,3,5,3,0,1,1,0,0,0,0,0,797992.9492,5828907.5718
202939,13.55643867166509,52.411099876848404,198940,198940,11,0,9,9,2018,4,17,7,3,2,6,0,0,1,0,1,0,0,0,809844.9578,5816535.1425
202940,13.306518122246985,52.52888246749124,198941,198941,11,0,4,4,2018,3,15,7,3,5,7,0,0,1,0,1,0,0,1,792076.6029,5828583.5887
202941,13.325897049374886,52.561381167152405,198942,198942,11,0,12,12,2018,4,17,7,3,2,6,0,0,1,0,0,0,0,0,793173.3562,5832274.5249
202942,13.432947106962105,52.5550877164898,198943,198943,11,0,3,3,2018,4,16,2,3,4,6,0,1,0,0,0,1,0,0,800467.63,5832015.9689
202943,13.352241330857858,52.548353734547035,198944,198944,11,0,1,1,2018,3,14,7,3,6,4,0,0,1,1,0,0,0,1,795045.3508,5830934.0417
202944,13.574273603228765,52.41392005756683,198945,198945,11,0,9,9,2018,4,16,7,3,0,1,0,0,0,0,1,0,0,0,811037.2288,5816925.2734
202945,13.39069336176008,52.49602974572286,198946,198946,11,0,2,2,2018,3,14,7,3,2,3,0,0,1,0,0,0,0,1,798005.1205,5825276.462
202946,13.310924419801028,52.459992701970464,198947,198947,11,0,6,6,2018,4,16,7,2,1,1,0,0,1,0,0,0,0,0,792833.2007,5820944.3104
202947,13.330152794677213,52.46428582184318,198948,198948,11,0,6,6,2018,4,16,7,3,1,5,0,1,1,0,0,0,0,0,794110.057,5821499.6977
202948,13.311921977364454,52.57154933413257,198949,198949,11,0,12,12,2018,4,12,3,3,6,2,0,0,1,1,0,0,0,0,792159.0432,5833347.9626
202949,13.484936043120182,52.61476047813678,198950,198950,11,0,3,3,2018,3,13,7,3,2,2,0,0,1,0,0,0,0,1,803576.4077,5838866.3219
202950,13.479416186753427,52.553106637766646,198951,198951,11,0,3,3,2018,4,16,7,3,2,6,0,0,1,0,0,0,0,0,803629.3542,5831990.5632
202951,13.301197415192197,52.51408420284432,198952,198952,11,0,4,4,2018,3,12,7,3,2,5,0,0,1,0,0,0,0,1,791814.0942,5826917.2002
202952,13.581989228712466,52.44260905682004,198953,198953,11,0,9,9,2018,4,16,7,3,5,2,0,1,0,0,0,0,1,0,811359.0494,5820147.0268
202953,13.357017833123667,52.498992666383565,198954,198954,11,0,7,7,2018,3,11,7,2,6,2,0,0,1,1,0,0,0,1,795700.7376,5825467.1694
202954,13.468161774870367,52.427640930056114,198955,198955,11,0,8,8,2018,3,10,7,3,5,2,0,1,1,0,0,0,0,1,803731.2971,5817998.3801
202955,13.376880516506805,52.51608295014229,198956,198956,11,0,1,1,2018,4,23,3,3,9,1,2,0,0,0,1,0,0,0,796932.7332,5827448.3521
202956,13.486021473884716,52.615944777471164,198957,198957,11,0,3,3,2018,4,16,7,3,5,3,0,0,1,0,1,0,0,0,803641.6331,5839002.5276
202957,13.199494816488931,52.534744818464006,198958,198958,11,0,5,5,2018,3,7,7,3,5,2,0,0,1,0,0,0,0,0,784783.5254,5828807.0134
202958,13.478069092916293,52.44235450350053,198959,198959,11,0,8,8,2018,3,3,7,3,0,7,2,0,1,0,0,0,0,1,804302.8932,5819675.4365
202959,13.109237296189434,52.41407905061698,198960,198960,11,0,6,6,2018,4,15,7,3,5,3,0,0,1,0,1,0,0,0,779429.8281,5815041.3456
202960,13.391167233852215,52.492366489647544,198961,198961,11,0,2,2,2018,4,9,2,3,2,6,0,0,1,0,0,0,0,0,798062.0702,5824871.2584
202961,13.279707143516026,52.426155182937784,198962,198962,11,0,6,6,2018,4,17,2,3,5,3,0,1,0,0,1,0,0,0,790936.8174,5817056.9951
202962,13.34384671107169,52.613527616782655,198963,198963,11,0,12,12,2018,4,14,7,3,5,3,0,1,1,0,0,0,0,0,794039.5254,5838143.789
202963,13.178156917051233,52.54870736637912,198964,198964,11,0,5,5,2018,3,21,7,3,8,7,2,0,1,0,0,0,1,1,783247.1931,5830274.9563
202964,13.319403165915244,52.49969168712435,198965,198965,11,0,4,4,2018,4,19,3,3,6,7,1,0,1,1,0,0,0,0,793144.5228,5825391.3024
202965,13.3986667776792,52.53256717470936,198966,198966,11,0,1,1,2018,4,21,7,3,0,1,2,1,0,0,0,0,0,0,798298.1359,5829370.4794
202966,13.516297203462551,52.53655842169253,198967,198967,11,0,11,11,2018,3,13,6,3,2,6,0,0,1,0,0,0,0,0,806243.2447,5830307.3886
202967,13.310750938949996,52.51618518575966,198968,198968,11,0,4,4,2018,3,13,6,3,2,6,0,0,1,0,0,0,0,0,792447.9654,5827189.4328
202968,13.604242782715893,52.538744195947935,198969,198969,11,0,10,10,2018,4,16,7,3,2,2,0,0,1,0,0,0,0,0,812187.8513,5830927.6466
202969,13.395201177026072,52.49615185449036,198970,198970,11,0,2,2,2018,3,22,6,3,5,2,2,0,1,0,0,0,0,0,798310.0916,5825308.6707
202970,13.321618080825866,52.50280340329922,198971,198971,11,0,4,4,2018,4,14,6,3,2,6,0,0,1,0,0,0,0,0,793274.0317,5825746.1759
202971,13.396284923449445,52.38482023510961,198972,198972,11,0,7,7,2018,3,19,6,3,1,1,1,0,1,0,1,0,0,0,799137.7552,5812938.989
202972,13.438794216891935,52.49773089046018,198973,198973,11,0,2,2,2018,3,18,6,2,0,1,1,1,0,0,0,0,0,0,801256.4907,5825665.3889
202973,13.323968988094082,52.58758096940696,198974,198974,11,0,12,12,2018,4,19,3,3,5,2,0,0,1,0,0,0,0,0,792867.8903,5835178.8105
202974,13.294220565096431,52.57732065285718,198975,198975,11,0,12,12,2018,4,17,6,3,5,7,0,0,1,0,0,0,0,0,790922.0009999999,5833917.8248
202975,13.30136206380733,52.50796049496577,198976,198976,11,0,4,4,2018,3,16,6,2,5,3,0,1,1,0,0,0,0,0,791865.8813,5826237.2096
202976,13.239537260702727,52.540295665229436,198977,198977,11,0,5,5,2018,3,15,6,3,5,3,0,0,1,0,1,0,0,0,787461.3631,5829582.9491
202977,13.358472394214866,52.53645480627257,198978,198978,11,0,1,1,2018,4,15,6,3,0,6,0,0,1,0,1,0,0,0,795547.5682,5829637.0131
202978,13.459210272371573,52.52932837892386,198979,198979,11,0,3,3,2018,4,20,2,3,5,2,1,1,1,0,0,0,0,0,802424.0607,5829262.7763
202979,13.324939156922802,52.499939135613424,198980,198980,11,0,4,4,2018,4,9,6,3,3,6,0,0,1,0,0,1,0,0,793518.3979,5825441.3233
202980,13.451689280368885,52.48081557396754,198981,198981,11,0,8,8,2018,3,15,6,3,1,1,0,0,1,0,1,0,0,0,802247.3148,5823839.2812
202981,13.328271469147365,52.50323036478317,198982,198982,11,0,4,4,2018,4,19,3,3,3,6,0,1,0,0,0,0,1,0,793722.4718,5825820.7112
202982,13.57868158871722,52.566123766622226,198983,198983,11,0,10,10,2018,4,9,6,3,5,3,0,0,1,0,0,0,0,0,810262.1857,5833860.2049
202983,13.385719660424806,52.48163831074262,198984,198984,11,0,7,7,2018,3,14,6,3,5,2,0,1,1,0,0,0,0,0,797765.031,5823656.3467
202984,13.503103990041154,52.636533327712115,198985,198985,11,0,3,3,2018,4,18,6,2,5,2,0,1,1,0,0,0,0,0,804654.038,5841363.003
202985,13.505966813952112,52.53473504342282,198986,198986,11,0,11,11,2018,3,13,6,3,2,6,0,0,1,0,0,0,0,0,805555.8108,5830060.8883
202986,13.360054848453064,52.57562216271771,198987,198987,11,0,12,12,2018,4,18,3,3,5,2,0,0,1,0,0,0,0,0,795391.2878,5833996.924
202987,13.309849279238048,52.47873104124361,198988,198988,11,0,4,4,2018,4,11,6,3,0,6,0,0,1,0,0,0,0,0,792635.7259999999,5823022.7225
202988,13.34946332767267,52.542246351718,198989,198989,11,0,1,1,2018,4,23,6,3,5,2,2,0,1,0,0,0,0,0,794898.1069,5830243.8397
202989,13.294693289141646,52.51927272610085,198990,198990,11,0,4,4,2018,4,15,3,3,3,6,0,0,1,0,1,0,0,0,791338.6704,5827467.6093
202990,13.467270964112133,52.42821786527455,198991,198991,11,0,8,8,2018,3,11,6,3,2,2,0,0,0,0,1,0,1,0,803666.8036,5818058.7549
202991,13.348500851117695,52.51512408229875,198992,198992,11,0,1,1,2018,4,19,6,3,2,6,1,0,1,0,0,0,0,0,795014.8197,5827225.2768
202992,13.385450592539325,52.46712327469107,198993,198993,11,0,7,7,2018,4,18,6,3,2,6,1,0,1,0,0,0,0,0,797844.8969,5822041.9247
202993,13.492298398033608,52.565196271739815,198994,198994,11,0,11,11,2018,3,10,6,3,5,2,0,1,1,0,0,0,0,0,804418.2644,5833388.6126
202994,13.363441647991145,52.60695217742511,198995,198995,11,0,12,12,2018,4,18,6,3,6,4,0,0,1,1,0,0,0,0,795409.5614,5837493.1274
202995,13.370047183955794,52.51957422859879,198996,198996,11,0,1,1,2018,3,22,6,2,0,7,2,0,0,0,0,0,1,0,796445.8536,5827808.2825
202996,13.384115168716047,52.45582543062592,198997,198997,11,0,7,7,2018,4,18,6,3,6,4,0,1,0,1,0,0,0,0,797830.5846,5820780.6849
202997,13.525668220097351,52.48300444282663,198998,198998,11,0,11,11,2018,4,19,2,3,6,4,1,0,1,1,0,0,0,0,807252.1538,5824395.1335
202998,13.473471394019619,52.532365909585174,198999,198999,11,0,11,11,2018,4,17,6,3,8,1,0,0,1,0,0,0,0,0,803369.776,5829660.3096
202999,13.505508952533276,52.46159452790498,199000,199000,11,0,9,9,2018,3,12,5,3,2,6,0,0,1,0,0,1,0,1,806032.958,5821929.8867
203000,13.344506128389149,52.46319474610542,206001,206001,11,0,7,7,2018,10,21,7,3,1,1,2,0,1,0,0,0,1,0,795091.7791,5821437.0308
203001,13.485697812684498,52.46445210994503,206002,206002,11,0,9,9,2018,10,20,3,2,5,3,2,0,1,0,1,0,0,1,804668.2578,5822163.6378
203002,13.385281808978915,52.50225242899572,206003,206003,11,0,2,2,2018,10,20,3,3,6,2,2,0,1,1,0,0,0,1,797595.9349,5825945.7519
203003,13.479707303787535,52.52306359155625,206004,206004,11,0,11,11,2018,10,6,3,3,5,3,1,0,1,0,0,0,0,0,803856.7281,5828652.6741
203004,13.513492374786331,52.4293013133575,206005,206005,11,0,9,9,2018,10,15,5,3,0,1,0,0,0,0,1,0,0,0,806799.5471,5818374.6373
203005,13.376398937767837,52.51009026700372,206006,206006,11,0,1,1,2018,10,19,3,3,5,3,2,1,1,0,0,0,0,1,796940.5279999999,5826780.2927
203006,13.319643900936642,52.452598625901025,206007,206007,11,0,6,6,2018,10,20,7,3,5,2,2,1,1,0,0,0,0,0,793474.4312,5820157.8811
203007,13.345376462948806,52.484062061830905,206008,206008,11,0,7,7,2018,10,20,5,3,0,3,2,1,1,0,0,0,0,0,795011.0914,5823759.9746
203008,13.427677081059024,52.56793841099665,206009,206009,11,0,3,3,2018,10,19,3,3,5,2,1,0,1,0,0,0,0,1,800022.796,5833422.3188
203009,13.302375456872618,52.50673885881821,206010,206010,11,0,4,4,2018,10,19,5,3,5,2,2,0,1,0,1,0,0,0,791942.7161,5826105.5256
203010,13.302118382394488,52.50856341038578,206011,206011,11,0,4,4,2018,10,19,7,3,3,6,1,0,1,0,0,0,0,0,791913.1757,5826307.2857
203011,13.384224736231255,52.55603578878725,206012,206012,11,0,1,1,2018,10,12,5,3,5,3,0,1,0,0,0,0,1,0,797160.4822,5831919.3068
203012,13.395961962935125,52.4983236648437,206013,206013,11,0,2,2,2018,10,6,3,3,5,3,2,0,1,0,0,0,0,1,798346.9795,5825553.2089
203013,13.433064079290222,52.45236290134455,206014,206014,11,0,8,8,2018,10,16,4,3,5,3,0,0,1,0,0,0,0,0,801177.8321,5820599.0079
203014,13.244688449375221,52.61439094643719,206015,206015,11,0,12,12,2018,10,19,7,3,8,2,2,0,1,0,0,0,0,0,787325.0141,5837839.4781
203015,13.4178041469289,52.506539335476134,206016,206016,11,0,1,1,2018,10,18,3,3,5,3,1,0,1,0,1,0,0,1,799772.6411,5826556.9395
203016,13.400567970349892,52.5257584296708,206017,206017,11,0,1,1,2018,10,8,7,3,6,4,0,1,0,1,0,0,0,0,798473.2220000001,5828621.5742
203017,13.30275172072094,52.43749514012805,206018,206018,11,0,6,6,2018,10,14,4,3,6,4,0,0,1,1,0,0,0,0,792427.4763,5818410.5585
203018,13.437308948689386,52.46404004671201,206019,206019,11,0,8,8,2018,10,17,7,3,1,5,1,1,1,0,0,0,0,0,801386.2170000001,5821914.5954
203019,13.427634694950642,52.49917124988059,206020,206020,11,0,2,2,2018,10,18,3,3,6,4,1,0,1,1,0,0,0,1,800489.6631,5825778.9194
203020,13.333842332754278,52.505590282591506,206021,206021,11,0,4,4,2018,10,17,7,3,6,2,0,0,1,1,0,0,0,0,794084.5593,5826105.7204
203021,13.194810432862244,52.53440245467022,206022,206022,11,0,5,5,2018,10,15,4,2,2,6,0,0,1,0,0,0,0,0,784468.2233,5828750.4631
203022,13.384730022408895,52.54957495662686,206023,206023,11,0,1,1,2018,10,16,7,3,1,7,0,0,1,0,1,0,0,0,797238.4283,5831203.2805
203023,13.322049995306038,52.56059461164553,206024,206024,11,0,12,12,2018,10,17,3,3,2,6,1,0,1,0,0,0,0,1,792918.0107,5832171.4538
203024,13.495142615140088,52.550573709338465,206025,206025,11,0,11,11,2018,10,10,7,3,6,7,0,0,1,1,0,0,0,0,804712.3420000001,5831775.4252
203025,13.376707904326633,52.489315402998656,206026,206026,11,0,2,2,2018,10,9,4,3,5,2,0,1,1,0,0,0,0,0,797101.6907,5824472.4778
203026,13.343363230599264,52.531862263490666,206027,206027,11,0,1,1,2018,10,17,3,3,5,2,0,1,1,0,0,0,0,1,794554.3032,5829064.7103
203027,13.49428254473086,52.56896017794758,206028,206028,11,0,11,11,2018,10,16,4,2,0,4,0,0,1,1,0,0,0,0,804526.5364,5833815.3336
203028,13.346480237311466,52.614687222310465,206029,206029,11,0,12,12,2018,10,9,7,3,1,5,0,0,1,0,0,0,0,0,794209.9175,5838283.4365
203029,13.516402597404944,52.50562362967024,206030,206030,11,0,11,11,2018,10,15,4,3,5,2,0,1,1,0,0,0,0,0,806465.9092,5826869.6573
203030,13.209267619905884,52.56550423867395,206031,206031,11,0,5,5,2018,10,17,3,3,5,3,0,1,1,0,0,0,0,1,785246.1740000001,5832264.7257
203031,13.406760574134596,52.55405642092512,206032,206032,11,0,3,3,2018,10,19,4,3,2,6,2,0,1,0,0,0,0,0,798700.6241,5831792.4763
203032,13.363588927680302,52.517608990675534,206033,206033,11,0,1,1,2018,10,2,7,3,5,2,2,1,1,0,0,0,0,0,796021.2,5827563.3135
203033,13.202577801306365,52.53795312468825,206034,206034,11,0,5,5,2018,10,17,3,3,6,4,0,0,1,1,0,0,0,1,784971.6967,5829175.8163
203034,13.58335548091967,52.54898895376732,206035,206035,11,0,10,10,2018,10,0,7,3,5,3,2,1,1,0,0,0,0,0,810699.9339,5831975.9753
203035,13.400004995263018,52.52956787088153,206036,206036,11,0,1,1,2018,10,19,4,2,5,7,2,0,1,0,1,0,0,0,798409.2003,5829042.6531
203036,13.407776555246224,52.45251574804863,206037,206037,11,0,7,7,2018,10,11,7,2,5,3,0,0,1,0,0,1,0,0,799459.6631,5820510.7519
203037,13.375892646375377,52.457812479384934,206038,206038,11,0,7,7,2018,10,17,3,3,2,6,0,0,1,0,1,0,0,1,797258.8759999999,5820967.6344
203038,13.461385032588971,52.51102511345861,206039,206039,11,0,2,2,2018,10,18,4,3,3,6,1,1,0,0,0,0,1,0,802697.4349,5827237.5867
203039,13.296943785422366,52.52796038162374,206040,206040,11,0,4,4,2018,10,11,7,2,2,6,0,0,1,0,0,0,0,0,791433.682,5828442.3503
203040,13.562385953630555,52.456852310868456,206041,206041,11,0,9,9,2018,10,19,4,3,6,6,2,0,1,1,0,0,0,0,809927.5308,5821645.6252
203041,13.429682621134786,52.57182071770363,206042,206042,11,0,3,3,2018,10,16,3,3,5,2,0,1,0,0,0,0,1,1,800132.0773,5833862.1774
203042,13.38695912261618,52.527307909952,206043,206043,11,0,1,1,2018,10,19,4,2,6,4,2,0,1,1,0,0,0,0,797540.1725,5828737.5381
203043,13.30368201333424,52.50369288198029,206044,206044,11,0,4,4,2018,10,16,7,3,5,3,0,1,1,0,0,0,0,0,792051.5457,5825772.2526
203044,13.218145457856428,52.53752210862506,206045,206045,11,0,5,5,2018,10,16,3,3,2,6,0,0,1,0,1,0,0,1,786029.6286,5829189.5627
203045,13.400597258123092,52.523644809917535,206046,206046,11,0,1,1,2018,10,15,7,3,6,4,0,0,0,1,0,0,1,0,798489.5552,5828386.7721
203046,13.200318355110461,52.46967775382521,206047,206047,11,0,4,4,2018,10,14,3,2,4,1,0,0,1,0,0,0,1,1,785260.7614,5821577.748
203047,13.446928422263767,52.498398316709405,206048,206048,11,0,2,2,2018,10,19,4,3,0,7,1,1,1,0,0,0,0,0,801803.6865,5825773.5819
203048,13.337878926856506,52.45102311908826,206049,206049,11,0,6,6,2018,10,15,7,3,5,2,0,0,1,0,0,0,0,0,794723.2316,5820057.0797
203049,13.37665980493308,52.55632770726339,206050,206050,11,0,1,1,2018,10,15,3,3,2,6,0,0,1,0,1,0,0,1,796646.0246,5831920.5844
203050,13.331184347185962,52.420067513691386,206051,206051,11,0,6,6,2018,10,18,4,3,5,3,1,0,1,0,0,0,1,0,794475.1766,5816589.0641
203051,13.450489495865314,52.508647069555884,206052,206052,11,0,2,2,2018,10,15,7,3,6,4,0,1,0,1,0,0,0,0,801974.9014,5826927.5919
203052,13.259507654783373,52.433169439553424,206053,206053,11,0,6,6,2018,10,14,3,3,5,2,0,1,1,0,0,0,0,1,789518.2721,5817755.4304
203053,13.581280343867281,52.5042352385969,206054,206054,11,0,10,10,2018,10,14,7,3,2,6,0,0,1,0,0,0,0,0,810875.6532,5826993.0925
203054,13.448134870470113,52.48275417405778,206055,206055,11,0,8,8,2018,10,18,4,3,1,5,2,1,1,0,0,0,0,0,801992.8195,5824039.8592
203055,13.581684822002034,52.44272533604432,206056,206056,11,0,9,9,2018,10,14,7,3,3,6,0,1,0,0,0,0,0,0,811337.5545,5820158.6366
203056,13.376281092277274,52.409149546334895,206057,206057,11,0,7,7,2018,10,14,3,2,5,2,0,0,1,0,0,0,0,1,797613.3519,5815560.4655
203057,13.397888988458448,52.48889400609475,206058,206058,11,0,2,2,2018,10,18,4,3,2,6,1,1,0,0,0,0,0,0,798541.6413,5824513.1021
203058,13.35467511849085,52.42915390294013,206059,206059,11,0,6,6,2018,10,14,7,3,5,2,0,0,1,0,0,0,0,0,796010.5617,5817695.0789
203059,13.460412207441935,52.55963015493752,206060,206060,11,0,3,3,2018,10,17,4,3,0,1,0,1,0,0,0,0,0,0,802296.9797,5832635.7165
203060,13.241674766886998,52.53881702912052,206061,206061,11,0,5,5,2018,10,0,3,2,1,5,2,0,1,0,0,1,1,0,787615.9033,5829427.1197
203061,13.443228243642185,52.50394098544725,206062,206062,11,0,2,2,2018,10,17,4,3,5,2,0,1,1,0,0,0,0,0,801514.7158,5826374.1456
203062,13.630643018461273,52.45213917135815,206063,206063,11,0,9,9,2018,10,13,7,3,5,3,0,1,0,0,0,0,0,0,814595.3509,5821417.2311
203063,13.208273988878544,52.53870406503789,206064,206064,11,0,5,5,2018,10,18,3,3,0,1,1,0,1,0,1,0,0,1,785352.892,5829281.8202
203064,13.342345087242752,52.428426851939065,206065,206065,11,0,6,6,2018,10,16,3,3,0,1,0,0,0,0,1,0,0,1,795177.7007,5817563.7774
203065,13.371594975800452,52.4700946056429,206066,206066,11,0,7,7,2018,10,13,7,3,2,6,0,0,1,0,0,1,0,0,796884.322,5822315.0724
203066,13.486634617185251,52.540944288314506,206067,206067,11,0,11,11,2018,10,9,3,3,5,3,0,0,1,0,0,0,0,0,804202.5855,5830669.2291
203067,13.463893782835779,52.47056370649076,206068,206068,11,0,8,8,2018,10,17,4,3,0,6,0,0,1,0,1,0,0,0,803146.054,5822751.052999999
203068,13.298938232202675,52.57856981270697,206069,206069,11,0,12,12,2018,10,12,7,3,5,2,0,1,1,0,0,0,0,0,791233.1640000001,5834075.7318
203069,13.303826786723732,52.49925697604519,206070,206070,11,0,4,4,2018,10,13,2,3,6,2,0,0,1,1,0,0,0,0,792090.8044,5825279.7838
203070,13.328613959934275,52.47839345062957,206071,206071,11,0,4,4,2018,10,11,7,2,2,1,0,0,1,0,0,0,1,0,793911.4607,5823061.4855
203071,13.573540732467144,52.55231733613464,206072,206072,11,0,10,10,2018,10,17,4,3,2,7,0,0,1,0,1,0,0,0,810011.4823,5832303.6203
203072,13.35323765233948,52.4492374682799,206073,206073,11,0,6,6,2018,10,16,2,3,0,2,0,1,1,0,0,0,0,1,795778.1921,5819921.4443
203073,13.53688429547735,52.52561041785029,206074,206074,11,0,10,10,2018,10,17,4,3,2,6,0,0,1,0,0,0,0,0,807715.0954,5829178.2805
203074,13.354081588107872,52.56209104892354,206075,206075,11,0,12,12,2018,10,17,2,3,5,3,0,1,1,0,0,0,0,0,795077.7402,5832468.472
203075,13.409437085659018,52.51845030137453,206076,206076,11,0,1,1,2018,10,20,6,3,5,3,2,1,1,0,0,0,0,0,799124.1773,5827846.0555
203076,13.536065374196367,52.47783539361722,206077,206077,11,0,11,11,2018,10,16,4,3,2,2,0,1,1,0,0,0,0,0,807993.795,5823864.9797