,X,Y,OBJECTID_1,OBJECTID,ULAND,UREGBEZ,UKREIS,UGEMEINDE,UJAHR,UMONAT,USTUNDE,UWOCHENTAG,UKATEGORIE,UART,UTYP1,ULICHTVERH,IstRad,IstPKW,IstFuss,IstKrad,IstGkfz,IstSonstig,STRZUSTAND,LINREFX,LINREFY
203077,13.32035108796598,52.48173311279536,206078,206078,11,0,4,4,2018,10,17,2,3,0,2,0,1,1,0,0,0,0,1,793328.4475,5823399.0564
203078,13.391789690885627,52.540560242281714,206079,206079,11,0,1,1,2018,10,16,4,3,6,7,0,0,1,1,0,0,0,0,797777.8423,5830230.4547
203079,13.594673056943607,52.51817874669218,206080,206080,11,0,10,10,2018,10,19,6,3,5,2,2,1,1,0,0,0,0,0,811685.1286,5828600.5972
203080,13.475008450996599,52.43935153023714,206081,206081,11,0,8,8,2018,10,15,4,3,2,6,0,0,1,0,0,0,1,0,804115.7263,5819328.7731
203081,13.44247564138535,52.480452679984424,206082,206082,11,0,8,8,2018,10,22,2,3,6,4,2,1,0,1,0,0,0,0,801624.5658,5823760.3793
203082,13.273643142547355,52.49998005278723,206083,206083,11,0,4,4,2018,10,15,4,3,2,6,0,0,1,0,1,0,1,0,790038.5352,5825238.3382
203083,13.390048850188125,52.419654500955346,206084,206084,11,0,7,7,2018,10,18,6,3,5,3,2,0,1,0,1,0,0,0,798478.1394,5816784.897999999
203084,13.46114689729201,52.52974586619182,206085,206085,11,0,3,3,2018,10,20,2,3,5,3,2,1,1,0,0,0,0,0,802552.4603,5829317.3048
203085,13.509658922109208,52.50257596186144,206086,206086,11,0,11,11,2018,10,17,2,2,5,3,0,1,1,0,0,0,0,1,806029.7514,5826502.2888
203086,13.428479423033142,52.57767595094653,206087,206087,11,0,3,3,2018,10,18,6,3,5,3,0,1,1,0,0,0,0,0,800010.5715,5834507.9554
203087,13.283956305963919,52.512825870200736,206088,206088,11,0,4,4,2018,10,17,2,2,2,2,0,1,1,0,0,0,0,0,790653.2557,5826707.6987
203088,13.432026833259206,52.50180767049636,206089,206089,11,0,2,2,2018,10,15,4,3,6,4,0,0,0,1,1,0,0,0,800769.5705,5826090.2576
203089,13.333012576892635,52.52553818910759,206090,206090,11,0,1,1,2018,10,18,6,3,6,4,1,0,1,1,0,0,0,0,793894.9720000001,5828319.5455
203090,13.377819913545485,52.47237763115408,206091,206091,11,0,7,7,2018,10,15,2,3,5,2,0,1,1,0,0,0,0,0,797291.4518,5822594.4606
203091,13.294242708568182,52.53430684377617,206092,206092,11,0,4,4,2018,10,17,6,3,0,2,0,0,1,0,1,0,0,0,791208.5338,5829136.8537
203092,13.357473679621314,52.53599093724966,206093,206093,11,0,1,1,2018,10,15,4,3,3,6,0,0,1,0,0,0,1,0,795482.998,5829581.36
203093,13.31001179704937,52.49369560872185,206094,206094,11,0,4,4,2018,10,22,2,3,5,2,2,0,1,0,1,0,0,0,792547.3201,5824686.7021
203094,13.465343945775356,52.50769786042561,206095,206095,11,0,2,2,2018,10,15,4,3,5,2,0,1,1,0,0,0,0,0,802988.8135,5826884.408
203095,13.416069863932945,52.527205485980225,206096,206096,11,0,1,1,2018,10,23,6,3,6,4,2,0,1,1,0,0,0,0,799514.2549,5828846.706
203096,13.217421307939599,52.61128463698506,206097,206097,11,0,12,12,2018,10,22,4,3,5,3,2,0,1,0,0,0,0,0,785500.4,5837385.7509
203097,13.324910177271738,52.46116146266314,206098,206098,11,0,6,6,2018,10,15,2,3,6,4,0,0,1,1,0,0,0,0,793774.9718,5821131.0684
203098,13.454711642379365,52.43469447189593,206099,206099,11,0,8,8,2018,10,21,4,2,5,3,2,0,1,0,1,0,0,0,802769.065,5818725.831
203099,13.306908686376302,52.555106154781676,206100,206100,11,0,12,12,2018,10,22,6,2,6,4,2,0,1,1,0,0,0,0,791928.8247,5831499.9644
203100,13.331359323731927,52.44211635638276,206101,206101,11,0,6,6,2018,10,21,6,3,5,3,2,1,1,0,0,0,0,0,794339.9411,5819040.4916
203101,13.525797369987421,52.49418473548874,206102,206102,11,0,11,11,2018,10,20,4,3,3,6,2,0,1,0,0,1,0,0,807182.8961,5825638.2858
203102,13.281212937324483,52.441554834212354,206103,206103,11,0,6,6,2018,10,12,4,2,5,3,0,1,1,0,0,0,0,0,790937.5638,5818774.7549
203103,13.507715496043744,52.47490233084553,206104,206104,11,0,9,9,2018,10,17,6,2,5,2,1,1,1,0,0,0,0,0,806090.2852,5823418.3147
203104,13.385555724173667,52.55018175503773,206105,206105,11,0,1,1,2018,10,14,2,3,6,7,0,0,1,1,0,0,0,0,797290.2672,5831274.1309
203105,13.389540368703015,52.55016517351603,206106,206106,11,0,1,1,2018,10,17,6,3,5,7,1,0,0,0,1,0,0,0,797560.3545,5831288.7329
203106,13.335554287225511,52.50424445502818,206107,206107,11,0,4,4,2018,10,14,2,3,0,4,0,0,0,1,1,0,0,1,794209.6690000001,5825963.115
203107,13.510689225959688,52.404473358218745,206108,206108,11,0,8,8,2018,10,14,4,3,6,4,0,0,1,1,0,0,0,0,806781.6215,5815603.2906
203108,13.614476902472287,52.49371000139588,206109,206109,11,0,10,10,2018,10,15,6,3,5,3,0,1,1,0,0,0,0,0,813201.9398,5825966.9837
203109,13.306720042861595,52.55530415660962,206110,206110,11,0,12,12,2018,10,14,2,3,2,6,0,0,1,0,0,0,0,0,791914.7286,5831521.2084
203110,13.397212486980894,52.54734242226311,206111,206111,11,0,1,1,2018,10,15,6,3,2,6,0,0,1,0,0,0,0,0,798099.322,5831006.6962
203111,13.541559576475244,52.54284308595648,206112,206112,11,0,10,10,2018,10,14,4,3,5,3,0,0,0,0,0,0,1,0,807911.2729,5831113.5201
203112,13.338178997399075,52.50507418620324,206113,206113,11,0,4,4,2018,10,13,2,3,1,5,0,1,1,0,0,0,1,1,794382.1419,5826066.051
203113,13.192166090008152,52.53412587740547,206114,206114,11,0,5,5,2018,10,13,4,3,5,3,0,0,1,0,1,0,0,0,784290.771,5828709.2888
203114,13.120569812094901,52.47579624075277,206115,206115,11,0,5,5,2018,10,15,6,3,5,7,0,1,1,0,0,0,0,0,779808.2926,5821945.5718
203115,13.346218877869447,52.52496620843127,206116,206116,11,0,1,1,2018,10,13,2,3,6,3,0,0,1,1,0,0,0,0,794794.1025,5828309.8894
203116,13.23155532605976,52.52773467821124,206117,206117,11,0,5,5,2018,10,13,4,3,2,6,0,0,1,0,0,1,0,0,787002.4002,5828154.9445
203117,13.50521271150876,52.40403877167243,206118,206118,11,0,8,8,2018,10,18,6,3,6,4,0,0,1,1,0,0,0,0,806412.3647,5815531.734
203118,13.619954548800495,52.539538054727885,206119,206119,11,0,10,10,2018,10,7,2,3,5,3,0,1,1,0,0,0,0,0,813246.9163,5831084.0535
203119,13.432946622770169,52.51807933689564,206120,206120,11,0,2,2,2018,10,7,6,3,5,3,0,1,0,0,0,0,1,0,800720.71,5827902.6253
203120,13.292325076727812,52.49745272214914,206121,206121,11,0,4,4,2018,10,13,4,3,3,6,0,1,1,0,0,0,0,0,791322.531,5825032.7179
203121,13.339983569074425,52.44815376405694,206122,206122,11,0,6,6,2018,10,15,6,3,0,2,0,1,1,0,0,0,0,0,794885.3437,5819746.7509
203122,13.400043568022985,52.50951575552072,206123,206123,11,0,1,1,2018,10,17,2,3,5,2,0,1,0,0,1,0,0,1,798547.9066,5826814.0727
203123,13.611979456625054,52.49664951677161,206124,206124,11,0,10,10,2018,10,12,4,3,5,3,0,0,1,0,1,0,0,0,813011.6171,5826282.8333
203124,13.403620674755725,52.52564142912695,206125,206125,11,0,1,1,2018,10,16,6,3,6,4,0,1,0,1,0,0,0,0,798680.9635,5828621.2135
203125,13.499618866301935,52.52384086636524,206126,206126,11,0,11,11,2018,10,17,2,2,0,3,0,0,1,0,0,0,1,0,805201.2039,5828823.1788
203126,13.368724030221,52.50624873494404,206127,206127,11,0,1,1,2018,10,16,6,2,5,3,0,0,1,1,0,0,1,0,796445.9271,5826321.7336
203127,13.464580152306715,52.47031689712582,206128,206128,11,0,8,8,2018,10,12,4,3,5,3,0,1,0,0,0,0,1,0,803194.34,5822726.506
203128,13.456325473872116,52.509876035801284,206129,206129,11,0,2,2,2018,10,15,6,3,6,4,0,0,1,1,0,0,0,0,802362.2303,5827088.6431
203129,13.426548835689733,52.499514453765364,206130,206130,11,0,2,2,2018,10,15,2,3,2,6,0,0,1,0,0,0,0,1,800413.6646,5825812.5411
203130,13.600943828531113,52.479315791682346,206131,206131,11,0,10,10,2018,10,12,4,3,5,3,0,1,1,0,0,0,0,0,812386.0313,5824308.5304
203131,13.619920517922585,52.54395095573698,206132,206132,11,0,10,10,2018,10,16,6,3,2,6,0,0,1,0,0,0,0,0,813213.1504,5831574.3498
203132,13.545061867019525,52.427150894186774,206133,206133,11,0,9,9,2018,10,11,4,3,5,3,0,1,1,0,0,0,0,0,808959.3509,5818270.2997
203133,13.499748098837006,52.5258987113134,206134,206134,11,0,11,11,2018,10,16,2,3,3,6,0,0,1,0,0,0,1,0,805195.6801,5829052.442000001
203134,13.313596512512559,52.48309282261686,206135,206135,11,0,4,4,2018,10,10,4,3,5,3,0,0,1,0,0,0,0,0,792861.0311,5823522.7437
203135,13.20077621473267,52.53858317378935,206136,206136,11,0,5,5,2018,10,9,6,3,5,2,0,0,1,0,0,0,0,0,784845.5074,5829238.728999999
203136,13.294653916881064,52.47439569168768,206137,206137,11,0,4,4,2018,10,13,2,3,1,5,0,1,1,0,0,0,1,0,791633.1735,5822479.3117
203137,13.3050562326997,52.42736478017036,206138,206138,11,0,6,6,2018,10,16,6,2,0,1,0,1,0,0,0,0,0,0,792651.2088,5817293.9048
203138,13.230047759875227,52.4338906277119,206139,206139,11,0,6,6,2018,10,8,2,3,0,3,0,1,0,0,0,0,1,0,787512.1264,5817717.8453
203139,13.326980331369262,52.52194267127985,206140,206140,11,0,4,4,2018,10,12,6,2,4,7,0,0,1,1,0,0,1,0,793510.0237,5827895.3288
203140,13.418156559608118,52.499709143551655,206141,206141,11,0,2,2,2018,10,9,4,3,3,6,0,1,1,0,0,0,0,0,799843.0787,5825799.2524
203141,13.460641376654065,52.430205813432934,206142,206142,11,0,8,8,2018,10,17,6,3,1,5,0,0,1,0,0,0,0,0,803202.7243,5818251.8336
203142,13.461489580318364,52.51785363354572,206143,206143,11,0,2,2,2018,10,7,2,3,0,7,0,1,0,0,0,0,1,0,802657.5345,5827996.981000001
203143,13.238769588308687,52.60250525854558,206144,206144,11,0,12,12,2018,10,9,4,3,5,3,0,1,1,0,0,0,0,0,787002.3527,5836494.732999999
203144,13.342353743408852,52.60761507124915,206145,206145,11,0,12,12,2018,10,16,6,3,5,3,0,0,1,0,1,0,0,0,793978.1648,5837480.5121
203145,13.440684849866445,52.51727063576338,206146,206146,11,0,2,2,2018,10,9,4,3,5,2,0,1,0,0,0,0,1,0,801250.9189,5827845.0472
203146,13.387837502487512,52.49276723000153,206147,206147,11,0,2,2,2018,10,7,2,2,5,2,0,1,1,0,0,0,0,0,797833.4594,5824902.044
203147,13.233621691961725,52.505434556478654,206148,206148,11,0,4,4,2018,10,15,4,3,0,2,0,1,1,0,0,0,0,0,787288.089,5825684.4309
203148,13.42916631352693,52.51058022174678,206149,206149,11,0,2,2,2018,10,13,6,3,1,5,0,1,1,0,0,0,1,0,800515.6256,5827053.3656
203149,13.334314275265186,52.541371233838575,206150,206150,11,0,1,1,2018,10,8,2,3,2,6,0,0,1,0,0,0,0,0,793877.3503,5830084.6963
203150,13.287749462014053,52.48088113434853,206151,206151,11,0,4,4,2018,10,8,2,2,0,2,0,1,1,0,0,0,0,0,791121.6798,5823172.2894
203151,13.466356491729321,52.50062308538092,206152,206152,11,0,2,2,2018,10,18,4,3,0,6,1,0,1,0,1,0,0,0,803106.2131,5826102.3399
203152,13.366012331686905,52.525525105983704,206153,206153,11,0,1,1,2018,10,9,2,3,6,4,0,1,0,1,0,0,0,0,796132.2075,5828453.1322
203153,13.418648158155785,52.4988991019149,206154,206154,11,0,2,2,2018,10,8,4,3,3,6,0,1,1,0,0,0,0,0,799881.9439,5825711.2633
203154,13.353233500326262,52.449238216699975,206155,206155,11,0,6,6,2018,10,13,6,2,5,3,0,0,1,0,1,0,0,0,795777.9051,5819921.5105
203155,13.396911844211502,52.50516406197126,206156,206156,11,0,2,2,2018,10,10,2,3,2,6,0,0,1,0,0,0,0,0,798365.0327,5826317.4311
203156,13.430429748159945,52.51040841320425,206157,206157,11,0,2,2,2018,10,11,2,3,5,3,0,1,1,0,0,0,0,0,800602.4782,5827039.5364
203157,13.346765705739058,52.50078510911108,206158,206158,11,0,7,7,2018,10,11,6,2,6,4,0,0,1,1,0,0,0,0,794993.2822,5825624.4111
203158,13.373463786001773,52.574757593851565,206159,206159,11,0,12,12,2018,10,7,2,3,5,2,0,1,0,0,0,0,1,0,796305.1103,5833955.8919
203159,13.32826868796325,52.532927349054425,206160,206160,11,0,1,1,2018,10,8,4,2,3,6,0,1,0,0,0,0,1,0,793524.0322,5829121.5239
203160,13.296537675048715,52.54830403923933,206161,206161,11,0,4,4,2018,10,11,6,3,2,6,0,0,1,0,0,0,0,0,791271.3031,5830701.9372
203161,13.365445249502535,52.558031015670615,206162,206162,11,0,1,1,2018,10,13,2,3,5,3,0,0,1,0,0,0,0,0,795874.8228,5832063.7991
203162,13.334518886334095,52.498505238654296,206163,206163,11,0,4,4,2018,10,13,6,3,5,3,0,0,1,0,1,0,0,0,794177.8024,5825320.9787
203163,13.465367764605096,52.56710824634922,206164,206164,11,0,3,3,2018,10,7,4,3,5,2,0,1,1,0,0,0,0,0,802581.1176,5833487.6722
203164,13.410445432887347,52.503796165682495,206165,206165,11,0,2,2,2018,10,7,2,2,0,7,0,1,0,0,0,0,0,0,799292.2261,5826221.4777
203165,13.447865632803044,52.47778330247088,206166,206166,11,0,8,8,2018,10,7,4,3,5,3,0,1,1,0,0,0,0,0,802008.6363,5823486.2434
203166,13.352001455524187,52.50963497066481,206167,206167,11,0,1,1,2018,10,10,6,3,2,6,0,0,1,0,0,0,1,0,795289.0347,5826629.4955
203167,13.581522141595675,52.51400882209524,206168,206168,11,0,10,10,2018,10,12,4,3,6,7,0,0,1,1,0,0,0,0,810822.9865,5828080.3719
203168,13.583589038401954,52.4037460969357,206169,206169,11,0,9,9,2018,10,7,2,3,8,1,0,0,1,0,0,0,0,0,811742.1343,5815834.7247
203169,13.35114425343566,52.509634747594966,206170,206170,11,0,1,1,2018,10,19,4,3,5,2,2,1,0,0,0,0,1,0,795230.9029999999,5826625.9607
203170,13.509569336719165,52.49625104809653,206171,206171,11,0,11,11,2018,10,10,6,3,5,2,0,1,1,0,0,0,0,0,806067.6611,5825798.9393
203171,13.590229533204212,52.435038811434715,206172,206172,11,0,9,9,2018,9,17,1,3,5,3,1,0,1,0,0,0,0,0,811972.2391,5819341.2629
203172,13.581891792945195,52.43940348396809,206173,206173,11,0,9,9,2018,9,20,1,2,3,6,2,0,1,0,1,0,0,0,811375.0654,5819790.3403
203173,13.57716479234314,52.45577232863593,206174,206174,11,0,9,9,2018,10,13,6,3,5,2,0,1,1,0,0,0,0,0,810938.5402,5821589.1852
203174,13.282546831316841,52.44122798525501,206175,206175,11,0,6,6,2018,9,12,1,3,6,4,0,1,0,1,0,0,0,0,791030.3241,5818743.8029
203175,13.386223900065124,52.51456639724065,206176,206176,11,0,1,1,2018,10,8,3,3,0,2,0,0,0,0,1,0,1,0,797576.537,5827318.311000001
203176,13.53770556136122,52.53987417288102,206177,206177,11,0,10,10,2018,10,9,6,3,2,1,0,1,1,0,0,0,0,0,807670.9068,5830767.0892
203177,13.299685077156846,52.500475919620065,206178,206178,11,0,4,4,2018,9,10,1,3,0,7,0,0,0,0,1,0,0,0,791801.7716,5825398.5045
203178,13.182441862990176,52.5384224122106,206179,206179,11,0,5,5,2018,10,12,6,2,5,2,0,0,1,0,0,0,0,1,783603.9096,5829148.5707
203179,13.309562254030054,52.50018088445557,206180,206180,11,0,4,4,2018,10,15,3,3,1,5,0,1,1,0,0,0,0,0,792473.7272,5825405.7216
203180,13.441604130930989,52.470411056502684,206181,206181,11,0,8,8,2018,10,9,6,3,2,2,0,1,1,0,0,0,0,0,801634.1807,5822640.6549
203181,13.378414176953726,52.53429373211757,206182,206182,11,0,1,1,2018,9,10,1,3,3,2,0,0,1,0,0,0,0,0,796913.7308,5829478.7662
203182,13.349462263169038,52.498903391042674,206183,206183,11,0,7,7,2018,10,16,3,3,1,5,0,1,1,0,0,0,0,0,795188.8133,5825426.2935
203183,13.182000378757285,52.53590966823826,206184,206184,11,0,5,5,2018,10,12,6,3,0,7,0,0,1,0,1,0,0,1,783590.1978,5828867.5278
203184,13.493184210565591,52.56495097246616,206185,206185,11,0,11,11,2018,9,7,1,3,1,5,0,0,1,0,0,1,0,0,804479.96,5833365.0922
203185,13.495724561747425,52.52296006125946,206186,206186,11,0,11,11,2018,10,9,6,2,5,3,0,0,1,0,1,0,0,0,804943.31,5828708.8023
203186,13.270231305165677,52.43075001726375,206187,206187,11,0,6,6,2018,10,16,3,2,1,5,0,0,1,0,0,0,0,0,790262.7265,5817529.5721
203187,13.358955780364196,52.49659746266834,206188,206188,11,0,7,7,2018,9,0,1,3,0,1,2,1,1,0,0,0,0,0,795848.2948,5825208.8933
203188,13.575842634839963,52.49118203193436,206189,206189,11,0,10,10,2018,10,15,3,3,0,2,0,1,1,0,0,0,0,0,810598.9786,5825518.9245
203189,13.386324544614633,52.5247421894086,206190,206190,11,0,1,1,2018,10,9,6,3,3,2,0,1,1,0,0,0,0,0,797514.5153,5828449.7445
203190,13.405818236909981,52.530518873334216,206191,206191,11,0,1,1,2018,10,22,3,3,5,2,2,1,1,0,0,0,0,0,798796.7892,5829172.4351
203191,13.43468111956517,52.47871827902233,206192,206192,11,0,8,8,2018,9,20,1,3,5,3,2,1,1,0,0,0,0,0,801107.4839,5823535.0429
203192,13.34204360095532,52.459636293814,206193,206193,11,0,6,6,2018,10,11,3,2,0,7,0,0,1,0,0,0,0,0,794948.4128,5821031.4433
203193,13.380654827698894,52.516903394939874,206194,206194,11,0,1,1,2018,10,8,6,3,5,3,0,1,1,0,0,0,0,0,797183.1136,5827555.0937
203194,13.477593907487195,52.53739750574326,206195,206195,11,0,11,11,2018,9,18,1,3,5,7,0,0,1,0,1,0,0,0,803614.4375,5830236.9025
203195,13.453928205450394,52.42959877553458,206196,206196,11,0,8,8,2018,10,12,6,3,0,6,0,0,1,0,0,0,1,0,802750.8129,5818156.1856
203196,13.520817277138903,52.56853926662459,206197,206197,11,0,11,11,2018,10,20,3,2,6,4,2,0,1,1,0,0,0,0,806326.4558,5833881.0461
203197,13.5968975020811,52.43697336836712,206198,206198,11,0,9,9,2018,9,18,1,3,5,2,0,1,1,0,0,0,0,0,812411.47,5819585.1135
203198,13.423203383807524,52.557291102225896,206199,206199,11,0,3,3,2018,10,16,5,3,6,7,0,0,1,1,0,0,0,0,799792.4983,5832220.2844
203199,13.408184793728767,52.38669684874814,206200,206200,11,0,7,7,2018,10,7,2,3,3,6,0,1,1,0,0,0,1,0,799934.3164,5813196.92
203200,13.583642212378578,52.51491010687809,206201,206201,11,0,10,10,2018,10,7,2,3,5,2,0,0,1,0,1,0,0,0,810960.3656,5828189.6835
203201,13.320205239293065,52.47880592552413,206202,206202,11,0,4,4,2018,10,8,5,3,5,2,0,1,1,0,0,0,0,0,793338.0449,5823073.106000001
203202,13.46479004726609,52.497633663524454,206203,206203,11,0,2,2,2018,10,5,2,3,2,6,2,0,1,0,1,0,0,0,803020.5459,5825763.4984
203203,13.470770744763492,52.51026914822162,206204,206204,11,0,2,2,2018,10,16,5,3,5,2,0,1,1,0,0,0,0,0,803339.1163,5827193.0106
203204,13.228791784852312,52.5300059507637,206205,206205,11,0,5,5,2018,10,4,2,2,4,6,2,0,1,0,0,1,0,0,786800.2382,5828396.4078
203205,13.565566068788085,52.50724689596244,206206,206206,11,0,10,10,2018,10,10,3,3,5,3,0,0,1,0,0,1,0,1,809788.6982,5827260.1722
203206,13.434619182522962,52.49061699253307,206207,206207,11,0,8,8,2018,10,8,5,3,5,7,0,1,1,0,0,0,0,0,801021.9274,5824857.2759
203207,13.577611374515287,52.40231774292197,206208,206208,11,0,9,9,2018,10,14,2,2,5,3,0,1,1,0,0,0,0,0,811345.8701,5815650.1841
203208,13.59388711102008,52.4478814252345,206209,206209,11,0,9,9,2018,10,6,3,3,5,3,2,1,1,0,0,0,0,0,812129.7713,5820784.3973
203209,13.411861675441791,52.54057974660611,206210,206210,11,0,3,3,2018,10,14,2,3,0,1,0,1,0,0,0,0,0,0,799137.9554,5830315.7392
203210,13.418510302692273,52.55346808339149,206211,206211,11,0,3,3,2018,10,15,5,3,5,3,0,1,1,0,0,0,0,0,799500.6475,5831775.8527
203211,13.204249825663213,52.540658651642076,206212,206212,11,0,5,5,2018,10,13,2,3,5,3,0,1,1,0,0,0,0,0,785067.4737,5829483.1603
203212,13.385674935103452,52.528463478962486,206213,206213,11,0,1,1,2018,10,12,3,3,0,1,0,1,0,0,0,0,0,1,797445.3005,5828860.6777
203213,13.15449122040435,52.533020382620684,206214,206214,11,0,5,5,2018,10,15,5,2,5,7,1,1,1,0,0,0,0,0,781744.1159999999,5828438.504
203214,13.349353611935436,52.45897987971775,206215,206215,11,0,7,7,2018,10,18,2,3,7,7,2,1,0,0,0,0,0,1,795449.1245,5820988.3897
203215,13.356790512644398,52.42464856345438,206216,206216,11,0,6,6,2018,10,14,5,2,5,3,0,1,1,0,0,0,0,0,796184.5232,5817202.9948
203216,13.311685101505525,52.50039768774295,206217,206217,11,0,4,4,2018,10,13,2,3,5,3,0,1,0,0,0,0,1,1,792616.2848,5825438.4307
203217,13.589461019987054,52.51314833900528,206218,206218,11,0,10,10,2018,10,13,2,3,3,6,0,0,1,0,0,0,1,0,811367.3735,5828018.9961
203218,13.269708608739498,52.53818047812014,206219,206219,11,0,5,5,2018,10,14,5,3,6,2,0,0,1,1,0,0,0,0,789520.0759999999,5829468.5907
203219,13.426984038902145,52.552213851310064,206220,206220,11,0,3,3,2018,10,14,2,3,5,3,0,1,1,0,0,0,0,0,800083.2939,5831671.7011
203220,13.331292916672895,52.50342283498793,206221,206221,11,0,4,4,2018,10,12,2,3,2,6,0,0,1,0,0,0,0,1,793926.1244,5825854.4149
203221,13.497467803641706,52.508712113875134,206222,206222,11,0,11,11,2018,10,14,5,2,1,5,0,0,1,0,0,0,1,0,805160.3309999999,5827132.6111
203222,13.420423549855744,52.604345018488424,206223,206223,11,0,3,3,2018,10,11,2,3,6,7,0,0,1,1,0,0,0,1,799283.0897,5837438.6269
203223,13.441267559143483,52.50534707293715,206224,206224,11,0,2,2,2018,10,12,2,3,5,3,0,0,1,0,0,0,1,0,801372.1036,5826522.2295
203224,13.384016339661741,52.51031620869603,206225,206225,11,0,1,1,2018,10,11,2,3,5,2,0,1,1,0,0,0,0,1,797455.5821,5826836.8025
203225,13.29721658850278,52.57775478601478,206226,206226,11,0,12,12,2018,10,18,5,3,0,1,2,0,0,0,1,0,0,1,791121.9942,5833978.1818
203226,13.321744392937939,52.492965381211775,206227,206227,11,0,4,4,2018,10,11,2,2,5,2,0,0,1,0,1,0,0,0,793348.1588,5824653.1912
203227,13.586996288985818,52.523609489744985,206228,206228,11,0,10,10,2018,10,11,2,3,0,1,0,0,0,0,1,0,0,1,811126.2274,5829171.0052
203228,13.402476610054247,52.511869819014045,206229,206229,11,0,1,1,2018,10,11,2,3,0,6,0,0,1,0,0,0,1,0,798696.923,5827085.797
203229,13.401753969307109,52.53035871013573,206230,206230,11,0,1,1,2018,10,10,5,3,0,1,0,1,0,0,0,0,0,0,798522.385,5829137.7944
203230,13.433842913251633,52.54958771631161,206231,206231,11,0,3,3,2018,10,11,2,3,5,7,0,1,1,0,0,0,0,0,800565.9485,5831408.3998
203231,13.28129919625301,52.49943265460626,206232,206232,11,0,4,4,2018,10,10,2,2,5,3,0,1,1,0,0,0,0,0,790561.4899,5825208.3112
203232,13.387728986899507,52.45305899864019,206233,206233,11,0,7,7,2018,10,20,5,3,0,1,2,0,0,0,1,0,0,1,798094.6683,5820488.1256
203233,13.194852740817176,52.532562223831135,206234,206234,11,0,5,5,2018,10,8,5,2,5,3,0,0,1,0,0,0,0,0,784482.9990000001,5828546.0786
203234,13.404059065190776,52.46347317269656,206235,206235,11,0,7,7,2018,10,17,2,3,5,3,1,0,1,0,0,0,1,0,799132.8559999999,5821713.2129999995
203235,13.348513956639385,52.535825918903505,206236,206236,11,0,1,1,2018,10,8,5,3,5,3,0,1,0,0,0,0,1,0,794876.8454,5829526.3277
203236,13.440031774654894,52.48160462980026,206237,206237,11,0,8,8,2018,10,11,2,3,5,3,0,1,1,0,0,0,0,0,801450.8388,5823878.1968
203237,13.523541252947993,52.536048450344,206238,206238,11,0,10,10,2018,10,16,2,3,2,6,0,0,1,0,0,0,0,0,806737.7457,5830281.5141
203238,13.341138053334838,52.5528088278211,206239,206239,11,0,1,1,2018,10,8,5,3,1,5,0,1,1,0,0,0,0,0,794263.176,5831383.8277
203239,13.412792020157356,52.528114664378265,206240,206240,11,0,1,1,2018,10,8,2,3,0,1,0,0,0,0,1,0,0,0,799285.8649,5828934.1444
203240,13.389082018600655,52.39835411726376,206241,206241,11,0,7,7,2018,10,11,2,3,5,3,0,0,1,0,0,0,1,0,798556.4256,5814413.4287
203241,13.45901960135925,52.548942207840426,206242,206242,11,0,3,3,2018,10,8,5,3,5,3,0,0,1,0,0,0,0,0,802276.195,5831441.9595
203242,13.293593476349418,52.44580592665073,206243,206243,11,0,6,6,2018,10,11,2,2,5,2,0,0,1,0,1,0,0,0,791750.377,5819297.245
203243,13.376903041762555,52.510769825543576,206244,206244,11,0,1,1,2018,10,16,2,3,5,3,0,0,1,0,1,0,0,1,796970.1271,5826857.9005
203244,13.267754172023613,52.44555361151679,206245,206245,11,0,6,6,2018,10,10,2,3,5,2,0,1,1,0,0,0,0,0,789997.0912,5819165.0602
203245,13.394114264041296,52.489594347548454,206246,206246,11,0,2,2,2018,10,8,5,3,6,7,0,0,1,1,0,0,0,0,798280.7875,5824575.3255
203246,13.209522737853307,52.538397149701325,206247,206247,11,0,5,5,2018,10,10,2,3,2,6,0,0,1,0,0,0,0,0,785439.52,5829252.649
203247,13.386918378628128,52.490056565694005,206248,206248,11,0,2,2,2018,10,7,5,3,3,6,0,1,1,0,0,0,0,0,797789.4387,5824596.9648
203248,13.20424085688343,52.540648788861816,206249,206249,11,0,5,5,2018,10,9,2,3,5,3,0,1,1,0,0,0,0,0,785066.9298,5829482.0285
203249,13.36407342504564,52.52793349432591,206250,206250,11,0,1,1,2018,10,8,2,3,5,1,0,0,1,0,1,0,0,0,795984.5511,5828712.859
203250,13.39597277954948,52.53825649327398,206251,206251,11,0,1,1,2018,10,9,2,3,5,2,0,0,1,0,0,0,0,0,798076.9492,5829991.6888
203251,13.423122557889846,52.55115581776877,206252,206252,11,0,3,3,2018,10,6,5,2,0,3,0,0,1,0,1,0,0,0,799828.901,5831538.0312
203252,13.341999782932401,52.470185711402166,206253,206253,11,0,7,7,2018,10,9,2,3,5,3,0,1,0,0,0,0,0,0,794874.8387,5822203.8234
203253,13.28013086895406,52.51847898523677,206254,206254,11,0,4,4,2018,10,16,2,3,5,2,0,0,1,0,0,0,0,1,790356.5201,5827320.6407
203254,13.418318092865892,52.51559868631201,206255,206255,11,0,1,1,2018,10,6,5,2,5,3,2,0,1,0,1,0,0,0,799745.7634,5827565.9923