,X,Y,OBJECTID_1,OBJECTID,ULAND,UREGBEZ,UKREIS,UGEMEINDE,UJAHR,UMONAT,USTUNDE,UWOCHENTAG,UKATEGORIE,UART,UTYP1,ULICHTVERH,IstRad,IstPKW,IstFuss,IstKrad,IstGkfz,IstSonstig,STRZUSTAND,LINREFX,LINREFY
203255,13.446649396553363,52.5025598741889,206256,206256,11,0,2,2,2018,10,18,5,3,3,6,1,0,0,0,1,1,0,0,801756.2229,5826234.9522
203256,13.294405663859026,52.53440471525805,206257,206257,11,0,4,4,2018,10,16,2,3,2,6,0,0,1,0,0,0,0,1,791218.9306,5829148.3906
203257,13.402600225423868,52.55426017280554,206258,206258,11,0,3,3,2018,10,15,5,3,5,2,2,1,1,0,0,0,0,0,798417.3869,5831797.8861
203258,13.450269666437173,52.5460594394014,206259,206259,11,0,3,3,2018,10,9,2,3,4,2,0,1,1,0,0,0,0,0,801703.147,5831084.8866
203259,13.31402311615276,52.50635184149864,206260,206260,11,0,4,4,2018,10,11,5,3,2,3,0,0,1,0,0,0,0,0,792735.2686,5826109.7273
203260,13.376501037588072,52.48494772546587,206261,206261,11,0,2,2,2018,10,15,2,3,5,3,0,1,1,0,0,0,0,1,797117.1263,5823986.1669
203261,13.417852888617912,52.5179091997687,206262,206262,11,0,1,1,2018,10,9,2,3,6,4,0,1,0,1,0,0,0,0,799698.4752,5827820.8642
203262,13.39904853831876,52.49456690750443,206263,206263,11,0,2,2,2018,10,12,4,3,5,2,0,1,1,0,0,0,0,0,798581.8366,5825148.4295
203263,13.266787306300154,52.51256288368216,206264,206264,11,0,4,4,2018,10,9,2,3,1,5,0,1,1,0,0,0,0,0,789490.6837,5826609.4006
203264,13.379410957474427,52.52942604782289,206265,206265,11,0,1,1,2018,10,8,2,3,0,3,0,1,1,0,0,0,0,0,797014.1778,5828941.8378
203265,13.331158169380279,52.50670029305883,206266,206266,11,0,4,4,2018,10,12,2,3,2,6,0,1,1,0,0,0,0,0,793895.0944,5826218.1549
203266,13.314389566804927,52.50779302841371,206267,206267,11,0,4,4,2018,10,18,4,3,1,5,1,1,1,0,0,0,0,0,792750.5338,5826271.4037
203267,13.345630195694072,52.42869612479125,206268,206268,11,0,6,6,2018,10,14,2,2,5,3,0,1,0,0,0,0,1,0,795399.0983,5817607.1451
203268,13.28580555624824,52.58762272131257,206269,206269,11,0,12,12,2018,10,15,2,3,2,6,0,0,1,0,0,0,0,1,790284.0286,5835028.9765
203269,13.456093795665385,52.46564434197009,206270,206270,11,0,8,8,2018,10,9,4,3,2,2,0,0,1,0,0,0,0,0,802650.4185,5822171.5426
203270,13.625816858224914,52.52906703394023,206271,206271,11,0,10,10,2018,10,6,2,2,2,6,1,0,1,0,0,0,0,0,813718.9096,5829945.8185
203271,13.385341328654704,52.49897446428466,206272,206272,11,0,2,2,2018,10,16,1,3,5,2,0,0,1,0,0,0,0,0,797622.1390000001,5825581.659
203272,13.27133989090496,52.536519695778274,206273,206273,11,0,5,5,2018,10,15,2,2,0,6,0,0,1,0,1,0,0,1,789641.5801,5829290.5438
203273,13.315264579790602,52.45136154596796,206274,206274,11,0,6,6,2018,10,14,2,2,5,3,0,0,1,0,1,0,0,1,793185.2739,5820002.5788
203274,13.4306863824636,52.51530704414022,206275,206275,11,0,2,2,2018,10,17,4,3,5,3,0,1,0,0,1,0,0,0,800586.4061,5827585.0702
203275,13.418827934400339,52.46493787205517,206276,206276,11,0,7,7,2018,10,16,4,3,5,2,0,1,1,0,0,0,0,0,800125.4990000001,5821937.344
203276,13.338350417514837,52.451088208141606,206277,206277,11,0,6,6,2018,10,14,2,3,2,6,0,0,1,0,0,0,0,1,794754.8146,5820066.24
203277,13.40375195095806,52.53337003091397,206278,206278,11,0,1,1,2018,10,16,4,3,6,4,0,0,1,1,0,0,0,0,798637.3583,5829480.7707
203278,13.46808165143522,52.427617051030396,206279,206279,11,0,8,8,2018,10,13,1,2,5,2,0,1,1,0,0,0,0,0,803726.0178,5817995.3889
203279,13.19962981710643,52.535084045305005,206280,206280,11,0,5,5,2018,10,15,2,2,2,6,0,0,1,0,0,0,0,1,784790.4784,5828845.2535
203280,13.453370923885796,52.54207317331325,206281,206281,11,0,3,3,2018,10,18,4,3,5,3,1,1,1,0,0,0,0,0,801940.6762,5830654.8188
203281,13.308593651863172,52.46792589689797,206282,206282,11,0,4,4,2018,10,14,2,3,2,6,0,0,1,0,0,0,0,1,792622.2724,5821816.6322
203282,13.280602241034774,52.41530392296146,206283,206283,11,0,6,6,2018,10,11,1,2,1,7,0,0,1,0,1,0,0,0,791069.1847,5815854.4729
203283,13.406564949811811,52.39376388359037,206284,206284,11,0,7,7,2018,10,18,4,2,5,2,1,0,1,0,0,0,0,0,799776.2065,5813975.6677
203284,13.199647574104654,52.53452736549554,206285,206285,11,0,5,5,2018,10,11,1,2,5,2,0,1,1,0,0,0,0,0,784795.2884,5828783.4458
203285,13.403438215243403,52.44821049149557,206286,206286,11,0,7,7,2018,10,14,2,3,2,6,0,0,0,0,0,1,1,1,799194.2855,5820014.2417
203286,13.303020313397624,52.51405707635153,206287,206287,11,0,4,4,2018,10,11,1,3,1,5,0,1,1,0,0,0,0,0,791937.8879999999,5826921.563999999
203287,13.314788611030572,52.51211422923213,206288,206288,11,0,4,4,2018,10,18,4,3,5,2,2,1,1,0,0,0,0,0,792748.8432,5826753.3278
203288,13.295911443294466,52.495927592832565,206289,206289,11,0,4,4,2018,10,11,1,2,5,2,0,0,1,0,1,0,0,0,791575.9236,5824877.6905
203289,13.559058323425267,52.448566744118644,206290,206290,11,0,9,9,2018,10,5,2,3,2,6,2,0,1,0,0,0,0,0,809759.8231,5820710.472999999
203290,13.274627493079489,52.53579440883818,206291,206291,11,0,5,5,2018,10,19,4,3,1,5,2,0,1,0,0,1,0,0,789869.189,5829223.1413
203291,13.380182587845617,52.57495226472789,206292,206292,11,0,3,3,2018,10,5,2,2,5,2,2,0,1,0,1,0,0,0,796758.765,5834005.183999999
203292,13.498435588341696,52.56391606226579,206293,206293,11,0,11,11,2018,10,9,1,3,5,3,0,1,1,0,0,0,0,0,804842.8129,5833272.2742
203293,13.480236864240803,52.520441291063115,206294,206294,11,0,11,11,2018,10,13,2,3,2,6,0,0,1,0,0,1,0,1,803910.7519,5828363.4528
203294,13.563687613375564,52.45636570302968,206295,206295,11,0,9,9,2018,10,16,4,3,0,6,0,0,0,0,1,0,0,0,810019.3283,5821597.1358
203295,13.582060395045922,52.44236114341207,206296,206296,11,0,9,9,2018,10,9,1,2,6,4,0,1,0,1,0,0,0,0,811365.6332,5820119.7809
203296,13.404201219991226,52.41519392224658,206297,206297,11,0,8,8,2018,10,14,2,2,2,6,0,0,1,0,0,0,1,1,799470.1289,5816347.7282
203297,13.489668651006253,52.512286708475706,206298,206298,11,0,11,11,2018,10,8,1,3,5,3,0,0,1,0,0,0,0,0,804606.6754,5827496.9246
203298,13.313918189334323,52.49039985275856,206299,206299,11,0,4,4,2018,10,15,4,3,6,4,0,0,1,1,0,0,0,0,792834.2623,5824336.2293
203299,13.2326424366739,52.542976531497175,206300,206300,11,0,5,5,2018,10,6,1,3,1,1,1,0,1,0,0,0,0,0,786976.5763,5829853.4644
203300,13.427391984533932,52.52305086843339,206301,206301,11,0,2,2,2018,10,17,2,2,6,4,1,0,1,1,0,0,0,0,800310.1399,5828432.038
203301,13.584807445879688,52.428387634149935,206302,206302,11,0,9,9,2018,10,16,4,3,0,1,0,1,0,0,0,0,0,0,811650.9186,5818578.6297
203302,13.543846525491848,52.568094867824975,206303,206303,11,0,11,11,2018,10,23,1,3,4,6,2,0,0,0,0,0,1,0,807889.1579,5833929.8256
203303,13.38932442179356,52.51394338052054,206304,206304,11,0,1,1,2018,10,16,2,3,0,1,0,0,0,0,1,0,0,0,797790.9977,5827261.8652
203304,13.60524152605552,52.53644876575232,206305,206305,11,0,10,10,2018,10,20,1,3,0,6,2,0,1,0,1,0,0,0,812271.8436,5830676.8610000005
203305,13.256255547740693,52.52112950013283,206306,206306,11,0,4,4,2018,10,16,4,3,5,3,0,0,1,0,0,0,0,0,788720.2386,5827519.3755
203306,13.391574481493025,52.51217279758147,206307,206307,11,0,1,1,2018,10,5,1,3,5,3,2,0,1,0,0,0,0,0,797955.5664,5827074.3646
203307,13.39771313425842,52.386676995412465,206308,206308,11,0,7,7,2018,10,20,2,3,6,4,2,0,0,1,0,0,1,0,799222.3143,5813151.2775
203308,13.309049706769981,52.579050068220994,206309,206309,11,0,12,12,2018,10,15,4,3,0,1,0,1,0,0,0,0,0,1,791914.6367,5834170.0363
203309,13.313348142709534,52.571387054833174,206310,206310,11,0,12,12,2018,10,19,1,2,0,7,2,0,1,0,1,0,0,1,792256.7071,5833335.7091
203310,13.384708085549676,52.46085093710437,206311,206311,11,0,7,7,2018,10,19,2,2,5,2,2,1,0,0,0,0,1,0,797836.8831,5821341.7048
203311,13.593039087018829,52.43260601183885,206312,206312,11,0,9,9,2018,10,15,4,3,5,3,0,0,1,0,0,0,0,0,812180.3007,5819083.0329
203312,13.380507866911671,52.52837002039704,206313,206313,11,0,1,1,2018,10,19,2,3,6,2,2,0,1,1,0,0,0,0,797095.6692,5828828.9823
203313,13.375365399982297,52.58450400411103,206314,206314,11,0,3,3,2018,10,19,1,3,1,5,2,0,1,0,0,0,0,0,796368.0511,5835047.0166
203314,13.385822408828686,52.55817372610576,206315,206315,11,0,1,1,2018,10,19,2,3,5,7,2,0,1,0,0,0,0,0,797254.2459999999,5832163.5243
203315,13.313254600240679,52.50072575562011,206316,206316,11,0,4,4,2018,10,14,4,3,2,6,0,0,1,0,0,0,0,0,792720.566,5825481.265
203316,13.334293395723048,52.50857596985112,206317,206317,11,0,4,4,2018,10,18,1,3,0,7,1,1,0,0,0,0,1,1,794095.1955,5826439.4186
203317,13.341696536845285,52.534837718676656,206318,206318,11,0,1,1,2018,10,19,2,3,5,3,2,0,1,0,0,0,1,0,794421.3999,5829388.6224
203318,13.346943651217066,52.42856868488172,206319,206319,11,0,6,6,2018,10,18,1,2,6,4,1,0,1,1,0,0,0,0,795489.1912,5817598.3561
203319,13.58206619187446,52.44281573130146,206320,206320,11,0,9,9,2018,10,14,4,2,5,2,0,1,1,0,0,0,0,0,811362.817,5820170.3286
203320,13.300305965731788,52.48769908732722,206321,206321,11,0,4,4,2018,10,15,1,3,2,2,0,0,1,0,0,0,0,0,791928.604,5823980.859
203321,13.30793438995425,52.44715238689434,206322,206322,11,0,6,6,2018,10,18,2,3,1,5,1,1,1,0,0,0,0,0,792715.4339,5819504.9742
203322,13.191645911559734,52.54593108972269,206323,206323,11,0,5,5,2018,10,13,4,3,2,7,0,1,1,0,0,0,0,0,784179.1731,5830019.4518
203323,13.342296032940054,52.607523025537965,206324,206324,11,0,12,12,2018,10,9,4,3,5,2,0,0,1,0,0,0,0,0,793974.877,5837470.0456
203324,13.450822727716575,52.512741199934034,206325,206325,11,0,2,2,2018,10,17,2,3,0,1,1,1,0,0,0,0,0,1,801969.3955,5827384.031
203325,13.377147041261704,52.45366912883602,206326,206326,11,0,7,7,2018,10,8,4,3,5,2,0,1,1,0,0,0,0,0,797371.9953,5820512.2787
203326,13.377277168518814,52.535197614301566,206327,206327,11,0,1,1,2018,10,13,1,3,0,7,0,1,1,0,0,0,0,0,796830.5619,5829574.5484
203327,13.427771228094056,52.50092775796505,206328,206328,11,0,2,2,2018,10,17,2,3,1,5,0,1,0,0,0,0,1,1,800486.931,5825974.7174
203328,13.382109749014528,52.522987705327026,206329,206329,11,0,1,1,2018,10,8,4,3,5,7,0,0,1,0,1,0,0,0,797240.6401,5828237.3511
203329,13.326591968112366,52.486629595592305,206330,206330,11,0,4,4,2018,10,7,4,3,4,6,0,1,0,0,0,0,0,0,793719.3006,5823968.6961
203330,13.350651646978257,52.512010129154866,206331,206331,11,0,1,1,2018,10,13,4,3,5,3,0,1,0,0,0,0,0,0,795181.5575,5826887.9657
203331,13.328324547902564,52.53466838576961,206332,206332,11,0,1,1,2018,10,11,1,3,2,6,0,0,1,0,0,0,0,0,793516.1931,5829315.2681
203332,13.445428598658648,52.46727803649159,206333,206333,11,0,8,8,2018,10,7,4,3,5,3,0,0,1,0,0,0,0,0,801915.2383,5822308.4325
203333,13.402436909908593,52.531159411539115,206334,206334,11,0,1,1,2018,10,5,1,2,1,1,2,1,1,0,0,0,0,0,798563.2395,5829229.6187
203334,13.454827384913823,52.488358629257995,206335,206335,11,0,9,9,2018,10,14,7,3,1,5,0,1,1,0,0,0,0,0,802408.4566,5824690.8081
203335,13.519393156359449,52.518029848380635,206336,206336,11,0,10,10,2018,10,6,4,3,5,3,1,1,1,0,0,0,0,0,806582.2474,5828261.232000001
203336,13.388775579901056,52.48450771812065,206337,206337,11,0,7,7,2018,10,20,7,3,3,6,2,0,1,0,0,0,0,0,797952.9903,5823987.8936
203337,13.169847923779626,52.518582665484544,206338,206338,11,0,5,5,2018,10,14,1,3,3,6,0,0,1,0,1,0,0,0,782877.9366,5826893.788
203338,13.573964005154307,52.49170367954839,206339,206339,11,0,10,10,2018,10,18,7,3,5,3,2,0,1,0,0,0,1,0,810467.8521,5825568.8109
203339,13.380611628615206,52.532535089620715,206340,206340,11,0,1,1,2018,10,12,4,3,5,2,0,1,1,0,0,0,0,0,797074.5561,5829292.35
203340,13.331301865689747,52.503490448325955,206341,206341,11,0,4,4,2018,10,18,7,3,2,7,1,0,1,0,1,0,0,0,793926.2798,5825861.9666
203341,13.428903422457356,52.57204766040608,206342,206342,11,0,3,3,2018,10,0,1,3,5,2,2,0,1,0,0,0,0,0,800077.7590000001,5833884.1555
203342,13.480994347942865,52.518981561466255,206343,206343,11,0,11,11,2018,10,11,4,3,1,5,0,1,1,0,0,0,0,0,803972.1972,5828204.4059
203343,13.378640009822874,52.544808343307714,206344,206344,11,0,1,1,2018,10,6,4,3,5,2,1,1,1,0,0,0,0,0,796858.0047,5830648.3784
203344,13.41537891754566,52.52271245212741,206345,206345,11,0,1,1,2018,10,21,1,2,6,4,2,0,1,1,0,0,0,0,799498.0190000001,5828344.449
203345,13.295509490323953,52.4425652679101,206346,206346,11,0,6,6,2018,10,11,4,3,5,2,0,0,1,0,0,0,0,0,791901.9561,5818944.7904
203346,13.367462565593351,52.52574492413753,206347,206347,11,0,1,1,2018,10,18,7,3,6,7,1,0,1,1,0,0,0,0,796229.0415,5828483.5229
203347,13.197973908525775,52.54753481617371,206348,206348,11,0,5,5,2018,10,21,1,2,6,4,2,0,1,1,0,0,0,0,784597.6020000001,5830222.6819
203348,13.210124147359627,52.56679032729599,206349,206349,11,0,5,5,2018,10,11,4,3,6,4,0,0,1,1,0,0,0,0,785295.8341,5832411.0718
203349,13.361474170432293,52.54799678132102,206350,206350,11,0,1,1,2018,10,19,1,3,5,3,2,0,1,0,1,0,0,0,795673.3462,5830932.2049
203350,13.313892062732608,52.425000657148026,206351,206351,11,0,6,6,2018,10,18,7,3,2,6,2,0,1,0,1,0,0,0,793267.2738,5817066.9898
203351,13.18457664458418,52.51556650081346,206352,206352,11,0,5,5,2018,10,10,4,3,5,2,0,0,1,0,1,0,0,0,783896.1205,5826616.408
203352,13.346277413889975,52.501241148417215,206353,206353,11,0,7,7,2018,10,17,7,2,5,2,0,1,0,0,0,0,1,0,794957.1044,5825673.1023
203353,13.590486237576409,52.529900637245596,206354,206354,11,0,10,10,2018,10,18,1,3,9,1,1,0,0,0,1,0,0,0,811318.2567,5829885.2716
203354,13.417127972438124,52.60548495311268,206355,206355,11,0,3,3,2018,10,17,7,3,5,2,0,0,1,0,1,0,0,0,799052.3047,5837551.6365
203355,13.435645688296413,52.569913232917365,206356,206356,11,0,3,3,2018,10,17,1,3,5,3,0,1,1,0,0,0,0,0,800548.9518,5833675.0261
203356,13.40061283940168,52.51005109020196,206357,206357,11,0,1,1,2018,10,16,7,3,5,2,0,0,1,0,0,0,1,0,798582.8793,5826875.9309
203357,13.274089075237534,52.51924508242861,206358,206358,11,0,4,4,2018,10,10,4,2,5,2,0,0,1,0,0,0,1,0,789941.8033,5827381.4809
203358,13.249717326133544,52.52390180209654,206359,206359,11,0,4,4,2018,10,2,7,3,2,6,2,0,1,0,0,0,0,0,788258.7629,5827801.3641
203359,13.369459286009679,52.456668812318725,206360,206360,11,0,7,7,2018,10,14,1,3,2,2,0,0,1,0,1,0,0,0,796829.7717,5820814.0342
203360,13.349594894030865,52.54207547229598,206361,206361,11,0,1,1,2018,10,16,7,2,5,2,0,1,1,0,0,0,0,0,794908.1695,5830225.3849
203361,13.320838875860188,52.456920593022396,206362,206362,11,0,6,6,2018,10,16,7,3,5,2,0,1,1,0,0,0,0,0,793526.7991,5820643.1277
203362,13.394716623066847,52.49615767577402,206363,206363,11,0,2,2,2018,10,14,1,3,2,7,0,0,1,0,1,0,0,0,798277.1814,5825307.3135
203363,13.390343550601921,52.56289817289785,206364,206364,11,0,1,1,2018,10,20,4,3,0,2,2,1,1,0,0,0,0,0,797528.5037,5832707.2975
203364,13.42130956361038,52.497929882289206,206365,206365,11,0,2,2,2018,10,13,1,3,1,5,0,1,1,0,0,0,0,0,800069.0813,5825614.6086
203365,13.340265091202998,52.504102194781,206366,206366,11,0,4,4,2018,10,9,4,3,1,5,0,1,0,0,0,1,0,0,794530.1363,5825966.5326
203366,13.512436785157215,52.470710584926024,206367,206367,11,0,9,9,2018,10,15,7,3,5,7,0,0,1,0,1,0,0,0,806439.8654,5822972.4781
203367,13.444420601773288,52.50076359001418,206368,206368,11,0,2,2,2018,10,2,1,3,0,1,2,0,0,0,1,0,0,0,801617.3639,5826025.9788
203368,13.296666530291374,52.548410457399704,206369,206369,11,0,4,4,2018,10,9,4,3,2,6,0,0,1,0,0,0,0,0,791279.3287,5830714.2865
203369,13.363572722970893,52.54923989326318,206370,206370,11,0,1,1,2018,10,21,7,3,3,6,2,0,1,0,1,0,0,0,795807.1695,5831078.9872
203370,13.332939053379896,52.487560604282606,206371,206371,11,0,4,4,2018,10,15,7,3,2,6,0,0,1,0,0,0,0,0,794143.7529,5824098.0421
203371,13.380521527592196,52.51820100505803,206372,206372,11,0,1,1,2018,10,15,4,3,3,2,0,0,1,0,1,0,0,0,797165.3078,5827698.7712
203372,13.297102603971341,52.51246269524634,206373,206373,11,0,4,4,2018,10,15,7,3,2,6,0,1,0,0,0,0,0,0,791547.1640000001,5826720.4035
203373,13.500742932708533,52.435154885547924,206374,206374,11,0,9,9,2018,10,20,7,3,5,3,2,0,1,0,0,0,0,0,805892.7866,5818971.1025
203374,13.49114435484597,52.533863846776455,206375,206375,11,0,11,11,2018,10,20,4,3,3,6,2,0,1,0,0,0,0,0,804557.2544,5829901.3258
203375,13.348583776398186,52.50748359295689,206376,206376,11,0,1,1,2018,10,15,7,3,5,3,0,0,1,0,0,0,0,0,795071.6844,5826376.381
203376,13.339210234599149,52.595831542393725,206377,206377,11,0,12,12,2018,10,13,7,3,5,2,0,1,1,0,0,0,0,0,793844.4083,5836157.9402
203377,13.444232159481196,52.494534922091944,206378,206378,11,0,2,2,2018,10,9,4,3,0,7,0,0,1,0,1,0,0,0,801647.2684,5825332.9023
203378,13.379780962760206,52.44162396420187,206379,206379,11,0,7,7,2018,10,19,7,3,5,7,2,0,1,0,0,0,0,0,797632.1402,5819184.3453
203379,13.547083997181952,52.43802475380063,206380,206380,11,0,9,9,2018,10,9,4,3,6,7,0,0,1,1,0,0,0,0,809020.5518,5819487.4884
203380,13.129021219780052,52.52722453989245,206381,206381,11,0,5,5,2018,10,15,7,3,5,3,0,0,1,0,0,0,0,0,780054.5179999999,5827695.0199
203381,13.317665178267061,52.46117414568563,206382,206382,11,0,6,6,2018,10,18,7,3,5,3,2,0,1,0,1,0,0,0,793283.0027,5821103.0053
203382,13.461167236946654,52.512187625400685,206383,206383,11,0,2,2,2018,10,19,4,3,1,5,2,1,1,0,0,0,0,0,802674.6667,5827365.8797
203383,13.418620084006527,52.50034508411256,206384,206384,11,0,2,2,2018,10,17,7,3,1,5,1,1,1,0,0,0,1,0,799870.1869,5825871.8624
203384,13.473085217262128,52.51285882855339,206385,206385,11,0,2,2,2018,10,15,7,3,6,7,0,0,1,1,0,0,0,0,803478.2024,5827490.579
203385,13.487032918504136,52.423048882670756,206386,206386,11,0,8,8,2018,10,16,7,3,9,1,0,0,1,0,0,0,0,0,805045.1663,5817567.5817
203386,13.280871876655526,52.586378027972486,206387,206387,11,0,12,12,2018,10,18,3,3,5,3,1,0,1,0,0,0,0,0,789958.2523,5834870.7557
203387,13.618260462718556,52.52445451361414,206388,206388,11,0,10,10,2018,10,16,7,2,6,7,0,1,0,1,0,0,0,0,813239.5957,5829400.3255
203388,13.324153700581087,52.461849172009,206389,206389,11,0,6,6,2018,10,15,7,3,6,7,0,0,1,1,0,0,0,0,793719.0293,5821204.4275
203389,13.465331795162813,52.498422053465994,206390,206390,11,0,2,2,2018,10,14,7,3,1,5,0,1,1,0,0,0,0,0,803051.8657,5825853.4003
203390,13.379446951171262,52.55641900361824,206391,206391,11,0,1,1,2018,10,17,3,3,0,1,2,0,0,0,1,0,0,1,796834.2216,5831942.209
203391,13.33927316966963,52.525807566800296,206392,206392,11,0,1,1,2018,10,13,7,3,6,2,0,0,1,1,0,0,0,0,794317.5943,5828375.0273
203392,13.22851234861183,52.42456570422689,206393,206393,11,0,6,6,2018,10,13,7,3,1,1,0,1,1,0,0,0,0,0,787468.5553,5816675.2363
203393,13.33310860589819,52.488465497394884,206394,206394,11,0,4,4,2018,10,8,3,3,6,4,0,1,0,1,0,0,0,0,794149.2122,5824199.3122
203394,13.582010101966427,52.46388028644888,206395,206395,11,0,9,9,2018,10,12,7,3,5,2,0,0,1,0,0,0,0,0,811210.2499,5822511.1944
203395,13.450750771764007,52.52713049609797,206396,206396,11,0,2,2,2018,10,16,3,3,5,2,0,1,1,0,0,0,0,0,801865.7288,5828983.0336
203396,13.372244584413302,52.46971746896985,206397,206397,11,0,7,7,2018,10,11,7,3,2,6,0,0,1,0,0,0,0,0,796930.9578,5822275.8278
203397,13.369481224665527,52.45691432972392,206398,206398,11,0,7,7,2018,10,13,7,3,2,6,0,0,1,0,0,0,1,0,796829.608,5820841.4132
203398,13.269114820540054,52.511953870442674,206399,206399,11,0,4,4,2018,10,8,3,3,5,7,0,1,1,0,0,0,0,0,789652.5333,5826551.0541
203399,13.329745078115856,52.429078538711614,206400,206400,11,0,6,6,2018,10,12,7,3,4,6,0,1,0,0,0,0,0,0,794317.2688,5817584.7637
203400,13.463002679226758,52.61578800161471,206401,206401,11,0,3,3,2018,10,12,7,3,2,2,0,0,1,0,1,0,0,0,802085.493,5838888.275
203401,13.232046276922116,52.527796891208894,206402,206402,11,0,5,5,2018,10,12,7,3,2,6,0,0,1,0,0,0,1,0,787035.2767,5828163.8142
203402,13.409908316704225,52.51809215110644,206403,206403,11,0,1,1,2018,10,12,7,3,5,3,0,1,0,0,0,0,0,0,799158.564,5827808.2034
203403,13.669356949591295,52.407626719266545,206404,206404,11,0,9,9,2018,10,2,7,2,9,1,2,0,1,0,0,0,0,0,817544.2428,5816639.8111
203404,13.388147964741275,52.49269802878253,206405,206405,11,0,2,2,2018,10,19,3,3,3,5,2,0,1,0,0,0,0,0,797854.9902,5824895.6346
203405,13.521815954901538,52.53582918536607,206406,206406,11,0,10,10,2018,10,11,7,3,2,6,0,0,1,0,0,0,0,0,806622.3478,5830249.8031
203406,13.502005560654421,52.470863110750244,206407,206407,11,0,9,9,2018,10,19,7,2,0,1,2,0,0,0,1,0,0,0,805730.7997,5822945.1694
203407,13.405128301127368,52.42784831233781,206408,206408,11,0,7,7,2018,10,11,7,3,5,3,0,0,1,0,1,0,0,0,799447.2652,5817758.0643
203408,13.387838586754045,52.49276698824976,206409,206409,11,0,2,2,2018,10,17,3,3,5,2,0,1,1,0,0,0,0,0,797833.5346,5824902.0216
203409,13.42885794973765,52.519327819889895,206410,206410,11,0,2,2,2018,10,11,7,3,1,5,0,0,1,0,0,0,0,0,800434.9591,5828024.3429
203410,13.3768883794605,52.453966170884314,206411,206411,11,0,7,7,2018,10,16,6,3,2,6,0,0,1,0,0,0,0,0,797352.4277,5820544.2283
203411,13.503620662364998,52.436613485273526,206412,206412,11,0,9,9,2018,10,23,3,3,0,1,2,0,0,0,1,0,0,0,806078.146,5819145.4161
203412,13.45806172058526,52.509441780263614,206413,206413,11,0,2,2,2018,10,22,3,3,6,4,2,1,0,1,0,0,0,0,802482.9588,5827047.6602
203413,13.397321051077945,52.52868210141828,206414,206414,11,0,1,1,2018,10,16,6,3,5,3,0,1,0,0,0,0,0,0,798233.2766,5828933.0948
203414,13.424932653305873,52.49971732407921,206415,206415,11,0,2,2,2018,10,19,3,3,1,5,2,1,1,0,0,0,0,0,800302.6526,5825828.3578
203415,13.44882084019074,52.48502932235978,206416,206416,11,0,8,8,2018,10,11,7,2,5,3,0,1,1,0,0,0,0,0,802023.7618,5824295.6033
203416,13.424096570609679,52.486351980119935,206417,206417,11,0,8,8,2018,10,15,6,3,2,2,0,0,1,0,0,0,0,0,800337.1140000001,5824339.3688
203417,13.333674940684235,52.47009499089396,206418,206418,11,0,7,7,2018,10,18,3,3,2,6,1,0,1,0,1,0,0,0,794310.3654,5822159.7471
203418,13.377567524679911,52.442602175466,206419,206419,11,0,7,7,2018,10,15,6,3,2,6,0,0,1,0,0,0,0,0,797475.2013,5819283.9453
203419,13.372016585705989,52.505132105045796,206420,206420,11,0,1,1,2018,10,10,7,3,5,3,0,0,1,0,0,0,0,0,796676.7640000001,5826211.163
203420,13.509422605900669,52.46392074842753,206421,206421,11,0,9,9,2018,10,18,3,3,5,3,1,1,1,0,0,0,0,0,806282.4789,5822205.0374
203421,13.710051108069036,52.433010198770006,206422,206422,11,0,9,9,2018,10,10,7,3,5,7,0,0,1,0,1,0,0,0,820125.8955,5819640.57
203422,13.245873697340866,52.52245168322544,206423,206423,11,0,4,4,2018,10,15,6,3,5,3,0,1,1,0,0,0,0,0,788007.6702,5827624.8182
203423,13.604501892776446,52.538677465702584,206424,206424,11,0,10,10,2018,10,10,7,3,5,2,0,0,1,0,0,0,1,0,812205.8843,5830921.3527
203424,13.416257153686557,52.52161248629401,206425,206425,11,0,1,1,2018,10,17,3,3,3,6,1,0,1,0,0,0,0,0,799565.0528,5828225.8403
203425,13.417698696392655,52.58409709800149,206426,206426,11,0,3,3,2018,10,10,7,2,5,3,0,1,1,0,0,0,0,0,799236.8126,5835176.8051
203426,13.626101756222315,52.45045709248742,206427,206427,11,0,9,9,2018,10,15,6,3,3,6,0,1,0,0,0,0,0,0,814298.9943,5821210.4966
203427,13.487604745589838,52.61804013689128,206428,206428,11,0,3,3,2018,10,17,3,3,5,3,1,1,1,0,0,0,0,0,803734.2172,5839242.0939
203428,13.315088272839668,52.5010065018416,206429,206429,11,0,4,4,2018,10,17,3,3,5,3,0,0,1,0,0,0,0,0,792843.0797,5825519.9144
203429,13.482841346150794,52.41596077432586,206430,206430,11,0,8,8,2018,10,15,6,3,5,3,0,0,1,0,0,0,0,0,804809.305,5816762.0804
203430,13.477046732867839,52.56689922327142,206431,206431,11,0,3,3,2018,10,16,3,3,5,2,0,1,1,0,0,0,0,0,803373.5276,5833513.554
203431,13.36191489199551,52.55348581668108,206432,206432,11,0,1,1,2018,10,10,7,3,5,3,0,0,1,0,0,0,0,0,795666.2631,5831544.1145
203432,13.342381166279516,52.524357316815404,206433,206433,11,0,1,1,2018,10,16,3,3,4,6,0,1,0,0,0,0,0,0,794538.0077,5828226.5255
203433,13.374585580569004,52.58426183771696,206434,206434,11,0,3,3,2018,10,9,7,3,5,2,0,1,1,0,0,0,0,0,796316.892,5835016.892000001