,X,Y,OBJECTID_1,OBJECTID,ULAND,UREGBEZ,UKREIS,UGEMEINDE,UJAHR,UMONAT,USTUNDE,UWOCHENTAG,UKATEGORIE,UART,UTYP1,ULICHTVERH,IstRad,IstPKW,IstFuss,IstKrad,IstGkfz,IstSonstig,STRZUSTAND,LINREFX,LINREFY
203434,13.428938137851489,52.486708780268344,206435,206435,11,0,8,8,2018,10,22,6,3,0,3,2,0,1,0,0,0,1,0,800663.1857,5824399.1973
203435,13.374445111008013,52.596123707311705,206436,206436,11,0,3,3,2018,10,16,3,3,2,6,0,0,1,0,0,0,0,0,796227.2702,5836334.7484
203436,13.511228990376255,52.44496912919856,206437,206437,11,0,9,9,2018,10,15,3,3,5,2,0,1,1,0,0,0,0,0,806536.8694,5820106.3773
203437,13.155828351026681,52.52172726256553,206438,206438,11,0,5,5,2018,10,15,3,3,5,2,0,1,1,0,0,0,0,0,781907.1438,5827188.4243
203438,13.433546259900416,52.44426562815988,206439,206439,11,0,8,8,2018,10,9,7,3,5,2,0,1,1,0,0,0,0,0,801265.8958,5819701.0449
203439,13.23067564632623,52.427464221453704,206440,206440,11,0,6,6,2018,10,15,3,3,2,7,0,0,1,0,0,0,1,1,787596.6657,5817006.0314
203440,13.467320670591727,52.4685919279743,206441,206441,11,0,8,8,2018,10,20,6,3,6,2,2,0,1,1,0,0,0,0,803392.2325,5822546.307
203441,13.488242224251412,52.502157375876436,206442,206442,11,0,11,11,2018,10,7,7,2,8,1,2,0,1,0,0,0,0,0,804580.0659,5826365.0864
203442,13.369145692228837,52.480722866422745,206443,206443,11,0,7,7,2018,10,8,3,3,5,3,0,1,1,0,0,0,0,0,796646.4868,5823486.3084
203443,13.464641989635913,52.4974181952421,206444,206444,11,0,2,2,2018,10,2,7,3,5,2,2,0,1,0,0,0,0,0,803011.9861,5825738.9281
203444,13.393239556482866,52.52899931676553,206445,206445,11,0,1,1,2018,10,20,6,3,0,6,2,1,1,0,0,0,0,0,797954.4549,5828951.4747
203445,13.380668456938386,52.560810854215404,206446,206446,11,0,1,1,2018,10,14,7,2,6,4,0,0,1,1,0,0,0,0,796887.2807,5832435.3887
203446,13.371505167628234,52.546203327779004,206447,206447,11,0,1,1,2018,10,8,3,3,2,6,0,1,1,0,0,0,0,0,796365.1209999999,5830774.0654
203447,13.361879660070084,52.497993296892155,206448,206448,11,0,7,7,2018,10,14,6,3,6,2,0,0,1,1,0,0,0,0,796037.2548,5825376.0368
203448,13.523330773185346,52.565430870974026,206449,206449,11,0,11,11,2018,10,18,6,3,5,3,1,1,1,0,0,0,0,0,806518.378,5833546.2606
203449,13.468380659270794,52.507061000483496,206450,206450,11,0,2,2,2018,10,8,3,3,5,2,0,1,1,0,0,0,0,0,803199.1451,5826826.3895
203450,13.379813360500927,52.49427015524978,206451,206451,11,0,2,2,2018,10,15,6,3,5,3,0,1,1,0,0,0,0,0,797278.9303,5825035.985
203451,13.30271511706808,52.4375281330451,206452,206452,11,0,6,6,2018,10,14,6,2,6,4,0,0,1,1,0,0,0,0,792424.7711,5818414.0774
203452,13.314955597062086,52.50436209654748,206453,206453,11,0,4,4,2018,10,17,6,3,1,5,1,1,0,0,0,0,1,0,792811.7525,5825892.3518
203453,13.397928256514435,52.515415383470796,206454,206454,11,0,1,1,2018,10,8,3,3,3,6,0,1,0,0,0,0,0,0,798364.4366,5827461.0448
203454,13.576342837451424,52.45471159467842,206455,206455,11,0,9,9,2018,10,15,6,3,6,7,0,0,0,1,0,0,1,0,810890.2152,5821467.7532
203455,13.246006221303134,52.5376542196619,206456,206456,11,0,5,5,2018,10,14,6,2,3,6,0,1,1,0,0,0,0,0,787917.0835,5829315.1607
203456,13.32095742383328,52.5206369207,206457,206457,11,0,4,4,2018,10,14,6,3,5,2,0,0,1,0,1,0,0,0,793110.3791,5827725.6915
203457,13.328170153556359,52.541261143553726,206458,206458,11,0,1,1,2018,10,7,3,3,4,6,0,1,0,0,0,0,0,0,793461.7057,5830047.4265
203458,13.287063256036518,52.51749596109868,206459,206459,11,0,4,4,2018,10,14,6,3,6,4,0,0,1,1,0,0,0,0,790833.0725,5827239.3154
203459,13.261233949061511,52.51656781159432,206460,206460,11,0,4,4,2018,10,13,6,3,2,6,0,0,1,0,0,0,0,0,789087.7635,5827032.2787
203460,13.440145318113562,52.540856014413365,206461,206461,11,0,3,3,2018,10,7,3,2,5,2,0,1,1,0,0,0,0,0,801052.7822,5830464.2106
203461,13.326096876016596,52.53843700660844,206462,206462,11,0,4,4,2018,10,13,6,3,5,3,0,0,1,0,0,0,0,0,793340.051,5829725.0833
203462,13.421718714781273,52.5142147454401,206463,206463,11,0,1,1,2018,10,18,6,3,5,2,1,1,1,0,0,0,0,0,799985.7863,5827426.3155
203463,13.585937009975819,52.4412905616571,206464,206464,11,0,9,9,2018,10,13,6,3,5,3,0,1,1,0,0,0,0,0,811636.4822,5820017.5313
203464,13.28386421068099,52.4967018382477,206465,206465,11,0,4,4,2018,10,16,3,3,2,6,0,0,1,0,0,0,0,0,790753.5251,5824915.1135
203465,13.311302393143325,52.47965607467369,206466,206466,11,0,4,4,2018,10,13,6,3,0,1,0,1,0,0,0,0,0,0,792728.1953,5823131.436000001
203466,13.344288157575365,52.467481956866685,206467,206467,11,0,7,7,2018,10,14,6,3,0,4,0,0,0,1,0,0,1,0,795048.2749,5821912.659
203467,13.406037524653973,52.581676691960105,206468,206468,11,0,3,3,2018,10,6,3,3,2,6,1,0,1,0,0,0,0,0,798463.8056,5834859.4041
203468,13.448346079664773,52.517575069424225,206469,206469,11,0,2,2,2018,10,18,6,3,1,5,1,1,1,0,0,0,0,0,801768.2873,5827910.9237
203469,13.309484819252555,52.49197970240827,206470,206470,11,0,4,4,2018,10,12,6,3,5,3,0,0,1,0,1,0,0,0,792522.9697,5824493.8406
203470,13.263932283359122,52.51481552831017,206471,206471,11,0,4,4,2018,10,13,6,3,2,6,0,0,1,0,1,0,0,0,789282.2574,5826848.3297
203471,13.186655409033715,52.551196523392896,206472,206472,11,0,5,5,2018,10,16,3,3,2,6,0,0,1,0,1,0,0,0,783806.9793,5830585.0714
203472,13.487649267891946,52.492195278837535,206473,206473,11,0,11,11,2018,10,12,6,3,6,7,0,0,1,1,0,0,0,0,804608.7887,5825255.357000001
203473,13.361979149386089,52.41228944423946,206474,206474,11,0,7,7,2018,10,13,6,2,0,6,0,0,1,0,1,0,0,0,796620.1228,5815850.6041
203474,13.395682961479244,52.49810492301834,206475,206475,11,0,2,2,2018,10,12,6,3,2,6,0,0,0,0,1,0,1,0,798329.5364,5825527.7421
203475,13.395864841578172,52.48939879029872,206476,206476,11,0,2,2,2018,10,16,3,3,5,2,0,1,1,0,0,0,0,0,798400.885,5824560.831
203476,13.344860978197758,52.554409489570226,206477,206477,11,0,1,1,2018,10,11,6,3,2,6,0,0,1,0,0,0,0,0,794504.6754,5831576.949
203477,13.303222586151865,52.50533373227502,206478,206478,11,0,4,4,2018,10,17,6,3,2,6,1,0,1,0,0,0,0,0,792009.4954,5825952.7743
203478,13.205352843644388,52.541778246921204,206479,206479,11,0,5,5,2018,10,6,3,3,5,3,2,1,0,0,0,0,1,0,785134.9646,5829611.9715
203479,13.356602739597175,52.53569056977046,206480,206480,11,0,1,1,2018,10,12,6,3,5,3,0,1,1,0,0,0,0,0,795425.9875,5829544.4045
203480,13.321263015421586,52.531629208301965,206481,206481,11,0,1,1,2018,10,6,3,3,2,6,2,0,1,0,1,0,0,0,793057.8274,5828948.7319
203481,13.509143678106613,52.564644317640436,206482,206482,11,0,11,11,2018,10,11,6,3,2,6,0,0,1,0,0,0,0,0,805563.0009999999,5833398.5761
203482,13.431253462851306,52.612428437209694,206483,206483,11,0,3,3,2018,10,17,6,3,2,6,0,0,1,0,0,0,0,0,799960.6229,5838382.1372
203483,13.336361705579295,52.42552274541061,206484,206484,11,0,6,6,2018,10,15,3,3,3,5,0,1,1,0,0,0,0,0,794790.5707,5817216.5386
203484,13.404934791438748,52.51744488174305,206485,206485,11,0,1,1,2018,10,11,6,3,1,5,0,1,1,0,0,0,0,0,798825.7419,5827715.6356
203485,13.414285854694455,52.54425540827401,206486,206486,11,0,3,3,2018,10,12,6,3,0,4,0,0,0,1,1,0,0,0,799277.2024,5830734.342
203486,13.330236348778405,52.513278770122135,206487,206487,11,0,4,4,2018,10,15,3,3,5,2,0,1,0,0,0,0,1,0,793788.6425,5826945.5961
203487,13.416164637093756,52.526512206298364,206488,206488,11,0,1,1,2018,10,17,6,3,2,6,1,1,1,0,0,0,0,0,799525.4024,5828770.044
203488,13.500797857501633,52.547031820968044,206489,206489,11,0,11,11,2018,10,10,6,2,6,4,0,0,1,1,0,0,0,0,805120.0878,5831405.6954
203489,13.402169288310736,52.530845648034855,206490,206490,11,0,1,1,2018,10,23,6,2,0,1,2,1,0,0,0,0,0,0,798547.2302,5829193.6363
203490,13.450701738122538,52.508614193337905,206491,206491,11,0,2,2,2018,10,15,3,3,5,3,0,1,1,0,0,0,0,0,801989.5206,5826924.8268
203491,13.303996147900872,52.5067249750831,206492,206492,11,0,4,4,2018,10,10,6,3,2,7,0,1,1,0,0,0,0,0,792052.7284,5826110.5449
203492,13.408518753215409,52.51192684869679,206493,206493,11,0,1,1,2018,10,7,6,3,2,6,0,0,1,0,1,0,0,0,799106.2690000001,5827117.1835
203493,13.51619649513268,52.49241095703739,206494,206494,11,0,11,11,2018,10,10,6,3,5,3,0,1,1,0,0,0,0,0,806543.9522,5825400.29
203494,13.38147831242153,52.579638870577824,206495,206495,11,0,3,3,2018,10,15,3,3,1,5,0,1,1,0,0,0,0,0,796814.8083,5834531.4316
203495,13.329967907018704,52.503598736407525,206496,206496,11,0,4,4,2018,10,9,6,3,6,2,0,0,1,1,0,0,0,0,793835.0778,5825868.5666
203496,13.403071932576204,52.495360636204,206497,206497,11,0,2,2,2018,10,8,6,3,5,3,0,0,1,0,1,0,0,1,798849.3928,5825253.315
203497,13.414452015174243,52.583200548863495,206498,206498,11,0,3,3,2018,10,15,3,3,5,3,0,1,1,0,0,0,0,0,799023.1201,5835063.6737
203498,13.230031814778949,52.430805079040745,206499,206499,11,0,6,6,2018,10,15,3,3,5,3,0,0,1,0,1,0,0,1,787531.1498,5817374.8134
203499,13.389348469693694,52.496108410866796,206500,206500,11,0,2,2,2018,10,8,6,3,5,2,0,1,1,0,0,0,0,0,797913.354,5825279.649
203500,13.337698411298465,52.46225186850874,206501,206501,11,0,6,6,2018,10,14,3,3,5,3,0,1,0,0,0,0,0,0,794635.9108,5821304.4099
203501,13.401618016475384,52.38668399953832,206502,206502,11,0,7,7,2018,10,9,6,2,6,4,0,0,1,1,0,0,0,0,799487.823,5813168.2411
203502,13.43192087158154,52.50569321298425,206503,206503,11,0,2,2,2018,10,9,6,3,6,4,0,0,0,1,0,0,1,0,800735.8267,5826521.6782
203503,13.414512727812744,52.439623677013856,206504,206504,11,0,8,8,2018,10,15,3,3,2,2,0,0,1,0,0,0,0,0,800004.7766,5819105.8229
203504,13.305664229551963,52.499817999840744,206505,206505,11,0,4,4,2018,10,10,6,2,2,6,0,0,1,0,0,0,0,0,792211.7217,5825349.5855
203505,13.443234638748686,52.503938740242575,206506,206506,11,0,2,2,2018,10,8,6,3,5,2,0,1,0,0,0,0,1,0,801515.1649,5826373.9228
203506,13.363799032845463,52.565148953891104,206507,206507,11,0,12,12,2018,10,13,3,3,5,3,0,0,1,0,1,0,0,0,795715.3675,5832848.1937
203507,13.377421137017837,52.51480529673239,206508,206508,11,0,1,1,2018,10,17,6,3,3,6,1,1,0,0,0,0,0,0,796978.0171,5827308.5698
203508,13.514612571250698,52.4238423913757,206509,206509,11,0,8,8,2018,10,13,3,2,5,3,0,0,1,0,0,1,0,0,806913.6193,5817772.682999999
203509,13.407994297887946,52.58492946046356,206510,206510,11,0,3,3,2018,10,10,6,3,6,4,0,0,1,1,0,0,0,0,798574.1531,5835229.0507
203510,13.418586527439086,52.57256237391486,206511,206511,11,0,3,3,2018,10,8,6,3,5,7,0,0,1,0,1,0,0,0,799375.5971,5833898.4424
203511,13.228911520398233,52.538054557584076,206512,206512,11,0,5,5,2018,10,12,3,3,2,6,0,0,1,0,0,1,0,0,786755.849,5829291.5194
203512,13.339324800340604,52.59583536097064,206513,206513,11,0,12,12,2018,10,7,6,3,5,2,0,0,1,0,0,0,0,0,793852.137,5836158.832
203513,13.36624823377208,52.430206401144495,206514,206514,11,0,6,6,2018,10,10,6,3,5,3,0,0,1,0,0,0,0,0,796789.7772,5817859.5836
203514,13.412833803496179,52.54439192905586,206515,206515,11,0,3,3,2018,10,22,6,3,5,3,2,1,1,0,0,0,0,0,799177.8784,5830743.4872
203515,13.341550504017766,52.43387029502618,206516,206516,11,0,6,6,2018,10,11,3,3,2,6,0,0,1,0,0,0,1,0,795087.3059,5818165.5614
203516,13.455751576169703,52.56000544922625,206517,206517,11,0,3,3,2018,10,22,6,3,5,3,2,0,1,0,1,0,0,0,801978.6992,5832657.8857
203517,13.404249326571325,52.53316252740469,206518,206518,11,0,1,1,2018,10,11,6,2,5,3,0,1,1,0,0,0,0,0,798672.4801,5829459.767999999
203518,13.482378993155505,52.41135335533671,206519,206519,11,0,8,8,2018,10,10,3,3,5,3,0,0,0,0,1,0,1,0,804809.6952,5816248.0443
203519,13.3201219034825,52.483564716628045,206520,206520,11,0,4,4,2018,10,10,3,3,5,2,0,1,1,0,0,0,0,0,793300.6962,5823601.7075
203520,13.376633511244705,52.55438409753054,206521,206521,11,0,1,1,2018,10,11,6,3,2,6,0,0,1,0,0,0,0,0,796657.3704,5831704.4467
203521,13.437207550453381,52.464368569178106,206522,206522,11,0,8,8,2018,10,9,3,3,5,3,0,1,1,0,0,0,0,0,801377.0866,5821950.6856
203522,13.427423695063473,52.56055425824028,206523,206523,11,0,3,3,2018,10,21,6,3,5,3,2,1,1,0,0,0,0,0,800056.0937,5832600.5398
203523,13.44017023827784,52.48159378267559,206524,206524,11,0,8,8,2018,10,11,6,3,0,4,0,0,0,1,0,0,1,0,801460.309,5823877.5699
203524,13.409150712627918,52.501779624300525,206525,206525,11,0,2,2,2018,10,9,3,3,5,2,0,1,1,0,0,0,0,0,799218.123,5825991.9725
203525,13.392332420640946,52.49051517221128,206526,206526,11,0,2,2,2018,10,11,6,3,5,2,0,1,0,0,0,0,1,0,798153.6579999999,5824670.3052
203526,13.376120650472574,52.57109406763018,206527,206527,11,0,12,12,2018,10,20,6,2,2,6,2,1,1,0,0,0,0,0,796509.7691,5833559.6262
203527,13.298199517900136,52.43894540703849,206528,206528,11,0,6,6,2018,10,9,3,3,5,3,0,1,1,0,0,0,0,0,792108.6411,5818553.3235
203528,13.440887265452789,52.482272848444005,206529,206529,11,0,8,8,2018,10,20,6,3,1,5,2,1,1,0,0,0,0,0,801504.3162,5823956.042
203529,13.380731481840415,52.51656879939738,206530,206530,11,0,1,1,2018,10,7,6,3,2,2,0,0,1,0,0,0,0,0,797190.572,5827518.22
203530,13.48550856011199,52.52399286748687,206531,206531,11,0,11,11,2018,10,7,6,3,5,3,0,0,1,0,0,0,0,0,804243.5855,5828780.4262
203531,13.62867008273876,52.469009237175214,206532,206532,11,0,9,9,2018,10,8,3,3,0,7,0,0,1,0,0,0,0,0,814341.025,5823283.5328
203532,13.345499904943587,52.56677493693275,206533,206533,11,0,12,12,2018,10,7,6,2,0,2,0,1,1,0,0,0,0,0,794465.0356,5832953.9776
203533,13.326414730506842,52.53708379282093,206534,206534,11,0,1,1,2018,10,7,6,3,5,2,0,1,1,0,0,0,0,0,793370.6254,5829575.9667
203534,13.527471294281135,52.516260397684725,206535,206535,11,0,10,10,2018,10,6,6,2,6,4,1,0,0,1,0,0,1,0,807142.3048,5828098.9559
203535,13.418742492938712,52.51040784351137,206536,206536,11,0,1,1,2018,10,7,6,3,5,2,0,1,1,0,0,0,0,0,799809.9172,5826990.8123
203536,13.421748782292118,52.514204615405404,206537,206537,11,0,1,1,2018,10,15,6,3,5,2,0,1,1,0,0,0,0,0,799987.8942,5827425.3147
203537,13.476574182197465,52.501001785831306,206538,206538,11,0,11,11,2018,10,6,6,3,6,4,2,0,0,1,0,1,0,0,803796.6490000001,5826187.4282
203538,13.329671164734275,52.50353448232519,206539,206539,11,0,4,4,2018,10,9,3,3,6,7,0,0,1,1,0,0,0,0,793815.3796,5825860.2157
203539,13.28150503621722,52.592455307250454,206540,206540,11,0,12,12,2018,10,6,6,2,0,3,2,0,1,0,1,0,0,0,789960.9476,5835548.8094
203540,13.443168652101164,52.57121894502957,206541,206541,11,0,3,3,2018,10,8,3,3,5,3,0,0,1,0,1,0,0,0,801049.4676,5833851.5608
203541,13.303436004303787,52.6412454602464,206542,206542,11,0,12,12,2018,10,16,6,2,5,3,0,0,1,0,1,0,0,0,791121.1998,5841060.4379
203542,13.429064639508116,52.55632100862532,206543,206543,11,0,3,3,2018,10,6,6,3,5,3,2,0,1,0,0,0,1,0,800196.1818,5832136.8634
203543,13.430341611752489,52.49943567987303,206544,206544,11,0,2,2,2018,10,13,3,3,0,3,0,0,1,0,1,0,0,0,800671.4714,5825819.5926
203544,13.392605371943414,52.524480130114796,206545,206545,11,0,1,1,2018,10,3,6,3,0,1,2,1,0,0,0,0,0,0,797942.088,5828446.5563
203545,13.433874730680694,52.46539021894661,206546,206546,11,0,8,8,2018,10,6,6,3,2,1,1,0,1,0,1,0,0,0,801143.8548,5822050.3206
203546,13.350156323117131,52.414386283634215,206547,206547,11,0,7,7,2018,10,8,3,3,6,2,0,0,1,1,0,0,0,0,795802.5037,5816035.159
203547,13.259218323600063,52.51722257308215,206548,206548,11,0,4,4,2018,10,16,6,3,2,6,0,0,1,0,0,0,0,0,788946.7853,5827096.977999999
203548,13.392554150904212,52.542493760039044,206549,206549,11,0,1,1,2018,10,0,6,3,5,3,2,0,1,0,0,0,0,0,797816.5446,5830448.5196
203549,13.319419358048227,52.49223592755206,206550,206550,11,0,4,4,2018,10,11,2,3,5,2,0,1,1,0,0,0,0,0,793195.2775,5824562.6583
203550,13.419907680625773,52.50228660213453,206551,206551,11,0,2,2,2018,10,17,6,3,5,3,0,1,0,0,0,0,1,0,799944.2915,5826093.0103
203551,13.313709706526554,52.576088986131445,206552,206552,11,0,12,12,2018,10,10,6,3,5,2,0,0,1,0,0,0,1,0,792249.8865,5833859.8009
203552,13.421000658136986,52.56369262473348,206553,206553,11,0,3,3,2018,10,18,2,3,5,3,0,1,1,0,0,0,0,0,799599.6033,5832922.6316
203553,13.335131003758585,52.471363355320705,206554,206554,11,0,7,7,2018,10,15,5,3,5,2,0,1,1,0,0,0,0,0,794400.7259999999,5822306.666
203554,13.339165900044927,52.55038875806135,206555,206555,11,0,1,1,2018,10,17,6,3,5,2,0,0,1,0,0,0,0,0,794145.7648,5831106.786
203555,13.362187229748628,52.549620394722005,206556,206556,11,0,1,1,2018,10,10,5,3,7,7,0,1,0,0,0,0,0,0,795710.733,5831115.5937
203556,13.361919636896848,52.414199144725195,206557,206557,11,0,7,7,2018,10,17,2,3,5,2,0,0,1,0,1,0,0,0,796603.2479,5816062.619
203557,13.240103334079022,52.61870822070393,206558,206558,11,0,12,12,2018,10,19,6,3,5,2,2,0,1,0,1,0,0,0,786986.5246,5838301.0773
203558,13.333167083528242,52.563965998181885,206559,206559,11,0,12,12,2018,10,7,5,1,5,7,1,0,1,0,1,0,0,0,793648.5272,5832591.432999999
203559,13.295944036867919,52.518138271738955,206560,206560,11,0,4,4,2018,10,17,2,3,5,2,0,1,1,0,0,0,0,0,791430.9926,5827346.5678
203560,13.486698566453727,52.540914222649135,206561,206561,11,0,11,11,2018,10,14,5,3,5,3,0,1,1,0,0,0,0,0,804207.1272,5830666.1574
203561,13.516205803475671,52.53540912929277,206562,206562,11,0,11,11,2018,10,19,6,3,2,6,2,0,1,0,0,0,0,0,806245.0587,5830179.2645
203562,13.300997430447,52.522640590292404,206563,206563,11,0,4,4,2018,10,14,5,3,2,6,0,0,1,0,0,0,0,0,791743.7727,5827867.4435
203563,13.427772063527255,52.545581583520146,206564,206564,11,0,3,3,2018,10,16,2,3,5,2,0,0,1,0,0,0,1,0,800181.9971,5830937.8294
203564,13.38886037188072,52.51684856924904,206565,206565,11,0,1,1,2018,10,19,6,3,6,4,2,1,0,1,0,0,0,0,797739.8647,5827582.853999999
203565,13.251138450133253,52.51570364325803,206566,206566,11,0,4,4,2018,10,14,5,3,5,7,0,0,1,0,0,0,1,0,788408.8648,5826895.7962
203566,13.281282016871517,52.512774898583075,206567,206567,11,0,4,4,2018,10,19,6,3,5,2,2,1,1,0,0,0,0,0,790472.2378,5826691.2569
203567,13.320273153725195,52.48377218801282,206568,206568,11,0,4,4,2018,10,17,2,2,5,7,0,0,1,0,1,0,0,0,793309.578,5823625.382999999
203568,13.371066936194966,52.501071771284764,206569,206569,11,0,1,1,2018,10,20,6,3,1,5,2,1,1,0,0,0,0,0,796639.7242,5825755.9569
203569,13.415268827210939,52.5158036001729,206570,206570,11,0,1,1,2018,10,14,5,3,6,7,0,1,0,1,0,0,0,0,799537.6075,5827576.095
203570,13.477337211199806,52.53636810246109,206571,206571,11,0,11,11,2018,10,17,2,3,5,3,0,1,0,0,0,0,0,0,803604.152,5830121.4087
203571,13.572790422710936,52.483889640871496,206572,206572,11,0,10,10,2018,10,12,5,3,2,6,0,0,1,0,1,0,0,0,810443.3335,5824695.3045
203572,13.24825138069276,52.549566309055464,206573,206573,11,0,5,5,2018,10,16,2,3,5,2,0,0,1,0,1,0,0,0,787991.1766,5830648.1998
203573,13.164095329194105,52.52153254512642,206574,206574,11,0,5,5,2018,10,11,5,3,6,2,0,0,1,1,0,0,0,0,782468.9211,5827199.1338
203574,13.39378992281641,52.41905957625037,206575,206575,11,0,7,7,2018,10,18,6,3,1,7,0,0,1,0,0,0,0,0,798736.3922,5816734.2481
203575,13.430790462170709,52.571472838308104,206576,206576,11,0,3,3,2018,10,11,5,3,5,3,0,1,0,0,0,0,1,0,800209.4788,5833828.1276
203576,13.427398151468338,52.552416428661054,206577,206577,11,0,3,3,2018,10,16,2,3,5,3,0,1,1,0,0,0,0,0,800109.9659,5831695.9414
203577,13.305958690115569,52.41900643760525,206578,206578,11,0,6,6,2018,10,2,6,3,8,1,2,0,1,0,0,0,0,0,792767.9661,5816368.5322
203578,13.485812560783932,52.51892583807846,206579,206579,11,0,11,11,2018,10,11,5,3,5,3,0,0,1,1,0,0,0,0,804299.2566,5828218.5393
203579,13.397587690817206,52.49524284097624,206580,206580,11,0,2,2,2018,10,15,6,3,5,3,0,0,1,0,1,0,0,0,798478.1499,5825217.5106
203580,13.500060953304374,52.5480495158313,206581,206581,11,0,11,11,2018,10,15,2,3,5,3,0,1,1,0,0,0,0,0,805063.0911,5831515.6859
203581,13.321685070891547,52.52099896605514,206582,206582,11,0,4,4,2018,10,15,6,3,6,4,0,0,0,1,0,0,1,0,793157.301,5827768.8914
203582,13.385998543303074,52.452838051026795,206583,206583,11,0,7,7,2018,10,10,5,3,5,7,0,0,1,0,1,0,0,0,797978.6577,5820456.4207
203583,13.450348095649693,52.4776760412515,206584,206584,11,0,8,8,2018,10,16,2,3,6,4,0,0,1,1,0,0,0,0,802177.8428,5823484.7184
203584,13.301500426818965,52.52213952240592,206585,206585,11,0,4,4,2018,10,15,2,3,1,5,0,0,1,0,1,0,0,0,791781.1996,5827813.7847
203585,13.198980818449645,52.53270738542471,206586,206586,11,0,5,5,2018,10,15,6,3,2,6,0,0,1,0,0,0,1,0,784761.8826,5828578.5118
203586,13.392048643741026,52.52355990361162,206587,206587,11,0,1,1,2018,10,15,2,3,2,2,0,0,1,0,0,0,0,0,797910.5799,5828341.9745
203587,13.334550493557373,52.58749840802242,206588,206588,11,0,12,12,2018,10,15,6,3,2,6,0,0,1,0,0,0,0,0,793584.7828,5835212.7078
203588,13.28029216775152,52.50632249522273,206589,206589,11,0,4,4,2018,10,21,5,2,5,3,2,0,1,0,0,0,0,1,790447.7035,5825970.073
203589,13.279343936680348,52.634156608231564,206590,206590,11,0,12,12,2018,10,15,2,3,5,3,0,1,1,0,0,0,0,0,789539.073,5840175.3289
203590,13.396152802830708,52.5380761742571,206591,206591,11,0,1,1,2018,10,15,2,3,2,6,0,0,1,0,0,0,0,0,798090.3728,5829972.3913
203591,13.391707426765196,52.511207612893436,206592,206592,11,0,1,1,2018,10,19,5,3,2,6,2,1,0,0,0,0,0,0,797971.1192,5826967.636
203592,13.442635326808558,52.52481859893546,206593,206593,11,0,2,2,2018,10,15,2,3,5,3,0,1,1,0,0,0,0,0,801331.4426,5828692.1229
203593,13.393736169426427,52.55491947921239,206594,206594,11,0,1,1,2018,10,15,6,3,2,6,0,1,1,0,0,0,0,0,797812.4009,5831834.4965
203594,13.235718508056904,52.5388539221016,206595,206595,11,0,5,5,2018,10,9,5,3,5,2,0,1,1,0,0,0,0,0,787211.9774,5829407.4718
203595,13.455066174184338,52.50782925361843,206596,206596,11,0,2,2,2018,10,22,2,3,6,4,2,0,0,1,1,0,0,0,802290.8949,5826855.873
203596,13.29704391523717,52.51180692412256,206597,206597,11,0,4,4,2018,10,19,5,3,0,3,2,1,1,0,0,0,0,1,791547.5298,5826647.2764
203597,13.475821103833535,52.53303037880885,206598,206598,11,0,11,11,2018,10,15,6,3,2,6,0,0,1,0,0,0,0,0,803524.4493,5829744.0538
203598,13.48781097272793,52.45921869322538,206599,206599,11,0,9,9,2018,10,21,2,2,5,7,2,0,1,0,1,0,0,0,804847.9083,5821590.9037
203599,13.351213709376808,52.504301175818064,206600,206600,11,0,1,1,2018,10,14,6,3,5,2,0,1,0,0,0,1,0,0,795271.4029999999,5826033.4229999995
203600,13.501790405160742,52.49836159318082,206601,206601,11,0,11,11,2018,10,19,5,3,0,6,1,0,1,0,1,0,0,1,805525.3303,5826000.5244
203601,13.513538661379675,52.42929349438721,206602,206602,11,0,9,9,2018,10,15,5,3,0,3,0,0,1,0,1,0,0,0,806802.7461,5818373.965
203602,13.367140221323345,52.50464074552725,206603,206603,11,0,1,1,2018,10,16,2,3,5,3,0,1,1,0,0,0,0,0,796349.339,5826136.498
203603,13.414718141077163,52.553570423714596,206604,206604,11,0,3,3,2018,10,17,5,3,5,2,0,1,1,0,0,0,0,0,799243.0387,5831771.4735
203604,13.46876352573648,52.49973605851514,206605,206605,11,0,2,2,2018,10,17,5,3,5,3,1,1,1,0,0,0,0,0,803275.5916,5826013.8721
203605,13.388343089600776,52.50202752475352,206606,206606,11,0,2,2,2018,10,20,2,3,2,6,2,0,1,0,0,0,0,0,797805.0973,5825933.3921
203606,13.375797130307868,52.45561447949167,206607,206607,11,0,7,7,2018,10,18,2,3,5,3,1,0,1,0,1,0,0,0,797267.2134,5820722.937999999
203607,13.30571514965554,52.50985249877389,206608,206608,11,0,4,4,2018,10,9,5,2,6,7,0,0,1,1,0,0,0,0,792148.5493,5826465.1354
203608,13.360904507388135,52.57038096611823,206609,206609,11,0,12,12,2018,10,18,2,3,5,2,1,0,1,0,0,0,1,0,795484.1022,5833417.8526
203609,13.351442385413867,52.440066982371576,206610,206610,11,0,6,6,2018,10,8,5,3,5,2,0,1,0,0,0,0,1,0,795717.7622,5818894.8005
203610,13.380198506890776,52.53286764279016,206611,206611,11,0,1,1,2018,10,17,5,3,5,2,0,1,1,0,0,0,0,0,797044.307,5829327.6102
203611,13.332583585530383,52.468977712562754,206612,206612,11,0,7,7,2018,10,19,2,2,5,2,2,0,1,0,1,0,0,0,794243.7467,5822031.1106