,X,Y,OBJECTID_1,OBJECTID,ULAND,UREGBEZ,UKREIS,UGEMEINDE,UJAHR,UMONAT,USTUNDE,UWOCHENTAG,UKATEGORIE,UART,UTYP1,ULICHTVERH,IstRad,IstPKW,IstFuss,IstKrad,IstGkfz,IstSonstig,STRZUSTAND,LINREFX,LINREFY
203612,13.376913667035724,52.49985044842997,206613,206613,11,0,2,2,2018,10,16,5,3,1,5,0,1,1,0,0,0,0,0,797044.5517,5825644.2755
203613,13.183493887205946,52.545639546214026,206614,206614,11,0,5,5,2018,10,21,5,2,1,7,2,1,1,0,0,0,0,0,783628.6324,5829954.9365
203614,13.563423751227159,52.44571895195522,206615,206615,11,0,9,9,2018,10,16,5,3,5,2,0,1,1,0,0,0,0,0,810076.2927,5820412.7178
203615,13.417669074446168,52.498853927415354,206616,206616,11,0,2,2,2018,10,16,2,2,6,4,0,1,0,1,0,0,0,0,799815.838,5825702.1713
203616,13.293682344883845,52.552146941080295,206617,206617,11,0,12,12,2018,10,21,5,3,3,6,2,0,1,0,0,0,1,0,791052.3691,5831117.5468
203617,13.467131511444054,52.46848150093649,206618,206618,11,0,8,8,2018,10,16,5,3,5,3,0,0,1,0,0,0,0,0,803380.1531,5822533.2382
203618,13.384273960315573,52.493698994815595,206619,206619,11,0,2,2,2018,10,17,2,2,6,4,1,0,1,1,0,0,0,0,797585.4004,5824990.8976
203619,13.345161028977365,52.49032334125536,206620,206620,11,0,7,7,2018,10,9,5,2,5,2,0,0,1,0,0,0,1,0,794954.5276,5824455.03
203620,13.487045697937374,52.617449578861006,206621,206621,11,0,3,3,2018,10,20,5,3,5,2,2,1,1,0,0,0,0,0,803700.4925,5839174.0982
203621,13.575975832538722,52.49113081697428,206622,206622,11,0,10,10,2018,10,15,2,3,5,3,0,1,1,0,0,0,0,0,810608.3762,5825513.8062
203622,13.377146532815244,52.50683844627525,206623,206623,11,0,2,2,2018,10,19,5,3,6,4,2,0,1,1,0,0,0,0,797013.1783,5826421.9377
203623,13.511444648028178,52.484373661089755,206624,206624,11,0,11,11,2018,10,16,5,3,5,3,0,1,1,0,0,0,0,0,806277.4956,5824486.8147
203624,13.4469662628968,52.417667448839175,206625,206625,11,0,8,8,2018,10,19,5,3,4,6,2,0,1,0,0,0,1,0,802359.5641,5816800.9021
203625,13.360104130029534,52.44714754903547,206626,206626,11,0,6,6,2018,10,8,2,2,6,4,0,0,1,1,0,0,0,0,796258.5402,5819717.3186
203626,13.287403392339073,52.58790218096893,206627,206627,11,0,12,12,2018,10,19,5,3,6,7,2,0,1,1,0,0,0,0,790390.3497,5835066.4791
203627,13.330549576046641,52.44503454532113,206628,206628,11,0,6,6,2018,10,16,5,3,2,6,0,0,1,0,0,0,0,0,794265.4693,5819361.5446
203628,13.34188016147251,52.492230155522186,206629,206629,11,0,7,7,2018,10,10,2,3,5,3,0,1,1,0,0,0,0,0,794719.1642,5824653.5595
203629,13.370883123819851,52.51777926671787,206630,206630,11,0,1,1,2018,10,8,5,3,5,3,0,0,1,0,0,0,0,0,796514.6328,5827612.2127
203630,13.333475974628588,52.561029080247756,206631,206631,11,0,1,1,2018,10,18,5,3,2,6,0,0,1,0,0,0,0,0,793689.0912,5832266.2525
203631,13.339134381754867,52.550321728154756,206632,206632,11,0,1,1,2018,11,14,5,3,2,2,0,0,1,0,0,0,0,0,794144.0781,5831099.207
203632,13.391255151969075,52.45751700363106,206633,206633,11,0,7,7,2018,10,5,1,3,9,1,2,0,1,0,0,0,0,0,798303.9394,5820998.193
203633,13.367466720301561,52.544835612518575,206634,206634,11,0,1,1,2018,11,13,5,3,1,5,0,1,1,0,0,0,0,0,796100.691,5830605.4465
203634,13.401058728074435,52.554651158350566,206635,206635,11,0,3,3,2018,10,1,1,2,9,1,2,0,1,0,0,0,0,0,798310.2993,5831834.9608
203635,13.408293358724116,52.53041707983919,206636,206636,11,0,3,3,2018,11,11,5,3,5,3,0,0,1,0,1,0,0,0,798965.2546,5829171.3835
203636,13.32776135811832,52.56409718869885,206637,206637,11,0,12,12,2018,10,20,7,3,5,2,1,0,1,0,0,0,0,0,793281.5003,5832583.9988
203637,13.597567294041767,52.502418305150954,206638,206638,11,0,10,10,2018,10,8,7,3,5,3,0,1,1,0,0,0,0,0,811993.1175,5826861.5085
203638,13.390433857339096,52.465741288818315,206639,206639,11,0,7,7,2018,11,11,5,3,0,3,0,0,1,0,1,0,0,0,798192.5242,5821908.905
203639,13.389668981400554,52.574331331782254,206640,206640,11,0,3,3,2018,10,14,7,3,5,3,0,0,1,0,0,0,0,0,797405.349,5833975.2870000005
203640,13.391135709273975,52.5551820641629,206641,206641,11,0,1,1,2018,11,10,5,2,6,4,0,0,0,1,0,0,1,0,797634.4497,5831852.9385
203641,13.290443662264716,52.63794212839023,206642,206642,11,0,12,12,2018,10,1,7,2,9,1,2,0,1,0,0,0,0,1,790264.6168,5840640.7988
203642,13.445655511302805,52.485882651517144,206643,206643,11,0,8,8,2018,11,10,5,2,6,4,0,0,1,1,0,0,0,0,801803.1353,5824377.197000001
203643,13.438439517102008,52.48135452430764,206644,206644,11,0,8,8,2018,10,14,7,3,1,5,0,1,1,0,0,0,0,0,801344.5018,5823843.7454
203644,13.278774615894283,52.475575753585275,206645,206645,11,0,4,4,2018,11,9,5,2,6,4,0,0,1,1,0,0,0,0,790547.609,5822546.4062
203645,13.448951925051961,52.524302901052636,206646,206646,11,0,2,2,2018,10,13,7,3,5,3,0,0,1,0,1,0,0,0,801763.1946,5828661.2278
203646,13.528037905748258,52.42640191176292,206647,206647,11,0,9,9,2018,11,9,5,2,3,6,0,0,1,0,0,1,1,0,807807.9607,5818114.3212
203647,13.313728964609627,52.57611630632756,206648,206648,11,0,12,12,2018,10,12,7,2,5,2,0,0,1,0,1,0,0,0,792251.0087,5833862.9157
203648,13.308228473225435,52.4759678010172,206649,206649,11,0,4,4,2018,11,9,5,2,1,5,0,1,1,0,0,0,0,0,792544.0793,5822709.0131
203649,13.587649229450099,52.48128866427835,206650,206650,11,0,10,10,2018,10,11,7,2,1,5,0,1,1,0,0,0,0,0,811469.9264,5824470.2963
203650,13.28119804864696,52.585565878698176,206651,206651,11,0,12,12,2018,10,8,7,3,5,3,0,0,1,0,0,0,0,0,789985.7018,5834781.7962
203651,13.389901691771545,52.52571435672427,206652,206652,11,0,1,1,2018,11,9,5,3,5,2,0,1,1,0,0,0,0,0,797750.4382,5828572.5674
203652,13.561600547594516,52.50267896547863,206653,206653,11,0,10,10,2018,10,15,7,3,2,1,0,0,1,0,0,0,0,0,809551.9095,5826735.4572
203653,13.309529134043837,52.46708093086134,206654,206654,11,0,6,6,2018,11,9,5,3,2,6,0,0,1,0,0,0,0,0,792691.3881,5821726.5084
203654,13.390784896494253,52.506731002194975,206655,206655,11,0,2,2,2018,10,15,7,3,2,6,0,0,1,0,0,0,1,0,797938.8726,5826466.2592
203655,13.389776340856798,52.5111024483885,206656,206656,11,0,1,1,2018,11,8,5,3,3,6,0,1,1,0,0,0,0,0,797840.8765,5826947.9687
203656,13.294287688112785,52.508571267774926,206657,206657,11,0,4,4,2018,11,8,5,3,1,5,0,1,0,0,0,1,0,0,791382.0437,5826276.4883
203657,13.241586605326688,52.53856621033707,206658,206658,11,0,5,5,2018,10,15,7,3,0,1,0,0,0,0,1,0,0,0,787611.5694,5829398.8885
203658,13.291205063519756,52.62623326671144,206659,206659,11,0,12,12,2018,11,0,5,3,8,1,2,0,0,0,1,0,0,0,790393.7168,5839342.3998
203659,13.345499936384618,52.50056888958541,206660,206660,11,0,7,7,2018,10,0,7,3,2,6,2,0,1,0,1,0,0,0,794908.8724,5825595.2015
203660,13.58912057466407,52.51755223567459,206661,206661,11,0,10,10,2018,10,15,4,3,5,2,0,0,1,0,0,0,0,0,811313.1145,5828506.973999999
203661,13.415418439824894,52.52696983140313,206662,206662,11,0,1,1,2018,10,23,6,2,5,2,2,0,1,0,0,0,0,0,799471.7008,5828817.8074
203662,13.324081885664034,52.49704578823413,206663,206663,11,0,4,4,2018,10,17,4,3,6,4,1,1,0,1,0,0,0,0,793479.5382,5825116.2386
203663,13.197097049502226,52.5384089176745,206664,206664,11,0,5,5,2018,10,18,6,2,5,2,2,0,0,0,1,0,0,0,784597.276,5829204.8279
203664,13.382980972906315,52.53062589311569,206665,206665,11,0,1,1,2018,11,10,3,3,6,2,0,0,1,1,0,0,0,0,797248.0625,5829089.9136
203665,13.409759892561429,52.51820581652387,206666,206666,11,0,1,1,2018,10,16,4,3,5,3,1,1,0,0,0,0,0,0,799147.7273,5827820.2211
203666,13.334941010075973,52.525452942685845,206667,206667,11,0,1,1,2018,11,11,3,3,1,1,0,0,1,0,0,0,0,0,794026.2767,5828317.9336
203667,13.381257088808091,52.53201486747052,206668,206668,11,0,1,1,2018,10,19,4,3,1,5,2,1,1,0,0,0,1,0,797121.8224,5829237.1885
203668,13.466578064787393,52.52777997441513,206669,206669,11,0,11,11,2018,11,12,3,3,2,6,0,0,1,0,0,0,0,0,802934.1507,5829121.6162
203669,13.520518559459187,52.56850015668822,206670,206670,11,0,11,11,2018,10,18,6,3,6,2,1,0,1,1,0,0,0,0,806306.4989,5833875.4292
203670,13.404310383264544,52.5203868507714,206671,206671,11,0,1,1,2018,11,12,3,3,5,2,0,1,0,0,0,0,1,0,798763.4184,5828040.0394
203671,13.361269631228616,52.41247931783985,206672,206672,11,0,7,7,2018,10,18,4,3,6,4,2,0,0,1,1,0,0,0,796570.6232,5815868.7935
203672,13.30540817017012,52.437308359423724,206673,206673,11,0,6,6,2018,11,7,3,3,1,5,0,1,1,0,0,0,0,0,792609.1678,5818400.5635
203673,13.39363289820304,52.52644346098592,206674,206674,11,0,1,1,2018,10,17,6,3,0,3,1,1,1,0,0,0,0,0,797998.441,5828669.0231
203674,13.328406007132529,52.5647263012086,206675,206675,11,0,12,12,2018,10,18,4,3,1,7,2,0,1,0,0,0,0,0,793320.9622,5832656.549
203675,13.382524104125874,52.50723223816186,206676,206676,11,0,1,1,2018,10,16,4,3,0,1,1,1,0,0,0,0,0,0,797375.2293,5826487.8705
203676,13.309256811562106,52.46688665264763,206677,206677,11,0,6,6,2018,10,16,6,3,3,6,1,0,1,0,0,0,0,0,792674.1921,5821703.8096
203677,13.184972877082979,52.54933506086154,206678,206678,11,0,5,5,2018,10,16,4,3,5,3,0,0,1,0,0,0,1,0,783704.9957,5830371.5351
203678,13.632808875475906,52.44713907018836,206679,206679,11,0,9,9,2018,11,8,3,3,5,2,0,1,0,0,0,0,1,0,814778.1129,5820870.9781
203679,13.477069272496646,52.563236264793474,206680,206680,11,0,3,3,2018,10,15,4,3,5,3,1,0,1,0,0,0,1,0,803400.3659999999,5833106.5305
203680,13.515049046477573,52.535198489669256,206681,206681,11,0,11,11,2018,10,15,6,3,3,6,0,0,1,0,0,0,0,0,806168.1285,5830150.938999999
203681,13.313345215100028,52.51518185177722,206682,206682,11,0,4,4,2018,11,13,3,3,0,1,0,0,0,0,1,0,0,0,792630.5533,5827088.437000001
203682,13.480554724120937,52.49904320445753,206683,206683,11,0,11,11,2018,10,15,4,3,5,2,0,0,1,0,0,0,1,0,804080.173,5825986.521000001
203683,13.281725147716347,52.47648097586434,206684,206684,11,0,4,4,2018,11,17,3,3,5,3,2,1,1,0,0,0,0,0,790741.892,5822658.91
203684,13.31856257277802,52.50609708798459,206685,206685,11,0,4,4,2018,10,15,6,3,2,6,0,0,1,0,0,0,0,0,793044.8461,5826099.8487
203685,13.359092353931782,52.546275090970894,206686,206686,11,0,1,1,2018,11,10,3,2,5,2,0,1,0,0,0,1,0,0,795523.5396,5830731.0715
203686,13.500882697092006,52.5469782904046,206687,206687,11,0,11,11,2018,10,15,4,3,0,1,0,1,0,0,0,0,0,0,805126.208,5831400.105
203687,13.300173405836873,52.48779826280418,206688,206688,11,0,4,4,2018,11,17,3,2,5,2,2,1,1,0,0,0,0,0,791918.952,5823991.346
203688,13.358982595973721,52.573474630194895,206689,206689,11,0,12,12,2018,10,14,6,3,5,2,0,1,1,0,0,0,0,1,795333.1295,5833753.8311
203689,13.305732911145348,52.582126979715156,206690,206690,11,0,12,12,2018,10,14,4,3,2,6,0,0,1,0,0,0,0,0,791669.6021,5834498.6053
203690,13.373449885471054,52.48785649487022,206691,206691,11,0,2,2,2018,10,12,6,2,5,3,0,1,1,0,0,0,0,1,796890.4772,5824296.9073
203691,13.419371326214021,52.55244041426349,206692,206692,11,0,3,3,2018,11,9,3,3,6,4,0,0,1,1,0,0,0,0,799565.9887,5831665.2094
203692,13.270907720404947,52.45087208316382,206693,206693,11,0,6,6,2018,10,10,6,2,6,2,0,0,1,1,0,0,0,0,790176.2744,5819768.8935
203693,13.573917610763145,52.486126443131454,206694,206694,11,0,10,10,2018,10,10,6,3,5,3,0,0,1,0,0,0,0,0,810504.0402,5824948.7557
203694,13.184731086541095,52.547589885440395,206695,206695,11,0,5,5,2018,10,14,4,3,5,2,0,0,1,0,0,0,0,0,783699.8798,5830176.597
203695,13.336727471715202,52.471489029822855,206696,206696,11,0,7,7,2018,10,14,4,3,6,4,0,0,1,1,0,0,0,0,794508.2492,5822327.1505
203696,13.351589754036205,52.50748528465272,206697,206697,11,0,1,1,2018,10,8,6,3,5,2,0,1,1,0,0,0,1,0,795275.5407,5826388.8738
203697,13.466388354972432,52.43350616064175,206698,206698,11,0,8,8,2018,10,14,4,3,5,2,0,1,1,0,0,0,0,0,803570.4486,5818642.8049
203698,13.404332959724266,52.52226174995685,206699,206699,11,0,1,1,2018,11,9,3,3,1,5,0,1,1,0,0,0,1,0,798752.2116,5828248.5228
203699,13.347551021045295,52.4373233340666,206700,206700,11,0,6,6,2018,10,7,6,3,1,5,0,1,1,0,0,0,0,0,795471.8197,5818573.9105
203700,13.338521068672746,52.46655388788599,206701,206701,11,0,7,7,2018,10,12,4,3,2,6,0,0,1,0,0,0,0,0,794662.995,5821785.936000001
203701,13.24819386336174,52.52435823885651,206702,206702,11,0,4,4,2018,10,6,6,3,5,3,2,1,1,0,0,0,0,0,788152.4848,5827846.0086
203702,13.372324221859884,52.455591169603565,206703,206703,11,0,7,7,2018,11,17,3,3,5,3,2,0,0,0,1,0,1,0,797031.5588,5820706.0456
203703,13.357083514343977,52.523547130894954,206704,206704,11,0,1,1,2018,10,12,4,2,5,2,0,1,1,0,0,0,0,0,795540.1937,5828196.6424
203704,13.397817367577465,52.49528287268446,206705,206705,11,0,2,2,2018,11,9,3,3,5,3,0,1,1,0,0,0,0,0,798493.4594,5825222.9106
203705,13.263116472943953,52.43932118968554,206706,206706,11,0,6,6,2018,10,19,5,3,6,7,2,0,1,1,0,0,0,1,789723.043,5818453.6896
203706,13.384789485490828,52.550741968194274,206707,206707,11,0,1,1,2018,11,15,3,3,5,3,0,1,1,0,0,0,0,0,797234.5611,5831333.237000001
203707,13.389286462582913,52.5842003668013,206708,206708,11,0,3,3,2018,10,11,4,3,1,5,0,0,1,0,0,0,0,0,797312.5766,5835070.6341
203708,13.413661395316279,52.51161980962061,206709,206709,11,0,1,1,2018,11,8,3,3,5,2,0,0,1,0,1,0,1,0,799457.0942,5827104.4031
203709,13.298418767914916,52.42190846927185,206710,206710,11,0,6,6,2018,10,13,5,3,5,2,0,1,1,0,0,0,0,1,792236.3498,5816660.5457
203710,13.527764057028856,52.537291935660456,206711,206711,11,0,10,10,2018,10,11,4,3,3,6,0,0,1,0,0,1,0,0,807015.2481,5830437.6983
203711,13.355168980792994,52.49464818300991,206712,206712,11,0,7,7,2018,10,0,5,3,6,2,2,0,1,1,0,0,0,0,795604.4982,5824976.7055
203712,13.54991665476735,52.45651711424242,206713,206713,11,0,9,9,2018,11,15,3,3,3,6,0,1,0,0,0,0,0,0,809083.2901,5821554.8797
203713,13.416023333896186,52.490982214269934,206714,206714,11,0,2,2,2018,10,19,5,3,0,2,2,0,1,0,0,0,1,0,799757.8045,5824820.4165
203714,13.282945739896862,52.53368891893435,206715,206715,11,0,4,4,2018,10,17,4,2,8,1,2,0,1,0,0,0,0,0,790446.8999,5829022.5936
203715,13.359881730521396,52.418630129990966,206716,206716,11,0,7,7,2018,11,8,3,2,5,3,0,0,1,0,1,0,0,0,796434.9863,5816546.7446
203716,13.174998848347403,52.51748586735215,206717,206717,11,0,5,5,2018,10,19,5,3,0,6,2,0,1,0,0,0,0,0,783234.271,5826792.0921
203717,13.34503614159332,52.482674780939064,206718,206718,11,0,7,7,2018,11,0,3,2,5,3,2,0,1,0,0,0,0,0,794997.291,5823604.3876
203718,13.5467290261008,52.42647727454237,206719,206719,11,0,9,9,2018,10,18,4,3,2,6,2,0,1,0,0,0,0,0,809077.3367,5818202.5707
203719,13.336599653128363,52.44353078495735,206720,206720,11,0,6,6,2018,11,15,3,3,6,4,0,0,1,1,0,0,0,0,794686.4243,5819219.0885
203720,13.24011946961815,52.526139193164994,206721,206721,11,0,5,5,2018,10,17,5,3,5,2,1,1,1,0,0,0,0,1,787593.4164,5828011.7279
203721,13.387442818684276,52.492848226060886,206722,206722,11,0,2,2,2018,10,17,4,3,5,3,2,1,1,0,0,0,0,0,797806.1351,5824909.4167
203722,13.198136014908687,52.54262168980785,206723,206723,11,0,5,5,2018,11,15,3,3,0,2,0,0,1,0,1,0,0,0,784640.4090000001,5829677.2020000005
203723,13.441555250901425,52.4905515046408,206724,206724,11,0,9,9,2018,10,16,5,3,5,3,0,1,1,0,0,0,0,1,801492.9516,5824878.9698
203724,13.43379303070224,52.4439524750889,206725,206725,11,0,8,8,2018,11,8,3,3,2,6,0,0,1,0,0,0,0,0,801284.7951,5819667.2695
203725,13.318456785373527,52.525821790465834,206726,206726,11,0,1,1,2018,10,16,4,3,5,7,0,0,1,0,1,0,0,0,792906.2961,5828291.8294
203726,13.273238561106336,52.42696895079568,206727,206727,11,0,6,6,2018,11,8,3,3,5,3,0,0,1,0,0,0,0,0,790491.9328,5817121.3973
203727,13.333504725209256,52.478698304601174,206728,206728,11,0,4,4,2018,10,15,5,3,3,6,0,1,1,0,0,0,0,1,794241.3416,5823115.3075
203728,13.318155788667914,52.58082001435502,206729,206729,11,0,12,12,2018,10,11,4,3,6,4,0,0,0,1,0,1,0,0,792519.42,5834403.7043
203729,13.158098395546267,52.53304717991896,206730,206730,11,0,5,5,2018,11,7,3,3,2,2,0,0,1,0,0,0,0,0,781988.4591,5828455.5857
203730,13.235904745883285,52.62109628388558,206731,206731,11,0,12,12,2018,10,15,5,2,5,2,0,1,1,0,0,0,0,0,786686.8620000001,5838549.7962
203731,13.519614193123289,52.50604607739572,206732,206732,11,0,11,11,2018,10,9,4,3,2,6,0,0,1,0,0,0,0,0,806680.7737,5826930.2646
203732,13.391002772984972,52.54460509220584,206733,206733,11,0,1,1,2018,10,15,5,3,5,7,0,0,1,0,0,0,0,0,797697.11,5830676.7805
203733,13.527655775002827,52.40607486598134,206734,206734,11,0,9,9,2018,11,7,3,3,6,4,0,0,1,1,0,0,0,0,807923.7693,5815853.5115
203734,13.229249191723616,52.57327684740717,206735,206735,11,0,12,12,2018,10,15,5,3,5,3,0,0,1,0,0,0,0,1,786548.8736,5833207.9689
203735,13.247653273393441,52.54053178646268,206736,206736,11,0,5,5,2018,10,9,4,3,0,6,0,0,1,0,1,0,0,0,788009.8582,5829641.5918
203736,13.4160331614654,52.480549153252,206737,206737,11,0,8,8,2018,11,7,3,3,5,3,0,1,1,0,0,0,0,0,799829.505,5823660.8592
203737,13.372023121848002,52.46984412553317,206738,206738,11,0,7,7,2018,10,14,5,3,5,3,0,0,1,0,0,0,0,1,796915.0717,5822288.994
203738,13.557272288485825,52.50725028155935,206739,206739,11,0,10,10,2018,11,7,3,2,5,3,0,1,1,0,0,0,0,0,809226.2232,5827224.945
203739,13.360128186912869,52.53722678284015,206740,206740,11,0,1,1,2018,10,14,4,3,6,7,0,1,0,1,0,0,0,0,795654.5979,5829729.607999999
203740,13.4868537647921,52.57723991182272,206741,206741,11,0,11,11,2018,11,6,3,3,2,6,1,1,1,0,0,0,0,0,803966.0959999999,5834704.204
203741,13.353137809087247,52.50172078672708,206742,206742,11,0,7,7,2018,10,14,5,3,5,3,0,1,1,0,0,0,0,1,795419.2281,5825754.4953
203742,13.380296423256734,52.518078779874756,206743,206743,11,0,1,1,2018,10,7,4,2,0,2,0,1,1,0,0,0,0,0,797150.8707,5827684.2583
203743,13.488241045661757,52.51247958021665,206744,206744,11,0,11,11,2018,10,7,4,3,5,2,0,1,1,0,0,0,0,0,804508.5343,5827512.3306
203744,13.306733915544536,52.55531872354818,206745,206745,11,0,12,12,2018,10,14,5,3,2,6,0,0,1,0,0,0,0,1,791915.5716,5831522.8837
203745,13.39938322274583,52.4529041983469,206746,206746,11,0,7,7,2018,10,6,4,3,5,3,0,1,1,0,0,0,0,0,798887.085,5820519.1281
203746,13.56381180276866,52.51881140760798,206747,206747,11,0,10,10,2018,11,14,3,3,0,7,0,0,0,0,0,0,1,0,809588.3223,5828537.9254
203747,13.355258170924316,52.5519527408511,206748,206748,11,0,1,1,2018,10,14,5,3,3,6,0,0,1,0,0,0,0,1,795225.5774,5831346.4238
203748,13.327589137603614,52.50394104778367,206749,206749,11,0,4,4,2018,10,19,4,3,1,6,2,1,1,0,0,0,0,0,793671.448,5825896.9247
203749,13.445256582959848,52.486856093308745,206750,206750,11,0,8,8,2018,10,9,4,3,0,3,0,0,0,0,1,0,1,0,801769.3956,5824483.7213
203750,13.197816593756606,52.554048044599476,206751,206751,11,0,5,5,2018,10,2,4,3,1,5,2,0,1,0,0,0,1,0,784544.7559,5830946.041
203751,13.343197958553308,52.531881552001146,206752,206752,11,0,1,1,2018,10,13,5,3,5,2,0,0,1,0,0,0,0,1,794542.9713,5829066.1789
203752,13.554564817423467,52.45588569319982,206753,206753,11,0,9,9,2018,10,18,3,3,5,2,2,0,1,0,0,0,1,1,809403.3081,5821504.6259
203753,13.487971577127668,52.50770875961664,206754,206754,11,0,11,11,2018,10,13,5,3,5,3,0,0,1,0,0,0,1,0,804523.2852,5826980.9452
203754,13.304169405969725,52.46071656989452,206755,206755,11,0,6,6,2018,11,14,3,3,1,5,0,1,0,0,0,0,1,0,792369.7665,5820997.3765
203755,13.432709630130248,52.478399453722155,206756,206756,11,0,8,8,2018,10,17,3,2,5,3,1,0,1,0,0,1,0,1,800975.8709999999,5823491.379
203756,13.407184784662896,52.53484263760559,206757,206757,11,0,1,1,2018,11,17,3,3,2,6,2,0,1,0,0,0,1,0,798860.0211,5829658.6747
203757,13.408816426154498,52.53770033450952,206758,206758,11,0,3,3,2018,10,13,5,3,1,1,0,1,1,0,0,0,0,1,798951.171,5829983.066000001
203758,13.372259134425954,52.42529305227216,206759,206759,11,0,7,7,2018,11,6,2,3,5,3,2,1,1,0,0,0,0,0,797231.2503,5817338.2077
203759,13.462310994424296,52.43253981650866,206760,206760,11,0,8,8,2018,10,16,3,3,5,3,0,0,1,0,0,0,0,1,803300.1077,5818518.2596
203760,13.419442640769462,52.501486738768435,206761,206761,11,0,2,2,2018,11,23,2,3,1,5,2,1,1,0,0,0,0,0,799918.2005,5826002.1741
203761,13.221384082983375,52.536865373924506,206762,206762,11,0,5,5,2018,10,13,5,3,5,2,0,1,1,0,0,0,0,1,786253.4108,5829129.4191
203762,13.562068581535618,52.5664847637441,206763,206763,11,0,10,10,2018,10,16,3,3,5,3,1,0,1,0,1,0,0,0,809134.5322,5833828.9097
203763,13.362855022957785,52.447680871045186,206764,206764,11,0,7,7,2018,10,15,3,3,1,5,0,0,1,0,0,0,0,0,796441.7781,5819787.8929
203764,13.458075749575064,52.52909388174281,206765,206765,11,0,3,3,2018,10,13,5,3,2,6,0,0,1,0,0,0,0,1,802348.7705,5829231.9538
203765,13.441768496576842,52.48293937195673,206766,206766,11,0,8,8,2018,10,15,3,3,5,2,0,1,1,0,0,0,0,1,801559.55,5824033.807
203766,13.469938970387435,52.50234271846874,206767,206767,11,0,11,11,2018,11,20,2,3,6,4,2,1,0,1,0,0,0,0,803337.3535,5826308.5322
203767,13.30967510039604,52.52574854933328,206768,206768,11,0,4,4,2018,10,12,5,3,5,2,0,1,0,0,0,0,1,1,792311.4441,5828248.046
203768,13.43337021346094,52.468168142425725,206769,206769,11,0,8,8,2018,10,15,3,3,1,5,0,1,1,0,0,0,0,1,801090.6231,5822356.969
203769,13.334436010460912,52.595616063454635,206770,206770,11,0,12,12,2018,10,12,5,3,0,4,0,0,0,1,1,0,0,1,793522.7098,5836114.5227
203770,13.362700782223524,52.499753550470935,206771,206771,11,0,1,1,2018,11,15,2,3,6,7,0,0,1,1,0,0,0,0,796081.1140000001,5825575.0576
203771,13.36338989245437,52.52461071178325,206772,206772,11,0,1,1,2018,10,14,3,3,2,6,0,0,1,0,0,0,0,0,795960.5803,5828340.7293
203772,13.405647145577595,52.53787042722443,206773,206773,11,0,1,1,2018,11,19,2,3,1,5,2,1,0,0,0,0,1,0,798735.2242,5829988.8311
203773,13.528670560456787,52.525402052940606,206774,206774,11,0,10,10,2018,10,12,5,2,3,6,0,1,1,0,0,0,0,1,807159.7557,5829120.0905
203774,13.372191483200245,52.53876214171808,206775,206775,11,0,1,1,2018,11,18,2,3,2,6,1,0,1,0,0,0,0,0,796461.8236,5829949.8101
203775,13.327925444388105,52.505454667487314,206776,206776,11,0,4,4,2018,10,11,5,3,6,2,0,0,1,1,0,0,0,1,793684.1566,5826066.5332
203776,13.317411422165605,52.505370858980996,206777,206777,11,0,4,4,2018,11,9,2,3,3,6,0,0,1,0,0,0,0,0,792971.6059999999,5826014.4507
203777,13.585654734160752,52.523643011716864,206778,206778,11,0,10,10,2018,10,14,3,3,6,4,0,0,1,1,0,0,0,0,811035.0461,5829168.9412
203778,13.4178534285054,52.51827586204792,206779,206779,11,0,1,1,2018,11,9,2,3,3,6,0,1,1,0,0,0,0,0,799696.0133,5827861.6197
203779,13.389626253932375,52.512046731393845,206780,206780,11,0,1,1,2018,10,10,5,3,6,4,0,0,1,1,0,0,0,1,797824.3056,5827052.3036
203780,13.319224479327133,52.500108963346,206781,206781,11,0,4,4,2018,11,9,2,3,1,5,0,1,1,0,0,0,0,0,793129.6227,5825436.9565
203781,13.443006808026333,52.480354678990906,206782,206782,11,0,8,8,2018,11,9,2,3,2,6,0,0,1,0,0,0,0,0,801661.2822,5823751.7082
203782,13.382284702204338,52.555885129077275,206783,206783,11,0,1,1,2018,10,12,5,3,3,6,0,0,1,0,0,1,0,1,797030.0737,5831894.5628
203783,13.548016933537106,52.43787483921329,206784,206784,11,0,9,9,2018,10,14,3,3,2,2,0,0,1,0,0,0,0,0,809084.9706,5819474.822000001
203784,13.462471304176614,52.50839528565058,206785,206785,11,0,2,2,2018,10,12,5,3,0,1,0,1,0,0,0,0,0,1,802789.1976,5826949.8559
203785,13.376604677120705,52.48589871356411,206786,206786,11,0,2,2,2018,10,13,3,3,1,5,0,1,1,0,0,0,0,0,797117.7419,5824092.2943
203786,13.243272062192009,52.527944288486566,206787,206787,11,0,5,5,2018,11,10,2,3,2,5,0,0,1,0,0,0,0,0,787795.3299,5828224.9509
203787,13.337792421789574,52.47372849045585,206788,206788,11,0,7,7,2018,10,11,5,3,5,7,0,0,1,0,1,0,0,1,794565.5605,5822580.4131
203788,13.437467367488056,52.57346847302314,206789,206789,11,0,3,3,2018,10,13,3,3,5,1,0,0,0,0,0,0,1,0,800647.968,5834077.7789
203789,13.33320010469978,52.48442575537457,206790,206790,11,0,4,4,2018,10,8,5,3,5,7,0,0,1,0,1,0,0,1,794182.4082,5823750.6692
203790,13.437056454720885,52.54487584325987,206791,206791,11,0,3,3,2018,11,11,2,3,1,7,0,1,1,0,0,0,0,0,800815.9382,5830898.1011