,X,Y,OBJECTID_1,OBJECTID,ULAND,UREGBEZ,UKREIS,UGEMEINDE,UJAHR,UMONAT,USTUNDE,UWOCHENTAG,UKATEGORIE,UART,UTYP1,ULICHTVERH,IstRad,IstPKW,IstFuss,IstKrad,IstGkfz,IstSonstig,STRZUSTAND,LINREFX,LINREFY
203791,13.431755876216656,52.59296824775691,206792,206792,11,0,3,3,2018,10,13,3,3,5,2,0,0,0,0,0,1,1,0,800127.7916,5836221.293
203792,13.606220906209176,52.52455978717588,206793,206793,11,0,10,10,2018,11,11,2,3,5,3,0,0,1,0,0,0,0,0,812422.7083,5829359.7733
203793,13.315423622918384,52.577932468597204,206794,206794,11,0,12,12,2018,10,8,5,3,5,2,0,0,1,0,0,1,0,1,792353.6654,5834071.6599
203794,13.351740484154382,52.440006585344925,206795,206795,11,0,6,6,2018,10,13,3,3,2,6,0,0,1,0,0,0,0,0,795738.4155,5818889.3089
203795,13.388523915077574,52.527437822473246,206796,206796,11,0,1,1,2018,11,12,2,3,5,7,0,0,1,0,0,0,0,0,797645.3691,5828758.4373
203796,13.336561230387044,52.52499971843678,206797,206797,11,0,1,1,2018,10,8,5,3,5,2,0,1,1,0,0,0,0,1,794139.1485,5828274.167
203797,13.610900967142696,52.49538350828376,206798,206798,11,0,10,10,2018,10,13,3,3,5,2,0,1,1,0,0,0,0,0,812947.4641,5826137.4495
203798,13.371212350981587,52.59077259880596,206799,206799,11,0,3,3,2018,10,8,5,3,5,2,0,1,0,0,0,0,1,1,796044.5817,5835726.6863
203799,13.3063286163496,52.57747183015672,206800,206800,11,0,12,12,2018,10,12,3,3,5,3,0,0,1,0,0,0,0,0,791740.8797,5833983.5905
203800,13.427554629906009,52.54585019419889,206801,206801,11,0,3,3,2018,11,14,2,3,6,4,0,0,1,1,0,0,0,0,800165.4287,5830966.7789
203801,13.266769763100973,52.532694836135036,206802,206802,11,0,5,5,2018,10,8,5,2,5,7,0,0,1,0,1,0,0,0,789357.0031,5828847.0475
203802,13.460704868680049,52.529646044830095,206803,206803,11,0,11,11,2018,10,12,3,3,5,7,0,0,1,0,0,0,1,0,802523.1849,5829304.3549
203803,13.31335910305432,52.51517744998346,206804,206804,11,0,4,4,2018,10,8,5,3,0,3,0,1,1,0,0,0,0,1,792631.5243,5827088.0041
203804,13.345068615690826,52.41523194800752,206805,206805,11,0,7,7,2018,11,14,2,3,8,1,0,0,1,0,0,0,0,0,795451.06,5816108.3211
203805,13.279084935315941,52.52540996088035,206806,206806,11,0,4,4,2018,10,8,5,2,2,2,0,0,1,0,0,0,1,1,790239.855,5828086.8214
203806,13.351065559220164,52.529711785446175,206807,206807,11,0,1,1,2018,10,12,3,3,5,3,0,0,1,0,0,0,0,0,795090.8255,5828857.1868
203807,13.354713917626286,52.55207648638083,206808,206808,11,0,1,1,2018,11,15,2,2,5,3,0,1,0,0,0,0,0,0,795187.8717,5831357.9486
203808,13.475917743693484,52.58417442108542,206809,206809,11,0,3,3,2018,10,8,5,3,4,1,0,0,1,0,0,0,0,1,803177.7044,5835428.8492
203809,13.444114271769838,52.484804513275925,206810,206810,11,0,8,8,2018,11,16,2,3,0,3,1,0,1,0,0,0,1,0,801705.9466,5824250.9188
203810,13.331927957306785,52.5028514773774,206811,206811,11,0,4,4,2018,10,11,3,3,5,7,0,0,1,0,1,0,0,0,793973.0143,5825793.4971
203811,13.34181092382199,52.4417737953951,206812,206812,11,0,6,6,2018,11,18,2,3,0,2,2,0,0,0,0,0,1,0,795052.127,5819045.092
203812,13.356319295073886,52.5431732522989,206813,206813,11,0,1,1,2018,10,7,5,3,5,2,0,1,1,0,0,0,0,1,795356.4847,5830374.9373
203813,13.484337125540481,52.47911266255861,206814,206814,11,0,9,9,2018,10,11,3,3,1,5,0,0,1,0,0,0,1,0,804474.5435,5823787.3206
203814,13.569613144433074,52.540675861784074,206815,206815,11,0,10,10,2018,10,6,5,3,6,2,1,0,1,1,0,0,0,1,809827.4955,5830992.8865
203815,13.509510524915823,52.45324193249242,206816,206816,11,0,9,9,2018,10,10,3,3,3,6,0,1,0,0,0,1,0,0,806362.6699,5821018.5392
203816,13.600940471526892,52.47928645307357,206817,206817,11,0,10,10,2018,10,6,5,3,0,3,1,0,1,0,1,0,0,1,812386.0116,5824305.2552
203817,13.384801588492653,52.42201407662991,206818,206818,11,0,7,7,2018,11,17,2,2,6,4,2,0,1,1,0,0,0,0,798105.6214,5817025.4764
203818,13.353801076584,52.56209198054802,206819,206819,11,0,12,12,2018,10,10,3,3,3,6,0,0,1,0,0,0,1,0,795058.7332,5832467.4269
203819,13.344910086399384,52.489647450861064,206820,206820,11,0,7,7,2018,11,17,2,3,2,6,2,0,1,0,0,0,0,0,794942.0296,5824378.8791
203820,13.15351556915741,52.55341583276666,206821,206821,11,0,5,5,2018,10,6,5,3,5,2,2,0,1,0,0,0,0,1,781547.29,5830701.7873
203821,13.361923222073164,52.41426886336402,206822,206822,11,0,7,7,2018,11,17,2,3,2,6,2,0,1,0,0,0,0,0,796603.0232,5816070.3828
203822,13.401386574525564,52.5296824012129,206823,206823,11,0,1,1,2018,11,17,2,3,3,2,2,0,1,0,1,0,0,0,798502.0736,5829061.102999999
203823,13.404247617077345,52.5814833500535,206824,206824,11,0,3,3,2018,10,5,5,3,5,2,2,1,1,0,0,0,0,1,798343.935,5834830.5
203824,13.289264386299074,52.41863325833581,206825,206825,11,0,6,6,2018,10,10,3,3,5,3,0,1,0,0,0,1,0,0,791635.9092,5816259.4867
203825,13.27004070781522,52.449931703167046,206826,206826,11,0,6,6,2018,11,9,2,3,5,7,0,0,1,0,0,0,0,0,790123.583,5819660.8828
203826,13.460470039183305,52.56987015376578,206827,206827,11,0,3,3,2018,10,10,5,3,0,1,0,0,0,0,1,0,0,1,802230.3997,5833774.0873
203827,13.414058865693518,52.500413811205405,206828,206828,11,0,2,2,2018,11,8,2,3,5,3,0,0,1,0,0,0,0,0,799560.3307,5825860.5439
203828,13.604627797951705,52.53688641145185,206829,206829,11,0,10,10,2018,10,10,3,3,2,6,0,0,1,0,0,0,1,0,812227.1419,5830722.8416
203829,13.357648616641445,52.422881975306794,206830,206830,11,0,6,6,2018,11,7,2,2,6,4,0,0,1,1,0,0,0,0,796254.6887,5817010.1627
203830,13.409497370699432,52.511208346592035,206831,206831,11,0,1,1,2018,10,18,4,3,1,5,0,1,1,0,0,0,0,0,799177.5179,5827041.3843
203831,13.511689054464176,52.44534427569781,206832,206832,11,0,9,9,2018,10,9,3,3,5,3,0,1,1,0,0,0,0,0,806565.5057,5820150.0264
203832,13.357017858276489,52.4452918580878,206833,206833,11,0,6,6,2018,10,9,3,3,2,6,0,0,1,0,0,0,0,0,796061.3984,5819498.3962
203833,13.319441603029619,52.501650062433406,206834,206834,11,0,4,4,2018,10,10,4,3,5,2,0,1,1,0,0,0,0,0,793134.0862,5825609.1327
203834,13.499358309055454,52.63497794699974,206835,206835,11,0,3,3,2018,10,7,3,3,5,3,0,1,0,0,1,0,0,0,804411.5766,5841174.284
203835,13.318648339429764,52.62613426243794,206836,206836,11,0,12,12,2018,11,6,2,3,6,7,0,1,1,1,0,0,0,0,792250.5885,5839442.4381
203836,13.190014128134358,52.538448964165276,206837,206837,11,0,5,5,2018,10,16,4,3,1,5,0,0,1,0,0,0,0,0,784116.9611,5829181.3397
203837,13.344044010752494,52.54648544419141,206838,206838,11,0,1,1,2018,10,9,3,2,2,6,0,0,0,0,1,1,0,0,794502.4429,5830692.8546
203838,13.436943738610617,52.46525446890216,206839,206839,11,0,8,8,2018,10,9,4,3,5,3,0,0,1,0,1,0,0,0,801353.1191,5822048.0474
203839,13.286978515260826,52.58629098505854,206840,206840,11,0,12,12,2018,11,16,2,3,6,2,0,0,1,1,0,0,0,0,790372.2495,5834885.6783
203840,13.416728241001325,52.523781283841544,206841,206841,11,0,1,1,2018,10,8,3,3,0,5,0,1,0,0,0,0,1,1,799582.2153,5828468.8527
203841,13.397052986610625,52.53690303678484,206842,206842,11,0,1,1,2018,11,7,2,3,3,6,0,0,1,0,0,1,0,0,798159.3388,5829845.7231
203842,13.349773206021487,52.50050549236865,206843,206843,11,0,7,7,2018,10,10,4,2,6,2,0,0,1,1,0,0,0,0,795199.1599,5825605.6385
203843,13.450112828673394,52.468609119291436,206844,206844,11,0,8,8,2018,11,9,2,2,5,3,0,0,1,1,0,0,1,0,802224.0759,5822475.9892
203844,13.326429820406986,52.50266947694642,206845,206845,11,0,4,4,2018,10,7,3,3,6,4,0,0,1,1,0,0,0,0,793601.2987,5825750.869
203845,13.299818278448855,52.62303833597933,206846,206846,11,0,12,12,2018,11,19,1,2,3,6,1,1,1,0,0,0,0,0,790997.5188,5839022.0514
203846,13.557990937119865,52.45571131157536,206847,206847,11,0,9,9,2018,10,10,4,3,2,6,0,0,1,0,0,0,0,1,809637.1514,5821499.9431
203847,13.497845905443118,52.4188197615281,206848,206848,11,0,8,8,2018,10,7,3,3,6,2,0,0,0,1,0,0,1,1,805809.1885,5817143.2956
203848,13.346448513307203,52.524937342431116,206849,206849,11,0,1,1,2018,10,7,3,3,5,3,0,0,1,0,1,0,0,1,794809.8639,5828307.62
203849,13.291874344339039,52.57995847327647,206850,206850,11,0,12,12,2018,10,10,4,3,3,2,0,1,0,0,0,0,1,1,790745.6535,5834201.5523
203850,13.325500553669741,52.5216822962724,206851,206851,11,0,4,4,2018,10,6,3,3,0,5,2,0,1,0,1,0,0,1,793411.4335,5827860.3648
203851,13.450140976484516,52.507474429694405,206852,206852,11,0,2,2,2018,11,17,1,3,3,6,1,0,1,0,0,0,0,0,801959.3142,5826795.7989
203852,13.320248901009155,52.486538037021816,206853,206853,11,0,4,4,2018,10,23,3,3,5,3,2,0,1,0,0,0,0,1,793289.5105,5823932.709
203853,13.425372261856461,52.475925902329294,206854,206854,11,0,8,8,2018,11,17,1,2,6,4,1,0,1,1,0,0,0,0,800494.804,5823185.8638
203854,13.431146490568945,52.61212946455104,206855,206855,11,0,3,3,2018,10,18,4,3,5,2,1,1,1,0,0,0,0,0,799955.4316,5838348.4617
203855,13.512055783594072,52.4644381001124,206856,206856,11,0,9,9,2018,10,6,3,3,5,3,1,1,1,0,0,0,0,1,806457.632,5822273.7195
203856,13.410652278066342,52.539459866152704,206857,206857,11,0,3,3,2018,10,8,3,3,3,6,0,1,1,0,0,0,0,1,799063.6178,5830186.2489
203857,13.462537593556394,52.558743189144224,206858,206858,11,0,3,3,2018,10,21,3,3,4,6,2,0,1,0,0,0,1,0,802447.0566,5832546.0535
203858,13.41635788267766,52.45155239934191,206859,206859,11,0,7,7,2018,11,16,1,3,5,2,0,0,1,0,0,0,1,0,800048.928,5820439.3263
203859,13.518861056368886,52.51348734069035,206860,206860,11,0,11,11,2018,10,20,3,3,6,7,1,0,1,1,0,0,0,0,806577.8333,5827754.1029
203860,13.514995875195904,52.56686804346982,206861,206861,11,0,11,11,2018,10,18,4,3,2,6,1,0,1,0,0,0,0,0,805943.8642,5833670.5643
203861,13.445281071932822,52.52339183570128,206862,206862,11,0,2,2,2018,11,14,1,2,5,3,0,1,1,0,0,0,0,0,801520.5859,5828544.607000001
203862,13.376277388523373,52.409037077464,206863,206863,11,0,7,7,2018,10,19,3,3,2,6,2,0,1,0,0,0,0,1,797613.8582,5815547.9496
203863,13.45081180689766,52.48656902609778,206864,206864,11,0,8,8,2018,11,13,1,3,5,3,0,1,1,0,0,0,0,0,802148.2892,5824475.0728
203864,13.369165432707186,52.559493118505756,206865,206865,11,0,1,1,2018,10,18,4,2,5,3,1,0,1,0,1,0,0,0,796116.9776,5832241.5916
203865,13.292382055967972,52.44700530008885,206866,206866,11,0,6,6,2018,11,11,1,2,1,5,0,0,1,0,0,0,0,0,791660.168,5819425.66
203866,13.331101995928915,52.50216540775678,206867,206867,11,0,4,4,2018,10,19,3,3,5,7,2,0,1,0,0,0,0,1,793921.5728,5825713.8738
203867,13.379713092345533,52.52623206348882,206868,206868,11,0,1,1,2018,11,17,1,3,9,1,1,0,0,0,1,0,0,0,797056.2376,5828588.0770000005
203868,13.310827775449495,52.495252226649896,206869,206869,11,0,4,4,2018,10,18,4,2,6,4,1,0,1,1,0,0,0,0,792592.3321,5824863.0312
203869,13.416722478308781,52.511508847626885,206870,206870,11,0,1,1,2018,10,19,3,3,5,7,2,1,1,0,0,0,0,1,799665.4307,5827104.7878
203870,13.384383100232704,52.411354520851155,206871,206871,11,0,7,7,2018,10,18,4,3,1,5,1,1,1,0,0,0,1,0,798149.1716,5815838.9688
203871,13.394992961916234,52.496100646411826,206872,206872,11,0,2,2,2018,11,6,1,3,9,1,1,0,1,0,0,0,0,1,798296.3139,5825302.1178
203872,13.36444530421706,52.54953462149026,206873,206873,11,0,1,1,2018,10,17,4,3,6,2,0,0,1,1,0,0,0,0,795864.3071,5831115.3278
203873,13.391429017299068,52.48944605034338,206874,206874,11,0,2,2,2018,10,19,3,3,0,4,2,1,0,1,0,0,0,1,798099.6046,5824547.7408
203874,13.37933510373185,52.44635333141607,206875,206875,11,0,7,7,2018,10,17,4,3,2,6,0,0,1,0,0,0,1,0,797569.9429,5819708.1644
203875,13.428295040227802,52.50743640642674,206876,206876,11,0,1,1,2018,11,4,1,3,0,1,2,1,0,0,0,0,0,0,800478.012,5826700.3115
203876,13.302062196366732,52.507753377160704,206877,206877,11,0,4,4,2018,10,17,4,3,2,6,0,0,1,0,0,0,0,0,791914.7392,5826217.0222
203877,13.345146161859436,52.436950184428255,206878,206878,11,0,6,6,2018,10,19,3,3,1,7,2,0,1,0,0,0,1,1,795310.9575,5818522.5933
203878,13.389768682719009,52.57429344826828,206879,206879,11,0,3,3,2018,10,16,4,3,5,3,0,1,1,0,0,0,0,0,797412.3571,5833971.4879
203879,13.370066232731375,52.61480264867018,206880,206880,11,0,12,12,2018,11,3,1,3,9,1,2,0,1,0,0,0,0,0,795804.8424,5838392.8973
203880,13.32304258608428,52.46466151257264,206881,206881,11,0,6,6,2018,10,18,3,2,6,4,2,1,0,1,0,0,0,1,793624.8556,5821512.4964
203881,13.407858654076655,52.55101193907272,206882,206882,11,0,3,3,2018,11,15,7,3,2,6,0,0,1,0,0,0,0,0,798795.7247,5831458.6424
203882,13.502851643396376,52.52629799722241,206883,206883,11,0,11,11,2018,10,15,4,3,5,7,0,0,1,0,0,0,0,0,805403.2916,5829109.9645
203883,13.31373472191226,52.51809735178795,206884,206884,11,0,4,4,2018,11,20,7,2,5,3,2,0,1,0,1,0,0,0,792637.5682,5827414.0777
203884,13.458870451377699,52.511422646200245,206885,206885,11,0,2,2,2018,10,18,3,3,5,2,2,0,1,0,0,0,0,1,802524.1806,5827271.2166
203885,13.413367595014416,52.50298244541243,206886,206886,11,0,2,2,2018,11,15,7,3,5,3,0,0,1,0,1,0,0,0,799495.9599,5826143.1678
203886,13.399829129384893,52.56874566652602,206887,206887,11,0,3,3,2018,10,14,4,3,2,6,0,0,1,0,0,0,0,0,798131.2907,5833396.4438
203887,13.334439123123387,52.49846970248872,206888,206888,11,0,4,4,2018,10,17,3,3,5,2,2,1,1,0,0,0,0,1,794172.6292,5825316.7035
203888,13.468355564833345,52.53137885612636,206889,206889,11,0,11,11,2018,10,14,4,3,3,6,0,0,1,0,0,1,0,0,803029.8326,5829529.0845
203889,13.460214481061374,52.51533174046458,206890,206890,11,0,2,2,2018,11,14,7,2,0,1,0,1,0,0,0,0,0,0,802588.4299,5827711.333
203890,13.318988508071644,52.49966719638114,206891,206891,11,0,4,4,2018,10,14,4,2,6,4,0,0,1,1,0,0,0,0,793116.5582,5825386.8948
203891,13.26951549969952,52.48091353126085,206892,206892,11,0,4,4,2018,10,18,3,3,2,6,2,1,1,0,0,0,0,1,789884.0457,5823102.4617
203892,13.334732357486615,52.5114562315965,206893,206893,11,0,1,1,2018,11,13,7,3,5,3,0,1,1,0,0,0,0,0,794105.7109,5826761.3496
203893,13.322452848388448,52.50511543597093,206894,206894,11,0,4,4,2018,10,13,4,3,6,7,0,0,1,1,0,0,0,0,793315.2419,5826006.554
203894,13.31362229595782,52.50623756637417,206895,206895,11,0,4,4,2018,11,13,7,3,5,7,0,1,1,0,0,0,0,0,792708.8438,5826095.3985
203895,13.197798533127791,52.53503593654121,206896,206896,11,0,5,5,2018,10,18,3,3,5,3,2,0,1,0,0,0,0,1,784666.6626,5828832.6731
203896,13.267933223327748,52.44546303790478,206897,206897,11,0,6,6,2018,11,11,7,3,5,3,0,1,1,0,0,0,0,0,790009.8477,5819155.7122
203897,13.160030774130359,52.56454326726775,206898,206898,11,0,5,5,2018,10,13,4,3,5,3,0,1,1,0,0,0,0,0,781917.2924,5831964.1483
203898,13.41485793061349,52.589641098336884,206899,206899,11,0,3,3,2018,10,10,3,2,5,2,0,0,1,0,1,0,0,0,799006.7031,5835781.2086
203899,13.437531794660215,52.50029113843448,206900,206900,11,0,2,2,2018,10,12,4,2,6,2,0,0,1,1,0,0,0,0,801153.3362,5825944.6766
203900,13.380458676963372,52.54340923404002,206901,206901,11,0,1,1,2018,10,18,3,3,2,6,0,0,1,0,0,0,0,1,796990.6982,5830500.3622
203901,13.376627187105106,52.50939012457266,206902,206902,11,0,1,1,2018,11,11,7,3,5,2,0,1,1,0,0,0,0,0,796960.7328,5826703.4131
203902,13.403654465783445,52.52598069350083,206903,206903,11,0,1,1,2018,10,12,4,3,5,2,0,1,1,0,0,0,0,0,798680.9496,5828659.0618
203903,13.421554436272006,52.504485472084866,206904,206904,11,0,2,2,2018,10,18,3,3,5,3,2,1,1,0,0,0,0,0,800040.9928,5826344.2577
203904,13.38248179437428,52.50446262223753,206905,206905,11,0,2,2,2018,11,10,7,3,5,2,0,1,1,0,0,0,0,0,797391.0783,5826179.8589
203905,13.326763065732967,52.62555470317869,206906,206906,11,0,12,12,2018,10,12,4,3,6,7,0,1,0,1,0,0,0,0,792803.3244,5839410.9897
203906,13.352212450021481,52.55027502516123,206907,206907,11,0,1,1,2018,10,18,3,3,6,4,2,0,1,1,0,0,0,1,795030.4912,5831147.4739
203907,13.353770248200073,52.54920881507439,206908,206908,11,0,1,1,2018,10,12,4,3,6,4,0,0,1,1,0,0,0,0,795143.202,5831035.3437
203908,13.390177037084207,52.562774023754685,206909,206909,11,0,1,1,2018,11,8,7,3,1,5,0,0,1,0,0,0,1,0,797518.0662,5832692.811000001
203909,13.366181276045758,52.49342828589138,206910,206910,11,0,7,7,2018,10,10,4,3,3,6,0,0,1,0,1,0,0,1,796359.7887,5824886.3091
203910,13.178094655717207,52.525160864194135,206911,206911,11,0,5,5,2018,10,12,3,3,2,6,0,0,1,0,1,0,0,0,783394.7383,5827657.3774
203911,13.361173522273019,52.55542578993378,206912,206912,11,0,1,1,2018,11,12,7,3,5,7,0,1,0,0,0,0,1,0,795602.9799,5831756.6995
203912,13.577364391711047,52.48669502805751,206913,206913,11,0,10,10,2018,10,11,4,3,5,3,0,0,1,0,0,0,1,1,810733.8855,5825026.7938
203913,13.347080725146265,52.42786291388658,206914,206914,11,0,6,6,2018,11,12,6,3,0,7,0,0,0,0,0,0,1,0,795503.2308,5817520.4717
203914,13.478427626715865,52.511866320056846,206915,206915,11,0,11,11,2018,10,5,3,3,6,2,2,0,1,1,0,0,0,1,803847.3239,5827402.7683
203915,13.42808617833099,52.473415639338256,206916,206916,11,0,8,8,2018,11,17,6,2,5,2,0,0,1,0,1,0,0,0,800696.1267,5822918.167
203916,13.448277098034128,52.51317009586594,206917,206917,11,0,2,2,2018,10,11,4,2,1,5,0,0,1,0,1,0,0,0,801793.8331,5827421.0422
203917,13.301330368549173,52.456313458376854,206918,206918,11,0,6,6,2018,10,10,3,3,2,6,0,0,1,0,0,0,0,0,792206.2,5820496.467999999
203918,13.428496378734124,52.59950296352224,206919,206919,11,0,3,3,2018,10,8,3,3,5,3,0,0,1,0,0,0,1,1,799862.4833,5836934.0285
203919,13.251717462842867,52.423831146550036,206920,206920,11,0,6,6,2018,10,8,4,3,0,3,0,0,0,0,1,1,0,1,789050.1856,5816686.2417
203920,13.45513463119888,52.47433807926527,206921,206921,11,0,8,8,2018,10,7,3,3,0,4,0,1,0,1,0,0,0,1,802525.6034,5823133.7834
203921,13.391662416677866,52.49738275062274,206922,206922,11,0,2,2,2018,11,20,6,3,2,6,2,0,1,0,0,0,0,0,798061.6964,5825430.8499
203922,13.181777349530115,52.552485781662185,206923,206923,11,0,5,5,2018,10,7,4,3,6,2,0,0,1,1,0,0,0,1,783468.1379999999,5830709.1832
203923,13.373278469846847,52.5570435796059,206924,206924,11,0,1,1,2018,10,14,3,3,5,2,0,1,0,0,0,1,0,0,796412.1259999999,5831986.2385
203924,13.23263777890915,52.54064885059982,206925,206925,11,0,5,5,2018,10,7,4,3,6,2,1,0,1,1,0,0,0,1,786991.4605,5829594.7149
203925,13.313771077630124,52.50622960303886,206926,206926,11,0,4,4,2018,11,17,6,3,5,2,2,0,1,0,0,0,0,0,792718.9877,5826095.1173
203926,13.345276018723618,52.539349206127845,206927,206927,11,0,1,1,2018,10,12,3,3,2,6,0,0,1,0,0,0,0,0,794633.7681,5829904.6989
203927,13.440445180246975,52.50483664673882,206928,206928,11,0,2,2,2018,11,22,6,3,2,6,2,0,1,0,0,0,0,0,801319.8237,5826462.061000001
203928,13.304006596205944,52.44838447741362,206929,206929,11,0,6,6,2018,10,16,2,3,1,5,0,1,1,0,0,0,0,0,792440.5066,5819625.998
203929,13.451025364288466,52.43681320814114,206930,206930,11,0,8,8,2018,10,6,4,3,6,2,2,0,1,1,0,0,0,1,802504.123,5818945.86
203930,13.383964212222438,52.49488389775282,206931,206931,11,0,2,2,2018,11,19,6,2,6,4,1,0,1,1,0,0,0,0,797556.3771,5825121.3189
203931,13.586899580853924,52.5126908334171,206932,206932,11,0,10,10,2018,10,5,2,3,5,2,2,1,1,0,0,0,0,0,811196.9289,5827957.0892
203932,13.39143573579909,52.45301030790288,206933,206933,11,0,7,7,2018,11,16,6,3,5,2,0,0,1,0,0,0,0,0,798346.7006,5820498.0329
203933,13.59639420926506,52.518834559932486,206934,206934,11,0,10,10,2018,10,5,4,2,5,3,2,1,1,0,0,0,0,1,811797.1697,5828680.9272
203934,13.330061147653598,52.523791671832704,206935,206935,11,0,1,1,2018,11,15,6,3,2,6,0,0,1,0,0,0,0,0,793706.5502,5828113.3921
203935,13.584300531056455,52.464204151448676,206936,206936,11,0,9,9,2018,10,17,2,3,6,2,2,0,1,1,0,0,0,1,811363.4414,5822557.072000001
203936,13.33454721290994,52.464123545959815,206937,206937,11,0,6,6,2018,11,15,6,3,5,2,0,1,1,0,0,0,0,0,794409.469,5821499.5827
203937,13.499735363421221,52.53427392118357,206938,206938,11,0,11,11,2018,10,4,4,3,5,2,2,0,1,0,0,0,0,1,805136.6758,5829983.2384
203938,13.37341215263587,52.556936102093076,206939,206939,11,0,1,1,2018,10,21,2,3,6,4,2,0,1,1,0,0,0,0,796421.9075,5831974.8424
203939,13.40030931573516,52.529583032202005,206940,206940,11,0,1,1,2018,10,20,2,3,0,5,2,1,1,0,0,0,0,1,798429.7259,5829045.5981
203940,13.455853865534493,52.48170733952472,206941,206941,11,0,8,8,2018,10,9,3,3,5,3,0,1,0,0,0,0,0,0,802523.7954,5823955.8555
203941,13.384246783583286,52.48498812267321,206942,206942,11,0,2,2,2018,10,20,2,3,1,5,2,0,1,0,0,0,0,1,797642.4398,5824022.5916
203942,13.359223416335109,52.546461520341616,206943,206943,11,0,1,1,2018,11,15,6,3,5,3,0,0,1,0,0,0,0,0,795531.1665,5830752.3304
203943,13.522724211840904,52.432774536427225,206944,206944,11,0,9,9,2018,10,20,3,3,5,2,2,1,1,0,0,0,0,1,807402.5331,5818799.9396
203944,13.429768469533233,52.49826053618932,206945,206945,11,0,2,2,2018,10,18,2,3,5,3,1,0,1,0,0,0,0,1,800640.6218,5825686.5905
203945,13.438769609341344,52.55536438344942,206946,206946,11,0,3,3,2018,10,20,3,3,5,7,2,1,1,0,0,0,0,1,800860.1808,5832071.0134
203946,13.435550782184965,52.44965888807529,206947,206947,11,0,8,8,2018,11,14,6,3,2,6,0,0,1,0,0,0,0,0,801365.1723,5820308.8511
203947,13.631262604479062,52.45835538109526,206948,206948,11,0,9,9,2018,10,18,2,2,5,2,2,0,1,0,0,0,1,1,814593.0474,5822110.7881
203948,13.337749416741993,52.543171455990404,206949,206949,11,0,1,1,2018,11,14,6,3,2,6,0,0,1,0,0,0,0,0,794098.0971,5830298.8024
203949,13.33039954391944,52.52659520497739,206950,206950,11,0,1,1,2018,10,22,3,3,5,7,2,0,1,0,1,0,0,1,793710.7653,5828426.3838
203950,13.370708703331022,52.52351469378574,206951,206951,11,0,1,1,2018,11,19,6,3,5,3,2,0,1,0,0,0,0,0,796464.1401,5828248.9797
203951,13.342832604744105,52.52501823003673,206952,206952,11,0,1,1,2018,10,18,2,3,3,6,1,0,1,0,0,1,0,1,794564.1855,5828301.8302
203952,13.371025768202118,52.49263223879021,206953,206953,11,0,7,7,2018,11,9,6,3,0,2,0,1,0,0,1,0,0,0,796693.814,5824817.7476
203953,13.52142097734919,52.46634069779108,206954,206954,11,0,9,9,2018,10,22,3,3,5,3,2,0,1,0,0,0,0,1,807080.1121,5822525.0024
203954,13.297607867691084,52.6268151513326,206955,206955,11,0,12,12,2018,10,21,3,3,2,6,2,0,1,0,0,0,0,1,790822.9294,5839432.9215
203955,13.306183114426398,52.5241928641628,206956,206956,11,0,4,4,2018,11,8,6,3,2,6,0,0,1,0,1,0,0,0,792085.0434,5828060.9771
203956,13.50021542221077,52.441283452299736,206957,206957,11,0,9,9,2018,11,8,6,3,5,3,0,1,1,0,0,0,0,0,805814.4567,5819650.0131
203957,13.291375930273333,52.606888566584814,206958,206958,11,0,12,12,2018,10,20,3,3,8,1,2,0,1,0,0,0,0,1,790533.4814,5837192.8796
203958,13.317686762088385,52.4611078115547,206959,206959,11,0,6,6,2018,10,18,2,3,2,6,1,0,1,0,0,0,0,1,793284.9095,5821095.72
203959,13.49441411647894,52.56908013322758,206960,206960,11,0,11,11,2018,10,20,3,3,6,2,2,0,1,1,0,0,0,1,804534.6146,5833829.2221
203960,13.374621110735106,52.54027230731158,206961,206961,11,0,1,1,2018,10,18,2,3,0,5,1,0,1,0,1,0,0,1,796616.2912,5830127.6587
203961,13.497610245004726,52.4580408551873,206962,206962,11,0,9,9,2018,11,3,6,3,9,1,2,0,1,0,0,0,0,1,805521.3648,5821501.4448
203962,13.380860668561432,52.44213627895992,206963,206963,11,0,7,7,2018,10,19,3,3,5,7,2,0,1,0,0,0,0,1,797702.0176,5819245.741
203963,13.443918826211775,52.565290348131725,206964,206964,11,0,3,3,2018,10,17,2,3,2,6,1,0,1,0,0,0,0,1,801140.9349,5833195.7558
203964,13.419538743436878,52.39471802968102,206965,206965,11,0,7,7,2018,10,18,3,3,6,2,2,0,1,1,0,0,0,1,800651.8653,5814135.6518
203965,13.482173486466285,52.42548838883031,206966,206966,11,0,8,8,2018,11,13,6,3,5,3,0,1,1,0,0,0,0,0,804698.1327,5817818.1923
203966,13.352749604832145,52.54314993579365,206967,206967,11,0,1,1,2018,10,17,2,3,5,7,1,0,1,0,1,0,0,1,795114.7396,5830357.7234
203967,13.324676752740126,52.49909327982056,206968,206968,11,0,4,4,2018,11,12,6,2,2,6,0,0,1,0,0,0,0,0,793506.2389,5825346.2384
203968,13.370228101060762,52.57466758693346,206969,206969,11,0,12,12,2018,10,18,3,2,6,4,2,0,1,1,0,0,0,1,796086.6092,5833932.5848
203969,13.389939742610332,52.57422844972977,206970,206970,11,0,3,3,2018,10,16,2,3,2,6,2,0,1,0,0,0,0,1,797424.3811,5833964.9696