,X,Y,OBJECTID_1,OBJECTID,ULAND,UREGBEZ,UKREIS,UGEMEINDE,UJAHR,UMONAT,USTUNDE,UWOCHENTAG,UKATEGORIE,UART,UTYP1,ULICHTVERH,IstRad,IstPKW,IstFuss,IstKrad,IstGkfz,IstSonstig,STRZUSTAND,LINREFX,LINREFY
203970,13.156762180307215,52.55760400991125,206971,206971,11,0,5,5,2018,11,11,6,3,5,7,0,1,1,0,0,0,0,0,781740.3990000001,5831180.0195
203971,13.314374048408398,52.47210590616088,206972,206972,11,0,4,4,2018,10,18,3,3,5,2,2,1,1,0,0,0,0,1,792986.8647,5822304.7012
203972,13.429928944575591,52.551445664127996,206973,206973,11,0,3,3,2018,10,14,2,2,6,4,0,0,1,1,0,0,0,0,800288.0618,5831598.5871
203973,13.290234850673578,52.475273933360604,206974,206974,11,0,4,4,2018,10,18,3,3,6,2,2,0,1,1,0,0,0,1,791327.4293,5822559.075
203974,13.320664043942989,52.4567456982056,206975,206975,11,0,6,6,2018,11,10,6,3,6,2,0,0,0,1,0,0,1,0,793516.0926,5820622.977000001
203975,13.418226936322426,52.51736021928311,206976,206976,11,0,1,1,2018,10,17,3,3,5,2,1,1,1,0,0,0,0,1,799727.578,5827761.4018
203976,13.262389493333965,52.541320754267765,206977,206977,11,0,5,5,2018,10,14,2,2,5,3,0,1,1,0,0,0,0,0,789003.3711,5829788.2697
203977,13.526670056336483,52.42879277778793,206978,206978,11,0,9,9,2018,11,10,6,2,5,2,0,0,1,0,0,0,0,0,807698.3525,5818374.2138
203978,13.386270263913586,52.54958448583226,206979,206979,11,0,1,1,2018,10,16,3,3,6,4,1,0,1,1,0,0,0,1,797342.7226,5831210.6934
203979,13.453982372065413,52.469204960591384,206980,206980,11,0,8,8,2018,10,14,2,3,5,3,0,1,1,0,0,0,0,0,802482.6435,5822558.4317
203980,13.398981401827687,52.508229674262545,206981,206981,11,0,1,1,2018,10,16,3,3,5,3,2,0,1,0,0,0,0,1,798484.5994,5826666.7309
203981,13.448172685051995,52.4776316826169,206982,206982,11,0,8,8,2018,11,20,6,3,0,2,2,0,0,1,0,0,1,0,802030.5139,5823470.6772
203982,13.331301048222823,52.44350845647534,206983,206983,11,0,6,6,2018,10,16,3,3,5,3,0,0,1,0,1,0,0,1,794326.6924,5819194.985
203983,13.293169607180914,52.534488686422215,206984,206984,11,0,4,4,2018,10,13,2,2,2,6,0,0,1,0,1,0,0,0,791134.594,5829152.7313
203984,13.306920102166949,52.513552611829894,206985,206985,11,0,4,4,2018,11,9,6,3,2,2,0,0,1,0,0,0,0,0,792205.6899,5826881.2888
203985,13.47087191662406,52.51535306820262,206986,206986,11,0,2,2,2018,10,14,3,3,2,6,0,1,0,0,0,0,0,1,803310.9195,5827758.4862
203986,13.358434855415759,52.50681584643358,206987,206987,11,0,1,1,2018,11,9,6,3,2,6,0,0,1,0,0,0,0,0,795744.2794,5826342.5181
203987,13.426192942038758,52.548664782609265,206988,206988,11,0,3,3,2018,10,13,2,3,5,3,0,0,1,0,1,0,0,0,800053.938,5831273.9402
203988,13.420569328460054,52.50309824041323,206989,206989,11,0,2,2,2018,11,8,6,3,2,6,0,1,1,0,0,0,0,0,799983.6362,5826185.9733
203989,13.371649750574903,52.46949272009214,206990,206990,11,0,7,7,2018,10,11,3,3,0,1,0,0,0,0,1,0,0,1,796892.0958,5822248.3994
203990,13.371739697087646,52.50948563006335,206991,206991,11,0,1,1,2018,10,12,2,3,2,6,0,0,1,0,0,0,1,0,796628.6328,5826693.9111
203991,13.455117156271644,52.45304046220294,206992,206992,11,0,8,8,2018,10,15,3,2,2,6,0,0,1,0,0,0,0,1,802670.6657,5820766.5908
203992,13.29434569592392,52.491628870823966,206993,206993,11,0,4,4,2018,10,9,2,3,5,3,0,0,1,0,0,0,0,0,791498.1661,5824393.5534
203993,13.363643641369315,52.5562920305181,206994,206994,11,0,1,1,2018,10,15,3,3,1,5,0,0,1,0,0,0,1,1,795764.4882,5831863.1167
203994,13.332840486633645,52.45766110218525,206995,206995,11,0,6,6,2018,11,23,5,3,1,1,2,0,1,0,0,0,1,0,794336.7569,5820774.3225
203995,13.392848588111624,52.41730267434236,206996,206996,11,0,7,7,2018,10,14,3,3,5,3,0,1,1,0,0,0,0,1,798684.3106,5816535.0791
203996,13.552041893558126,52.41481440361976,206997,206997,11,0,9,9,2018,10,21,2,2,8,1,2,0,1,0,0,0,0,1,809520.0859999999,5816929.1156
203997,13.465624751048312,52.50470417177596,206998,206998,11,0,2,2,2018,11,23,5,3,6,7,2,1,0,1,0,0,0,0,803028.4748,5826552.8554
203998,13.554567740541392,52.50372176139278,206999,206999,11,0,10,10,2018,10,14,3,3,5,3,0,0,1,0,1,0,0,1,809067.5973,5826821.1852
203999,13.453564314098498,52.51413556546233,207000,207000,11,0,2,2,2018,11,22,5,3,5,3,2,1,0,0,0,0,1,0,802145.725,5827550.494
204000,13.420823577736616,52.54878097672732,205001,205001,11,0,3,3,2018,9,22,3,2,5,3,2,1,1,0,0,0,0,0,799689.3423,5831264.5126
204001,13.415243537839089,52.498587661885175,205002,205002,11,0,2,2,2018,9,16,7,3,2,6,0,1,1,0,0,0,0,0,799653.1206,5825662.4954
204002,13.414962076795948,52.42117488082325,205003,205003,11,0,8,8,2018,9,21,3,3,5,3,2,1,0,0,0,0,1,0,800160.7829999999,5817057.179
204003,13.444535789148905,52.46799002898839,205004,205004,11,0,8,8,2018,9,16,5,3,6,4,0,1,0,1,0,0,0,0,801849.7559999999,5822383.8311
204004,13.371476163722644,52.56064528203144,205005,205005,11,0,12,12,2018,9,20,3,3,5,3,1,0,1,0,1,0,0,0,796265.7332,5832379.1514
204005,13.438396395273404,52.497330546991996,205006,205006,11,0,2,2,2018,9,15,7,3,5,3,0,1,1,0,0,0,0,0,801232.245,5825619.2306
204006,13.437627362830026,52.47884249304075,205007,205007,11,0,8,8,2018,9,19,3,3,6,7,0,0,1,1,0,0,0,0,801306.5755,5823561.1515
204007,13.21083931142866,52.527465164777496,205008,205008,11,0,5,5,2018,9,9,3,3,2,6,0,0,1,0,0,0,0,0,785599.7618,5828042.7214
204008,13.270251729261956,52.49721675374529,205009,205009,11,0,4,4,2018,9,15,7,2,0,1,0,1,0,0,0,0,0,0,789826.6761,5824917.557999999
204009,13.396625157668348,52.53745611797842,205010,205010,11,0,1,1,2018,9,15,7,3,5,3,0,1,0,0,1,0,0,0,798126.5914,5829905.4271
204010,13.378314234886785,52.529179963796025,205011,205011,11,0,1,1,2018,9,19,3,3,5,2,0,1,1,0,0,0,0,0,796941.4973,5828909.9678
204011,13.45076216509676,52.47244688678036,205012,205012,11,0,8,8,2018,9,13,7,3,6,4,0,0,0,1,0,0,1,0,802241.8217,5822905.2584
204012,13.335262341944684,52.47218238532986,205013,205013,11,0,7,7,2018,9,20,5,3,6,7,2,1,0,1,0,0,0,0,794404.1677,5822398.2367
204013,13.310057528483838,52.507863117875544,205014,205014,11,0,4,4,2018,9,15,7,3,1,5,0,1,1,0,0,0,0,0,792456.2641,5826261.6161
204014,13.415916546666795,52.48802500284462,205015,205015,11,0,2,2,2018,9,0,3,3,5,2,2,1,1,0,0,0,0,0,799770.6943,5824491.2889
204015,13.500155272815954,52.561695860330104,205016,205016,11,0,11,11,2018,9,9,3,3,5,3,0,1,1,0,0,0,0,0,804974.7079,5833032.7902
204016,13.352471436114536,52.43477267933852,205017,205017,11,0,6,6,2018,9,21,7,2,0,6,2,1,1,0,0,0,0,0,795823.1635,5818310.5631
204017,13.476030006154554,52.53300297166313,205018,205018,11,0,11,11,2018,9,9,3,2,0,3,0,0,1,0,1,0,0,0,803538.7976,5829741.8874
204018,13.607058382192376,52.53893696684668,205019,205019,11,0,10,10,2018,9,18,3,2,6,4,0,0,1,1,0,0,0,0,812377.2834,5830961.2717
204019,13.574353476932249,52.56745211162859,205020,205020,11,0,10,10,2018,9,22,7,3,5,2,2,0,1,0,0,0,1,0,809959.6868,5833989.2072
204020,13.423308862191545,52.52017616423354,205021,205021,11,0,1,1,2018,9,21,7,2,2,6,2,1,1,0,0,0,0,0,800052.9393,5828095.5234
204021,13.391236376281345,52.550294934844636,205022,205022,11,0,1,1,2018,9,9,3,2,5,3,0,1,0,0,0,1,0,0,797674.3862,5831310.1597
204022,13.308399660677544,52.58341991943448,205023,205023,11,0,12,12,2018,9,9,3,2,5,2,0,1,0,0,0,0,1,0,791841.5587,5834653.1177
204023,13.314138746397814,52.424445240648325,205024,205024,11,0,6,6,2018,9,19,7,3,5,7,2,0,1,0,1,0,0,0,793287.7268,5817006.2575
204024,13.345273550153232,52.49208231297574,205025,205025,11,0,7,7,2018,9,19,7,3,2,6,0,0,1,0,1,0,0,0,794950.3774,5824650.9986
204025,13.441072678625765,52.54937150090589,205026,205026,11,0,3,3,2018,9,8,3,3,0,1,0,0,0,0,1,0,0,0,801057.2726,5831414.5466
204026,13.208365865870846,52.56191926052392,205027,205027,11,0,5,5,2018,9,13,7,3,5,3,0,1,1,0,0,0,0,0,785208.3767,5831862.668
204027,13.507127489401483,52.49681495904707,205028,205028,11,0,11,11,2018,9,19,5,3,5,2,1,1,1,0,0,0,0,0,805898.1007,5825851.2529
204028,13.312977326245079,52.48030316747546,205029,205029,11,0,4,4,2018,9,13,7,3,0,2,0,1,1,0,0,0,0,0,792837.5617,5823210.1587
204029,13.37751480165757,52.491907626767386,205030,205030,11,0,7,7,2018,9,8,3,3,2,6,0,0,1,0,1,0,0,0,797138.9412,5824763.9225
204030,13.399194604383938,52.464642185246035,205031,205031,11,0,7,7,2018,9,6,3,3,5,7,0,0,1,0,0,0,1,0,798794.6932,5821822.9881
204031,13.459234636478715,52.52589776033815,205032,205032,11,0,11,11,2018,9,8,3,3,2,6,0,0,1,0,0,0,0,0,802449.312,5828881.582
204032,13.395660543123011,52.498982856041614,205033,205033,11,0,2,2,2018,9,1,7,3,5,7,2,0,1,0,0,0,1,0,798322.0649,5825625.2293
204033,13.464736688236533,52.514604317031214,205034,205034,11,0,2,2,2018,9,18,3,3,2,6,1,0,1,0,1,0,0,0,802900.0718,5827649.472999999
204034,13.411482769648206,52.54019906077366,205035,205035,11,0,3,3,2018,9,20,7,1,0,7,1,1,0,0,0,1,0,0,799114.8688,5830271.8545
204035,13.303796909655695,52.459123510411175,205036,205036,11,0,6,6,2018,9,19,5,2,5,2,0,1,1,0,0,0,0,0,792355.0426,5820818.7977
204036,13.327383695593085,52.564158399484135,205037,205037,11,0,12,12,2018,9,23,6,3,2,6,2,0,1,0,0,0,0,1,793255.5109999999,5832589.2653
204037,13.559215588787124,52.44763694701375,205038,205038,11,0,9,9,2018,9,18,3,3,2,6,1,0,1,0,1,0,0,0,809777.0355,5820607.81
204038,13.202689229232496,52.53683160250321,205039,205039,11,0,5,5,2018,9,20,6,3,6,7,1,0,0,1,0,1,0,0,784986.5202,5829051.5939
204039,13.49927345599036,52.63061316005845,205040,205040,11,0,3,3,2018,9,18,5,3,5,3,0,1,1,0,0,0,0,0,804436.178,5840688.804
204040,13.345158272946069,52.48898355501821,205041,205041,11,0,7,7,2018,9,18,3,3,5,2,1,1,1,0,0,0,0,0,794963.3163,5824306.1025
204041,13.417344244537725,52.487711825062895,205042,205042,11,0,2,2,2018,9,20,6,3,1,5,2,1,1,0,0,0,0,0,799869.6955,5824462.4152
204042,13.418148120834351,52.5155681916515,205043,205043,11,0,1,1,2018,9,22,6,3,5,2,2,0,1,0,0,0,0,0,799734.446,5827561.8963
204043,13.26758438055346,52.407617644253435,205044,205044,11,0,6,6,2018,9,8,3,3,0,1,0,1,0,0,0,0,0,0,790234.9453,5814947.7315
204044,13.52879955134507,52.55656583348896,205045,205045,11,0,10,10,2018,9,7,6,3,0,3,0,0,0,0,1,1,0,1,806950.7270000001,5832584.2586
204045,13.307134630636584,52.5000831089698,205046,205046,11,0,4,4,2018,9,18,3,3,5,2,0,0,1,0,0,0,0,0,792309.7036,5825385.0114
204046,13.31976369487304,52.457228467367365,205047,205047,11,0,6,6,2018,9,19,6,2,6,7,2,0,1,1,0,0,0,0,793451.7452,5820672.9749
204047,13.550830226139944,52.42907889748229,205048,205048,11,0,9,9,2018,9,18,3,3,2,6,0,0,1,0,0,0,0,0,809337.7359999999,5818509.2870000005
204048,13.121940523539164,52.45147593962057,205049,205049,11,0,5,5,2018,9,7,3,3,4,2,0,1,1,0,0,0,0,0,780055.8171,5819247.5079
204049,13.448143779062793,52.4683728614973,205050,205050,11,0,8,8,2018,9,19,6,3,3,6,1,1,0,0,1,0,0,0,802092.0397,5822441.4832
204050,13.188872063981046,52.521541104753524,205051,205051,11,0,5,5,2018,9,19,6,3,5,2,0,1,1,0,0,0,0,0,784148.8035,5827297.4374
204051,13.429620202595599,52.52327866140328,205052,205052,11,0,2,2,2018,9,18,6,3,5,3,0,1,1,0,0,0,0,0,800459.645,5828466.6408
204052,13.162020254125448,52.522963415584364,205053,205053,11,0,5,5,2018,9,17,3,3,5,3,0,1,1,0,0,0,0,0,782319.0391,5827350.0572
204053,13.38627051634017,52.549584337254245,205054,205054,11,0,1,1,2018,9,18,6,3,2,4,0,0,1,1,1,0,0,0,797342.7407,5831210.6779
204054,13.545299377089071,52.39910486312601,205055,205055,11,0,9,9,2018,9,7,3,3,2,6,0,0,1,0,0,0,1,0,809171.8508,5815154.2563
204055,13.402706179915018,52.59315726726261,205056,205056,11,0,3,3,2018,9,18,6,2,5,3,0,0,1,0,1,0,0,0,798160.2220000001,5836121.6474
204056,13.355143331196704,52.501780805469615,205057,205057,11,0,1,1,2018,9,17,3,3,3,6,0,0,1,0,1,0,0,0,795554.8587,5825769.3839
204057,13.310182837177786,52.567961215821896,205058,205058,11,0,12,12,2018,9,17,3,3,2,6,0,0,1,0,0,0,0,0,792065.1339,5832942.0879999995
204058,13.345856835250375,52.50132578506203,205059,205059,11,0,7,7,2018,9,18,6,3,5,2,0,0,1,0,1,0,0,0,794928.0091,5825680.7895
204059,13.49571250186476,52.41770202409298,205060,205060,11,0,8,8,2018,9,16,3,3,6,4,0,0,1,1,0,0,0,0,805671.9554,5817010.0314
204060,13.554019786184385,52.455953349523774,205061,205061,11,0,9,9,2018,9,16,3,3,2,6,0,0,1,0,0,0,0,0,809365.828,5821509.8081
204061,13.354440413859935,52.55152829942279,205062,205062,11,0,1,1,2018,9,17,6,3,1,5,0,1,1,0,0,0,1,0,795173.0248,5831295.8977
204062,13.565134437277226,52.445371466490535,205063,205063,11,0,9,9,2018,9,15,6,3,1,5,0,1,0,0,0,0,0,0,810194.9118,5820381.4506
204063,13.333930572467999,52.52448803494118,205064,205064,11,0,1,1,2018,9,16,3,3,2,2,0,1,1,0,0,0,0,0,793964.2263,5828206.5636
204064,13.26470635445292,52.508788867305604,205065,205065,11,0,4,4,2018,9,15,6,3,0,1,0,0,0,0,1,0,0,0,789374.3855,5826181.557
204065,13.281373041362643,52.50097613212632,205066,205066,11,0,4,4,2018,9,14,6,3,3,6,0,0,1,0,0,0,0,0,790556.3096,5825380.169
204066,13.30676726100786,52.42892866051345,205067,205067,11,0,6,6,2018,9,0,3,3,5,3,2,0,1,0,0,0,0,0,792757.09,5817474.6683
204067,13.433549354596586,52.44416378324057,205068,205068,11,0,8,8,2018,9,18,3,3,0,1,0,0,0,0,1,0,0,0,801266.8018,5819689.7382
204068,13.335421888129039,52.47153975382002,205069,205069,11,0,7,7,2018,9,14,6,3,2,6,0,0,1,0,0,0,0,0,794419.2915,5822327.4596
204069,13.314803364062467,52.50630886943686,205070,205070,11,0,4,4,2018,9,0,3,3,5,7,2,0,1,0,0,0,0,0,792788.4736,5826108.1186
204070,13.332325804976465,52.50629925210094,205071,205071,11,0,4,4,2018,9,23,3,3,5,3,2,0,1,0,0,0,0,0,793976.9656,5826178.3387
204071,13.359794348698768,52.523465178052604,205072,205072,11,0,1,1,2018,9,14,6,3,5,3,0,0,1,0,0,0,0,0,795724.5278,5828198.6497
204072,13.55000352994018,52.568888674621,205073,205073,11,0,11,11,2018,9,13,6,3,6,7,0,0,0,1,0,0,1,0,808300.5489,5834044.3821
204073,13.415155932335946,52.49533736650315,205074,205074,11,0,2,2,2018,9,22,3,3,6,7,2,0,1,1,0,0,0,0,799669.3067,5825300.872
204074,13.41833298513667,52.51559372258763,205075,205075,11,0,1,1,2018,9,1,6,3,5,3,2,1,1,0,0,0,0,0,799746.807,5827565.5025
204075,13.296148387425376,52.610650905108535,205076,205076,11,0,12,12,2018,9,15,3,2,1,7,0,0,1,0,1,0,0,0,790831.4654,5837630.3355
204076,13.322392954115205,52.486374231083964,205077,205077,11,0,4,4,2018,9,9,6,3,5,2,0,1,0,0,0,0,1,1,793436.0842,5823923.222
204077,13.454816595248955,52.43471905577425,205078,205078,11,0,8,8,2018,9,13,3,3,5,2,0,1,1,0,0,0,0,0,802776.0258,5818729.0036
204078,13.332050552190235,52.56336901161147,205079,205079,11,0,12,12,2018,9,9,6,3,0,1,0,0,0,1,1,0,0,1,793576.8916,5832520.5281
204079,13.297563986786098,52.61728170951015,205080,205080,11,0,12,12,2018,9,6,3,3,5,3,0,1,1,0,0,0,0,0,790883.2405,5838373.0814
204080,13.254957569291689,52.42771698691821,205081,205081,11,0,6,6,2018,9,7,6,3,2,1,0,0,1,0,0,0,1,1,789244.8890000001,5817131.1388
204081,13.335456245095394,52.526804332642925,205082,205082,11,0,1,1,2018,9,9,6,2,5,2,0,1,0,0,1,0,0,0,794052.1686,5828470.242000001
204082,13.50177629083098,52.49821526751686,205083,205083,11,0,11,11,2018,9,19,2,3,5,3,1,1,1,0,0,0,0,0,805525.3887,5825984.2015
204083,13.308264610652671,52.496185507340385,205084,205084,11,0,4,4,2018,9,17,2,3,5,2,0,0,1,0,0,0,0,0,792412.2458,5824956.3707
204084,13.326607844936705,52.56228887670154,205085,205085,11,0,12,12,2018,9,9,6,3,2,6,0,0,1,0,0,1,0,1,793215.4431,5832378.3095
204085,13.406957927714329,52.41584602819324,205086,205086,11,0,8,8,2018,9,16,2,3,5,2,0,0,1,0,0,0,1,0,799653.0538,5816431.6459
204086,13.381499361745286,52.45844461011468,205087,205087,11,0,7,7,2018,9,17,2,3,0,2,0,0,1,1,0,0,0,0,797635.2857,5821061.0069
204087,13.327522710781643,52.50547630895645,205088,205088,11,0,4,4,2018,9,9,6,3,2,6,0,0,1,0,0,0,0,1,793656.697,5826067.2986
204088,13.274233205433305,52.51034512694872,205089,205089,11,0,4,4,2018,9,9,6,3,2,7,0,0,1,0,1,0,0,1,790010.2442,5826392.8111
204089,13.440852677619413,52.579299785536925,205090,205090,11,0,3,3,2018,9,17,2,3,2,6,0,0,1,0,0,0,0,0,800837.2346,5834740.0403
204090,13.471385518506294,52.52626839974342,205091,205091,11,0,11,11,2018,9,9,6,3,2,6,0,1,1,0,0,0,0,1,803270.458,5828973.8270000005
204091,13.444681079968026,52.46800519842396,205092,205092,11,0,8,8,2018,9,17,2,3,5,2,0,1,1,0,0,0,0,0,801859.5144,5822386.125
204092,13.332753767767706,52.47869340674128,205093,205093,11,0,4,4,2018,9,20,4,3,5,7,2,1,1,0,0,0,0,0,794190.4101,5823111.7003
204093,13.357505133232687,52.44849494610542,205094,205094,11,0,6,6,2018,9,0,7,3,2,2,2,0,1,0,0,0,0,0,796072.9852,5819856.4135
204094,13.477872655618167,52.51647445563465,205095,205095,11,0,11,11,2018,9,13,4,2,0,1,0,0,0,0,1,0,0,0,803777.8636,5827912.5975
204095,13.218304614171949,52.51989839212006,205096,205096,11,0,5,5,2018,9,10,6,2,9,1,0,0,0,0,0,0,1,0,786155.0887,5827231.2406
204096,13.346771294158465,52.56857013183043,205097,205097,11,0,12,12,2018,9,19,4,3,5,2,2,1,1,0,0,0,0,0,794539.1020000001,5833158.7099
204097,13.37760601748984,52.475632274986275,205098,205098,11,0,7,7,2018,9,23,7,3,5,3,2,0,1,0,0,0,0,1,797254.9712,5822955.326
204098,13.371321578035294,52.52091239843862,205099,205099,11,0,1,1,2018,9,20,7,3,6,4,2,0,0,1,1,0,0,0,796523.2368,5827962.2589
204099,13.401531651545634,52.569120533389594,205100,205100,11,0,3,3,2018,9,19,4,3,0,3,1,1,1,0,0,0,0,0,798244.0469,5833445.1557
204100,13.371588339047127,52.55399656697484,205101,205101,11,0,1,1,2018,9,19,7,2,5,2,1,0,1,0,0,0,1,0,796318.1861,5831640.616
204101,13.417260965321006,52.553297513653156,205102,205102,11,0,3,3,2018,9,17,4,3,1,5,0,1,1,0,0,0,0,0,799417.1701,5831751.7027
204102,13.438757376982135,52.505721816047924,205103,205103,11,0,2,2,2018,9,19,7,3,2,6,0,1,1,0,0,0,0,0,801199.2929,5826553.3922
204103,13.430012203131074,52.510210043724115,205104,205104,11,0,2,2,2018,9,17,4,3,3,2,0,1,1,0,0,0,0,0,800575.5179999999,5827015.7477
204104,13.321013138245528,52.528211018343924,205105,205105,11,0,1,1,2018,9,13,4,3,2,6,0,0,1,0,1,0,0,0,793063.6741,5828567.7825
204105,13.285233341090358,52.47948140968779,205106,205106,11,0,4,4,2018,9,17,7,3,5,2,0,1,1,0,0,0,0,0,790960.1739,5823006.5568
204106,13.395944311039797,52.51993359830156,205107,205107,11,0,1,1,2018,9,20,5,2,0,1,2,1,0,0,0,0,0,0,798199.2752,5827955.025
204107,13.385933318426925,52.484313331928185,205108,205108,11,0,7,7,2018,9,15,7,3,2,2,0,0,1,0,0,0,1,0,797761.442,5823954.551
204108,13.426883667440526,52.564326301548405,205109,205109,11,0,3,3,2018,9,13,7,3,5,3,0,1,1,0,0,0,0,0,799993.7421,5833017.5411
204109,13.441084540879071,52.54955798540455,205110,205110,11,0,3,3,2018,9,11,4,3,5,2,0,1,1,0,0,0,0,0,801056.7983,5831435.3232
204110,13.467389698036492,52.54815303505793,205111,205111,11,0,3,3,2018,9,18,5,3,2,7,1,0,1,0,0,0,0,0,802848.7424,5831389.3886
204111,13.37819827945158,52.467609614786355,205112,205112,11,0,7,7,2018,9,11,4,3,5,2,0,1,0,0,0,0,1,0,797349.3107,5822066.0652
204112,13.379947681093752,52.5528796019651,205113,205113,11,0,1,1,2018,9,11,7,3,6,4,0,0,1,1,0,0,0,0,796892.0661,5831550.8728
204113,13.350989462034105,52.567577679738356,205114,205114,11,0,12,12,2018,9,23,7,2,8,1,2,0,0,0,1,0,0,0,794831.4477,5833065.6511
204114,13.44666140702872,52.502570252980355,205115,205115,11,0,2,2,2018,9,16,5,3,5,3,0,1,1,0,0,0,0,0,801756.9663,5826236.156
204115,13.261243647273307,52.41174556648386,205116,205116,11,0,6,6,2018,9,11,4,3,1,5,0,1,0,0,0,0,1,0,789776.8315,5815381.0907
204116,13.4056439358971,52.53456426754554,205117,205117,11,0,1,1,2018,9,19,6,3,6,4,1,1,0,1,0,0,0,0,798757.4789,5829621.3471
204117,13.33705328258391,52.48580447901208,205118,205118,11,0,4,4,2018,9,15,5,3,6,4,0,1,0,1,0,0,0,0,794434.6536,5823919.6354
204118,13.448415040634188,52.52181140227071,205119,205119,11,0,2,2,2018,9,10,4,3,5,3,0,1,1,0,0,0,0,0,801743.8946,5828382.0616
204119,13.297356255868197,52.57764617301855,205120,205120,11,0,12,12,2018,9,23,6,3,5,2,2,0,1,0,1,0,0,0,791132.172,5833966.6737
204120,13.445899251188855,52.544751000662565,205121,205121,11,0,3,3,2018,9,9,4,3,5,3,0,0,1,0,0,0,0,0,801415.9892,5830921.1719
204121,13.412015709563557,52.52557855394708,205122,205122,11,0,1,1,2018,9,10,4,3,1,5,0,1,0,0,0,0,1,0,799250.5018,5828649.0407
204122,13.425340902568214,52.47991646399186,205123,205123,11,0,8,8,2018,9,18,6,3,1,5,0,1,1,0,0,0,0,0,800465.4514,5823629.2684
204123,13.427702060512114,52.48113599349958,205124,205124,11,0,8,8,2018,9,19,6,3,5,2,0,1,1,0,0,0,0,0,800617.3586,5823774.6522
204124,13.321605971535824,52.500318362562,205125,205125,11,0,4,4,2018,9,10,5,3,6,7,0,0,1,1,0,0,0,0,793289.7707,5825469.9137
204125,13.31116690743556,52.496074063383944,205126,205126,11,0,4,4,2018,9,8,4,3,5,3,0,0,1,0,0,0,0,0,792609.8759999999,5824955.7547
204126,13.432490576846533,52.5231627184289,205127,205127,11,0,2,2,2018,9,19,6,3,4,6,1,1,0,0,0,0,0,0,800655.0331,5828465.7213
204127,13.328964351404093,52.50550794357165,205128,205128,11,0,4,4,2018,9,8,6,3,1,5,0,1,1,0,0,0,0,0,793754.2642,5826076.6864
204128,13.433885654194565,52.55324177480998,205129,205129,11,0,3,3,2018,9,9,4,3,1,5,0,1,1,0,0,0,0,0,800543.8427,5831814.7131
204129,13.420581254493785,52.5031155615168,205130,205130,11,0,2,2,2018,9,9,4,3,2,2,0,1,1,0,0,0,0,0,799984.327,5826187.9481
204130,13.575296243551573,52.54701539449078,205131,205131,11,0,10,10,2018,9,23,6,2,5,3,2,1,1,0,0,0,0,0,810167.8469,5831721.9136
204131,13.616976003914607,52.54000909060425,205132,205132,11,0,10,10,2018,9,16,4,3,6,4,0,0,1,1,0,0,0,0,813041.7204,5831123.4612
204132,13.467037794702025,52.51277537366602,205133,205133,11,0,2,2,2018,9,16,4,3,2,6,0,1,1,0,0,0,0,0,803068.7042,5827455.8657
204133,13.604521220928097,52.53654869240674,205134,205134,11,0,10,10,2018,9,16,4,2,6,4,0,0,1,1,0,0,0,0,812222.3187,5830684.846
204134,13.410529861049318,52.50336654450397,205135,205135,11,0,2,2,2018,9,22,6,3,2,2,2,0,1,0,0,0,0,0,799300.8746,5826174.0771
204135,13.55257278890788,52.5002378800891,205136,205136,11,0,10,10,2018,9,16,4,2,5,2,0,1,1,0,0,0,0,0,808956.757,5826425.432999999
204136,13.410452379559436,52.50380079226258,205137,205137,11,0,2,2,2018,9,15,4,3,5,2,0,1,1,0,0,0,0,0,799292.6658,5826222.0208
204137,13.341316561158225,52.57523602133902,205138,205138,11,0,12,12,2018,9,10,6,3,5,7,0,1,1,0,0,0,0,0,794125.0056,5833877.3395
204138,13.502232171464653,52.48154395983421,205139,205139,11,0,9,9,2018,9,9,6,3,2,2,0,0,1,0,0,0,0,0,805672.0463,5824133.2318
204139,13.396062733248765,52.496060280739975,205140,205140,11,0,2,2,2018,9,8,5,3,0,1,0,1,0,0,0,0,0,0,798369.1579,5825302.0566
204140,13.439438107728028,52.59747565016694,205141,205141,11,0,3,3,2018,9,15,4,3,1,5,0,1,1,0,0,0,0,0,800616.8776,5836754.3149
204141,13.334001473798413,52.4684187393351,205142,205142,11,0,7,7,2018,9,9,6,3,0,6,0,0,1,0,0,1,0,0,794343.7279,5821974.7646
204142,13.400653357014262,52.4904610339694,205143,205143,11,0,2,2,2018,9,15,4,3,5,3,0,1,1,0,0,0,0,0,798718.5666,5824698.7187
204143,13.399649034238395,52.49846159829207,205144,205144,11,0,2,2,2018,9,15,4,3,3,6,0,1,0,0,0,0,0,0,798596.1517,5825583.7998
204144,13.274918387331445,52.535893973070685,205145,205145,11,0,5,5,2018,9,9,6,2,1,5,0,1,1,0,0,0,0,0,789888.2488,5829235.3779
204145,13.332508723527868,52.4403008161545,205146,205146,11,0,6,6,2018,9,14,4,3,5,3,0,1,1,0,0,0,0,0,794430.1303,5818843.3836
204146,13.340638301677684,52.51977035404909,205147,205147,11,0,1,1,2018,9,9,6,3,0,6,0,1,1,0,0,0,0,0,794450.5614,5827709.5669
204147,13.498478897918188,52.434089213889564,205148,205148,11,0,9,9,2018,9,15,4,3,2,6,0,0,1,0,0,0,0,0,805746.3794,5818843.0672
204148,13.449582005188875,52.47908432449656,205149,205149,11,0,8,8,2018,9,18,6,2,6,4,1,1,0,1,0,0,0,0,802116.1921,5823638.0332