,X,Y,OBJECTID_1,OBJECTID,ULAND,UREGBEZ,UKREIS,UGEMEINDE,UJAHR,UMONAT,USTUNDE,UWOCHENTAG,UKATEGORIE,UART,UTYP1,ULICHTVERH,IstRad,IstPKW,IstFuss,IstKrad,IstGkfz,IstSonstig,STRZUSTAND,LINREFX,LINREFY
204149,13.326980146316323,52.429633304186346,205150,205150,11,0,6,6,2018,9,8,6,3,6,7,0,1,0,1,0,0,0,0,794125.7147,5817635.156
204150,13.296021868700773,52.530276577639974,205151,205151,11,0,4,4,2018,9,16,4,3,2,6,0,0,1,0,0,0,0,0,791355.8357,5828696.0724
204151,13.288940501418347,52.4659065682512,205152,205152,11,0,6,6,2018,9,0,6,3,0,5,2,1,1,0,0,0,0,0,791301.5048,5821512.6546
204152,13.307745726676574,52.50658219467637,205153,205153,11,0,4,4,2018,9,18,6,3,2,6,0,0,1,0,1,0,0,0,792307.9844,5826109.8671
204153,13.40917816693961,52.52844760953057,205154,205154,11,0,1,1,2018,9,10,6,3,0,1,0,1,0,0,0,0,0,0,799038.6265,5828956.1526
204154,13.432650755444813,52.48172066766117,205155,205155,11,0,8,8,2018,9,6,5,2,5,7,0,0,1,0,1,0,0,0,800949.1794,5823860.2723
204155,13.303937849035576,52.51834676403182,205156,205156,11,0,4,4,2018,9,15,4,3,0,1,0,1,0,0,0,0,0,0,791971.6326,5827402.0826
204156,13.292432929359126,52.49785475274325,205157,205157,11,0,4,4,2018,9,8,6,3,5,5,0,0,1,0,1,0,0,0,791327.1866,5825077.8398
204157,13.42912806326212,52.48657308175385,205158,205158,11,0,8,8,2018,9,18,6,2,3,6,0,1,0,0,0,0,1,0,800676.9990000001,5824384.9067
204158,13.294258331169274,52.497705127656495,205159,205159,11,0,4,4,2018,9,13,4,2,0,4,0,0,0,1,0,1,1,0,791452.007,5825068.5839
204159,13.407249185783945,52.52929006634135,205160,205160,11,0,1,1,2018,9,15,5,2,3,6,0,1,1,0,0,0,0,0,798902.1390000001,5829041.789
204160,13.467000117562401,52.4283929648529,205161,205161,11,0,8,8,2018,9,17,4,3,6,4,0,0,1,1,0,0,0,0,803647.1971,5818077.0767
204161,13.424373885927777,52.48827632469774,205162,205162,11,0,2,2,2018,9,8,6,3,6,4,0,1,0,1,0,0,0,1,800342.8033,5824554.4071
204162,13.341216001948677,52.48556915049834,205163,205163,11,0,7,7,2018,9,17,4,3,5,2,0,1,0,0,1,0,0,0,794718.6879,5823910.478999999
204163,13.349383195254385,52.447580924031286,205164,205164,11,0,6,6,2018,9,19,5,3,1,5,2,1,1,0,0,0,0,0,795527.5355,5819721.5305
204164,13.527589221518367,52.48440708498518,205165,205165,11,0,11,11,2018,9,16,4,3,5,3,0,0,1,0,0,0,0,0,807372.7106,5824559.2113
204165,13.540557197653664,52.525956522372,205166,205166,11,0,10,10,2018,9,17,6,3,2,6,0,1,1,0,0,0,0,0,807961.6504,5829232.4328
204166,13.430571422361748,52.46433926712391,205167,205167,11,0,8,8,2018,9,7,6,3,6,4,0,0,1,1,0,0,0,0,800926.7905,5821919.7286
204167,13.32930218801951,52.46566919316822,205168,205168,11,0,7,7,2018,9,16,5,3,2,7,0,0,1,0,0,0,0,0,794043.0803,5821649.992000001
204168,13.376645700484787,52.5101041709984,205169,205169,11,0,1,1,2018,9,12,4,3,5,7,0,0,1,0,0,0,0,0,796957.1686,5826782.8543
204169,13.583809659245873,52.5095712699596,205170,205170,11,0,10,10,2018,9,7,6,3,5,3,0,1,1,0,0,0,0,1,811009.4667,5827597.0474
204170,13.36708586606214,52.49321318095581,205171,205171,11,0,7,7,2018,9,15,5,3,5,3,0,1,1,0,0,0,0,0,796422.6064,5824866.118
204171,13.500038365166562,52.49894235246943,205172,205172,11,0,11,11,2018,9,12,4,3,2,2,0,0,1,0,0,0,0,0,805402.457,5826057.6501
204172,13.499705608524096,52.525192887445314,205173,205173,11,0,11,11,2018,9,7,6,2,5,3,0,0,1,0,1,0,0,0,805197.6993,5828973.8144
204173,13.527276730868692,52.5919010751705,205174,205174,11,0,11,11,2018,9,17,4,3,2,6,0,0,1,0,0,0,0,0,806600.6203,5836505.0278
204174,13.39225461126599,52.49215361110401,205175,205175,11,0,2,2,2018,9,11,4,3,5,3,0,1,0,0,0,0,0,0,798137.2829999999,5824852.0919
204175,13.392953399047403,52.50438058840985,205176,205176,11,0,2,2,2018,9,7,6,3,0,1,0,0,0,0,1,0,0,0,798101.8657,5826213.9786
204176,13.549470351971266,52.56876419845068,205177,205177,11,0,11,11,2018,9,17,5,2,5,2,0,1,1,0,0,0,0,0,808265.3157,5834028.266
204177,13.405393442476734,52.53429711235218,205178,205178,11,0,1,1,2018,9,17,4,2,0,1,0,1,0,0,0,0,0,0,798742.3168,5829590.6153
204178,13.437148382018863,52.49319585704466,205179,205179,11,0,2,2,2018,9,16,6,3,3,6,0,1,1,0,0,0,0,0,801175.8765,5825154.4651
204179,13.452839983620287,52.512410737497724,205180,205180,11,0,2,2,2018,9,9,4,3,3,6,0,1,0,0,0,0,1,0,802108.4556,5827355.7523
204180,13.390983067540875,52.54486572084126,205181,205181,11,0,1,1,2018,9,8,4,3,6,2,0,0,0,1,0,0,1,0,797694.0089,5830705.6674
204181,13.298279047548867,52.59843072891913,205182,205182,11,0,12,12,2018,9,16,6,3,5,3,0,0,1,0,0,0,0,0,791056.738,5836280.6454
204182,13.29753283680528,52.49813452251837,205183,205183,11,0,4,4,2018,9,18,5,3,0,7,0,0,1,0,0,0,1,0,791671.2947,5825129.5494
204183,13.317002498268476,52.5026740374791,205184,205184,11,0,4,4,2018,9,9,4,3,5,2,0,1,1,0,0,0,0,0,792961.8239,5825713.0365
204184,13.393825039757473,52.52774058111557,205185,205185,11,0,1,1,2018,9,16,6,3,6,6,0,1,0,1,0,0,0,0,798002.6745,5828813.9893
204185,13.29524003346796,52.57554893641328,205186,205186,11,0,12,12,2018,9,15,6,2,5,2,0,0,1,0,1,0,0,0,791002.7797,5833725.0123
204186,13.403274520639085,52.52151574562357,205187,205187,11,0,1,1,2018,9,16,5,3,6,4,0,1,0,1,0,0,0,0,798685.5199,5828161.2208
204187,13.274441670274765,52.50800532549077,205188,205188,11,0,4,4,2018,9,9,4,3,0,3,0,0,1,0,1,0,0,0,790039.8054,5826133.5756
204188,13.330565827468428,52.50697144244178,205189,205189,11,0,4,4,2018,9,20,6,3,1,5,2,1,0,0,0,0,1,0,793853.1095,5826245.8792
204189,13.448943932740884,52.48503691097974,205190,205190,11,0,8,8,2018,9,7,4,3,5,3,0,0,1,0,1,0,0,0,802032.062,5824296.9622
204190,13.338470123416355,52.51699295952903,205191,205191,11,0,1,1,2018,9,15,6,3,5,2,0,0,1,0,1,0,0,0,794322.1398,5827392.0075
204191,13.494836198000051,52.54542905673623,205192,205192,11,0,11,11,2018,9,6,4,3,5,3,0,1,1,0,0,0,0,0,804727.266,5831202.3331
204192,13.414425905640506,52.519601972641276,205193,205193,11,0,1,1,2018,9,16,4,3,6,7,0,1,0,1,0,0,0,0,799454.5891,5827994.7703
204193,13.323929589782347,52.57383633658715,205194,205194,11,0,12,12,2018,9,15,6,2,1,5,0,1,1,0,0,0,0,0,792956.9645,5833650.9231
204194,13.348727038821393,52.52464735380917,205195,205195,11,0,1,1,2018,9,15,6,3,1,5,0,1,1,0,0,0,0,0,794966.2791,5828284.708
204195,13.373318847322247,52.46910485173506,205196,205196,11,0,7,7,2018,9,10,5,3,6,7,0,1,0,1,0,0,0,0,797008.0069,5822212.1586
204196,13.392968700051632,52.53728090830064,205197,205197,11,0,1,1,2018,9,5,4,3,2,6,1,0,1,0,0,0,0,0,797879.9685,5829870.8356
204197,13.491380946837285,52.637762296478435,205198,205198,11,0,3,3,2018,9,14,6,3,6,2,0,0,0,1,0,0,1,0,803852.8269,5841450.0424
204198,13.184605475114925,52.547559229440814,205199,205199,11,0,5,5,2018,9,12,5,2,5,2,0,0,1,0,0,0,0,0,783691.566,5830172.695
204199,13.433676662042005,52.4867558386163,205200,205200,11,0,8,8,2018,9,13,6,3,5,7,0,1,1,0,0,0,0,0,800984.3773,5824424.1913
204200,13.249109490079693,52.551979163362894,205201,205201,11,0,5,5,2018,9,13,6,3,2,6,0,0,1,0,1,0,0,0,788033.5009999999,5830919.826
204201,13.491875801777857,52.45809046269931,205202,205202,11,0,9,9,2018,9,15,4,1,8,1,0,0,0,0,1,0,0,0,805131.6887,5821482.6911
204202,13.454581843007329,52.47451768323986,205203,205203,11,0,8,8,2018,9,14,3,3,5,2,0,0,1,0,0,0,0,0,802486.8526,5823151.4273
204203,13.330790717106554,52.48613619288615,205204,205204,11,0,4,4,2018,9,11,6,3,5,2,0,1,1,0,0,0,0,0,794007.4947,5823930.9603
204204,13.326780017840695,52.5086902028104,205205,205205,11,0,4,4,2018,9,12,3,3,6,4,0,0,1,1,0,0,0,0,793584.8796,5826421.4991
204205,13.427638162447641,52.49917146972235,205206,205206,11,0,2,2,2018,9,11,3,3,5,2,0,1,1,0,0,0,0,0,800489.8968,5825778.9583
204206,13.384803628566663,52.46571162209076,205207,205207,11,0,7,7,2018,9,9,6,2,6,4,0,0,1,1,0,0,0,0,797810.5202,5821882.3523
204207,13.451213666443376,52.535511143443976,205208,205208,11,0,3,3,2018,9,20,5,3,3,6,2,1,0,0,0,0,0,0,801839.5567,5829916.443
204208,13.412179902732866,52.49866911097497,205209,205209,11,0,2,2,2018,9,7,5,3,5,3,0,1,1,0,0,0,0,0,799444.7509,5825658.8225
204209,13.330459263021215,52.5111060004385,205210,205210,11,0,4,4,2018,9,11,3,3,5,2,0,0,0,0,1,0,0,0,793818.27,5826705.001
204210,13.422609733050336,52.54458356506372,205211,205211,11,0,3,3,2018,9,17,5,3,5,3,0,1,1,0,0,0,0,0,799839.0079,5830805.4134
204211,13.32097906784175,52.513077183165635,205212,205212,11,0,4,4,2018,9,14,5,3,5,3,0,0,1,0,0,0,0,0,793162.2278,5826885.5115
204212,13.480870431637651,52.4608845376003,205213,205213,11,0,9,9,2018,9,16,5,3,2,6,0,0,1,0,0,0,1,0,804365.1952,5821746.7491
204213,13.604139894174835,52.538651355906545,205214,205214,11,0,10,10,2018,9,22,5,3,6,4,2,0,1,1,0,0,0,1,812181.5385,5830916.8827
204214,13.300354443316088,52.52229309755949,205215,205215,11,0,4,4,2018,9,11,3,3,2,6,0,0,1,0,0,0,0,0,791702.4841,5827826.2176
204215,13.199616230087766,52.52479648602559,205216,205216,11,0,5,5,2018,9,10,3,3,1,5,0,1,1,0,0,0,0,0,784856.1998,5827701.6851
204216,13.282268968026411,52.53392921988344,205217,205217,11,0,4,4,2018,9,22,5,3,6,2,2,0,1,1,0,0,0,1,790399.4396,5829046.5770000005
204217,13.345118442544697,52.44885787477986,205218,205218,11,0,6,6,2018,9,10,3,3,5,2,0,0,1,0,1,0,0,0,795229.3519,5819846.0064
204218,13.45401912843188,52.488930694317844,205219,205219,11,0,9,9,2018,9,22,5,3,5,2,2,1,1,0,0,0,0,0,802349.6895,5824751.0016
204219,13.457846983706494,52.512837860973384,205220,205220,11,0,2,2,2018,9,9,3,3,5,3,0,1,1,0,0,0,0,0,802445.0467,5827424.2169
204220,13.4101633654814,52.52399554345048,205221,205221,11,0,1,1,2018,9,9,3,3,5,2,0,1,1,0,0,0,0,0,799135.6982,5828465.4061
204221,13.197243641081872,52.54102791369916,205222,205222,11,0,5,5,2018,9,19,5,3,0,7,0,0,0,0,1,0,0,0,784590.2531,5829496.5219
204222,13.349262706021928,52.54223231202307,205223,205223,11,0,1,1,2018,9,9,3,3,5,2,0,1,0,0,1,0,0,0,794884.6056,5830241.4584
204223,13.347590148964134,52.494479543989534,205224,205224,11,0,7,7,2018,9,9,3,3,0,6,0,0,0,0,1,0,1,0,795091.4765,5824926.9251
204224,13.38641423780249,52.5495002015909,205225,205225,11,0,1,1,2018,9,19,5,3,5,2,2,0,1,0,0,0,0,1,797353.048,5831201.9194
204225,13.392324827181847,52.49740198755346,205226,205226,11,0,2,2,2018,9,19,5,3,2,6,2,0,1,0,1,0,0,1,798106.5009999999,5825435.726
204226,13.566092452798483,52.55142633505209,205227,205227,11,0,10,10,2018,9,6,5,3,1,5,1,1,1,0,0,0,0,0,809513.1690000001,5832172.5742
204227,13.407428908129575,52.489242926967975,205228,205228,11,0,2,2,2018,9,6,3,3,6,4,1,1,0,1,0,0,0,0,799186.537,5824591.4144
204228,13.294240432237238,52.497156628143145,205229,205229,11,0,4,4,2018,9,11,5,3,1,5,0,1,1,0,0,0,0,1,791454.4246,5825007.5451
204229,13.399695393595273,52.56572775489065,205230,205230,11,0,3,3,2018,9,14,5,3,1,5,0,0,1,0,1,0,0,0,798142.7272,5833060.4563
204230,13.399667968029654,52.4984142620756,205231,205231,11,0,2,2,2018,9,19,5,3,5,3,1,0,1,0,0,0,0,0,798597.7572,5825578.6169
204231,13.388546850863404,52.43915688651504,205232,205232,11,0,7,7,2018,9,8,3,2,0,7,0,0,1,1,0,0,0,0,798244.2165,5818946.323
204232,13.30707178719424,52.419718915924776,205233,205233,11,0,6,6,2018,9,15,5,3,2,6,0,0,1,0,0,0,0,0,792838.8837,5816452.2386
204233,13.50348171994,52.411679519008075,205234,205234,11,0,8,8,2018,9,6,3,3,5,2,0,1,1,0,0,0,0,0,806241.698,5816373.601
204234,13.304638628381989,52.50991784584133,205235,205235,11,0,4,4,2018,9,15,5,3,2,6,0,0,1,0,0,0,0,0,792075.1078,5826468.0378
204235,13.401213697342412,52.41762938737438,205236,205236,11,0,8,8,2018,9,0,5,3,1,5,1,0,1,0,0,0,1,0,799250.5799,5816606.0336
204236,13.354541951334793,52.56210105924405,205237,205237,11,0,12,12,2018,9,8,3,3,1,5,0,0,1,0,0,0,0,0,795108.8562,5832471.47
204237,13.430347278325314,52.46914793786874,205238,205238,11,0,8,8,2018,9,13,5,3,3,2,0,1,1,0,0,0,0,0,800878.7365,5822453.2572
204238,13.215280582193365,52.52681250758143,205239,205239,11,0,5,5,2018,9,14,5,3,2,6,0,0,1,0,0,0,0,0,785905.0925,5827987.7783
204239,13.40174049098459,52.533269335826475,205240,205240,11,0,1,1,2018,9,11,5,3,5,7,0,0,1,0,0,0,0,1,798501.7064,5829461.2471
204240,13.391568588544764,52.55543128440385,205241,205241,11,0,1,1,2018,9,6,6,3,0,2,1,1,0,0,0,0,1,0,797662.0866,5831882.4268
204241,13.576577778339276,52.51323102234423,205242,205242,11,0,10,10,2018,9,8,3,3,3,6,0,1,1,0,0,0,0,0,810493.224,5827972.621
204242,13.430122487501867,52.46030231840762,205243,205243,11,0,8,8,2018,9,18,5,3,4,6,0,0,1,0,0,0,0,0,800923.8792,5821469.1664
204243,13.383323406201045,52.55473147345006,205244,205244,11,0,1,1,2018,9,11,5,3,5,2,0,1,0,0,0,1,0,1,797108.2445,5831770.6179
204244,13.5604840387144,52.44261008680535,205245,205245,11,0,9,9,2018,9,11,3,3,0,1,0,0,0,0,1,0,0,0,809898.5022,5820054.5687
204245,13.570208864010345,52.540726532227275,205246,205246,11,0,10,10,2018,9,18,5,3,9,1,1,0,1,0,0,0,0,1,809867.5066,5831001.0793
204246,13.345890106153538,52.49457124026206,205247,205247,11,0,7,7,2018,9,4,5,3,5,3,2,0,1,0,1,0,0,0,794975.5296,5824930.1626
204247,13.344942802143708,52.487366135852994,205248,205248,11,0,7,7,2018,9,15,3,3,1,5,0,1,1,0,0,0,0,0,794959.5316,5824125.4464
204248,13.346899080405946,52.489278966713286,205249,205249,11,0,7,7,2018,9,10,5,3,0,7,0,0,1,0,1,0,0,1,795079.4493,5824346.0577
204249,13.495579331115445,52.415290964826546,205250,205250,11,0,8,8,2018,9,17,3,2,5,2,0,0,1,0,0,0,0,0,805679.6022,5816741.4955
204250,13.428679647628494,52.518889975686356,205251,205251,11,0,2,2,2018,9,17,3,3,3,2,0,0,0,0,1,0,1,0,800425.8611,5827974.9351
204251,13.346064561676656,52.544903568043786,205252,205252,11,0,1,1,2018,9,10,5,3,5,3,0,0,1,0,0,0,0,1,794649.9643,5830525.2879
204252,13.429871142478627,52.509910190985394,205253,205253,11,0,2,2,2018,9,17,5,3,2,6,0,0,1,0,0,0,0,0,800568.0007,5826981.8322
204253,13.314515873527146,52.490308200844886,205254,205254,11,0,4,4,2018,9,9,5,2,5,3,0,1,1,0,0,0,0,1,792875.4236,5824328.4689
204254,13.2000279576269,52.495503610571745,205255,205255,11,0,4,4,2018,9,13,5,3,3,6,0,1,1,0,0,0,0,0,785073.8399,5824447.2647
204255,13.391622980636885,52.50093887593351,205256,205256,11,0,2,2,2018,9,9,5,3,5,3,0,1,0,0,0,0,0,1,798034.9391,5825825.9415
204256,13.294851898383165,52.53958842871433,205257,205257,11,0,4,4,2018,9,17,3,3,5,2,0,1,1,0,0,0,0,0,791214.8302,5829726.3713
204257,13.357494567248326,52.53596577715962,205258,205258,11,0,1,1,2018,9,0,5,3,5,3,2,0,1,0,0,0,0,0,795484.5828,5829578.6491
204258,13.455841095982723,52.54823210401554,205259,205259,11,0,3,3,2018,9,17,3,3,1,5,0,0,1,0,0,0,0,0,802065.7209,5831349.7071
204259,13.380698755316288,52.51666268322285,205260,205260,11,0,1,1,2018,9,9,5,3,2,2,0,0,1,0,0,0,0,1,797187.7186,5827528.5201
204260,13.231843149870073,52.54515717060999,205261,205261,11,0,5,5,2018,9,21,3,2,5,3,2,0,1,0,0,0,0,0,786908.1723,5830092.6693
204261,13.196494154182439,52.44792237496289,205262,205262,11,0,6,6,2018,9,21,3,3,8,7,2,0,1,0,0,0,0,0,785141.8549,5819144.4253
204262,13.410554208986778,52.52801311124065,205263,205263,11,0,1,1,2018,9,9,5,3,5,3,0,1,0,0,0,0,0,1,799134.8605,5828913.5686
204263,13.32968765959951,52.60209475610052,205264,205264,11,0,12,12,2018,9,19,3,3,2,2,1,0,1,0,0,0,0,0,793158.0067,5836815.2941
204264,13.380506726949587,52.53261963649742,205265,205265,11,0,1,1,2018,9,8,5,3,3,6,0,1,1,0,0,0,0,1,797066.8744,5829301.3149
204265,13.344358088725278,52.537907589823895,205266,205266,11,0,1,1,2018,9,18,3,3,5,7,0,0,1,0,1,0,0,0,794581.2209999999,5829740.7119
204266,13.452737856850565,52.54860383043357,205267,205267,11,0,3,3,2018,9,18,3,3,5,3,0,1,0,0,0,0,1,0,801852.906,5831378.02
204267,13.324885083732614,52.6082364524751,205268,205268,11,0,12,12,2018,9,8,5,3,5,3,0,0,1,0,0,0,0,1,792791.9761,5837478.4116
204268,13.329440022821784,52.59408408836371,205269,205269,11,0,12,12,2018,9,7,5,3,5,7,0,0,1,0,1,0,0,1,793194.7975,5835923.8944
204269,13.574443024593013,52.41391275859343,205270,205270,11,0,9,9,2018,9,12,5,3,5,3,0,0,1,0,0,0,0,0,811048.7941,5816925.1922
204270,13.378262164939661,52.507763196480816,205271,205271,11,0,1,1,2018,9,18,3,3,6,4,0,1,0,1,0,0,0,0,797082.5977,5826529.3178
204271,13.499107592852912,52.51759819780141,205272,205272,11,0,11,11,2018,9,6,5,3,6,4,1,0,1,1,0,0,0,0,805209.8690000001,5828127.1824
204272,13.444914932996054,52.46802997057869,205273,205273,11,0,8,8,2018,9,17,5,3,5,2,0,1,0,0,0,0,1,0,801875.2185,5822389.8568
204273,13.178101314928426,52.5488126353391,205274,205274,11,0,5,5,2018,9,18,5,3,5,3,1,0,1,0,0,0,0,1,783242.7468,5830286.4391
204274,13.339307090054765,52.52570671500428,205275,205275,11,0,1,1,2018,9,18,3,3,5,2,0,0,0,0,1,0,1,0,794320.5689,5828363.9561
204275,13.47331111840325,52.51503569908633,205276,205276,11,0,2,2,2018,9,17,3,3,6,4,0,0,1,1,0,0,0,0,803478.5009999999,5827733.477000001
204276,13.428775327189411,52.50868988132048,205277,205277,11,0,1,1,2018,9,18,5,3,5,3,0,0,1,0,1,0,0,1,800502.0229999999,5826841.632
204277,13.55701593625319,52.54059689449459,205278,205278,11,0,10,10,2018,9,16,3,3,1,5,0,1,1,0,0,0,0,0,808974.4101,5830930.0273
204278,13.436459310415554,52.54851969015919,205279,205279,11,0,3,3,2018,9,15,3,2,5,2,0,0,1,0,1,0,0,0,800750.5305,5831300.6084
204279,13.499201229644864,52.6304786976062,205280,205280,11,0,3,3,2018,9,8,5,2,0,1,0,0,0,0,1,0,0,1,804432.2282,5840673.5538
204280,13.185329684320564,52.515364585417366,205281,205281,11,0,5,5,2018,9,8,5,3,2,6,0,0,1,0,0,1,0,1,783948.4890000001,5826596.929
204281,13.402655557153821,52.538545426042226,205282,205282,11,0,1,1,2018,9,7,5,3,5,3,0,1,1,0,0,0,0,0,798527.8918,5830051.4606
204282,13.28873210215391,52.512260030813295,205283,205283,11,0,4,4,2018,9,15,3,3,5,3,0,0,1,0,0,0,0,0,790980.8640000001,5826664.066000001
204283,13.441466951000564,52.52583151666307,205284,205284,11,0,2,2,2018,9,14,3,3,5,7,0,0,1,0,1,0,0,0,801245.2964,5828799.8212
204284,13.376768197451884,52.54336116827008,205285,205285,11,0,1,1,2018,9,18,5,3,2,1,0,0,1,0,1,0,0,1,796740.9392,5830479.8189
204285,13.361026906438846,52.57709246986507,205286,205286,11,0,12,12,2018,9,11,5,3,0,1,0,0,0,0,1,0,0,1,795447.2132,5834164.3337
204286,13.480642507490494,52.57236200353356,205287,205287,11,0,3,3,2018,9,9,5,3,1,5,0,0,1,0,1,0,0,0,803579.2727,5834135.8596
204287,13.376972399787322,52.557550329492344,205288,205288,11,0,1,1,2018,9,14,3,3,5,2,0,0,1,0,0,0,0,0,796658.9429,5832057.7639999995
204288,13.582625827025087,52.52240861649597,205289,205289,11,0,10,10,2018,9,10,5,3,0,1,0,0,0,0,1,0,0,1,810838.4428,5829018.685
204289,13.232201491430173,52.540252722535804,205290,205290,11,0,5,5,2018,9,16,5,3,2,6,0,0,1,0,0,0,1,0,786964.4788,5829548.9467
204290,13.385323572554775,52.468588722729216,205291,205291,11,0,7,7,2018,9,16,5,3,5,3,0,1,1,0,0,0,0,0,797826.3689,5822204.2813
204291,13.416769978526034,52.50431146288179,205292,205292,11,0,2,2,2018,9,13,3,3,5,3,0,0,1,0,0,0,0,0,799717.6782,5826305.0201
204292,13.402089209791345,52.40661330605597,205293,205293,11,0,7,7,2018,9,12,3,3,5,3,0,0,1,0,0,0,0,0,799384.7699,5815385.2646
204293,13.290082953643873,52.518949838156395,205294,205294,11,0,4,4,2018,9,16,5,3,5,2,0,1,1,0,0,0,0,0,791028.2083,5827413.1007
204294,13.538518816967715,52.52461237385247,205295,205295,11,0,10,10,2018,9,14,3,2,0,1,0,0,0,0,1,0,0,0,807832.8845,5829074.3348
204295,13.409785777516325,52.524015045842035,205296,205296,11,0,1,1,2018,9,9,6,3,5,2,0,1,1,0,0,0,0,0,799109.9674,5828466.007
204296,13.328036866026055,52.479911053625926,205297,205297,11,0,4,4,2018,9,17,2,3,0,2,0,1,1,0,0,0,0,0,793862.1702,5823227.8157
204297,13.398366063942904,52.507208569040564,205298,205298,11,0,2,2,2018,9,15,5,3,3,6,0,0,1,0,1,0,0,0,798449.7945,5826550.6907
204298,13.344201955240695,52.4458995717621,205299,205299,11,0,6,6,2018,9,15,5,3,5,3,0,0,1,0,0,0,0,0,795186.9149,5819513.4452
204299,13.484575230294741,52.46351703714954,205300,205300,11,0,9,9,2018,9,22,2,3,0,3,2,1,1,0,0,0,0,0,804598.516,5822054.9703
204300,13.313771558228805,52.50636563349246,205301,205301,11,0,4,4,2018,9,15,5,3,5,2,0,1,1,0,0,0,0,0,792718.1154,5826110.2391
204301,13.328264719206308,52.47728124268836,205302,205302,11,0,7,7,2018,9,17,5,3,2,4,0,1,0,1,0,0,0,0,793895.1799,5822936.4409
204302,13.39914070816185,52.52952480784997,205303,205303,11,0,1,1,2018,9,8,5,3,2,6,0,0,1,0,0,0,0,0,798350.9065,5829034.2893
204303,13.345152280284832,52.529762550516864,205304,205304,11,0,1,1,2018,9,22,2,3,1,5,2,0,1,0,1,0,0,0,794689.6452,5828838.6399
204304,13.436985144657,52.42372493164305,205305,205305,11,0,8,8,2018,9,9,5,3,3,6,0,0,0,0,1,1,0,1,801639.8715,5817432.405
204305,13.375454670063661,52.59718210940462,205306,205306,11,0,3,3,2018,9,7,5,3,0,2,1,1,1,0,0,0,0,0,796288.4498,5836456.5414
204306,13.352132914084535,52.50536539706648,205307,205307,11,0,1,1,2018,9,10,5,3,2,6,0,0,1,0,0,1,0,1,795326.6061,5826155.4744
204307,13.38623735772641,52.5144836158253,205308,205308,11,0,1,1,2018,9,15,2,3,2,6,0,1,1,0,0,0,0,0,797578.0096,5827309.1656
204308,13.440585168310962,52.55375531788707,205309,205309,11,0,3,3,2018,9,14,2,3,5,3,0,0,1,0,1,0,0,0,800994.2017,5831899.754
204309,13.157148845748226,52.534411780618704,205310,205310,11,0,5,5,2018,9,18,4,3,5,3,0,1,1,0,0,0,0,0,781915.3426,5828603.5566
204310,13.395629830621749,52.5386376057355,205311,205311,11,0,1,1,2018,9,14,2,3,5,2,0,1,1,0,0,0,0,0,798051.1222,5830032.6304
204311,13.323833533827314,52.587506631694495,205312,205312,11,0,12,12,2018,9,21,5,3,5,2,2,0,1,0,0,0,0,0,792859.2166,5835169.9971
204312,13.494678582295224,52.42130546533363,205313,205313,11,0,8,8,2018,9,13,2,3,5,2,0,1,1,0,0,0,0,0,805576.7445,5817406.1509
204313,13.346142335119033,52.524975830427096,205314,205314,11,0,1,1,2018,9,16,4,3,2,7,0,0,1,0,0,0,0,0,794788.8489,5828310.6459
204314,13.432710561683171,52.552725955154244,205315,205315,11,0,3,3,2018,9,7,4,3,1,5,0,1,1,0,0,0,0,0,800467.7609999999,5831752.4814
204315,13.527798378960895,52.519663898706376,205316,205316,11,0,10,10,2018,9,8,4,3,5,3,0,1,1,0,0,0,0,0,807140.7109999999,5828478.6224
204316,13.425826594692865,52.41368539176136,205317,205317,11,0,8,8,2018,9,13,2,3,5,3,0,1,1,0,0,0,0,0,800950.1121,5816269.9854
204317,13.376601381201954,52.485764450163146,205318,205318,11,0,2,2,2018,9,19,4,3,5,5,1,0,1,0,1,0,0,0,797118.4242,5824077.3576
204318,13.450122253797376,52.522247345312735,205319,205319,11,0,2,2,2018,9,19,4,3,6,4,1,1,0,1,0,0,0,0,801856.6447,5828437.6618
204319,13.59859772635134,52.49436241146815,205320,205320,11,0,10,10,2018,9,16,5,3,5,3,0,1,1,0,0,0,0,0,812120.1359,5825970.6413
204320,13.365395323833988,52.51016200393672,205321,205321,11,0,1,1,2018,9,13,2,3,2,6,0,0,0,0,1,0,1,0,796193.8214,5826743.0089
204321,13.346247546703415,52.41503030825702,205322,205322,11,0,7,7,2018,9,18,4,3,5,2,0,1,1,0,0,0,0,0,795532.5340000001,5816090.7342
204322,13.286624739837306,52.518884614390934,205323,205323,11,0,4,4,2018,9,19,2,3,5,3,2,1,1,0,0,0,0,0,790794.1572,5827391.8979
204323,13.500529894543948,52.63266877503738,205324,205324,11,0,3,3,2018,9,13,2,3,2,7,0,0,1,0,1,0,0,0,804506.8546,5840922.5882
204324,13.616906930655787,52.53629541166333,205325,205325,11,0,10,10,2018,9,18,4,3,1,7,0,1,1,0,0,0,0,0,813063.4962,5830710.4272
204325,13.220283715032275,52.431689539904305,205326,205326,11,0,6,6,2018,9,12,5,3,5,2,0,1,1,0,0,0,0,0,786863.0935,5817434.342
204326,13.442432009313665,52.61443462927291,205327,205327,11,0,3,3,2018,9,7,4,3,2,6,0,0,1,0,0,0,0,0,800703.1577,5838651.7451
204327,13.378699260902392,52.48957435454458,205328,205328,11,0,2,2,2018,9,23,4,2,0,5,2,0,0,0,1,0,1,0,797235.0524,5824509.4645
204328,13.427161800225516,52.47518884166501,205329,205329,11,0,8,8,2018,9,11,2,2,5,2,0,0,1,0,1,0,0,0,800621.2862,5823111.3986