,X,Y,OBJECTID_1,OBJECTID,ULAND,UREGBEZ,UKREIS,UGEMEINDE,UJAHR,UMONAT,USTUNDE,UWOCHENTAG,UKATEGORIE,UART,UTYP1,ULICHTVERH,IstRad,IstPKW,IstFuss,IstKrad,IstGkfz,IstSonstig,STRZUSTAND,LINREFX,LINREFY
204329,13.418468132179596,52.53827987357332,205330,205330,11,0,3,3,2018,9,7,4,3,0,7,0,0,1,0,0,0,0,0,799601.3407,5830087.5556
204330,13.25559755964282,52.43082889116079,205331,205331,11,0,6,6,2018,9,18,5,3,2,6,0,1,1,0,0,0,0,0,789267.9735,5817479.5981
204331,13.29194235219593,52.50668088960222,205332,205332,11,0,4,4,2018,9,11,2,3,1,5,0,0,1,0,0,0,1,0,791235.4939,5826056.8957
204332,13.378331722390413,52.565790698718736,205333,205333,11,0,12,12,2018,9,7,4,2,1,5,0,1,0,0,0,0,1,0,796695.3456,5832979.2661
204333,13.319516568338393,52.49360627613561,205334,205334,11,0,4,4,2018,9,10,4,3,2,7,0,1,1,0,0,0,0,0,793192.7462,5824715.3681
204334,13.502029162091894,52.571622355826854,205335,205335,11,0,11,11,2018,9,7,4,3,1,5,0,1,1,0,0,0,0,0,805032.6534,5834143.9911
204335,13.455760747070437,52.500887037991966,205336,205336,11,0,2,2,2018,9,19,2,3,6,4,1,0,0,1,1,0,0,0,802385.7037,5826087.1921
204336,13.418546859632757,52.58288705687757,205337,205337,11,0,3,3,2018,9,7,4,3,5,3,0,1,0,0,0,0,0,0,799302.4879,5835045.8362
204337,13.378356071226206,52.576513857609996,205338,205338,11,0,3,3,2018,9,16,4,3,5,3,0,1,1,0,0,0,0,0,796624.5271,5834171.2308
204338,13.500255430478568,52.44127092837254,205339,205339,11,0,9,9,2018,9,9,2,3,6,2,0,0,1,1,0,0,0,0,805817.2609,5819648.7907
204339,13.318805083768742,52.491841251438075,205340,205340,11,0,4,4,2018,9,14,4,2,5,2,0,1,0,0,1,0,0,0,793156.2301,5824516.293
204340,13.272464942763438,52.538941709929965,205341,205341,11,0,4,4,2018,9,9,2,3,5,3,0,1,0,0,0,0,1,0,789701.8694,5829564.2777
204341,13.329915904445231,52.52291422334856,205342,205342,11,0,1,1,2018,9,5,5,3,5,3,2,1,1,0,0,0,0,0,793702.5636,5828015.2719
204342,13.461711220750125,52.512047660800505,205343,205343,11,0,2,2,2018,9,18,2,2,1,5,1,1,1,0,0,0,0,0,802712.5179,5827352.6071
204343,13.43590603623544,52.51523497503021,205344,205344,11,0,2,2,2018,9,7,4,2,6,4,0,1,0,1,0,0,0,0,800940.8266,5827598.8343
204344,13.34318357742391,52.526816628388225,205345,205345,11,0,1,1,2018,9,13,4,3,7,7,0,1,0,0,0,0,0,0,794575.9308,5828503.1556
204345,13.308747014943409,52.52574275109679,205346,205346,11,0,4,4,2018,9,10,5,3,0,1,0,0,0,0,1,0,0,0,792248.5645,5828243.6389
204346,13.478704552165125,52.477568128675614,205347,205347,11,0,9,9,2018,9,9,2,3,6,2,0,0,0,1,0,0,1,0,804102.9733,5823591.8938
204347,13.34709224424318,52.50369197590986,205348,205348,11,0,1,1,2018,9,13,4,2,1,5,0,1,1,0,0,0,0,0,794995.9456,5825948.8431
204348,13.432205836054294,52.4816685668904,205349,205349,11,0,8,8,2018,9,11,4,3,3,6,0,1,1,0,0,0,0,0,800919.3438,5823852.6253
204349,13.394905142614055,52.52447547619746,205350,205350,11,0,1,1,2018,9,9,2,3,1,5,0,1,1,0,0,0,1,0,798098.0289,5828455.5462
204350,13.339086355124849,52.5438792810721,205351,205351,11,0,1,1,2018,9,7,2,2,5,3,0,1,0,0,1,0,0,0,794183.9571,5830382.9332
204351,13.34278361512006,52.50460486327378,205352,205352,11,0,1,1,2018,9,11,4,3,5,2,0,1,1,0,0,0,0,0,794697.5918,5826032.6933
204352,13.5300591546634,52.43592645739172,205353,205353,11,0,9,9,2018,9,7,2,2,5,3,0,1,1,0,0,0,0,0,807878.8101,5819181.516
204353,13.401728099623561,52.5291523312764,205354,205354,11,0,1,1,2018,9,14,4,2,0,1,0,1,0,0,0,0,0,0,798528.8233,5829003.6014
204354,13.451180201504107,52.488945558968936,205355,205355,11,0,9,9,2018,9,7,2,3,5,3,0,0,1,0,1,0,0,0,802156.9748,5824740.7562
204355,13.33135703662122,52.4421195958624,205356,205356,11,0,6,6,2018,9,11,4,3,5,3,0,1,1,0,0,0,0,0,794339.7641,5819040.8423
204356,13.310164695700607,52.493764983390996,205357,205357,11,0,4,4,2018,9,18,2,3,5,3,1,1,1,0,0,0,0,0,792557.2322,5824695.0333
204357,13.188669597190735,52.53433309112471,205358,205358,11,0,5,5,2018,9,12,2,3,3,6,0,0,1,0,1,0,0,0,784052.4285,5828718.5391
204358,13.319169409006939,52.499804949524965,205359,205359,11,0,4,4,2018,9,9,4,3,5,3,0,1,1,0,0,0,0,0,793127.9119,5825402.9414
204359,13.304785873935154,52.52559514639674,205360,205360,11,0,4,4,2018,9,18,4,3,5,7,0,1,1,0,0,0,0,0,791981.0049,5828211.1825
204360,13.304161518761545,52.49670545873032,205361,205361,11,0,4,4,2018,9,8,5,3,2,6,0,0,1,0,0,0,0,0,792130.4445,5824997.5361
204361,13.349418986830239,52.508565417516635,205362,205362,11,0,1,1,2018,9,18,2,2,5,3,0,0,0,0,1,0,1,0,795121.0726,5826500.043
204362,13.414002829684405,52.55362795965952,205363,205363,11,0,3,3,2018,9,18,4,3,2,6,0,0,1,0,1,0,0,0,799194.1859,5831774.8983
204363,13.362169341596358,52.567897884162186,205364,205364,11,0,12,12,2018,9,13,4,2,5,2,0,0,1,0,1,0,0,0,795586.479,5833147.0479999995
204364,13.409204190235094,52.52848017306535,205365,205365,11,0,1,1,2018,9,9,4,3,0,1,0,1,0,0,0,0,0,0,799040.1691,5828959.8799
204365,13.454155741525335,52.52225450008268,205366,205366,11,0,2,2,2018,9,18,2,3,2,6,0,0,1,0,1,0,0,0,802130.0478,5828455.3537
204366,13.29604940206424,52.44356675318416,205367,205367,11,0,6,6,2018,9,17,2,3,5,2,0,0,1,0,1,0,0,0,791931.9990000001,5819058.29
204367,13.3420694086551,52.55599536346435,205368,205368,11,0,1,1,2018,9,18,4,3,5,2,0,1,1,0,0,0,0,0,794304.9251,5831741.8142
204368,13.354829437378562,52.48753365068618,205369,205369,11,0,7,7,2018,9,17,2,3,1,1,0,0,1,0,1,0,0,0,795629.2334,5824184.5414
204369,13.336684215139337,52.526688231737005,205370,205370,11,0,1,1,2018,9,14,6,3,6,4,0,0,1,1,0,0,0,0,794136.1908,5828462.3468
204370,13.574058237529266,52.540369719668796,205371,205371,11,0,10,10,2018,9,16,2,3,5,2,0,0,0,0,1,0,1,0,810130.8738,5830977.9812
204371,13.354070885579588,52.56501402225072,205372,205372,11,0,12,12,2018,9,8,4,2,6,2,0,0,1,1,0,0,0,0,795057.3735,5832793.3153
204372,13.456131689299015,52.56144142769965,205373,205373,11,0,3,3,2018,9,17,4,3,2,3,0,0,1,0,0,0,0,0,801994.5711,5832819.0813
204373,13.433818381159565,52.480905323709784,205374,205374,11,0,8,8,2018,9,16,2,3,6,7,0,0,1,1,0,0,0,0,801033.9862,5823774.5226
204374,13.431149177429965,52.5343620023145,205375,205375,11,0,3,3,2018,9,17,2,3,3,6,0,1,1,0,0,0,0,0,800487.537,5829704.886
204375,13.403060566192927,52.52751594665456,205376,205376,11,0,1,1,2018,9,8,4,3,6,4,0,1,0,1,0,0,0,0,798630.2608,5828827.2406
204376,13.437646039703115,52.47881623824967,205377,205377,11,0,8,8,2018,9,17,4,3,3,6,0,1,1,0,0,0,0,0,801308.0226,5823558.3114
204377,13.516932126417187,52.47062105680865,205378,205378,11,0,9,9,2018,9,6,5,3,3,6,0,0,1,0,1,0,0,0,806745.604,5822981.6336
204378,13.550485803975173,52.542459990215455,205379,205379,11,0,10,10,2018,9,16,2,3,6,7,0,1,0,1,0,0,0,0,808518.8161,5831109.1182
204379,13.343022812225726,52.52616607172367,205380,205380,11,0,1,1,2018,9,16,4,3,0,2,0,1,1,0,0,0,0,0,794569.3907,5828430.1896
204380,13.340667478059778,52.59587036057538,205381,205381,11,0,12,12,2018,9,13,4,3,5,7,0,0,1,0,0,0,1,0,793942.7807,5836168.201
204381,13.606456332187259,52.527406943629416,205382,205382,11,0,10,10,2018,9,16,4,3,5,3,0,1,1,0,0,0,0,0,812418.4335,5829677.2244
204382,13.349869486555328,52.42121391547711,205383,205383,11,0,6,6,2018,9,15,2,3,5,7,0,1,1,0,0,0,0,0,795737.2629999999,5816792.8649
204383,13.303815985380762,52.45876814672111,205384,205384,11,0,6,6,2018,9,14,5,3,5,3,0,1,1,0,0,0,0,0,792358.6948,5820779.3761
204384,13.384219336458072,52.40501604268447,205385,205385,11,0,7,7,2018,9,15,2,3,1,5,0,0,1,0,0,0,0,0,798180.84,5815133.789
204385,13.431858112580855,52.49983880410533,205386,205386,11,0,2,2,2018,9,8,4,3,5,3,0,1,0,0,0,0,0,0,800771.5825,5825870.7223
204386,13.445050299227905,52.59061315315007,205387,205387,11,0,3,3,2018,9,19,5,3,5,3,2,0,1,0,0,0,0,0,801043.8068,5836015.0155
204387,13.569626736841625,52.4418746021476,205388,205388,11,0,9,9,2018,9,15,2,3,2,2,0,0,1,0,0,0,0,0,810524.6154,5820012.1297
204388,13.28601461218116,52.45329125636234,205389,205389,11,0,6,6,2018,9,23,4,3,2,6,2,0,1,0,0,0,1,0,791186.204,5820098.637999999
204389,13.436182128946426,52.47280258274316,205390,205390,11,0,8,8,2018,9,13,4,3,5,3,0,1,1,0,0,0,0,0,801249.8031,5822883.8059
204390,13.452686662760847,52.539390520431134,205391,205391,11,0,3,3,2018,9,16,4,3,2,6,0,0,1,0,1,0,0,0,801912.7379,5830353.7876
204391,13.420245518139485,52.50706971493256,205392,205392,11,0,1,1,2018,9,23,2,3,3,6,2,1,0,0,1,0,0,0,799934.6007,5826626.0417
204392,13.377453943492005,52.464870216401025,205393,205393,11,0,7,7,2018,9,15,4,3,5,2,0,1,1,0,0,0,0,0,797317.2669,5821758.5195
204393,13.350208512540204,52.5497191366431,205394,205394,11,0,1,1,2018,9,21,4,3,5,2,2,0,1,0,0,0,0,0,794898.4468,5831077.4854
204394,13.380837624079426,52.51636620036711,205395,205395,11,0,1,1,2018,9,11,2,3,0,2,0,1,1,0,0,0,0,0,797199.1379999999,5827496.1389999995
204395,13.513869991497483,52.50548628134006,205396,205396,11,0,11,11,2018,9,8,4,3,5,2,0,1,0,0,0,0,1,0,806295.1049,5826843.6305
204396,13.202111197483141,52.49324853704976,205397,205397,11,0,4,4,2018,9,17,4,3,3,6,0,1,1,0,0,0,0,0,785229.7825,5824204.8384
204397,13.151932523827755,52.55367207505115,205398,205398,11,0,5,5,2018,9,23,1,3,5,3,2,0,1,0,0,0,1,0,781438.3904,5830724.0877
204398,13.446893978160825,52.426991462397396,205399,205399,11,0,8,8,2018,9,21,4,3,5,2,2,0,1,0,0,0,0,0,802290.7790000001,5817836.915
204399,13.435256348570814,52.486023669874804,205400,205400,11,0,8,8,2018,9,21,1,3,5,3,2,1,1,0,0,0,0,0,801096.5671,5824349.4072
204400,13.4334080145681,52.4441121620129,205401,205401,11,0,8,8,2018,9,8,4,3,5,2,0,1,0,0,0,0,1,0,801257.5551,5819683.4107
204401,13.265792646701831,52.41623450817865,205402,205402,11,0,6,6,2018,9,17,1,2,3,6,0,1,0,0,0,0,0,0,790056.5376,5815898.3098
204402,13.329405015475128,52.56808149379761,205403,205403,11,0,12,12,2018,9,16,1,3,5,3,0,0,1,0,0,0,0,0,793366.2087,5833033.5475
204403,13.483078012702267,52.462284112749614,205404,205404,11,0,9,9,2018,9,20,4,3,5,5,2,0,1,0,0,0,0,0,804505.3961,5821911.6183
204404,13.3511286739537,52.54980889597343,205405,205405,11,0,1,1,2018,9,22,5,3,1,5,2,1,1,0,0,0,1,0,794960.1901,5831091.2277
204405,13.584637228608079,52.45170945663799,205406,205406,11,0,9,9,2018,9,8,4,3,2,6,0,0,1,0,0,0,1,0,811474.5908,5821169.8699
204406,13.407220467542635,52.486059398261006,205407,205407,11,0,2,2,2018,9,8,4,3,5,7,0,1,1,0,0,0,0,0,799194.0271,5824236.7106
204407,13.330369726140216,52.50037636532424,205408,205408,11,0,4,4,2018,9,15,1,3,2,7,0,0,1,0,1,0,0,0,793883.8498,5825512.0376
204408,13.389147484225298,52.58355680415392,205409,205409,11,0,3,3,2018,9,15,4,3,2,7,0,0,1,0,1,0,0,0,797307.5283,5834998.5296
204409,13.39922004018122,52.54641757688157,205410,205410,11,0,1,1,2018,9,15,1,3,3,6,0,1,0,0,1,0,0,0,798241.6277,5830912.2076
204410,13.371610454671107,52.42359970365905,205411,205411,11,0,7,7,2018,9,16,4,2,5,3,0,0,1,0,1,0,0,0,797198.5778,5817147.3251
204411,13.408149005746164,52.54143966349049,205412,205412,11,0,3,3,2018,9,13,1,3,5,3,0,0,1,0,0,0,1,0,798880.5059999999,5830395.914
204412,13.407309761878484,52.48242725662767,205413,205413,11,0,8,8,2018,9,13,1,3,5,3,0,1,0,0,1,0,0,0,799224.766,5823833.38
204413,13.210864399577932,52.55058534131362,205414,205414,11,0,5,5,2018,9,15,4,2,6,4,0,0,1,1,0,0,0,0,785451.2707,5830612.7386
204414,13.526661751411686,52.42879150044659,205415,205415,11,0,9,9,2018,9,13,1,2,5,2,0,0,1,0,0,0,0,0,807697.7972,5818374.0364
204415,13.36065539108512,52.53747687546928,205416,205416,11,0,1,1,2018,9,12,1,3,3,6,0,0,1,0,0,0,0,0,795688.6464,5829759.5681
204416,13.37611636191543,52.409329188840026,205417,205417,11,0,7,7,2018,9,7,4,3,5,3,0,1,1,0,0,0,0,0,797600.9441,5815579.7533
204417,13.389567634368515,52.550167260135574,205418,205418,11,0,1,1,2018,9,15,4,2,5,5,0,0,1,0,1,0,0,0,797562.1877,5831289.0774
204418,13.432325947095967,52.46647684947039,205419,205419,11,0,8,8,2018,9,11,5,3,2,6,0,0,1,0,0,0,1,0,801031.2937,5822164.6313
204419,13.464251370709345,52.509592735538426,205420,205420,11,0,2,2,2018,9,12,1,3,5,3,0,0,1,0,0,0,0,0,802901.6711,5827090.4229
204420,13.2846877349295,52.46964456937392,205421,205421,11,0,4,4,2018,9,15,4,3,0,3,0,1,1,0,0,0,0,0,790988.1139,5821910.9774
204421,13.459089332184876,52.4404279039853,205422,205422,11,0,8,8,2018,9,13,4,3,5,3,0,1,1,0,0,0,0,0,803027.0524,5819381.4434
204422,13.303988789800382,52.42646561736728,205423,205423,11,0,6,6,2018,9,11,1,3,2,6,0,0,1,0,0,0,0,0,792584.6423,5817189.6357
204423,13.27724141358818,52.50208203372716,205424,205424,11,0,4,4,2018,9,10,1,2,0,1,0,0,0,0,1,0,0,0,790268.7572,5825486.4544
204424,13.452097172101714,52.49026850264203,205425,205425,11,0,9,9,2018,9,8,4,3,0,2,0,1,0,0,1,0,0,0,802210.1070000001,5824891.637
204425,13.226082908824827,52.58733447839172,205426,205426,11,0,12,12,2018,9,9,1,3,5,3,0,0,1,0,0,0,0,0,786242.7451,5834757.9511
204426,13.34753707290386,52.489235163488715,205427,205427,11,0,7,7,2018,9,8,1,3,6,4,0,0,1,1,0,0,0,0,795123.03,5824343.7993
204427,13.375597746535597,52.45537778080492,205428,205428,11,0,7,7,2018,9,17,3,3,2,6,0,1,1,0,0,0,0,0,797255.2713,5820695.8081
204428,13.27519250734207,52.41944113199739,205429,205429,11,0,6,6,2018,9,7,3,3,1,5,1,1,0,0,0,0,1,0,790674.2704,5816292.5344
204429,13.312223037850464,52.627610857866685,205430,205430,11,0,12,12,2018,9,7,5,3,5,3,0,1,1,0,0,0,0,0,791806.1587,5839580.502
204430,13.509687531654365,52.47295506957986,205431,205431,11,0,9,9,2018,9,12,1,3,2,2,0,0,1,0,0,0,0,0,806237.6597,5823210.2608
204431,13.506846860198294,52.403174033818615,205432,205432,11,0,8,8,2018,9,13,3,3,1,5,0,0,1,0,0,0,0,0,806529.4513,5815442.5614
204432,13.399583556037367,52.498375462057325,205433,205433,11,0,2,2,2018,9,16,5,2,5,3,0,0,1,0,1,0,0,0,798592.2944,5825573.9549
204433,13.30519567368965,52.525712788701604,205434,205434,11,0,4,4,2018,9,21,3,3,0,6,2,0,1,0,1,0,0,0,792008.0055,5828225.9183
204434,13.488086634247573,52.42188648427897,205435,205435,11,0,8,8,2018,9,10,7,3,2,6,0,0,1,0,0,0,0,0,805124.8009,5817442.8425
204435,13.386201537404444,52.51367548759089,205436,205436,11,0,1,1,2018,9,19,3,3,0,3,1,0,1,0,1,0,0,0,797581.0476,5827219.196
204436,13.408710728581516,52.54999166255884,205437,205437,11,0,3,3,2018,9,10,5,3,5,5,0,1,1,0,0,0,0,0,798860.3956,5831348.7747
204437,13.467404612765137,52.495920624647205,205438,205438,11,0,2,2,2018,9,6,7,3,5,2,0,1,1,0,0,0,0,0,803209.7013,5825584.0931
204438,13.421944160476535,52.50512474517294,205439,205439,11,0,1,1,2018,9,22,3,3,0,3,2,0,1,0,1,0,0,0,800063.0659,5826416.9323
204439,13.361218666209286,52.55505023963685,205440,205440,11,0,1,1,2018,9,18,3,3,0,1,0,1,0,0,0,0,0,0,795608.5657,5831715.1426
204440,13.361171279179732,52.555025364103386,205441,205441,11,0,1,1,2018,9,5,7,3,0,4,2,0,1,1,0,0,0,0,795605.5228,5831712.1833
204441,13.379297364608457,52.52253475134074,205442,205442,11,0,1,1,2018,9,9,7,3,0,2,0,0,1,0,1,0,0,0,797053.0313,5828175.4143
204442,13.420420873774527,52.49847310298057,205443,205443,11,0,2,2,2018,9,18,3,3,6,4,0,0,1,1,0,0,0,0,800005.0952,5825671.2882
204443,13.614754023754285,52.540509488600435,205444,205444,11,0,10,10,2018,9,11,7,3,2,2,0,1,1,0,0,0,1,0,812887.5869,5831169.4252
204444,13.351228251304624,52.509490769981774,205445,205445,11,0,1,1,2018,9,9,6,3,0,7,0,0,1,0,1,0,0,0,795237.5657,5826610.3016
204445,13.216215732895698,52.56059878389273,205446,205446,11,0,5,5,2018,9,11,7,3,5,3,0,0,1,0,0,0,0,0,785748.7164,5831746.9874
204446,13.320280513622313,52.49788262534562,205447,205447,11,0,4,4,2018,9,18,3,2,5,3,0,0,1,0,1,0,0,0,793216.0878,5825193.7912
204447,13.32328686406116,52.49778605555697,205448,205448,11,0,4,4,2018,9,18,3,3,0,5,0,1,1,0,0,0,0,0,793420.6711,5825195.2846
204448,13.461558081350365,52.5591527515535,205449,205449,11,0,3,3,2018,9,10,7,3,2,6,0,0,1,0,0,0,0,0,802377.8855,5832587.4634
204449,13.382361341972773,52.49319168714089,205450,205450,11,0,2,2,2018,9,17,3,3,3,6,0,0,1,0,1,0,0,0,797459.0739,5824926.6213
204450,13.326392746935205,52.421118335516994,205451,205451,11,0,6,6,2018,9,9,4,3,5,3,0,0,1,0,0,0,0,0,794142.5544,5816686.3286
204451,13.39155491079626,52.55543359743349,205452,205452,11,0,1,1,2018,9,14,3,2,5,2,0,1,1,0,0,0,0,0,797661.1443,5831882.6274
204452,13.290365661548613,52.47402513453572,205453,205453,11,0,4,4,2018,9,14,3,3,1,5,0,1,1,0,0,0,0,0,791344.5664,5822420.7977
204453,13.364348858393221,52.562644004990894,205454,205454,11,0,12,12,2018,9,8,3,3,5,2,0,1,1,0,0,0,0,0,795769.4805,5832572.0275
204454,13.329627706935756,52.458127416912156,205455,205455,11,0,6,6,2018,9,14,3,3,5,3,0,1,1,0,0,0,0,0,794115.5035,5820813.052999999
204455,13.2423957170048,52.61671087352721,205456,205456,11,0,12,12,2018,9,18,5,3,4,6,0,1,0,0,0,0,0,0,787154.6934,5838088.2024
204456,13.380837624079426,52.51636620036711,205457,205457,11,0,1,1,2018,9,9,3,3,4,2,0,1,1,0,0,0,0,0,797199.1379999999,5827496.1389999995
204457,13.328541448822833,52.47483325636736,205458,205458,11,0,7,7,2018,9,18,4,3,9,1,0,0,0,0,1,0,0,0,793930.295,5822665.4752
204458,13.388290318069387,52.55006859132601,205459,205459,11,0,1,1,2018,9,11,3,3,1,5,0,0,0,0,1,0,1,0,797476.3128,5831272.8373
204459,13.442756036128236,52.551081293201115,205460,205460,11,0,3,3,2018,9,7,2,3,5,3,0,0,1,0,1,0,0,0,801159.6045,5831611.6168
204460,13.413977132477402,52.54761178038478,205461,205461,11,0,3,3,2018,9,16,3,3,1,5,0,1,0,0,0,0,1,0,799233.4229,5831106.1109
204461,13.391761657160576,52.5388426388836,205462,205462,11,0,1,1,2018,9,17,2,3,5,3,0,0,1,0,0,0,0,1,797787.5808,5830039.4309
204462,13.398206221314506,52.50698587779278,205463,205463,11,0,2,2,2018,9,9,3,3,6,2,0,0,1,1,0,0,0,0,798440.4645,5826525.2776
204463,13.37752769248188,52.465024776509296,205464,205464,11,0,7,7,2018,9,17,5,3,3,6,0,0,1,0,1,0,0,0,797321.2306,5821776.0024
204464,13.40990001716934,52.459920750165786,205465,205465,11,0,7,7,2018,9,17,2,3,2,6,0,0,1,0,0,0,0,1,799553.5284,5821342.6064
204465,13.289251619442265,52.50664178685691,205466,205466,11,0,4,4,2018,9,9,3,3,2,6,0,0,1,0,1,0,0,0,791053.2579999999,5826041.686000001
204466,13.413551187302275,52.49166707677686,205467,205467,11,0,2,2,2018,9,14,2,3,2,7,0,0,1,0,0,0,1,0,799585.4218,5824886.2647
204467,13.301596610334752,52.58001893974706,205468,205468,11,0,12,12,2018,9,16,5,3,2,7,0,0,1,0,0,0,1,0,791403.5458,5834247.5544
204468,13.375979797330984,52.53624923523514,205469,205469,11,0,1,1,2018,9,16,2,3,2,2,0,1,1,0,0,0,0,1,796735.53,5829686.0927
204469,13.439680416597804,52.52393422962835,205470,205470,11,0,2,2,2018,9,16,4,3,3,2,0,0,1,0,0,0,0,0,801137.1807,5828581.4814
204470,13.487797472845815,52.4661762195648,205471,205471,11,0,9,9,2018,9,16,2,3,2,6,0,0,1,0,0,0,0,1,804798.8645,5822364.1305
204471,13.309266868201714,52.50649217308408,205472,205472,11,0,4,4,2018,9,16,2,2,0,1,0,0,0,0,1,0,0,1,792411.7512,5826106.0282
204472,13.475454959506884,52.52039544232487,205473,205473,11,0,11,11,2018,9,13,3,3,5,2,0,1,1,0,0,0,0,0,803586.8664,5828338.2088
204473,13.287240827815365,52.516887829094955,205474,205474,11,0,4,4,2018,9,16,2,3,2,7,0,0,1,0,0,0,0,1,790849.1342,5827172.4368
204474,13.337338941454382,52.55864404100078,205475,205475,11,0,1,1,2018,9,15,6,3,5,2,0,0,1,0,0,0,0,0,793966.7264,5832016.9064
204475,13.52549455509168,52.48213820360153,205476,205476,11,0,11,11,2018,9,16,6,3,5,3,0,1,0,0,0,0,1,0,807246.4140000001,5824298.118
204476,13.438816600213881,52.54427942729139,205477,205477,11,0,3,3,2018,9,17,3,3,5,3,0,0,1,0,1,0,0,0,800939.2921,5830839.1601
204477,13.447048464135165,52.43693922498282,205478,205478,11,0,8,8,2018,9,16,2,2,6,4,0,0,1,1,0,0,0,1,802233.1182,5818943.2048
204478,13.194548693432855,52.54568693481946,205479,205479,11,0,5,5,2018,9,15,5,3,5,2,0,1,1,0,0,0,0,0,784377.46,5830003.761
204479,13.406662506851662,52.52282551638276,205480,205480,11,0,1,1,2018,9,15,2,3,0,5,0,1,1,0,0,0,0,0,798906.3148,5828320.8401
204480,13.359256880376082,52.498266071721794,205481,205481,11,0,7,7,2018,9,18,4,3,6,4,1,1,0,1,0,0,0,0,795857.5045,5825395.5924
204481,13.179492838541167,52.50728284331178,205482,205482,11,0,5,5,2018,9,15,2,2,6,4,0,1,0,1,0,0,0,0,783604.767,5825675.6294
204482,13.411519061585677,52.58226387229314,205483,205483,11,0,3,3,2018,9,15,2,3,2,7,0,0,1,0,0,0,0,1,798830.932,5834947.3934
204483,13.389376265365215,52.513601181480865,205484,205484,11,0,1,1,2018,9,9,3,3,1,5,0,0,1,0,1,0,0,0,797796.8299,5827224.0447
204484,13.198247941399845,52.53302369410074,205485,205485,11,0,5,5,2018,9,15,2,3,5,2,0,1,0,0,0,0,1,1,784710.1559,5828610.7766
204485,13.41176039758003,52.543061774499904,205486,205486,11,0,3,3,2018,9,16,4,3,5,3,0,1,1,0,0,0,0,0,799114.1967,5830591.188999999
204486,13.535643753510998,52.53900993793213,205487,205487,11,0,10,10,2018,9,15,2,2,3,6,0,1,1,0,0,0,0,1,807537.2343,5830662.2362
204487,13.374959756732604,52.55677357155859,205488,205488,11,0,1,1,2018,9,14,2,3,2,6,0,0,1,0,0,0,0,1,796527.8453,5831963.1446
204488,13.37205981353578,52.46976621948802,205489,205489,11,0,7,7,2018,9,11,3,3,5,2,0,0,1,0,0,0,0,0,796918.0873,5822280.4859
204489,13.285380177011747,52.59511431956571,205490,205490,11,0,12,12,2018,9,14,2,3,2,6,0,0,1,0,0,0,0,1,790205.6667,5835859.9715
204490,13.385443619816089,52.51851331193578,205491,205491,11,0,1,1,2018,9,15,6,3,5,2,0,1,1,0,0,0,0,0,797496.9299,5827753.7823
204491,13.300482375988956,52.50020420791945,205492,205492,11,0,4,4,2018,9,18,5,3,5,2,1,1,1,0,0,0,0,0,791857.6564,5825371.5297
204492,13.318648385243852,52.454120017105865,205493,205493,11,0,6,6,2018,9,10,3,2,5,2,0,1,0,0,0,1,0,0,793396.7044,5820322.9356
204493,13.323590199979785,52.428762949228705,205494,205494,11,0,6,6,2018,9,14,2,3,2,6,0,0,1,0,0,0,0,1,793901.1934,5817524.6092
204494,13.202678533890722,52.537971922599446,205495,205495,11,0,5,5,2018,9,10,5,3,2,1,0,0,1,0,1,0,0,0,784978.4022,5829178.304
204495,13.525615097324696,52.464610087766744,205496,205496,11,0,9,9,2018,9,14,2,3,2,6,0,0,1,0,1,0,0,1,807376.8825,5822350.5203
204496,13.43014087691405,52.55136122287227,205497,205497,11,0,3,3,2018,9,11,4,3,5,2,0,0,1,0,0,0,0,0,800302.9977,5831590.0849
204497,13.309000447651375,52.59054729417388,205498,205498,11,0,12,12,2018,9,14,2,3,2,6,0,0,1,0,0,0,0,1,791834.8221,5835447.7698
204498,13.243204016605873,52.54379461765797,205499,205499,11,0,5,5,2018,9,14,2,3,2,6,0,0,1,0,0,0,1,0,787686.9629,5829986.4992
204499,13.330210107192332,52.46653847058162,205500,205500,11,0,7,7,2018,9,11,3,2,1,5,0,1,1,0,0,0,0,0,794098.9135,5821750.3124
204500,13.22100691542984,52.52853688498439,205501,205501,11,0,5,5,2018,9,23,2,3,2,4,2,0,1,1,0,0,0,1,786282.0759999999,5828202.1738
204501,13.347196799159086,52.53077269015753,205502,205502,11,0,1,1,2018,9,20,5,3,5,2,2,1,1,0,0,0,0,0,794821.4616,5828959.2762
204502,13.400112749977954,52.45906759782872,205503,205503,11,0,7,7,2018,9,22,2,3,5,3,2,0,1,0,0,0,0,0,798894.8276,5821207.1927
204503,13.354540542776446,52.562101028663186,205504,205504,11,0,12,12,2018,9,13,6,3,2,6,0,0,1,0,0,0,1,0,795108.7609999999,5832471.4608
204504,13.430650190239108,52.48148096519906,205505,205505,11,0,8,8,2018,9,8,5,3,3,6,0,1,1,0,0,0,0,0,800815.0611,5823825.2853
204505,13.40059464672056,52.510036713264846,205506,205506,11,0,1,1,2018,9,10,3,2,5,3,0,1,1,0,0,0,0,0,798581.7431,5826874.2576
204506,13.350206162547396,52.414224087968385,205507,205507,11,0,7,7,2018,9,21,2,2,5,3,1,1,1,0,0,0,0,0,795806.9778,5816017.3354
204507,13.2474434709605,52.54145850580174,205508,205508,11,0,5,5,2018,9,15,5,2,5,3,0,0,1,0,1,0,0,0,787989.5668,5829743.7616
204508,13.323929524205324,52.493886183971135,205509,205509,11,0,4,4,2018,9,19,2,3,2,1,1,0,1,0,1,0,0,1,793490.2676,5824764.4282