,X,Y,OBJECTID_1,OBJECTID,ULAND,UREGBEZ,UKREIS,UGEMEINDE,UJAHR,UMONAT,USTUNDE,UWOCHENTAG,UKATEGORIE,UART,UTYP1,ULICHTVERH,IstRad,IstPKW,IstFuss,IstKrad,IstGkfz,IstSonstig,STRZUSTAND,LINREFX,LINREFY
204509,13.315829711732466,52.55952439966703,205510,205510,11,0,12,12,2018,9,9,4,3,0,6,0,1,0,0,0,0,1,0,792503.7807,5832027.2319
204510,13.297362993232827,52.510603605847386,205511,205511,11,0,4,4,2018,9,17,2,3,5,3,0,1,1,0,0,0,0,1,791577.1431,5826514.8162
204511,13.361944768165245,52.50442740037858,205512,205512,11,0,1,1,2018,9,18,2,3,5,7,1,0,1,0,1,0,0,1,795998.3935,5826091.4464
204512,13.380641943162788,52.51662245724002,205513,205513,11,0,1,1,2018,9,17,3,3,5,2,0,1,0,0,0,0,0,0,797184.1382,5827523.8149
204513,13.276867178135774,52.4643090975741,205514,205514,11,0,6,6,2018,9,17,2,3,1,5,0,0,1,0,0,0,0,0,790492.4183,5821286.418
204514,13.388114226714153,52.5888193535013,205515,205515,11,0,3,3,2018,9,18,5,3,5,2,1,1,1,0,0,0,0,0,797201.9233,5835579.1893
204515,13.27125009171591,52.51021482490121,205516,205516,11,0,4,4,2018,9,16,2,3,0,7,1,0,1,0,1,0,0,1,789808.7933,5826366.3345
204516,13.53230183380451,52.461641374478255,205517,205517,11,0,9,9,2018,9,17,4,2,5,3,0,0,1,0,0,0,0,0,807851.5362,5822049.0837
204517,13.466295929109465,52.5232345859686,205518,205518,11,0,3,3,2018,9,17,2,3,0,3,0,0,1,0,0,0,0,0,802946.3429,5828615.2342
204518,13.33435851908956,52.505446992169524,205519,205519,11,0,4,4,2018,9,17,2,3,3,6,0,1,0,0,0,0,0,1,794120.5269,5826091.8989
204519,13.418116811851746,52.51591417576565,205520,205520,11,0,1,1,2018,9,15,3,3,2,6,0,0,1,0,0,0,0,0,799729.9653,5827600.2211
204520,13.490787862018733,52.46866977097535,205521,205521,11,0,9,9,2018,9,21,2,3,2,7,2,0,1,0,1,0,0,1,804984.5947,5822653.9108
204521,13.405247866891706,52.533962780426656,205522,205522,11,0,1,1,2018,9,10,4,3,0,3,0,1,1,0,0,0,0,0,798734.7222,5829552.8519
204522,13.440867699247574,52.635316888525935,205523,205523,11,0,3,3,2018,9,21,2,3,0,7,2,0,0,0,1,1,0,1,800454.0809999999,5840966.205
204523,13.315733459944699,52.458729783560784,205524,205524,11,0,6,6,2018,9,13,2,2,2,1,0,0,1,0,1,0,0,0,793168.1103,5820823.4642
204524,13.579774762959495,52.4047892284511,205525,205525,11,0,9,9,2018,9,7,4,3,0,6,0,0,1,0,1,0,0,1,811475.4990000001,5815934.195
204525,13.339284669901906,52.45088123906082,205526,205526,11,0,6,6,2018,9,13,2,2,5,7,0,0,1,0,1,0,0,0,794819.6419,5820047.0519
204526,13.50823449320758,52.46363789965081,205527,205527,11,0,9,9,2018,9,8,3,3,3,6,0,0,1,0,0,0,0,0,806203.7902,5822168.5574
204527,13.383959468219432,52.55563844563086,205528,205528,11,0,1,1,2018,9,12,2,3,6,4,0,0,0,1,0,1,0,0,797145.1998,5831874.0489
204528,13.442386465627086,52.46577534858528,205529,205529,11,0,8,8,2018,9,17,5,3,5,2,0,0,1,0,1,0,0,0,801719.0259,5822128.688999999
204529,13.393769830198428,52.52858171036743,205530,205530,11,0,1,1,2018,9,12,2,2,5,3,0,0,1,0,1,0,0,0,797993.2308,5828907.2506
204530,13.503626034290404,52.63073148431922,205531,205531,11,0,3,3,2018,9,15,4,3,3,6,0,1,1,0,0,0,0,0,804729.7048,5840720.3719
204531,13.458862585729046,52.44019000766018,205532,205532,11,0,8,8,2018,9,12,2,3,6,7,0,0,1,1,0,0,0,0,803013.2858,5819354.0505
204532,13.336750049073252,52.5042650505052,205533,205533,11,0,4,4,2018,9,12,2,3,0,6,0,0,1,0,0,0,1,0,794290.6351,5825970.2834
204533,13.537559992962704,52.41868693817897,205534,205534,11,0,9,9,2018,9,13,3,3,2,7,0,0,1,0,0,0,0,0,808508.838,5817297.5194
204534,13.3449666982286,52.486341122131186,205535,205535,11,0,7,7,2018,9,12,2,3,2,1,0,0,1,0,0,0,1,0,794968.0194,5824011.6146
204535,13.443780577286205,52.503628112936255,205536,205536,11,0,2,2,2018,9,15,6,3,5,3,0,1,0,0,1,0,0,0,801554.3214,5826341.6809
204536,13.33076246778583,52.485079163682784,205537,205537,11,0,4,4,2018,9,11,6,3,5,2,0,1,1,0,0,0,0,0,794012.6354,5823813.3566
204537,13.37939831099189,52.523973254680044,205538,205538,11,0,1,1,2018,9,8,3,3,3,6,0,1,1,0,0,0,0,0,797050.1576,5828335.7173
204538,13.428701179347525,52.51894285175508,205539,205539,11,0,2,2,2018,9,11,2,3,5,2,0,1,1,0,0,0,0,0,800426.9598,5827980.9018
204539,13.362266540208433,52.505461073700104,205540,205540,11,0,1,1,2018,9,13,5,3,5,3,0,0,1,0,0,0,0,0,796013.2641,5826207.6587
204540,13.380372402763467,52.51808415602765,205541,205541,11,0,1,1,2018,9,8,6,3,5,2,0,1,0,0,0,0,1,0,797155.9861,5827685.169
204541,13.230031661167011,52.430915876082366,205542,205542,11,0,6,6,2018,9,8,3,3,5,2,0,0,1,0,0,0,0,0,787530.4174,5817387.1282
204542,13.206951587033622,52.53338213356568,205543,205543,11,0,5,5,2018,9,15,5,3,6,4,0,1,0,1,0,0,0,0,785297.8036,5828685.0276
204543,13.432055923403043,52.499335138859294,205544,205544,11,0,2,2,2018,9,8,2,3,5,3,0,0,1,0,0,0,0,0,800788.4425,5825815.567000001
204544,13.377706759057364,52.465826147578106,205545,205545,11,0,7,7,2018,9,23,4,2,3,6,2,1,1,0,0,0,0,0,797327.9795,5821865.811000001
204545,13.417328367713392,52.394724365410184,205546,205546,11,0,7,7,2018,9,11,2,3,0,3,0,0,1,0,1,0,0,0,800501.5314,5814127.1558
204546,13.33312184167559,52.560470206957845,205547,205547,11,0,1,1,2018,9,11,2,3,0,2,0,1,1,0,0,0,0,1,793668.8401,5832202.6903
204547,13.321201841947374,52.429462981965045,205548,205548,11,0,6,6,2018,9,10,3,3,5,3,0,1,1,0,0,0,0,0,793734.2611,5817592.6963
204548,13.224896969156413,52.52886955477868,205549,205549,11,0,5,5,2018,9,9,2,3,2,6,0,0,1,0,0,0,0,0,786543.6192,5828254.6056
204549,13.336077030364079,52.5142356079467,205550,205550,11,0,4,4,2018,9,8,6,2,5,2,0,1,1,0,0,0,0,0,794178.3131,5827075.7622
204550,13.377972184274347,52.47319496842378,205551,205551,11,0,7,7,2018,9,9,5,3,1,5,0,1,1,0,0,0,0,0,797296.2713,5822685.9334
204551,13.351138636270212,52.50963398215917,205552,205552,11,0,1,1,2018,9,8,3,3,5,2,0,1,1,0,0,0,0,0,795230.5272,5826625.8526
204552,13.423070859845222,52.607161367975216,205553,205553,11,0,3,3,2018,9,8,2,3,5,3,0,1,1,0,0,0,0,0,799442.9943,5837762.6615
204553,13.267310497698036,52.40946109619712,205554,205554,11,0,6,6,2018,9,13,5,2,6,4,0,0,1,1,0,0,0,0,790204.2127,5815151.5332
204554,13.537042381001058,52.53966590678454,205555,205555,11,0,10,10,2018,9,8,2,3,2,6,0,0,0,0,1,0,1,0,807627.4236,5830741.1111
204555,13.33199012072446,52.44251902582335,205556,205556,11,0,6,6,2018,9,10,4,3,2,2,0,0,1,0,0,0,0,0,794380.0985,5819087.8208
204556,13.349860867220178,52.500415906752,205557,205557,11,0,7,7,2018,9,8,2,3,5,3,0,0,1,0,0,0,0,0,795205.707,5825596.04
204557,13.317348125074055,52.51210123067703,205558,205558,11,0,4,4,2018,9,8,2,3,0,3,0,1,0,0,0,0,1,1,792922.5016,5826762.2776
204558,13.147721814663914,52.418159277589844,205559,205559,11,0,6,6,2018,9,7,2,3,2,2,0,0,1,0,0,0,0,1,782019.5591,5815644.5081
204559,13.461829653738857,52.56478038839382,205560,205560,11,0,3,3,2018,9,13,4,3,5,2,0,1,1,0,0,0,0,0,802357.5274,5833214.0883
204560,13.323877583615587,52.587638599371566,205561,205561,11,0,12,12,2018,9,6,2,3,2,2,2,0,1,0,0,0,0,1,792861.3178,5835184.8445
204561,13.434212731687806,52.44281422000625,205562,205562,11,0,8,8,2018,9,5,2,3,8,1,2,0,1,0,0,0,0,1,801321.0773,5819542.5099
204562,13.453654630717145,52.4351164393828,205563,205563,11,0,8,8,2018,9,16,2,3,2,6,0,0,1,0,0,0,1,0,802694.3659,5818768.2968
204563,13.315107421328266,52.57650040972306,205564,205564,11,0,12,12,2018,9,22,5,2,5,3,2,0,1,0,0,0,0,0,792341.7931,5833911.2018
204564,13.285027687077413,52.49397423233322,205565,205565,11,0,4,4,2018,9,17,3,3,5,2,0,1,1,0,0,0,0,0,790850.4752,5824616.6268
204565,13.498582505111456,52.410375824147884,205566,205566,11,0,8,8,2018,9,5,1,3,5,3,2,0,1,0,0,0,0,0,805917.7555,5816207.9341
204566,13.377147567674468,52.52815690137729,205567,205567,11,0,1,1,2018,9,12,5,3,0,7,0,1,0,0,0,0,0,0,796869.321,5828791.451
204567,13.452350330823537,52.48129714913375,205568,205568,11,0,8,8,2018,9,23,1,3,5,3,2,0,1,0,0,0,0,1,802288.8678,5823895.5761
204568,13.377599819114366,52.56294314395393,205569,205569,11,0,12,12,2018,9,8,4,2,5,2,0,0,1,0,1,0,0,0,796665.0127,5832659.7508
204569,13.159450473236607,52.55235749119592,205570,205570,11,0,5,5,2018,9,19,1,3,6,2,2,0,1,1,0,0,0,1,781956.1969,5830607.3458
204570,13.40359400916482,52.3939083737841,205571,205571,11,0,7,7,2018,9,8,3,2,6,6,0,0,1,1,0,0,0,0,799573.2173,5813979.3988
204571,13.428557115627108,52.51954266150264,205572,205572,11,0,2,2,2018,9,19,1,3,5,3,2,0,1,0,0,0,0,1,800413.0948,5828046.9681
204572,13.296659811791383,52.51364598711806,205573,205573,11,0,4,4,2018,9,17,5,3,5,2,0,1,1,0,0,0,0,0,791509.2953,5826850.1377
204573,13.553711373886097,52.427152208275935,205574,205574,11,0,9,9,2018,9,7,3,3,2,6,0,0,1,0,0,0,0,0,809546.9901,5818307.5059
204574,13.360856773608866,52.494441804822614,205575,205575,11,0,7,7,2018,9,19,1,2,6,4,1,0,1,1,0,0,0,1,795991.7481,5824977.0947
204575,13.174563314554955,52.549522984866655,205576,205576,11,0,5,5,2018,9,19,5,2,1,5,1,0,0,0,1,1,0,0,782998.4336,5830351.5015
204576,13.383143523056965,52.53060488209861,205577,205577,11,0,1,1,2018,9,18,1,3,5,3,1,0,1,0,0,1,0,1,797259.2229,5829088.2486
204577,13.454178420393028,52.493858702082434,205578,205578,11,0,9,9,2018,9,17,4,3,5,2,0,1,1,0,0,0,0,0,802326.6514,5825299.392999999
204578,13.350482218427464,52.54718006759897,205579,205579,11,0,1,1,2018,9,17,1,3,5,3,0,0,1,0,0,0,0,1,794934.0363,5830796.3891
204579,13.541684212330999,52.4231979366792,205580,205580,11,0,9,9,2018,9,17,1,3,2,6,0,0,1,0,0,0,0,1,808757.5311,5817816.5108
204580,13.432935528576415,52.59604546785826,205581,205581,11,0,3,3,2018,9,11,4,2,2,2,0,0,1,0,0,0,0,1,800186.5757,5836568.2321
204581,13.426967690462304,52.54367907028863,205582,205582,11,0,3,3,2018,9,16,1,3,5,3,1,1,0,0,0,0,1,1,800140.4885,5830723.0216
204582,13.471930536270618,52.61609146914311,205583,205583,11,0,3,3,2018,9,7,3,3,5,2,0,0,1,0,1,0,0,0,802687.3699,5838959.4994
204583,13.186669881791255,52.55119246168102,205584,205584,11,0,5,5,2018,9,16,5,3,6,7,0,0,1,1,0,0,0,0,783807.9862,5830584.6769
204584,13.45828532203928,52.485793574937134,205585,205585,11,0,9,9,2018,9,15,1,3,2,2,0,0,1,0,0,0,1,1,802660.702,5824420.2202
204585,13.466450982819106,52.55053416169238,205586,205586,11,0,3,3,2018,9,15,4,3,0,2,0,1,0,0,0,0,1,0,802768.7281,5831650.0944
204586,13.577163750297409,52.5645204382769,205587,205587,11,0,10,10,2018,9,13,1,3,0,3,0,1,1,0,0,0,0,1,810170.7185,5833675.4742
204587,13.440740955045829,52.517452553872396,205588,205588,11,0,2,2,2018,9,12,1,3,2,2,0,0,1,0,0,0,0,0,801253.4770000001,5827865.5011
204588,13.501621634176724,52.51027898666204,205589,205589,11,0,11,11,2018,9,12,1,2,5,3,0,1,1,0,0,0,0,0,805431.1453,5827324.3473
204589,13.344895136636422,52.481820029496845,205590,205590,11,0,7,7,2018,9,16,4,3,2,6,0,0,1,0,0,0,0,0,794993.4479,5823508.806
204590,13.298960980240604,52.468880723590296,205591,205591,11,0,4,4,2018,9,11,1,3,3,6,0,1,1,0,0,0,0,0,791962.0514,5821883.7377
204591,13.296429442430027,52.48576601468822,205592,205592,11,0,4,4,2018,9,5,1,2,6,4,2,0,1,1,0,0,0,0,791678.3763,5823750.3138
204592,13.367079856332856,52.4931988340625,205593,205593,11,0,7,7,2018,9,20,3,3,5,2,2,1,1,0,0,0,0,0,796422.2953,5824864.4987
204593,13.336548749194474,52.50410690335021,205594,205594,11,0,4,4,2018,9,3,1,2,9,1,2,0,1,0,0,0,0,0,794278.0393,5825951.8839
204594,13.563342724985164,52.437686015799066,205595,205595,11,0,9,9,2018,9,15,6,3,5,3,0,1,1,0,0,0,0,0,810127.2781,5819519.5863
204595,13.331461988592508,52.50392172841151,205596,205596,11,0,4,4,2018,9,23,6,3,0,7,2,0,1,0,0,0,0,0,793934.2598,5825910.556
204596,13.328777014039796,52.45415919174139,205597,205597,11,0,6,6,2018,9,19,3,3,5,2,1,1,1,0,0,0,0,0,794084.2157,5820368.5192
204597,13.342658062982698,52.599267029190976,205598,205598,11,0,12,12,2018,9,0,1,2,2,2,2,0,0,0,0,0,1,1,794054.7366,5836553.8672
204598,13.30367519062965,52.52560963629654,205599,205599,11,0,4,4,2018,9,17,5,3,5,3,0,0,1,0,0,0,0,0,791905.6112,5828208.2954
204599,13.322092093953517,52.51181640357513,205600,205600,11,0,4,4,2018,9,8,1,3,5,3,0,1,1,0,0,0,0,0,793246.1092,5826749.9013
204600,13.320138092920525,52.4340619509595,205601,205601,11,0,6,6,2018,9,19,4,3,5,3,2,0,1,0,0,0,0,0,793631.3796,5818099.5425
204601,13.339866895885306,52.44511719140512,205602,205602,11,0,6,6,2018,9,18,1,3,0,1,1,0,0,0,1,0,0,1,794897.7265,5819408.7618
204602,13.390320555527284,52.5076871886857,205603,205603,11,0,1,1,2018,9,22,1,3,5,3,2,0,1,0,0,0,1,1,797900.9065,5826570.6186
204603,13.340784623762733,52.48856143453322,205604,205604,11,0,7,7,2018,9,18,3,3,5,3,0,1,1,0,0,0,0,0,794669.3914,5824241.3071
204604,13.392818689484027,52.45297033407131,205605,205605,11,0,7,7,2018,9,16,7,3,5,7,0,0,1,0,0,0,0,0,798440.8792,5820499.3087
204605,13.395191999837124,52.524403041176484,205606,205606,11,0,1,1,2018,9,14,6,3,6,4,0,1,0,1,0,0,0,0,798117.9670000001,5828448.6814
204606,13.513637278431569,52.46421220284947,205607,205607,11,0,9,9,2018,9,8,5,2,3,6,0,1,1,0,0,0,0,0,806566.5609,5822255.332
204607,13.250405700644171,52.538059259783715,205608,205608,11,0,5,5,2018,9,7,3,3,2,6,0,0,1,0,0,0,0,0,788212.6088,5829377.7634
204608,13.360147108127663,52.54693322868926,205609,205609,11,0,1,1,2018,9,15,7,3,6,4,0,0,1,1,0,0,0,0,795590.5826,5830808.5484
204609,13.332411235658295,52.57612566217378,205610,205610,11,0,12,12,2018,9,12,3,3,2,6,0,0,1,0,1,0,0,0,793516.0207,5833939.9046
204610,13.240127275079665,52.6076923539292,205611,205611,11,0,12,12,2018,9,15,7,3,5,3,0,0,1,0,0,0,0,0,787060.2751,5837076.7117
204611,13.518182149203,52.461504532427256,205612,205612,11,0,9,9,2018,9,15,6,3,5,2,0,1,1,0,0,0,0,0,806893.9403,5821973.7181
204612,13.464275460830304,52.550066641807184,205613,205613,11,0,3,3,2018,9,14,5,3,1,5,0,1,0,0,0,0,1,0,802624.5542,5831588.9937
204613,13.401477755323546,52.414548705543226,205614,205614,11,0,7,7,2018,9,5,3,3,6,2,2,0,1,1,0,0,0,0,799289.4108,5816264.7211
204614,13.511826735654516,52.550695065182,205615,205615,11,0,11,11,2018,9,14,7,3,5,3,0,0,1,0,0,0,0,0,805841.8535,5831859.5937
204615,13.437211551549654,52.464355606856756,205616,205616,11,0,8,8,2018,9,11,5,3,5,3,0,1,1,0,0,0,0,0,801377.4469,5821949.2616
204616,13.37957879780382,52.48129885879717,205617,205617,11,0,7,7,2018,9,17,1,3,5,3,0,0,1,0,1,0,0,0,797350.6044,5823593.2855
204617,13.365647130591274,52.55682783348807,205618,205618,11,0,1,1,2018,9,13,7,3,5,2,0,0,1,0,0,0,0,0,795896.6047,5831930.8955
204618,13.461779497203286,52.51843550682645,205619,205619,11,0,2,2,2018,9,12,4,3,0,5,0,1,0,0,0,0,1,0,802673.1869,5828062.8704
204619,13.347976829676494,52.46554377897541,205620,205620,11,0,7,7,2018,9,12,7,3,3,6,0,1,1,0,0,0,0,1,795311.6607,5821712.3237
204620,13.369094367883367,52.48853205231282,205621,205621,11,0,7,7,2018,9,17,1,3,6,4,0,0,1,1,0,0,0,0,796590.4021,5824354.0751
204621,13.325847335708751,52.524927112663754,205622,205622,11,0,1,1,2018,9,12,7,2,5,3,0,0,1,0,1,0,0,0,793413.2940000001,5828222.4384
204622,13.467019021709216,52.56724893481842,205623,205623,11,0,3,3,2018,9,17,3,3,4,1,0,0,1,0,0,0,0,0,802691.9802,5833510.2453
204623,13.517131629665368,52.45430140116164,205624,205624,11,0,9,9,2018,9,11,7,3,2,6,0,0,1,0,0,0,0,0,806872.7723,5821168.6773
204624,13.469216832696835,52.498049954106044,205625,205625,11,0,2,2,2018,9,16,1,3,4,6,0,1,1,0,0,0,0,0,803317.9599,5825828.3774
204625,13.475799364603679,52.55056325066349,205626,205626,11,0,3,3,2018,9,20,5,2,0,3,2,1,1,0,0,0,0,0,803401.8921,5831692.6457
204626,13.5749366272821,52.446288925797674,205627,205627,11,0,9,9,2018,9,12,1,3,2,6,0,0,1,0,0,0,1,0,810854.1244,5820525.5999
204627,13.338519086090916,52.58995058267129,205628,205628,11,0,12,12,2018,9,9,7,3,5,3,0,0,1,0,0,0,0,1,793837.0212,5835501.4499
204628,13.574606976115534,52.453079765900476,205629,205629,11,0,9,9,2018,9,15,1,3,2,6,0,1,0,0,0,0,0,0,810783.8609999999,5821278.9134
204629,13.330632556124387,52.60981717761373,205630,205630,11,0,12,12,2018,9,19,5,2,0,1,1,0,0,0,1,0,0,0,793170.31,5837677.4939
204630,13.27790446728592,52.428589106009646,205631,205631,11,0,6,6,2018,9,14,1,3,5,3,0,0,1,0,1,0,0,0,790798.2898,5817320.2654
204631,13.331425570890875,52.50524523149515,205632,205632,11,0,4,4,2018,9,8,7,3,5,3,0,1,1,0,0,0,0,0,793922.9494,5826057.5148
204632,13.421927131113694,52.48920800962469,205633,205633,11,0,2,2,2018,9,13,1,3,3,6,0,0,1,0,1,0,0,0,800170.442,5824647.7744
204633,13.429381981060322,52.588646371439324,205634,205634,11,0,3,3,2018,9,12,5,2,5,3,0,1,1,0,0,0,0,0,799996.6671,5835731.0408
204634,13.499764125679988,52.46859547032526,205635,205635,11,0,9,9,2018,9,11,1,2,0,7,0,1,0,0,0,0,0,0,805594.3944,5822683.6396
204635,13.447598952639616,52.48728135308566,205636,205636,11,0,8,8,2018,9,2,7,3,1,1,2,0,1,0,0,0,0,0,801925.41,5824540.79
204636,13.39822472301609,52.515478890931675,205637,205637,11,0,1,1,2018,9,9,4,3,2,6,0,0,1,0,1,0,0,0,798384.1084,5827469.3304
204637,13.44471409395302,52.50096013081712,205638,205638,11,0,2,2,2018,9,1,7,3,6,4,2,0,1,1,0,0,0,0,801635.9240000001,5826049.051
204638,13.532543875874648,52.510643727994854,205639,205639,11,0,11,11,2018,9,19,1,2,5,3,2,0,1,0,0,0,0,0,807525.5077,5827496.3309
204639,13.422225425686936,52.4674903212502,205640,205640,11,0,8,8,2018,9,2,7,3,6,7,2,0,1,1,0,0,0,1,800338.7389,5822235.1775
204640,13.462825287110965,52.469237489777896,205641,205641,11,0,8,8,2018,9,16,3,3,6,4,0,0,1,1,0,0,0,0,803082.6533,5822599.1617
204641,13.505397110483749,52.50909089117116,205642,205642,11,0,11,11,2018,9,21,7,2,5,2,2,0,1,0,1,0,0,0,805695.4267,5827208.2992
204642,13.578867528302927,52.443768330328005,205643,205643,11,0,9,9,2018,9,15,1,2,1,1,0,0,1,0,0,0,0,0,811138.8576,5820262.4032
204643,13.514242051230285,52.535242140550785,205644,205644,11,0,11,11,2018,9,18,5,2,5,2,0,0,1,0,1,0,0,0,806113.1312,5830152.3627
204644,13.644698337874356,52.45568311609767,205645,205645,11,0,9,9,2018,9,18,1,2,8,1,0,0,0,0,1,0,0,0,815524.3268,5821872.4746
204645,13.196552186248097,52.5261744298699,205646,205646,11,0,5,5,2018,9,21,7,3,2,6,2,0,1,0,0,0,0,1,784639.5461,5827842.7495
204646,13.275005691898954,52.46051809277967,205647,205647,11,0,6,6,2018,9,14,1,3,0,1,0,0,0,0,1,0,0,0,790391.0206,5820857.5487
204647,13.360513800426647,52.5969363108072,205648,205648,11,0,12,12,2018,9,17,4,2,5,2,0,0,1,0,0,0,1,0,795278.8829999999,5836367.8617
204648,13.583613949583132,52.514935601022785,205649,205649,11,0,10,10,2018,9,20,7,3,5,2,2,0,1,0,0,0,0,0,810958.2690000001,5828192.395
204649,13.161210554050871,52.52540205239411,205650,205650,11,0,5,5,2018,9,23,1,3,5,3,2,0,0,0,0,0,1,0,782248.4891,5827617.9574
204650,13.278119989292247,52.50672799711418,205651,205651,11,0,4,4,2018,9,18,7,2,5,3,0,1,1,0,0,0,0,0,790297.702,5826006.3988
204651,13.396253276700296,52.52504431624003,205652,205652,11,0,1,1,2018,9,19,3,3,0,2,0,1,1,0,0,0,0,0,798185.5659,5828524.3468
204652,13.427497878837944,52.48699695537962,205653,205653,11,0,8,8,2018,9,17,7,3,6,4,0,0,1,1,0,0,0,0,800563.4955,5824425.2239
204653,13.328446270521864,52.532645671737576,205654,205654,11,0,1,1,2018,9,1,7,2,8,1,2,0,1,0,0,0,0,0,793537.95,5829090.9385
204654,13.305992596127679,52.5316958891486,205655,205655,11,0,4,4,2018,9,16,3,3,5,2,0,1,0,0,0,1,0,0,792022.2902,5828894.1746
204655,13.394387280022455,52.507011398405645,205656,205656,11,0,2,2,2018,9,1,7,2,5,3,2,0,1,0,0,0,0,0,798181.2893,5826512.3151
204656,13.391435632492824,52.48419111807574,205657,205657,11,0,7,7,2018,9,7,4,3,5,2,0,1,1,0,0,0,0,0,798135.6325,5823963.6958
204657,13.47619700835575,52.53309283785682,205658,205658,11,0,11,11,2018,9,22,7,3,5,2,2,0,1,0,0,0,0,1,803549.4961,5829752.5788
204658,13.280913178497338,52.59378059327569,205659,205659,11,0,12,12,2018,9,16,7,3,5,2,0,0,1,0,0,0,0,0,789912.125,5835693.7360000005
204659,13.398826026521185,52.50693428100071,205660,205660,11,0,2,2,2018,9,10,3,3,3,6,0,0,1,0,0,0,1,0,798482.8499,5826522.1082
204660,13.577543944275096,52.447404317276344,205661,205661,11,0,9,9,2018,9,11,6,3,5,7,0,0,1,0,0,0,0,0,811023.3185,5820660.7998
204661,13.423805570356528,52.48834283012452,205662,205662,11,0,2,2,2018,9,15,7,2,6,7,0,0,1,1,0,0,0,0,800303.7902,5824559.4325
204662,13.376403592837624,52.460122372889366,205663,205663,11,0,7,7,2018,9,6,5,2,2,2,2,0,1,0,1,1,0,0,797277.9878,5821226.4791
204663,13.179150471721792,52.53305880998178,205664,205664,11,0,5,5,2018,9,15,7,3,5,3,0,0,1,0,1,0,0,0,783415.4077,5828539.4308
204664,13.427892184450435,52.473394089337,205665,205665,11,0,8,8,2018,9,7,6,3,5,3,0,1,1,0,0,0,0,0,800683.1071,5822914.9632
204665,13.267284834627025,52.41818933357079,205666,205666,11,0,6,6,2018,9,15,7,3,0,1,0,0,0,0,1,0,0,0,790145.1039,5816121.5875
204666,13.424005625170336,52.48652766702731,205667,205667,11,0,8,8,2018,9,15,4,3,5,2,0,1,1,0,0,0,0,0,800329.7449,5824358.517000001
204667,13.296861905780828,52.52751945912158,205668,205668,11,0,4,4,2018,9,22,6,3,6,4,2,1,0,1,0,0,0,1,791431.0538,5828393.0101
204668,13.214838444885222,52.56033822902636,205669,205669,11,0,5,5,2018,9,22,7,3,1,1,2,0,1,0,0,0,0,0,785657.1112,5831712.5652
204669,13.383834279899759,52.55501383817074,205670,205670,11,0,1,1,2018,9,7,6,3,5,3,0,1,1,0,0,0,0,0,797140.9444,5831804.1087
204670,13.403383154804713,52.436325256744425,205671,205671,11,0,7,7,2018,9,13,3,3,1,5,0,1,1,0,0,0,0,0,799271.1875,5818693.0094
204671,13.45568037480196,52.49565997182974,205672,205672,11,0,9,9,2018,9,7,6,3,5,7,0,1,1,0,0,0,0,0,802416.1671,5825505.8926
204672,13.227260773537159,52.54947947491212,205673,205673,11,0,5,5,2018,9,21,7,3,2,6,2,0,1,0,0,0,0,0,786569.4552,5830554.8815
204673,13.353815408306058,52.44553971393839,205674,205674,11,0,6,6,2018,9,15,6,3,2,6,0,0,1,0,0,0,0,0,795842.2357,5819512.8123
204674,13.410206202544027,52.517489775843536,205675,205675,11,0,1,1,2018,9,0,6,3,0,1,2,1,0,0,0,0,0,0,799182.8592,5827742.4873
204675,13.251571118299925,52.4238479757149,205676,205676,11,0,6,6,2018,9,13,7,3,5,2,0,1,1,0,0,0,0,0,789040.1309,5816687.5264
204676,13.35333555073916,52.48987202788617,205677,205677,11,0,7,7,2018,9,16,3,2,5,3,0,1,1,0,0,0,0,0,795512.176,5824438.3277
204677,13.398774633903773,52.53294175730014,205678,205678,11,0,1,1,2018,9,7,6,3,4,6,0,1,0,0,0,0,0,0,798302.9045,5829412.5597
204678,13.404747936469764,52.449303462235854,205679,205679,11,0,7,7,2018,9,19,7,3,5,7,2,0,1,0,1,0,0,0,799275.8113,5820141.1527
204679,13.390121261586554,52.453106959035,205680,205680,11,0,7,7,2018,9,14,5,3,5,7,0,1,1,0,0,0,0,0,798256.7887,5820503.3415
204680,13.386055789342873,52.48736809800232,205681,205681,11,0,2,2,2018,9,18,7,3,0,6,1,0,1,0,1,0,0,0,797749.0954,5824294.5867
204681,13.314780612431283,52.57661502015441,205682,205682,11,0,12,12,2018,9,22,6,3,2,6,2,0,1,0,0,0,1,1,792318.9,5833922.6148
204682,13.519136297476985,52.509560922345116,205683,205683,11,0,11,11,2018,9,14,4,2,2,6,0,0,1,0,0,0,1,0,806623.865,5827318.881
204683,13.363423439140346,52.5565824535538,205684,205684,11,0,1,1,2018,9,21,6,3,9,1,2,0,1,0,0,0,0,1,795747.615,5831894.4932
204684,13.402525191843145,52.55430067673913,205685,205685,11,0,3,3,2018,9,17,5,3,5,2,0,1,0,0,0,0,1,0,798412.0284,5831802.0773
204685,13.383884722099573,52.548812944517906,205686,205686,11,0,1,1,2018,9,13,7,3,6,4,0,0,1,1,0,0,0,0,797186.3098,5831115.0981
204686,13.488024158216204,52.541719692358534,205687,205687,11,0,11,11,2018,9,20,6,3,5,3,2,0,1,0,1,0,0,1,804291.3791,5830761.2767
204687,13.244711556739256,52.524268913370534,205688,205688,11,0,4,4,2018,9,15,4,2,0,7,0,1,0,0,0,0,0,1,787916.9794,5827822.1678
204688,13.398945945323415,52.5082273844428,205689,205689,11,0,1,1,2018,9,20,6,3,5,3,2,0,1,0,1,0,0,1,798482.2103,5826666.3296