,X,Y,OBJECTID_1,OBJECTID,ULAND,UREGBEZ,UKREIS,UGEMEINDE,UJAHR,UMONAT,USTUNDE,UWOCHENTAG,UKATEGORIE,UART,UTYP1,ULICHTVERH,IstRad,IstPKW,IstFuss,IstKrad,IstGkfz,IstSonstig,STRZUSTAND,LINREFX,LINREFY
204689,13.348194973865116,52.49796674235276,205690,205690,11,0,7,7,2018,9,17,7,3,5,3,0,1,1,0,0,0,0,0,795109.128,5825316.9993
204690,13.559111871101049,52.448454187439566,205691,205691,11,0,9,9,2018,9,17,6,3,5,3,1,0,1,0,0,0,0,1,809764.2502,5820698.1933
204691,13.240819557261801,52.538923048481436,205692,205692,11,0,5,5,2018,9,10,3,3,3,6,0,0,1,0,1,0,0,0,787557.248,5829435.4922
204692,13.60351985271122,52.543899894030865,205693,205693,11,0,10,10,2018,9,7,6,3,2,6,0,0,1,0,0,0,0,0,812102.2368,5831497.5164
204693,13.206250737618635,52.43522176098397,205694,205694,11,0,6,6,2018,9,13,7,3,5,3,0,0,1,0,0,0,0,0,785886.7911,5817771.2911
204694,13.213138769485614,52.527122721272896,205695,205695,11,0,5,5,2018,9,14,6,3,3,6,0,0,1,0,0,0,0,0,785757.8745,5828013.7687
204695,13.505889319885805,52.418400678164815,205696,205696,11,0,8,8,2018,9,17,5,3,5,3,0,1,0,0,0,0,0,0,806358.6806,5817130.8226
204696,13.196087309885195,52.53000669179925,205697,205697,11,0,5,5,2018,9,16,7,2,6,4,0,0,1,1,0,0,0,0,784583.2259,5828266.8902
204697,13.274235743174007,52.500428648460534,205698,205698,11,0,4,4,2018,9,16,3,3,0,2,0,1,0,0,0,1,0,0,790075.7772,5825290.5839
204698,13.26538546014646,52.44225888888242,205699,205699,11,0,6,6,2018,9,9,6,3,5,3,0,0,1,0,0,0,0,0,789857.8651,5818789.3304
204699,13.423636714032588,52.48055248947745,205700,205700,11,0,8,8,2018,9,13,7,3,1,5,0,1,1,0,0,0,0,0,800345.4649,5823692.8628
204700,13.281337654028649,52.4328421992266,205701,205701,11,0,6,6,2018,9,18,5,2,1,1,0,0,1,0,0,0,0,0,791003.5040000001,5817806.8373
204701,13.412056754487205,52.48840427621176,205702,205702,11,0,2,2,2018,9,16,7,2,0,7,0,0,0,0,1,0,0,0,799506.23,5824517.4086
204702,13.5387686528213,52.42047956382417,205703,205703,11,0,9,9,2018,9,19,6,3,6,2,2,0,1,1,0,0,0,1,808578.4366,5817501.9202
204703,13.561749087620006,52.493609937893545,205704,205704,11,0,10,10,2018,9,11,4,3,5,2,0,0,1,0,0,0,0,0,809625.7839,5825728.1559
204704,13.559445728179755,52.53407091310168,205705,205705,11,0,10,10,2018,9,16,6,2,5,2,0,1,1,0,0,0,0,0,809184.9745,5830215.1421
204705,13.335874144060524,52.46769391556853,205706,205706,11,0,7,7,2018,9,12,7,2,1,5,0,0,1,0,0,0,0,0,794475.6916,5821901.8425
204706,13.410367313593593,52.50371579128364,205707,205707,11,0,2,2,2018,9,19,6,2,5,3,2,1,1,0,0,0,0,1,799287.4743,5826212.2201
204707,13.262889653724596,52.521068338637235,205708,205708,11,0,4,4,2018,9,16,3,3,5,2,0,0,1,0,0,0,0,0,789170.4448,5827539.1636
204708,13.320146122062544,52.470259880221604,205709,205709,11,0,4,4,2018,9,18,6,3,0,1,0,0,0,0,1,0,0,1,793390.9438,5822122.9719
204709,13.32289423829824,52.502215726184986,205710,205710,11,0,4,4,2018,9,11,7,3,0,1,0,0,0,0,1,0,0,0,793364.5092,5825686.046
204710,13.294427280019715,52.62956288245685,205711,205711,11,0,12,12,2018,9,9,7,3,5,3,0,0,1,0,0,0,0,0,790589.5762,5839725.4956
204711,13.369223472857714,52.46712628247892,205712,205712,11,0,7,7,2018,9,18,6,3,5,2,1,0,1,0,0,0,0,1,796743.3395,5821975.3923
204712,13.28280899025948,52.53386058071413,205713,205713,11,0,4,4,2018,9,18,6,3,2,6,2,0,1,0,0,0,1,1,790436.4966,5829041.1232
204713,13.454435368208669,52.43192505469114,205714,205714,11,0,8,8,2018,9,7,7,3,6,7,0,1,0,1,0,0,0,0,802769.3041,5818416.8663
204714,13.419993565855133,52.501088006056605,205715,205715,11,0,2,2,2018,9,9,5,3,0,6,0,1,1,0,0,0,0,0,799958.2866,5825960.1478
204715,13.423299704765531,52.50688981681537,205716,205716,11,0,1,1,2018,9,3,7,3,9,1,2,0,1,0,0,0,0,0,800142.9619,5826618.7553
204716,13.499969321552149,52.52950949950293,205717,205717,11,0,11,11,2018,9,16,3,2,5,7,0,0,1,0,1,0,0,0,805185.6098,5829454.6943
204717,13.2772736056147,52.58500408308946,205718,205718,11,0,12,12,2018,9,17,6,3,0,1,0,0,0,0,1,0,0,1,789723.72,5834703.5607
204718,13.532071881261446,52.57020961803691,205719,205719,11,0,11,11,2018,9,4,7,3,3,6,2,1,0,0,0,0,1,0,807076.9556,5834114.6077
204719,13.15463368961515,52.53303601761314,205720,205720,11,0,5,5,2018,9,16,5,3,5,3,0,0,1,0,1,0,0,0,781753.6732,5828440.7987
204720,13.309376209341453,52.46702837384447,205721,205721,11,0,6,6,2018,9,23,6,2,5,3,2,0,1,0,1,0,0,0,792681.3559999999,5821720.0463
204721,13.477310705509016,52.500524299747035,205722,205722,11,0,11,11,2018,9,17,6,3,2,2,0,0,1,0,0,0,0,1,803849.9026,5826137.4616
204722,13.415436380977757,52.54505874074135,205723,205723,11,0,3,3,2018,9,8,4,2,0,1,0,0,0,0,1,0,0,0,799349.6917,5830828.4082
204723,13.199130557726054,52.534846581709736,205724,205724,11,0,5,5,2018,9,17,6,2,6,4,0,0,1,1,0,0,0,1,784758.176,5828816.886
204724,13.300953066248374,52.513454768773855,205725,205725,11,0,4,4,2018,9,22,6,2,5,3,2,0,1,0,0,0,0,0,791801.6996,5826846.249
204725,13.298423917058113,52.49846595199421,205726,205726,11,0,4,4,2018,9,15,3,3,2,1,0,0,1,0,0,0,0,0,791729.5457,5825169.9922
204726,13.346806160469574,52.430737086124495,205727,205727,11,0,6,6,2018,9,17,6,3,2,7,0,1,1,0,0,0,0,0,795465.3291,5817838.8083
204727,13.361280436164868,52.55508266656261,205728,205728,11,0,1,1,2018,9,21,6,2,5,3,2,0,1,0,1,0,0,0,795612.5322,5831719.0002
204728,13.377577796016858,52.553613642862075,205729,205729,11,0,1,1,2018,9,10,5,3,2,6,0,0,1,0,0,0,0,0,796726.5481,5831622.6995
204729,13.281937963098724,52.58364609526698,205730,205730,11,0,12,12,2018,9,19,6,3,5,3,2,0,1,0,0,0,0,0,790048.4851,5834571.3863
204730,13.402603895041812,52.52129546848281,205731,205731,11,0,1,1,2018,9,17,6,3,2,7,0,1,1,0,0,0,0,1,798641.5489,5828133.9594
204731,13.482613520818319,52.611624754793844,205732,205732,11,0,3,3,2018,9,19,6,3,5,3,2,1,1,0,0,0,0,0,803440.9949,5838508.0125
204732,13.320320403312492,52.486537616357936,205733,205733,11,0,4,4,2018,9,16,4,3,5,3,0,0,1,0,0,0,0,0,793294.365,5823932.953
204733,13.215731050477427,52.538065714789454,205734,205734,11,0,5,5,2018,9,16,6,3,5,3,0,0,1,0,0,1,0,1,785862.4509999999,5829240.4097
204734,13.514247481546175,52.55666550135276,205735,205735,11,0,11,11,2018,9,17,6,3,5,3,0,1,1,0,0,0,0,0,805964.2649,5832533.4436
204735,13.426583102824544,52.508048164124936,205736,205736,11,0,1,1,2018,9,19,5,3,5,2,1,1,0,0,1,0,0,0,800357.7338,5826761.1735
204736,13.431198986317526,52.5029940172707,205737,205737,11,0,2,2,2018,9,17,6,3,6,4,0,0,1,1,0,0,0,0,800705.3127,5826218.6628
204737,13.44123936102673,52.51369596493753,205738,205738,11,0,2,2,2018,9,15,6,3,5,3,0,1,1,0,0,0,0,0,801313.0040000001,5827450.055
204738,13.347841067287591,52.52095849533986,205739,205739,11,0,1,1,2018,9,17,6,3,2,6,0,0,1,0,0,0,0,0,794930.9546,5827871.0689
204739,13.554665890469325,52.45587725599555,205740,205740,11,0,9,9,2018,9,12,4,2,2,2,0,0,1,0,1,0,0,0,809410.2297,5821504.1216
204740,13.168333252819517,52.53356798710097,205741,205741,11,0,5,5,2018,9,15,6,2,3,6,0,0,1,0,1,0,0,0,782678.8856,5828553.5589
204741,13.54430327479638,52.41048611251069,205742,205742,11,0,9,9,2018,9,17,6,3,5,3,0,0,1,0,0,0,0,0,809024.4732,5816414.9132
204742,13.392706525837642,52.51228770293547,205743,205743,11,0,1,1,2018,9,15,6,3,5,5,0,1,1,0,0,0,0,0,798031.5547,5827091.8147
204743,13.601132048939323,52.47923731917624,205744,205744,11,0,10,10,2018,9,15,4,3,5,3,0,1,1,0,0,0,0,0,812399.3603,5824300.6243
204744,13.292081464402546,52.590565951680404,205745,205745,11,0,12,12,2018,9,15,6,3,5,2,0,0,1,0,0,0,0,0,790689.3942,5835381.4316
204745,13.416398782074245,52.54716204332902,205746,205746,11,0,3,3,2018,9,16,6,3,2,6,0,1,1,0,0,0,0,0,799400.5718,5831066.1817
204746,13.481914702494173,52.52865333021922,205747,205747,11,0,11,11,2018,9,15,3,3,5,3,0,1,1,0,0,0,0,0,803967.7276,5829283.2478
204747,13.416796011702989,52.51935189572831,205748,205748,11,0,1,1,2018,9,21,6,3,0,6,2,0,1,0,1,0,0,0,799616.9871,5827976.8223
204748,13.453636014031195,52.455565802528035,205749,205749,11,0,8,8,2018,9,18,5,3,5,3,0,1,1,0,0,0,0,0,802552.7593,5821041.0574
204749,13.461002083478315,52.51102010055926,205750,205750,11,0,2,2,2018,9,19,6,3,5,3,1,1,1,0,0,0,0,0,802671.5006,5827235.4219
204750,13.60292765991972,52.53623829941014,205751,205751,11,0,10,10,2018,9,14,6,3,5,3,0,1,1,0,0,0,0,0,812116.5281,5830643.4466
204751,13.209968771154829,52.550543549761976,205752,205752,11,0,5,5,2018,9,16,6,3,6,4,0,0,0,1,0,0,1,0,785390.8568,5830604.5465
204752,13.339328619977165,52.595821637992344,205753,205753,11,0,12,12,2018,9,15,4,3,5,2,0,0,1,0,0,0,0,0,793852.4875,5836157.3223
204753,13.39580178164186,52.454302276498936,205754,205754,11,0,7,7,2018,9,15,6,3,5,3,0,0,1,0,0,0,0,0,798634.4199,5820659.6919
204754,13.385644122889175,52.50742442128822,205755,205755,11,0,1,1,2018,9,11,6,3,6,2,0,0,1,1,0,0,0,0,797585.5302,5826522.1029
204755,13.502998094838807,52.55433035036092,205756,205756,11,0,11,11,2018,9,14,6,3,2,2,0,0,1,0,1,0,0,0,805218.4495,5832226.1979
204756,13.202052501562493,52.53476915578801,205757,205757,11,0,5,5,2018,9,13,3,3,0,2,0,0,1,0,1,0,0,0,784956.7328,5828819.8255
204757,13.458435884172467,52.557636827626105,205758,205758,11,0,3,3,2018,9,15,6,3,5,3,0,0,1,0,0,0,0,0,802176.8242,5832405.8777
204758,13.505044391479018,52.5631001144377,205759,205759,11,0,11,11,2018,9,10,6,3,5,3,0,0,1,0,0,0,0,0,805296.0996,5833209.57
204759,13.384058742838096,52.55577697585056,205760,205760,11,0,1,1,2018,9,7,6,3,5,3,1,0,1,1,1,0,0,0,797150.988,5831889.8557
204760,13.643276505103906,52.47905179055142,205761,205761,11,0,9,9,2018,9,20,6,1,8,1,2,0,0,0,1,0,0,0,815260.5197,5824463.3881
204761,13.397630822527242,52.50617431730854,205762,205762,11,0,2,2,2018,9,15,6,3,5,2,0,0,1,0,0,0,0,0,798406.9447,5826432.6935
204762,13.499804337865395,52.44033338969836,205763,205763,11,0,9,9,2018,9,22,3,3,8,1,2,0,1,0,0,0,0,0,805793.1236,5819542.6785
204763,13.435570272931693,52.49160023452406,205764,205764,11,0,2,2,2018,9,14,6,3,5,3,0,1,0,0,0,0,1,0,801079.7293,5824970.5292
204764,13.409496919745154,52.382243022048456,205765,205765,11,0,7,7,2018,9,9,6,2,5,3,0,1,1,0,0,0,0,0,800053.7864,5812707.3451
204765,13.390991562010226,52.51565519291722,205766,205766,11,0,1,1,2018,9,16,6,3,2,6,0,1,1,0,0,0,0,0,797892.453,5827459.0161
204766,13.391342468214715,52.51907786276662,205767,205767,11,0,1,1,2018,9,12,6,3,0,1,0,1,0,0,0,0,0,0,797893.0644,5827840.8879
204767,13.207205398830625,52.538882726503275,205768,205768,11,0,5,5,2018,9,14,6,3,2,6,0,0,1,0,0,1,0,0,785279.3079,5829297.4498
204768,13.120252671765316,52.528962684928025,205769,205769,11,0,5,5,2018,9,15,3,3,2,6,0,0,1,0,0,0,0,0,779449.0047,5827854.2059
204769,13.334007266135359,52.505521250279855,205770,205770,11,0,4,4,2018,9,14,6,3,5,2,0,0,1,0,1,1,0,0,794096.2071,5826098.7201
204770,13.33245722041768,52.469043141185004,205771,205771,11,0,7,7,2018,9,13,6,3,5,3,0,1,1,0,0,0,0,0,794234.7320000001,5822037.8676
204771,13.433229371997445,52.606365133101995,205772,205772,11,0,3,3,2018,9,15,5,3,5,3,0,0,1,0,0,0,1,0,800135.8181,5837716.4537
204772,13.324989481443364,52.58871165804602,205773,205773,11,0,12,12,2018,9,13,6,3,2,6,0,0,1,0,0,0,0,0,792929.4255,5835308.637
204773,13.321541108680735,52.505793370376,205774,205774,11,0,4,4,2018,9,14,6,3,5,3,0,1,0,0,0,0,1,0,793248.8852,5826078.1986
204774,13.452370952549169,52.48121171183389,205775,205775,11,0,8,8,2018,9,22,4,3,5,3,2,0,1,0,0,0,0,0,802290.8536,5823886.1666
204775,13.230028602403495,52.54341388922897,205776,205776,11,0,5,5,2018,9,14,6,3,1,5,0,1,1,0,0,0,0,0,786796.5861,5829891.6752
204776,13.314148609001348,52.530303826367856,205777,205777,11,0,1,1,2018,9,13,6,3,2,2,0,0,1,0,0,0,0,0,792584.4038,5828772.5163
204777,13.438200860782164,52.42009160170372,205778,205778,11,0,8,8,2018,9,13,6,3,2,2,0,1,0,0,0,0,1,0,801747.3178,5817033.6588
204778,13.224095432971128,52.42949202623991,205779,205779,11,0,6,6,2018,9,10,3,3,2,2,0,0,1,0,1,0,0,1,787136.3640000001,5817205.235
204779,13.453402388276933,52.5157990918421,205780,205780,11,0,2,2,2018,9,13,6,3,2,6,0,0,1,0,0,1,0,0,802123.3184,5827734.7085
204780,13.487702968281305,52.466098492008406,205781,205781,11,0,9,9,2018,9,13,6,3,6,4,0,0,0,1,1,0,0,0,804792.9871,5822355.0923
204781,13.366759850377527,52.55214884517121,205782,205782,11,0,1,1,2018,9,14,6,2,6,2,0,0,0,1,0,0,1,0,796003.5147,5831415.4005
204782,13.306279868372377,52.521163711615536,205783,205783,11,0,4,4,2018,9,9,5,3,5,3,0,0,1,0,0,0,0,0,792111.7232,5827724.6757
204783,13.277753871016744,52.43191138230238,205784,205784,11,0,6,6,2018,9,9,6,3,5,2,0,1,1,0,0,0,0,0,790766.1642,5817688.9342
204784,13.482690464217342,52.53156789147401,205785,205785,11,0,11,11,2018,9,15,3,2,1,7,0,0,1,0,0,0,0,0,804000.1563,5829610.456
204785,13.187746633931825,52.51503480418321,205786,205786,11,0,5,5,2018,9,13,6,3,2,6,0,0,1,0,1,0,0,0,784114.5178,5826569.7921
204786,13.524225878788966,52.49579595350193,205787,205787,11,0,11,11,2018,9,13,6,3,5,2,0,1,1,0,0,0,0,0,807065.0498,5825810.6673
204787,13.2733709611011,52.409817828731576,205788,205788,11,0,6,6,2018,9,13,5,2,5,2,0,0,1,0,1,0,0,0,790613.8189,5815215.558999999
204788,13.343192490508144,52.52737876402172,205789,205789,11,0,1,1,2018,9,9,6,3,2,6,0,1,1,0,0,0,0,0,794572.7689,5828565.6732
204789,13.316462804818848,52.49911833634771,205790,205790,11,0,4,4,2018,9,12,6,3,3,6,0,1,1,0,0,0,0,0,792948.8838,5825315.6264
204790,13.359668144384479,52.59687023870772,205791,205791,11,0,12,12,2018,9,12,6,3,5,7,0,0,1,0,1,0,0,0,795222.0919,5836357.0511
204791,13.525178236720572,52.53664325150961,205792,205792,11,0,10,10,2018,9,15,3,3,2,1,0,0,1,0,0,0,0,0,806844.5351,5830354.5899
204792,13.354668280514874,52.51702587102441,205793,205793,11,0,1,1,2018,9,12,6,2,5,2,0,1,0,0,0,0,1,0,795420.2531,5827461.9117
204793,13.40118761655475,52.51123868846306,205794,205794,11,0,1,1,2018,9,12,6,3,2,6,0,1,0,0,0,0,0,0,798613.7969,5827010.3095
204794,13.167188241293767,52.4203422432438,205795,205795,11,0,6,6,2018,9,11,5,3,5,3,0,1,1,0,0,0,0,0,783328.5475,5815963.3677
204795,13.294031866784469,52.55205286599529,205796,205796,11,0,12,12,2018,9,8,6,3,2,6,0,0,1,0,0,0,0,0,791076.6736,5831108.5018
204796,13.340339130348706,52.44544682202191,205797,205797,11,0,6,6,2018,9,11,6,3,5,2,0,1,1,0,0,0,0,0,794927.5949,5819447.3297
204797,13.397764783794,52.486393667572976,205798,205798,11,0,2,2,2018,9,12,4,3,6,4,0,0,0,1,0,0,1,0,798550.1677,5824234.6823
204798,13.276993484857964,52.58496070820218,205799,205799,11,0,12,12,2018,9,11,6,3,5,3,0,0,1,0,0,0,0,0,789705.0415,5834697.6129
204799,13.398494378399773,52.41956146406666,205800,205800,11,0,7,7,2018,9,16,6,3,0,2,0,0,0,0,0,0,1,0,799052.689,5816809.509
204800,13.604602921804881,52.53859481877729,205801,205801,11,0,10,10,2018,9,10,6,3,2,2,0,0,1,0,0,0,0,0,812213.3179,5830912.6051
204801,13.19628211314783,52.54434581741292,205802,205802,11,0,5,5,2018,9,15,3,3,2,6,0,0,1,0,0,0,0,0,784503.6082,5829861.5289
204802,13.426872599297914,52.488213212250606,205803,205803,11,0,8,8,2018,9,9,6,3,0,3,0,1,1,0,0,0,0,0,800512.7684,5824557.8006
204803,13.366176252666692,52.49527447639287,205804,205804,11,0,7,7,2018,9,12,6,3,5,3,0,1,1,0,0,0,0,0,796347.0189,5825091.4898
204804,13.427298903799116,52.49931430646606,205805,205805,11,0,2,2,2018,9,21,5,3,3,6,2,0,1,0,1,0,0,0,800465.9091,5825793.4204
204805,13.33478462865639,52.49941452104786,205806,205806,11,0,4,4,2018,9,16,6,3,2,6,0,0,1,0,0,0,0,0,794189.7513,5825423.1292
204806,13.434079767551033,52.54980726763218,205807,205807,11,0,3,3,2018,9,9,6,3,6,4,0,0,0,1,0,1,0,0,800580.4940000001,5831433.79
204807,13.346156912081131,52.49593930272848,205808,205808,11,0,7,7,2018,9,12,5,3,0,1,0,1,0,0,0,0,0,0,794984.462,5825083.312999999
204808,13.473699283132452,52.53615964269556,205809,205809,11,0,11,11,2018,9,8,4,3,5,2,0,1,1,0,0,0,0,0,803359.0372,5830082.9217
204809,13.307940620669052,52.488531220869255,205810,205810,11,0,4,4,2018,10,12,6,3,5,2,0,0,1,0,0,0,0,0,792441.1069,5824104.2778
204810,13.438785508623575,52.465363588897134,205811,205811,11,0,8,8,2018,10,14,3,3,5,3,0,0,1,0,0,0,0,0,801477.3991,5822067.8703
204811,13.406512573539178,52.498326284401465,205812,205812,11,0,2,2,2018,10,15,6,3,5,2,0,0,1,0,0,0,0,0,799062.6486,5825597.2009
204812,13.438540686267618,52.487701679620315,205813,205813,11,0,8,8,2018,10,19,3,3,1,5,2,1,1,0,0,0,0,0,801307.9322,5824549.6265
204813,13.519556767420434,52.42849635363263,205814,205814,11,0,9,9,2018,10,11,6,1,5,2,0,1,0,0,0,1,0,0,807217.1524,5818310.9676
204814,13.331031338041914,52.42712782065888,205815,205815,11,0,6,6,2018,10,13,3,3,2,6,0,0,1,0,0,0,0,0,794417.6754,5817373.1879
204815,13.486109125201935,52.49664303981822,205816,205816,11,0,11,11,2018,10,19,3,3,5,3,2,1,1,0,0,0,0,0,804473.5357,5825743.194
204816,13.392098432865653,52.509583996439545,205817,205817,11,0,1,1,2018,10,14,5,3,6,4,0,0,1,1,0,0,0,0,798008.6329,5826788.7908
204817,13.403084134392707,52.49850847343925,205818,205818,11,0,2,2,2018,10,13,3,3,5,3,0,1,1,0,0,0,0,0,798828.8482,5825603.2385
204818,13.260389458134279,52.41236909254364,205819,205819,11,0,6,6,2018,10,17,5,3,5,3,0,1,1,0,0,0,0,0,789714.6804,5815446.9691
204819,13.3832120142075,52.55140356860482,205820,205820,11,0,1,1,2018,10,18,3,3,1,5,2,1,1,0,0,0,1,0,797123.2077,5831400.2677
204820,13.397732159677814,52.38180767644361,205821,205821,11,0,7,7,2018,10,16,5,3,5,3,0,0,1,0,0,0,0,0,799256.5781,5812610.149
204821,13.180183323194445,52.509059141584025,205822,205822,11,0,5,5,2018,10,13,3,3,5,2,0,0,1,0,1,0,0,0,783640.1490000001,5825875.7906
204822,13.511639679462911,52.546296326660574,205823,205823,11,0,11,11,2018,10,16,5,3,2,6,0,0,0,0,1,0,0,0,805859.8052,5831369.91
204823,13.430400578066065,52.48613091347878,205824,205824,11,0,8,8,2018,10,12,3,3,5,2,0,0,1,0,0,0,1,0,800766.3609999999,5824341.0671
204824,13.43430365826255,52.529280135974176,205825,205825,11,0,3,3,2018,10,16,5,3,5,2,0,0,1,0,1,0,0,0,800736.104,5829153.2114
204825,13.402931224063346,52.5955673405888,205826,205826,11,0,3,3,2018,10,18,3,2,5,3,1,0,1,0,1,0,0,0,798159.0704,5836390.4535
204826,13.373584108147533,52.56388454505969,205827,205827,11,0,12,12,2018,10,16,5,3,1,5,0,0,1,0,1,0,0,0,796386.6566,5832747.8604
204827,13.600982478546197,52.47925602841665,205828,205828,11,0,10,10,2018,10,18,3,2,5,2,0,1,1,0,0,0,0,0,812389.078,5824302.0558
204828,13.341440312173441,52.52553955163674,205829,205829,11,0,1,1,2018,10,17,3,3,6,4,0,0,0,1,0,0,1,0,794466.3055,5828354.0871
204829,13.407311195589685,52.52339574858637,205830,205830,11,0,1,1,2018,10,15,5,3,5,3,0,1,1,0,0,0,0,0,798946.4164,5828386.9095
204830,13.302397053270376,52.548004135652285,205831,205831,11,0,4,4,2018,10,12,3,3,5,2,0,0,1,0,0,0,0,0,791670.3186,5830692.2985
204831,13.27374703720156,52.48749047588498,205832,205832,11,0,4,4,2018,10,15,5,3,5,3,0,0,1,0,0,0,0,0,790127.8809999999,5823850.5144
204832,13.515334529278213,52.46214793989215,205833,205833,11,0,9,9,2018,10,17,3,2,5,3,0,1,0,0,0,0,0,0,806696.1436,5822033.1185
204833,13.468647950288654,52.44039082430407,205834,205834,11,0,8,8,2018,10,15,5,3,1,5,0,0,1,0,1,0,0,0,803676.545,5819417.5008
204834,13.261356301399847,52.43677053395415,205835,205835,11,0,6,6,2018,10,15,5,3,2,6,0,0,1,0,0,0,0,0,789620.2236,5818163.1153
204835,13.45610956020032,52.484142447542496,205836,205836,11,0,8,8,2018,10,16,3,3,5,2,0,1,1,0,0,0,0,0,802524.4167,5824227.5778
204836,13.38645959823276,52.549473648126614,205837,205837,11,0,1,1,2018,10,13,5,3,5,2,0,0,1,0,0,0,0,0,797356.3011,5831199.1552
204837,13.383341145232967,52.51142677391798,205838,205838,11,0,1,1,2018,10,16,3,3,5,3,0,0,1,0,0,0,0,0,797402.2857,5826957.4544
204838,13.412058576270585,52.498604764374534,205839,205839,11,0,2,2,2018,10,13,5,3,5,3,0,0,0,0,1,0,1,0,799436.9588,5825651.1668
204839,13.375042023548026,52.501068197096735,205840,205840,11,0,2,2,2018,10,11,3,3,1,5,0,1,1,0,0,0,0,0,796909.3790000001,5825771.9184
204840,13.549707275440946,52.54285182226482,205841,205841,11,0,10,10,2018,10,9,5,3,2,6,0,0,1,0,1,0,0,0,808463.3107,5831149.3344
204841,13.522074501718386,52.52588869983842,205842,205842,11,0,10,10,2018,10,16,3,3,6,2,0,0,1,1,0,0,0,0,806709.2216,5829146.0913
204842,13.429803107672287,52.510301549732134,205843,205843,11,0,2,2,2018,10,10,5,3,2,6,0,0,1,0,1,0,0,0,800560.7131,5827025.0466
204843,13.321528759540506,52.52095770878393,205844,205844,11,0,4,4,2018,10,9,5,3,0,2,0,1,1,0,0,0,0,0,793146.978,5827763.6701
204844,13.554608133288145,52.455882076473294,205845,205845,11,0,9,9,2018,10,10,3,2,5,3,0,0,1,0,0,0,1,0,809406.2744,5821504.4097
204845,13.23622842325318,52.52696166359871,205846,205846,11,0,5,5,2018,10,8,5,3,2,7,0,0,1,0,0,0,0,0,787324.2506,5828087.6343
204846,13.566024188921752,52.534327602755916,205847,205847,11,0,10,10,2018,10,6,3,3,2,6,2,0,1,0,0,0,0,0,809629.0181,5830271.9118
204847,13.360323318060546,52.53887144547817,205848,205848,11,0,1,1,2018,10,8,5,3,5,3,0,1,1,0,0,0,0,0,795656.7589,5829913.2111
204848,13.405176810152732,52.5619326489904,205849,205849,11,0,3,3,2018,10,8,5,3,6,7,0,1,0,1,0,0,1,0,798539.7829,5832661.3356
204849,13.241048811813855,52.46861159723974,205850,205850,11,0,6,6,2018,10,9,3,2,8,1,0,0,1,0,0,0,0,0,788032.6017,5821621.0547
204850,13.425339526349196,52.493276086593845,205851,205851,11,0,8,8,2018,10,8,5,2,6,7,0,0,1,1,0,0,0,0,800374.2055,5825114.1331
204851,13.339588497198974,52.41157480746796,205852,205852,11,0,6,6,2018,10,8,5,3,4,1,0,0,1,0,0,0,0,0,795103.0561,5815679.4225
204852,13.486912854174841,52.50245399123715,205853,205853,11,0,11,11,2018,10,21,3,3,0,1,2,0,0,0,1,0,0,0,804487.848,5826392.438999999
204853,13.574477994210422,52.55498399678911,205854,205854,11,0,10,10,2018,10,7,5,3,5,2,0,1,1,0,0,0,0,0,810056.1517,5832604.0276
204854,13.345912134640932,52.494648706418346,205855,205855,11,0,7,7,2018,10,18,3,3,0,1,1,0,0,0,1,0,0,0,794976.5049,5824938.863
204855,13.158019356377686,52.53316597821803,205856,205856,11,0,5,5,2018,10,6,5,2,5,2,1,0,1,0,0,0,0,0,781982.3394,5828468.4818
204856,13.390257105722132,52.50859140741982,205857,205857,11,0,1,1,2018,10,9,3,3,5,3,0,1,1,0,0,0,0,0,797890.4811,5826670.8583
204857,13.427141941169548,52.475525013994904,205858,205858,11,0,8,8,2018,10,4,5,3,5,3,2,0,1,0,0,0,0,0,800617.6441,5823148.68
204858,13.206119929438524,52.5421866127795,205859,205859,11,0,5,5,2018,10,9,3,3,6,4,0,0,1,1,0,0,0,0,785184.3009,5829660.397999999
204859,13.31749112968076,52.513885078034065,205860,205860,11,0,4,4,2018,10,9,3,2,5,3,0,0,1,0,1,0,0,0,792920.3213,5826961.1341
204860,13.394405341549563,52.506901057393655,205861,205861,11,0,2,2,2018,10,8,3,3,5,2,0,1,1,0,0,0,0,0,798183.262,5826500.1257
204861,13.238602202526865,52.45146089752257,205862,205862,11,0,6,6,2018,10,2,5,3,7,7,2,0,0,0,1,0,0,0,787978.5472,5819704.9381
204862,13.3633092192503,52.41199404118392,205863,205863,11,0,7,7,2018,10,8,5,3,5,2,0,0,1,0,0,0,1,0,796712.5096,5815823.2358
204863,13.357628540193145,52.53580440220921,205864,205864,11,0,1,1,2018,10,7,3,3,2,6,0,0,0,0,1,0,1,0,795494.7479,5829561.2616
204864,13.238193961349365,52.52677001515466,205865,205865,11,0,5,5,2018,10,8,5,3,2,6,0,0,1,0,0,1,1,0,787458.7537,5828074.167
204865,13.201943953635125,52.5240646566034,205866,205866,11,0,5,5,2018,10,8,3,3,6,4,0,0,1,1,0,0,0,0,785018.7565,5827629.5377
204866,13.486920225750055,52.41880746789572,205867,205867,11,0,8,8,2018,10,12,5,3,2,2,0,0,1,0,1,0,0,0,805066.8259,5817095.701
204867,13.315175411218846,52.447030373698034,205868,205868,11,0,6,6,2018,10,7,3,3,5,2,1,1,1,0,0,0,0,0,793208.0182,5819520.8064