,X,Y,OBJECTID_1,OBJECTID,ULAND,UREGBEZ,UKREIS,UGEMEINDE,UJAHR,UMONAT,USTUNDE,UWOCHENTAG,UKATEGORIE,UART,UTYP1,ULICHTVERH,IstRad,IstPKW,IstFuss,IstKrad,IstGkfz,IstSonstig,STRZUSTAND,LINREFX,LINREFY
205047,13.316104200950669,52.44981020190207,201048,201048,11,0,6,6,2018,5,15,5,3,6,2,0,0,1,1,0,0,0,0,793252.609,5819833.5583
205048,13.444754379800253,52.48510502797567,201049,201049,11,0,8,8,2018,5,15,3,3,5,3,0,0,1,0,0,0,0,0,801747.3208,5824286.9974
205049,13.310984929420247,52.506378924084395,201050,201050,11,0,4,4,2018,5,15,5,3,1,5,0,1,1,0,0,0,0,0,792529.0285,5826100.4085
205050,13.434216377051232,52.4631820855577,201051,201051,11,0,8,8,2018,5,15,5,3,5,3,0,0,1,0,0,0,0,0,801182.1389,5821806.3224
205051,13.485106111271445,52.515792640123045,201052,201052,11,0,11,11,2018,5,7,3,3,0,2,0,1,1,0,0,0,0,0,804273.0356,5827867.3214
205052,13.226674040705989,52.439735173634176,201053,201053,11,0,6,6,2018,5,15,5,3,5,3,0,1,1,0,0,0,0,0,787244.8678,5818354.0538
205053,13.435183974901626,52.43610376351386,201054,201054,11,0,8,8,2018,5,17,5,2,5,3,0,1,1,0,0,0,0,0,801432.9011,5818800.7293
205054,13.458961214459038,52.526010838802826,201055,201055,11,0,11,11,2018,5,12,3,3,2,2,0,0,1,0,0,0,0,0,802429.9990000001,5828893.003
205055,13.543984991809753,52.43640993397262,201056,201056,11,0,9,9,2018,5,12,5,3,0,6,0,0,1,0,1,0,0,0,808821.3633,5819294.75
205056,13.616884904863324,52.44668278250345,201057,201057,11,0,9,9,2018,5,13,5,3,4,2,0,1,1,0,0,0,0,0,813700.0045,5820750.9166
205057,13.418325084453732,52.510517639378726,201058,201058,11,0,1,1,2018,5,15,2,3,5,2,0,1,1,0,0,0,0,0,799780.8626,5827001.2802
205058,13.341002790409252,52.47627231395578,201059,201059,11,0,7,7,2018,5,14,5,2,5,3,0,0,1,0,1,0,0,0,794766.4361,5822876.2705
205059,13.543540213454705,52.43379407407096,201060,201060,11,0,9,9,2018,5,14,2,3,5,3,0,1,1,0,0,0,0,0,808809.4645,5819002.1173
205060,13.412698388755286,52.562801024053925,201061,201061,11,0,3,3,2018,5,12,5,3,5,2,0,1,0,0,0,0,1,0,799043.3442,5832789.0435
205061,13.304787854720356,52.41796764947875,201062,201062,11,0,6,6,2018,5,18,3,2,3,6,0,0,1,0,1,0,0,0,792695.2857,5816248.3234
205062,13.286657849043728,52.456859598353965,201063,201063,11,0,6,6,2018,5,15,5,2,1,5,0,1,1,0,0,0,0,0,791206.3117,5820497.8592
205063,13.389116556128394,52.51520065724996,201064,201064,11,0,1,1,2018,5,12,5,3,2,6,0,0,1,0,0,0,0,0,797768.3912,5827400.7502
205064,13.452611030003824,52.53918540897868,201065,201065,11,0,3,3,2018,5,13,3,3,5,2,0,1,1,0,0,0,0,0,801909.0214,5830330.6736
205065,13.303675408920279,52.607840158284255,201066,201066,11,0,12,12,2018,5,8,5,3,0,5,0,0,1,0,0,1,0,0,791359.4413,5837348.3411
205066,13.402140403881097,52.53081178345433,201067,201067,11,0,1,1,2018,5,8,2,3,0,1,0,1,0,0,0,0,0,0,798545.5023,5829189.7527
205067,13.400428800651126,52.510039625721255,201068,201068,11,0,1,1,2018,5,12,5,3,3,2,0,1,0,0,0,0,0,0,798570.4764,5826873.8946
205068,13.300069821999793,52.439906982339075,201069,201069,11,0,6,6,2018,5,18,3,3,0,3,0,0,1,0,1,0,0,0,792229.3162,5818667.774
205069,13.484335234586787,52.61384458877494,201070,201070,11,0,3,3,2018,5,6,2,3,5,3,0,1,1,0,0,0,0,0,803542.1056,5838761.9926
205070,13.449140881180387,52.457391918184754,201071,201071,11,0,8,8,2018,5,13,5,2,2,6,0,1,1,0,0,0,0,0,802235.0245,5821225.1818
205071,13.26654423296408,52.53647811977703,201072,201072,11,0,5,5,2018,5,13,5,3,5,3,0,1,1,0,0,0,0,0,789316.8149,5829266.6642
205072,13.377109208713513,52.55659889010416,201073,201073,11,0,1,1,2018,5,7,2,3,5,2,0,1,1,0,0,0,0,0,796674.6375,5831952.5761
205073,13.249378751102949,52.52358814961767,201074,201074,11,0,4,4,2018,5,14,5,3,3,6,0,0,1,0,1,0,0,0,788237.8641,5827765.147000001
205074,13.153598942697256,52.553468697860154,201075,201075,11,0,5,5,2018,5,7,2,2,5,2,0,1,1,0,0,0,0,0,781552.6001,5830707.9893
205075,13.247883717314956,52.54873368159434,201076,201076,11,0,5,5,2018,5,14,5,3,5,3,0,0,1,0,0,0,0,0,787971.7217,5830554.1813
205076,13.333125325342266,52.48776746714241,201077,201077,11,0,4,4,2018,5,8,3,3,5,3,0,1,1,0,0,0,0,0,794155.0099,5824121.7945
205077,13.193882373460767,52.52100696497632,201078,201078,11,0,5,5,2018,5,8,5,3,2,2,0,0,1,0,0,0,0,0,784491.9709,5827257.8217
205078,13.69302424793434,52.43914720192161,201079,201079,11,0,9,9,2018,5,14,5,3,5,3,0,0,1,0,1,0,0,0,818924.9251,5820247.2095
205079,13.324550031894573,52.487866890260975,201080,201080,11,0,4,4,2018,5,15,2,3,1,5,0,1,1,0,0,0,0,0,793572.4986,5824097.9085
205080,13.517070872111116,52.4617583461969,201081,201081,11,0,9,9,2018,5,8,5,3,0,2,0,1,1,0,0,0,0,0,806816.7309999999,5821997.201
205081,13.332778307046318,52.46901884953432,201082,201082,11,0,7,7,2018,5,8,2,3,5,2,0,1,1,0,0,0,0,0,794256.6898,5822036.4771
205082,13.329822114939672,52.445572719995525,201083,201083,11,0,6,6,2018,5,8,2,3,2,6,0,0,1,0,1,0,0,0,794212.4713,5819418.3966
205083,13.5714791473991,52.43525981985828,201084,201084,11,0,9,9,2018,5,7,5,3,0,2,0,1,1,0,0,0,0,0,810697.0219,5819284.9357
205084,13.59347782420359,52.52716511061238,201085,201085,11,0,10,10,2018,5,20,3,2,5,3,0,1,1,0,0,0,0,0,811540.4135,5829594.1717
205085,13.318465324758606,52.46095613260287,201086,201086,11,0,6,6,2018,5,7,2,3,0,1,0,0,0,0,1,0,0,1,793338.7781,5821082.0257
205086,13.418437540052578,52.55352355321988,201087,201087,11,0,3,3,2018,5,7,5,3,2,3,0,1,1,0,0,0,0,0,799495.3398,5831781.7156
205087,13.47759256091258,52.526712187131345,201088,201088,11,0,11,11,2018,5,14,3,3,5,3,0,1,1,0,0,0,0,0,803688.1601,5829049.2833
205088,13.535072530991508,52.45167681431324,201089,201089,11,0,9,9,2018,5,7,5,3,5,3,0,0,1,0,1,0,0,0,808109.2811,5820953.4333
205089,13.344900867887935,52.539051141640854,201090,201090,11,0,1,1,2018,5,7,5,3,6,4,0,0,1,1,0,0,0,0,794610.3416,5829870.0357
205090,13.29730676049269,52.510797580066225,201091,201091,11,0,4,4,2018,5,8,2,3,5,2,0,1,1,0,0,0,0,0,791572.0440000001,5826536.1493
205091,13.248228111631947,52.54951361351232,201092,201092,11,0,5,5,2018,5,15,3,3,0,7,0,1,0,0,0,0,0,0,787989.9453,5830642.2495
205092,13.411061909835913,52.45677182603103,201093,201093,11,0,7,7,2018,5,7,5,3,5,3,0,1,0,0,0,0,1,0,799653.82,5820997.438999999
205093,13.446659534939668,52.502807258414066,201094,201094,11,0,2,2,2018,5,6,2,2,5,3,0,1,1,0,0,0,0,0,801755.2141,5826262.4902
205094,13.280852026582695,52.59383650216113,201095,201095,11,0,12,12,2018,5,14,5,3,5,3,0,0,1,0,0,0,0,0,789907.6162,5835699.7043
205095,13.309329965867267,52.47844507435359,201096,201096,11,0,4,4,2018,5,5,2,3,5,2,0,1,1,0,0,0,0,0,792602.3819,5822988.8306
205096,13.354677341821166,52.50967776397145,201097,201097,11,0,1,1,2018,5,8,2,3,3,6,0,1,1,0,0,0,0,0,795470.2188,5826645.2134
205097,13.440169637304914,52.48171473669018,201098,201098,11,0,8,8,2018,5,2,5,3,5,2,2,1,1,0,0,0,0,0,801459.4402,5823891.0109
205098,13.449594399244829,52.4685460908136,201099,201099,11,0,8,8,2018,5,16,3,3,0,1,0,0,1,0,0,0,0,0,802189.318,5822466.8122
205099,13.373234160445447,52.55727765554349,201100,201100,11,0,1,1,2018,5,12,2,1,5,3,0,0,1,0,1,0,0,0,796407.5446,5832012.0735
205100,13.426829051667855,52.48841417588758,201101,201101,11,0,8,8,2018,5,1,5,3,5,3,2,1,1,0,0,0,0,0,800508.4421,5824579.9555
205101,13.445002834943233,52.59060756212632,201102,201102,11,0,3,3,2018,5,13,3,3,5,2,0,0,1,0,1,0,0,0,801040.6323,5836014.1957
205102,13.640800838910732,52.528102937913296,201103,201103,11,0,10,10,2018,5,14,5,2,5,3,0,0,1,0,1,0,0,0,814741.4342,5829903.9971
205103,13.49927931570096,52.53418814255034,201104,201104,11,0,11,11,2018,5,15,5,3,2,6,0,0,1,0,0,0,1,0,805106.3623,5829971.7741
205104,13.521463067013526,52.401491556479456,201105,201105,11,0,9,9,2018,5,7,1,3,1,5,0,1,0,0,0,1,0,0,807534.7479,5815317.7209
205105,13.204171018259952,52.540508954264624,201106,201106,11,0,5,5,2018,5,11,5,3,5,2,0,0,1,0,1,0,0,0,785063.1036,5829466.209
205106,13.29148783610322,52.497028405127274,201107,201107,11,0,4,4,2018,5,9,1,3,1,5,0,1,1,0,0,0,0,0,791268.5423,5824982.1729
205107,13.402026799337001,52.528969303581384,201108,201108,11,0,1,1,2018,5,11,5,3,5,2,0,1,1,0,0,0,0,0,798550.3139,5828984.4954
205108,13.373315319638117,52.54794406914417,201109,201109,11,0,1,1,2018,5,17,3,3,2,7,0,0,1,0,1,0,0,0,796476.0309,5830974.9915
205109,13.338090277086675,52.515015708356216,201110,201110,11,0,1,1,2018,5,13,1,3,5,2,0,1,1,0,0,0,0,0,794309.6132,5827170.686000001
205110,13.464184829801312,52.56668019047024,201111,201111,11,0,3,3,2018,5,10,5,3,5,2,0,1,1,0,0,0,0,0,802503.9519,5833435.1284
205111,13.295881007474346,52.48118265514845,201112,201112,11,0,4,4,2018,5,18,3,3,5,2,0,1,1,0,0,0,0,0,791671.5159,5823238.6509
205112,13.387591424286782,52.49305945876308,201113,201113,11,0,2,2,2018,5,10,5,3,0,2,0,1,0,0,0,1,0,0,797814.7878,5824933.5084
205113,13.430233117724045,52.48618998361636,201114,201114,11,0,8,8,2018,5,9,5,3,5,2,0,1,1,0,0,0,0,0,800754.595,5824346.9342
205114,13.350699034906144,52.4142782734349,201115,201115,11,0,7,7,2018,5,12,3,2,5,7,0,0,1,0,1,0,0,0,795840.1127,5816025.3775
205115,13.178068905509608,52.54874793497982,201116,201116,11,0,5,5,2018,5,8,5,3,5,2,0,0,1,0,0,0,0,0,783240.9678,5830279.1199
205116,13.357055494991947,52.49890036902055,201117,201117,11,0,7,7,2018,5,8,5,3,5,2,0,1,1,0,0,0,0,0,795703.9124,5825457.0651
205117,13.426150700559177,52.59562853254892,201118,201118,11,0,3,3,2018,5,15,1,3,1,1,0,0,1,0,1,0,0,1,799730.2153,5836493.6331
205118,13.431997413433626,52.49932528375059,201119,201119,11,0,2,2,2018,5,8,5,3,5,2,0,1,1,0,0,0,0,0,800784.541,5825814.2276
205119,13.34630026972576,52.50109750914821,201120,201120,11,0,7,7,2018,5,15,1,3,5,3,0,0,1,0,0,0,0,0,794959.6174,5825657.2304
205120,13.586634867102607,52.42803747314586,201121,201121,11,0,9,9,2018,5,8,5,2,5,3,0,1,1,0,0,0,0,0,811777.5432,5818547.6055
205121,13.455559457971455,52.54621798241291,201122,201122,11,0,3,3,2018,5,17,3,3,0,7,0,1,0,0,0,0,0,0,802060.4861,5831124.6663
205122,13.391964138323937,52.49770066450132,201123,201123,11,0,2,2,2018,5,11,5,3,0,1,0,1,0,0,0,0,0,0,798080.0108,5825467.4323
205123,13.411148455327012,52.50351288255172,201124,201124,11,0,2,2,2018,5,15,4,3,5,3,0,1,1,0,0,0,0,0,799341.8357,5826192.9098
205124,13.580750523800914,52.45757479079442,201125,201125,11,0,9,9,2018,5,2,3,3,0,7,2,0,1,0,0,0,1,0,811169.2679999999,5821804.97
205125,13.31950831012598,52.51372296646152,201126,201126,11,0,4,4,2018,5,11,4,3,5,2,0,1,1,0,0,0,0,0,793058.1895,5826951.3119
205126,13.285504248725527,52.587778666383116,201127,201127,11,0,12,12,2018,5,16,1,3,5,7,0,0,1,0,0,0,0,1,790262.5989,5835045.096
205127,13.4079197341261,52.524542144950715,201128,201128,11,0,1,1,2018,5,10,4,3,2,7,0,1,1,0,0,0,0,0,798979.8772,5828516.8518
205128,13.45579137872333,52.473897946103385,201129,201129,11,0,8,8,2018,5,18,4,3,6,2,0,0,1,1,0,0,0,0,802573.1997,5823087.6193
205129,13.500145734504272,52.46881179124792,201130,201130,11,0,9,9,2018,5,7,3,3,2,6,0,0,1,0,0,0,1,0,805618.7964,5822709.2988
205130,13.540286302594886,52.52586979728423,201131,201131,11,0,10,10,2018,5,8,4,3,5,2,0,0,0,0,0,0,1,0,807943.8945,5829221.6367
205131,13.430326234391444,52.510447784323254,201132,201132,11,0,2,2,2018,5,19,4,3,5,2,0,1,0,0,1,0,0,0,800595.1895,5827043.4808
205132,13.394717182717276,52.504836693216745,201133,201133,11,0,2,2,2018,5,16,1,3,6,4,0,1,0,1,0,0,0,0,798218.4023,5826271.9664
205133,13.380295003918587,52.5188887228225,201134,201134,11,0,1,1,2018,5,19,4,3,5,2,0,1,1,0,0,0,0,0,797145.3023,5827774.2761
205134,13.377191983975386,52.48294144973568,201135,201135,11,0,7,7,2018,5,14,4,3,2,6,0,0,0,0,1,0,1,1,797177.5494,5823766.0198
205135,13.390075943377088,52.43435782232204,201136,201136,11,0,7,7,2018,5,0,1,3,5,3,2,0,1,0,0,0,0,0,798380.5413,5818419.2407
205136,13.310554477397348,52.516248316554154,201137,201137,11,0,4,4,2018,5,17,4,2,5,2,0,1,1,0,0,0,0,0,792434.224,5827195.653
205137,13.259974447252786,52.42926626354574,201138,201138,11,0,6,6,2018,5,9,3,2,6,2,0,0,1,1,0,0,0,0,789575.5996,5817323.4569
205138,13.328610916442075,52.46497712737039,201139,201139,11,0,7,7,2018,5,17,4,3,0,4,0,1,0,1,0,0,0,0,794000.7699,5821570.2521
205139,13.359454662452162,52.52329412878769,201140,201140,11,0,1,1,2018,5,17,4,3,5,2,0,1,1,0,0,0,0,0,795702.6487,5828178.2444
205140,13.153688143608337,52.553770217969905,201141,201141,11,0,5,5,2018,5,7,2,2,3,6,0,0,1,0,1,0,0,0,781556.7114,5830741.8538
205141,13.431707651058945,52.421865692999056,201142,201142,11,0,8,8,2018,5,17,4,2,6,4,0,0,1,1,0,0,0,0,801293.9684,5817203.7195
205142,13.397340559790946,52.523838986188174,201143,201143,11,0,1,1,2018,5,18,1,3,1,1,0,1,1,0,0,0,0,0,798267.4515,5828394.8752
205143,13.34772973548118,52.459103909158564,201144,201144,11,0,7,7,2018,5,19,1,3,5,3,0,0,1,0,1,0,0,0,795338.0391,5820995.5276
205144,13.458819754954641,52.52662065135232,201145,201145,11,0,11,11,2018,5,17,4,2,5,2,0,1,1,0,0,0,0,0,802416.215,5828960.1872
205145,13.335580269198465,52.499235088704225,201146,201146,11,0,4,4,2018,5,20,3,3,5,3,0,1,1,0,0,0,0,0,794244.922,5825406.4313
205146,13.425135784849472,52.48055435673507,201147,201147,11,0,8,8,2018,5,19,1,3,6,4,0,0,1,1,0,0,0,0,800447.18,5823699.3133
205147,13.27416386627318,52.51550063625176,201148,201148,11,0,4,4,2018,5,16,4,3,5,3,0,0,1,0,0,0,0,0,789971.5582,5826965.5782
205148,13.433783365728102,52.482200850446176,201149,201149,11,0,8,8,2018,5,18,3,3,6,7,0,1,0,1,0,0,0,0,801022.7544,5823918.3688
205149,13.450245508942562,52.47682000866114,201150,201150,11,0,8,8,2018,5,20,1,3,5,3,0,1,1,0,0,0,0,0,802176.7537,5823389.1448
205150,13.492597510073747,52.5120246038542,201151,201151,11,0,11,11,2018,5,16,4,3,5,2,0,1,0,0,0,0,1,0,804807.0974,5827480.1715
205151,13.388607062241954,52.54771495321873,201152,201152,11,0,1,1,2018,5,10,3,2,5,3,0,1,0,0,0,0,1,0,797513.712,5831012.5425
205152,13.36725524700222,52.50458619106089,201153,201153,11,0,1,1,2018,5,16,4,3,5,2,0,0,1,0,0,0,0,0,796357.5079999999,5826130.9071
205153,13.333297906081375,52.54482089842253,201154,201154,11,0,1,1,2018,5,14,1,3,1,5,0,1,1,0,0,0,1,0,793785.4084,5830463.9836
205154,13.443590344651733,52.464270115315216,201155,201155,11,0,8,8,2018,5,16,4,3,5,3,0,0,1,0,0,0,1,0,801811.0585,5821966.4249
205155,13.361185931600325,52.555033056431455,201156,201156,11,0,1,1,2018,5,18,1,2,5,3,0,1,1,0,0,0,0,0,795606.4637,5831713.0984
205156,13.484986810510149,52.614837859474534,201157,201157,11,0,3,3,2018,5,10,1,3,8,1,0,0,1,0,0,0,0,0,803579.3062,5838875.1365
205157,13.385176112304269,52.49844952976837,201158,201158,11,0,2,2,2018,5,16,4,3,3,6,0,1,1,0,0,0,0,0,797614.4815,5825522.6318
205158,13.382217467796874,52.48983879357153,201159,201159,11,0,2,2,2018,5,18,3,3,5,5,0,1,1,0,0,0,0,0,797471.968,5824553.3610000005
205159,13.331313957013483,52.50358180810761,201160,201160,11,0,4,4,2018,5,15,4,3,6,4,0,0,0,1,0,0,1,0,793926.4897,5825872.1705
205160,13.168477653408177,52.51886699831104,201161,201161,11,0,5,5,2018,5,6,3,3,3,6,0,0,1,0,1,0,0,0,782783.1937,5826920.0186
205161,13.512254787378971,52.470747753455115,201162,201162,11,0,9,9,2018,5,15,4,3,5,2,0,0,1,0,0,1,0,0,806427.2540000001,5822975.836
205162,13.437621580374547,52.5418051973132,201163,201163,11,0,3,3,2018,5,11,1,3,0,1,0,1,0,0,0,0,0,0,800875.2569,5830559.1698
205163,13.35273678677136,52.52128546743713,201164,201164,11,0,1,1,2018,5,8,4,3,5,3,0,1,1,0,0,0,0,0,795260.6887,5827927.4502
205164,13.309593814540913,52.431417115727825,201165,201165,11,0,6,6,2018,5,12,3,2,5,2,0,1,1,0,0,0,0,0,792932.6138,5817762.7274
205165,13.51975495463674,52.5257719603407,201166,201166,11,0,10,10,2018,5,8,4,3,2,2,0,1,1,0,0,0,0,0,806552.7977,5829123.2496
205166,13.484743526069956,52.536674373565766,201167,201167,11,0,11,11,2018,5,8,4,3,1,5,0,1,1,0,0,0,0,0,804103.9806,5830186.6725
205167,13.351469793911473,52.505025389502705,201168,201168,11,0,1,1,2018,5,15,1,3,2,6,0,0,1,0,0,0,0,0,795283.9123,5826114.9673
205168,13.51758981986761,52.53536332786929,201169,201169,11,0,10,10,2018,5,15,1,3,5,3,0,0,1,0,0,0,0,1,806339.1777,5830180.0556
205169,13.52235236141556,52.42840335183425,201170,201170,11,0,9,9,2018,5,8,4,3,5,2,0,0,1,0,0,0,0,0,807407.7295,5818312.5341
205170,13.390926726104588,52.5554956570393,201171,201171,11,0,1,1,2018,5,15,3,3,2,6,0,0,1,0,0,0,0,0,797618.167,5831886.9306
205171,13.524736466823404,52.495322309309614,201172,201172,11,0,11,11,2018,5,8,4,3,5,2,0,1,1,0,0,0,0,0,807102.9902,5825760.1997
205172,13.410802934522655,52.530653252015455,201173,201173,11,0,3,3,2018,5,8,4,3,5,3,0,1,1,0,0,0,0,0,799133.7563,5829208.0446
205173,13.296782649219944,52.516891529912655,201174,201174,11,0,4,4,2018,5,9,3,3,0,1,0,1,0,0,0,0,0,0,791496.1174,5827211.3807
205174,13.519193858825432,52.487489479223136,201175,201175,11,0,11,11,2018,5,7,4,3,6,4,0,0,1,1,0,0,0,0,806781.5881,5824866.0501
205175,13.278511392448053,52.50690736060218,201176,201176,11,0,4,4,2018,5,6,4,3,2,6,0,0,1,0,0,0,0,0,790323.065,5826027.9111
205176,13.28140822388073,52.60035166415247,201177,201177,11,0,12,12,2018,5,16,1,2,9,1,0,1,0,0,0,0,0,0,789902.1969,5836426.1202
205177,13.388107845980674,52.53374480556034,201178,201178,11,0,1,1,2018,5,6,4,3,5,2,0,1,1,0,0,0,0,0,797574.4694,5829457.7276
205178,13.400019807583725,52.5094843392062,201179,201179,11,0,1,1,2018,5,19,4,2,5,3,0,1,0,0,0,0,0,0,798546.5084,5826810.4825
205179,13.504007929677265,52.56989415166643,201180,201180,11,0,11,11,2018,5,13,7,2,2,6,0,1,0,0,0,0,1,0,805178.6666,5833960.2925
205180,13.430391044245935,52.510423123525115,201181,201181,11,0,2,2,2018,5,5,4,3,5,3,0,0,1,0,0,0,1,0,800599.753,5827041.01
205181,13.36028540915557,52.56191884768047,201182,201182,11,0,12,12,2018,5,0,7,3,1,5,2,0,1,0,0,0,0,0,795499.1219,5832474.7552
205182,13.471413316872775,52.57073111125494,201183,201183,11,0,3,3,2018,5,4,4,3,7,7,1,0,0,0,1,0,0,0,802965.5525,5833915.7426
205183,13.428489318874302,52.547866180144396,201184,201184,11,0,3,3,2018,5,18,3,2,3,6,0,1,0,0,0,1,0,0,800214.9868,5831194.742000001
205184,13.446497401607303,52.50274089242809,201185,201185,11,0,2,2,2018,5,0,4,2,0,1,1,1,0,0,0,0,0,0,801744.6724,5826254.4355
205185,13.377034029605722,52.508613870753905,201186,201186,11,0,1,1,2018,5,19,4,3,5,2,0,1,0,0,0,0,1,0,796993.5637,5826618.8095
205186,13.326242244989126,52.538027173244146,201187,201187,11,0,4,4,2018,5,7,3,2,5,2,0,0,1,0,0,0,0,0,793352.6386,5829680.1218
205187,13.365785807114964,52.55713697386688,201188,201188,11,0,1,1,2018,5,23,4,3,2,6,2,0,1,0,0,0,0,0,795903.9164,5831965.8256
205188,13.519170636477034,52.50928321652521,201189,201189,11,0,11,11,2018,5,22,4,3,5,3,2,1,0,0,1,0,0,0,806628.1293,5827288.1621
205189,13.448826895734074,52.48503375671354,201190,201190,11,0,8,8,2018,5,21,7,3,5,3,1,0,1,0,0,0,0,0,802024.1423,5824296.1215
205190,13.445009660342743,52.46804003135526,201191,201191,11,0,8,8,2018,5,20,4,3,1,5,1,1,1,0,0,0,0,0,801881.5796,5822391.3714
205191,13.49306130756,52.42056139803944,201192,201192,11,0,8,8,2018,5,19,3,3,5,7,0,0,0,0,1,0,1,0,805472.0,5817316.607999999
205192,13.449384696524932,52.47422967917321,201193,201193,11,0,8,8,2018,5,20,7,3,2,6,0,0,1,0,0,0,0,0,802136.1014,5823097.6367
205193,13.218468909749225,52.42852948858095,201194,201194,11,0,6,6,2018,5,20,4,3,6,4,0,0,1,1,0,0,0,0,786760.3292,5817075.881
205194,13.402713383505278,52.52401982934304,201195,201195,11,0,1,1,2018,5,15,3,3,6,4,0,0,1,1,0,0,0,0,798630.47,5828437.2183
205195,13.336178693603092,52.530461316929426,201196,201196,11,0,1,1,2018,5,20,4,3,2,3,0,0,1,0,1,0,0,0,794076.6828,5828879.6625
205196,13.383435749510488,52.493781897969065,201197,201197,11,0,2,2,2018,5,20,7,2,5,3,0,1,1,0,0,0,0,0,797527.9748,5824996.6538
205197,13.362455353504725,52.530038096720716,201198,201198,11,0,1,1,2018,5,0,4,3,0,6,2,1,1,0,0,0,0,0,795860.7007,5828940.141
205198,13.62516302663188,52.45454359083235,201199,201199,11,0,9,9,2018,5,8,3,3,1,5,0,1,0,0,0,1,0,0,814206.1215,5821660.5727
205199,13.677407599963635,52.445378974891575,201200,201200,11,0,9,9,2018,5,14,4,3,4,1,0,0,1,0,1,0,0,0,817819.3495,5820870.8747
205200,13.377656383332868,52.54404784148158,201201,201201,11,0,1,1,2018,5,13,4,3,5,2,0,0,1,0,1,0,0,0,796796.4887,5830559.7988
205201,13.265187384321262,52.536823766559344,201202,201202,11,0,5,5,2018,5,11,2,3,2,6,0,0,1,0,0,0,0,0,789222.5762,5829299.6389
205202,13.29398401173266,52.489328145189184,201203,201203,11,0,4,4,2018,5,13,4,3,1,5,0,1,1,0,0,0,0,0,791488.8586,5824136.3633
205203,13.398480626989405,52.38869773364767,201204,201204,11,0,7,7,2018,5,19,7,2,1,5,0,1,1,0,0,0,0,0,799260.8233,5813379.0553
205204,13.332832046063249,52.47541982814046,201205,201205,11,0,7,7,2018,5,19,7,3,5,3,0,1,1,0,0,0,0,0,794217.5873,5822748.1625
205205,13.328018356239633,52.46709085996304,201206,201206,11,0,7,7,2018,5,12,4,3,0,3,0,1,0,0,0,0,1,0,793946.4427,5821802.7785
205206,13.513883243444564,52.46306070513585,201207,201207,11,0,9,9,2018,5,21,3,3,6,7,1,0,1,1,0,0,0,0,806591.2697,5822128.3969
205207,13.471594183672075,52.50486601369152,201208,201208,11,0,11,11,2018,5,18,7,3,3,6,0,1,1,0,0,0,0,0,803432.2189,5826595.9467
205208,13.279244200327609,52.503495802203844,201209,201209,11,0,4,4,2018,5,11,4,3,5,7,0,0,0,0,0,1,1,0,790395.2788,5825651.6604
205209,13.427749400829285,52.50755161832472,201210,201210,11,0,1,1,2018,5,14,3,3,5,2,0,0,1,0,0,0,0,0,800440.2206,5826710.8432
205210,13.322676596267865,52.48643654586732,201211,201211,11,0,4,4,2018,5,11,4,3,5,2,0,1,1,0,0,0,0,0,793454.9152,5823931.3022
205211,13.575383566983692,52.44743613766516,201212,201212,11,0,9,9,2018,5,6,4,3,0,2,0,1,1,0,0,0,0,0,810876.3869,5820655.0264
205212,13.433968018028006,52.61177295770522,201213,201213,11,0,3,3,2018,5,10,7,3,5,3,0,0,1,0,1,0,0,0,800148.7687,5838320.5946
205213,13.227955046385965,52.53010675170173,201214,201214,11,0,5,5,2018,5,17,7,2,1,5,0,0,1,0,1,0,0,0,786742.8593,5828404.2839
205214,13.419412449291078,52.48757314732128,201215,201215,11,0,2,2,2018,5,8,7,3,0,7,0,0,1,0,1,0,0,0,800010.9675,5824455.6025
205215,13.457613570852974,52.42266578918437,201216,201216,11,0,8,8,2018,5,9,4,3,6,2,0,0,1,1,0,0,0,0,803048.8021,5817401.0873
205216,13.181357531763556,52.534064253141594,201217,201217,11,0,5,5,2018,5,12,7,3,2,6,0,0,1,0,0,0,0,0,783558.5284,5828659.8705
205217,13.254145565936724,52.53499740927543,201218,201218,11,0,5,5,2018,5,17,7,3,1,7,0,0,1,0,0,1,0,0,788486.1754,5829052.3887
205218,13.452087802673324,52.51067793670826,201219,201219,11,0,2,2,2018,5,8,4,3,3,2,0,1,1,0,0,0,0,0,802069.3482,5827160.0082
205219,13.350253946632302,52.41431981437538,201220,201220,11,0,7,7,2018,5,19,3,3,5,2,0,0,1,0,0,0,0,0,795809.584,5816028.171
205220,13.290867204446476,52.514737916736145,201221,201221,11,0,4,4,2018,5,5,7,3,5,5,1,1,1,0,0,0,0,0,791109.2579,5826948.1049
205221,13.377324544768605,52.48263872319964,201222,201222,11,0,7,7,2018,5,14,4,3,1,1,0,1,1,0,0,0,0,1,797188.5877,5823732.9185
205222,13.300561405276072,52.517671848837566,201223,201223,11,0,4,4,2018,5,12,3,3,2,6,0,0,1,0,1,0,0,0,791747.1693,5827313.3975
205223,13.553070275912216,52.43401386905344,201224,201224,11,0,9,9,2018,5,14,4,3,5,3,0,1,0,0,0,0,1,1,809455.2985,5819067.3662
205224,13.479620049525694,52.52310337930318,201225,201225,11,0,11,11,2018,5,11,4,2,5,3,0,1,0,0,0,0,1,0,803850.5379,5828656.7285
205225,13.427130353800688,52.487125218587586,201226,201226,11,0,8,8,2018,5,0,7,3,3,6,2,0,1,0,0,0,1,0,800537.6832,5824437.9484
205226,13.468061158168636,52.49883348252792,201227,201227,11,0,2,2,2018,5,2,7,2,1,1,2,1,1,0,0,0,0,0,803234.1690000001,5825910.602000001