,X,Y,OBJECTID_1,OBJECTID,ULAND,UREGBEZ,UKREIS,UGEMEINDE,UJAHR,UMONAT,USTUNDE,UWOCHENTAG,UKATEGORIE,UART,UTYP1,ULICHTVERH,IstRad,IstPKW,IstFuss,IstKrad,IstGkfz,IstSonstig,STRZUSTAND,LINREFX,LINREFY
205227,13.517049917110489,52.46176313319074,201228,201228,11,0,9,9,2018,5,11,4,2,0,3,0,0,1,0,1,0,0,0,806815.2751,5821997.6439
205228,13.293842990606112,52.44557580262564,201229,201229,11,0,6,6,2018,5,19,3,3,5,2,0,0,1,0,1,0,0,0,791768.8459,5819272.6752
205229,13.391913655699918,52.555096989434865,201230,201230,11,0,1,1,2018,5,9,4,2,2,6,0,0,1,0,1,0,0,0,797687.7291,5831846.696
205230,13.279465224515054,52.50441363730407,201231,201231,11,0,4,4,2018,5,14,4,2,3,6,0,0,1,0,0,1,0,0,790404.2137,5825754.5695
205231,13.428782873037797,52.581543406674655,201232,201232,11,0,3,3,2018,5,8,3,3,2,6,0,0,1,0,0,0,0,0,800004.677,5834939.0742
205232,13.369834443133573,52.55973291450476,201233,201233,11,0,1,1,2018,5,14,4,3,5,2,0,0,1,0,0,0,0,1,796160.6791,5832270.9941
205233,13.346040592828233,52.50674711513304,201234,201234,11,0,1,1,2018,5,18,3,3,5,2,0,1,1,0,0,0,0,0,794904.1397,5826284.1183
205234,13.351428836124413,52.509610642375314,201235,201235,11,0,1,1,2018,5,12,4,2,5,2,0,0,1,0,0,0,0,0,795250.3644,5826624.4466
205235,13.380715674186357,52.5166038661172,201236,201236,11,0,1,1,2018,5,11,3,3,5,2,0,1,1,0,0,0,0,0,797189.2632,5827522.0524
205236,13.28975235295804,52.58658460915882,201237,201237,11,0,12,12,2018,5,12,4,2,6,4,0,0,1,1,0,0,0,0,790558.0947,5834929.4999
205237,13.367814578522296,52.52609549497707,201238,201238,11,0,1,1,2018,5,14,4,3,5,2,0,0,1,0,0,0,0,0,796250.5432,5828523.9349
205238,13.509544361757627,52.49620188064334,201239,201239,11,0,11,11,2018,5,10,7,3,5,2,0,0,1,0,1,0,0,0,806066.3089,5825793.3687
205239,13.427450211534028,52.46806580715946,201240,201240,11,0,8,8,2018,5,15,4,3,2,6,0,0,1,0,0,0,0,1,800689.4741,5822320.9042
205240,13.393542156681269,52.54155024121168,201241,201241,11,0,1,1,2018,5,17,7,2,5,3,0,1,1,0,0,0,0,0,797889.8934,5830347.7326
205241,13.371043606947048,52.526973754353406,201242,201242,11,0,1,1,2018,5,9,4,2,0,6,0,0,1,0,0,0,1,0,796463.5221,5828634.8265
205242,13.56865902849842,52.44466104594572,201243,201243,11,0,9,9,2018,5,19,3,2,5,3,0,1,1,0,0,0,0,0,810439.2740000001,5820317.6517
205243,13.209140440919548,52.565246625563105,201244,201244,11,0,5,5,2018,5,9,4,3,2,2,0,0,1,0,0,0,0,0,785239.233,5832235.5873
205244,13.415423060758727,52.52687357691476,201245,201245,11,0,1,1,2018,5,8,3,2,5,3,0,1,0,0,1,0,0,0,799472.6697,5828807.1282
205245,13.490259351696038,52.54294021999282,201246,201246,11,0,11,11,2018,5,12,4,2,0,1,0,1,0,0,0,0,0,0,804434.3894,5830906.3707
205246,13.351932066058396,52.56596835224868,201247,201247,11,0,12,12,2018,5,12,7,2,5,3,0,0,1,0,0,0,1,0,794906.0977,5832890.6325
205247,13.204465493196606,52.524240654138254,201248,201248,11,0,5,5,2018,5,2,7,2,4,6,2,0,1,0,0,0,0,0,785188.5718,5827659.0715
205248,13.392413965210867,52.50684549748033,201249,201249,11,0,2,2,2018,6,18,5,3,5,2,0,1,1,0,0,0,0,0,798048.582,5826485.7174
205249,13.390888485721245,52.515822446925895,201250,201250,11,0,1,1,2018,6,20,5,3,0,3,0,1,1,0,0,0,0,0,797884.3309999999,5827477.1801
205250,13.532867612533385,52.43362113192053,201251,201251,11,0,9,9,2018,6,11,3,3,5,3,0,0,1,0,0,0,0,0,808085.6813,5818937.2834
205251,13.566424707282733,52.553963146822426,201252,201252,11,0,10,10,2018,6,20,5,3,5,3,1,1,1,0,0,0,0,0,809517.8007,5832455.9452
205252,13.306262854280885,52.50668568209876,201253,201253,11,0,4,4,2018,6,11,3,3,3,6,0,1,1,0,0,0,0,0,792206.7241,5826115.36
205253,13.356049735809956,52.57207931751841,201254,201254,11,0,12,12,2018,6,11,3,3,1,7,0,0,0,0,0,1,1,0,795143.9022,5833586.7243
205254,13.376760533025882,52.49156125510511,201255,201255,11,0,2,2,2018,6,21,5,3,5,2,1,0,1,0,0,0,0,0,797090.1059,5824722.3167
205255,13.50244563543066,52.46125684851404,201256,201256,11,0,9,9,2018,6,10,3,3,5,3,0,1,1,0,0,0,0,0,805827.339,5821879.3663
205256,13.479910897065235,52.44565494675275,201257,201257,11,0,9,9,2018,6,18,5,2,5,3,0,0,0,0,1,0,1,0,804405.2013,5820050.0279
205257,13.349047293610086,52.54239213252493,201258,201258,11,0,1,1,2018,6,10,3,3,2,6,0,0,1,0,0,0,1,0,794868.9353,5830258.3411
205258,13.382787660847061,52.49145206168033,201259,201259,11,0,2,2,2018,6,15,5,3,5,2,0,1,1,0,0,0,0,0,797499.7522,5824735.0241
205259,13.437324986312134,52.46447170608011,201260,201260,11,0,8,8,2018,6,21,3,3,5,3,1,0,1,0,0,0,0,0,801384.3534,5821962.6394
205260,13.401446539765745,52.49292461940637,201261,201261,11,0,2,2,2018,6,8,3,3,5,5,0,0,1,0,1,0,0,0,798755.6616,5824975.8246
205261,13.367167817568882,52.522376552407685,201262,201262,11,0,1,1,2018,6,16,5,3,3,6,0,1,1,0,0,1,0,0,796231.7509,5828107.9217
205262,13.376592118673049,52.51005583257823,201263,201263,11,0,1,1,2018,6,8,3,3,3,2,0,1,0,0,1,0,0,0,796953.8612,5826777.2609
205263,13.385280849578182,52.53529153426997,201264,201264,11,0,1,1,2018,6,21,3,2,2,7,2,0,1,0,1,0,0,0,797372.3933,5829617.9767
205264,13.41993745079428,52.49916434673999,201265,201265,11,0,2,2,2018,6,16,5,3,2,1,0,1,1,0,1,0,0,0,799967.5918,5825746.1065
205265,13.374152355446801,52.53749227174031,201266,201266,11,0,1,1,2018,6,8,3,3,3,6,0,1,1,0,0,0,0,0,796603.2853,5829816.7329
205266,13.522881450253283,52.535885944622024,201267,201267,11,0,10,10,2018,6,16,5,3,5,2,0,1,1,0,0,0,0,0,806694.1633,5830260.6449
205267,13.499413025439427,52.520441003002084,201268,201268,11,0,11,11,2018,6,8,3,3,4,6,0,1,1,0,0,0,0,0,805210.8473,5828444.4347
205268,13.264935520970125,52.53661566357351,201269,201269,11,0,5,5,2018,6,8,3,3,5,2,0,1,1,0,0,0,0,0,789206.8748,5829275.4972
205269,13.286999343598993,52.586265882728064,201270,201270,11,0,12,12,2018,6,15,5,3,0,4,0,0,0,1,0,0,1,0,790373.8257,5834882.9721
205270,13.170711121224349,52.5101381860414,201271,201271,11,0,5,5,2018,6,7,3,2,5,2,0,1,1,0,0,0,0,0,782990.7823,5825958.5198
205271,13.264650955349353,52.505500480964976,201272,201272,11,0,4,4,2018,6,15,5,3,5,7,0,0,1,0,1,0,0,0,789392.2543,5825815.8224
205272,13.343369718232234,52.42783671413528,201273,201273,11,0,6,6,2018,6,7,3,3,2,7,0,1,1,0,0,0,0,0,795251.2659,5817502.3746
205273,13.381042015061086,52.441652309957725,201274,201274,11,0,7,7,2018,6,15,5,2,1,5,0,1,1,0,0,0,0,0,797717.6018,5819192.6971
205274,13.406277571565893,52.53233328062432,201275,201275,11,0,1,1,2018,6,7,3,2,5,3,0,1,1,0,0,0,0,0,798815.5909999999,5829376.0055
205275,13.449380706208427,52.53720052793261,201276,201276,11,0,3,3,2018,6,7,3,3,5,2,0,0,1,0,0,0,0,0,801703.7306,5830096.5363
205276,13.298550144728592,52.5079805222579,201277,201277,11,0,4,4,2018,6,23,5,3,5,3,2,0,1,0,1,0,0,0,791675.0409,5826228.0583
205277,13.53442875513978,52.43277410703394,201278,201278,11,0,9,9,2018,6,17,2,3,1,5,1,1,1,0,0,0,1,0,808197.6483,5818849.8092
205278,13.468433794619846,52.49981196029683,201279,201279,11,0,2,2,2018,6,9,2,3,2,3,0,1,1,0,0,0,0,0,803252.7029,5826020.9215
205279,13.341149559855324,52.476197644772654,201280,201280,11,0,7,7,2018,6,15,5,3,0,2,0,0,0,0,1,0,1,0,794776.8969,5822868.5708
205280,13.360538296586132,52.53706847344883,201281,201281,11,0,1,1,2018,6,18,2,3,3,6,0,0,1,0,1,0,0,0,795683.4579,5829713.6943
205281,13.331898198816367,52.48030229484354,201282,201282,11,0,4,4,2018,6,15,5,3,5,2,0,1,1,0,0,0,0,0,794121.6023,5823287.0389
205282,13.389079915644587,52.39835801058246,201283,201283,11,0,7,7,2018,6,15,5,3,5,2,0,1,1,0,0,0,0,0,798556.2563,5814413.8527
205283,13.374007031390054,52.50589801228126,201284,201284,11,0,1,1,2018,6,14,2,3,6,4,0,0,1,1,0,0,0,0,796806.5974,5826304.4832
205284,13.511503335864019,52.49600175764183,201285,201285,11,0,11,11,2018,6,14,5,3,1,5,0,1,0,0,0,0,1,0,806200.5869,5825779.4427
205285,13.318515864874804,52.45455189362562,201286,201286,11,0,6,6,2018,6,13,5,3,2,6,0,0,1,0,0,0,0,0,793384.8316,5820370.3999
205286,13.48140936331594,52.46092250753105,201287,201287,11,0,9,9,2018,6,7,2,3,6,2,0,0,1,1,0,0,0,0,804401.5208,5821753.2429
205287,13.335031431797544,52.595648582622474,201288,201288,11,0,12,12,2018,6,18,2,3,6,4,0,0,1,1,0,0,0,0,793562.7931,5836120.5639
205288,13.561741201310115,52.505225441905964,201289,201289,11,0,10,10,2018,6,13,5,3,5,2,0,0,1,0,1,0,0,0,809543.5334,5827019.0786
205289,13.316041069149152,52.5257514290491,201290,201290,11,0,1,1,2018,6,18,2,3,5,2,0,0,1,0,0,0,0,0,792742.9955,5828274.1967
205290,13.303692880254225,52.41170575082803,201291,201291,11,0,6,6,2018,6,11,5,3,2,6,0,0,1,0,0,0,0,0,792662.3785,5815547.8734
205291,13.452054319767745,52.5428056183136,201292,201292,11,0,3,3,2018,6,11,5,3,2,6,0,0,1,0,0,0,0,0,801846.4253,5830730.7117
205292,13.469971758895293,52.55294435249185,201293,201293,11,0,3,3,2018,6,18,2,3,1,5,0,1,1,0,0,0,0,0,802990.64,5831932.772999999
205293,13.588842629626939,52.53933202442344,201294,201294,11,0,10,10,2018,6,11,5,3,5,2,0,0,1,0,0,0,0,0,811140.0755,5830926.3776
205294,13.36981480057158,52.550650184807346,201295,201295,11,0,1,1,2018,6,11,5,3,5,3,0,0,1,0,0,0,0,0,796220.5969,5831261.3785
205295,13.43286337589278,52.478412127948296,201296,201296,11,0,8,8,2018,6,18,2,3,2,6,0,0,0,0,1,0,1,0,800986.2181,5823493.4292
205296,13.530039674696472,52.41450735220784,201297,201297,11,0,9,9,2018,6,20,5,3,0,1,0,0,0,0,1,0,0,0,808026.9717,5816800.8802
205297,13.391788400006563,52.510738201276105,201298,201298,11,0,1,1,2018,6,18,2,3,1,5,0,1,1,0,0,0,0,0,797979.7898,5826915.7966
205298,13.384259662729509,52.536116316747474,201299,201299,11,0,1,1,2018,6,20,5,2,0,1,0,0,0,0,1,0,0,0,797297.6016,5829705.4373
205299,13.52574225834476,52.4606194964896,201300,201300,11,0,9,9,2018,6,19,2,3,6,4,0,0,1,1,0,0,0,0,807413.3526,5821907.5398
205300,13.328093317955155,52.50719406104226,201301,201301,11,0,4,4,2018,6,20,5,3,0,7,0,1,0,0,0,0,0,0,793683.933,5826260.5506
205301,13.313656817315874,52.48396961769801,201302,201302,11,0,4,4,2018,6,19,2,3,6,4,0,0,1,1,0,0,0,0,792859.2926,5823620.4447
205302,13.354281121000492,52.49812633403995,201303,201303,11,0,7,7,2018,6,11,5,3,0,1,0,1,0,0,0,0,0,0,795520.9129,5825359.6597
205303,13.312971002105481,52.499926906718294,201304,201304,11,0,4,4,2018,6,20,2,3,5,2,0,1,1,0,0,0,0,0,792706.6417,5825391.3214
205304,13.464348625915267,52.47019874588286,201305,201305,11,0,8,8,2018,6,10,5,3,6,2,0,0,1,1,0,0,0,0,803179.4381,5822712.4011
205305,13.357694432517574,52.49859931200997,201306,201306,11,0,7,7,2018,6,9,5,3,6,4,0,0,1,1,0,0,0,0,795749.277,5825426.222999999
205306,13.421201116294315,52.46661098292601,201307,201307,11,0,8,8,2018,6,20,2,2,0,7,0,1,0,0,0,0,0,0,800275.2004,5822133.1787
205307,13.543241356536074,52.534309604901374,201308,201308,11,0,10,10,2018,6,9,5,3,6,2,0,0,1,1,0,0,0,0,808085.0535,5830172.2803
205308,13.241214704595704,52.528168165481006,201309,201309,11,0,5,5,2018,6,9,5,3,2,6,0,0,1,0,0,0,0,0,787654.3937,5828241.6248
205309,13.300220860240072,52.52610138443834,201310,201310,11,0,4,4,2018,6,20,2,2,8,1,0,0,0,0,0,0,1,0,791668.167,5828248.972999999
205310,13.452287101105636,52.56306211364386,201311,201311,11,0,3,3,2018,6,9,5,3,0,2,0,1,1,0,0,0,0,0,801723.0219,5832983.1066
205311,13.593668240992667,52.44626865249045,201312,201312,11,0,9,9,2018,6,7,2,3,5,3,0,1,1,0,0,0,0,0,812126.3259999999,5820604.2083
205312,13.440394694927999,52.50187745179061,201313,201313,11,0,2,2,2018,6,23,2,3,1,5,2,1,1,0,0,0,0,0,801336.6636,5826132.9483
205313,13.532878961848686,52.4794659427473,201314,201314,11,0,11,11,2018,6,9,5,3,5,3,0,0,1,0,1,0,0,0,807766.1631,5824032.6006
205314,13.308203372499774,52.47504913570682,201315,201315,11,0,4,4,2018,6,18,2,3,5,7,0,1,1,0,0,0,0,0,792548.4765,5822606.8011
205315,13.323987209521306,52.516453653229725,201316,201316,11,0,4,4,2018,6,8,5,3,2,6,0,0,1,0,0,0,0,0,793343.7009,5827273.0417
205316,13.291490643338484,52.62566818035607,201317,201317,11,0,12,12,2018,6,7,5,3,5,3,0,0,1,0,0,0,0,0,790416.7787,5839280.7409
205317,13.297515590050141,52.53458805580814,201318,201318,11,0,4,4,2018,6,17,2,3,5,3,0,0,1,0,0,1,0,0,791428.5071,5829181.3374
205318,13.417903491616174,52.57704538048197,201319,201319,11,0,3,3,2018,6,7,5,3,6,4,0,0,1,1,0,0,0,0,799298.7708,5834393.8775
205319,13.343060611536258,52.52628512200722,201320,201320,11,0,1,1,2018,6,17,2,2,5,3,0,1,0,0,0,0,1,0,794571.1556,5828443.5764
205320,13.292101513901367,52.516759043177785,201321,201321,11,0,4,4,2018,6,7,5,3,5,3,0,1,1,0,0,0,0,0,791179.5783,5827177.7401
205321,13.355703682304624,52.577605650242326,201322,201322,11,0,12,12,2018,6,17,2,3,5,2,0,1,0,0,0,0,1,0,795083.3118,5834199.5561
205322,13.535175894741366,52.43229640879584,201323,201323,11,0,9,9,2018,6,17,2,3,5,2,0,0,0,0,1,0,0,0,808251.7408,5818799.9079
205323,13.215598405242549,52.5380951037946,201324,201324,11,0,5,5,2018,6,7,5,2,5,7,0,0,1,0,0,0,0,0,785853.2696,5829243.1504
205324,13.317000743858747,52.53083402722247,201325,201325,11,0,1,1,2018,6,17,2,3,1,5,0,0,1,0,1,0,0,0,792774.2085,5828843.0281
205325,13.20127984980684,52.512163308911724,201326,201326,11,0,5,5,2018,6,16,2,3,2,6,0,0,1,0,0,0,0,0,785050.8459999999,5826304.018999999
205326,13.487139782090347,52.61747622098197,201327,201327,11,0,3,3,2018,6,6,5,3,5,2,0,1,1,0,0,0,0,0,803706.6724,5839177.4562
205327,13.387916684488234,52.5028872259967,201328,201328,11,0,2,2,2018,6,16,2,3,5,3,0,0,1,0,0,0,0,0,797770.3577,5826027.1851
205328,13.381721874441155,52.504196430592394,201329,201329,11,0,2,2,2018,6,19,5,3,0,6,0,1,0,0,0,0,1,0,797341.3357,5826147.1385
205329,13.54456380509338,52.399287187887026,201330,201330,11,0,9,9,2018,6,17,2,3,5,2,0,1,1,0,0,0,0,0,809120.5679,5815171.3706
205330,13.344963228036644,52.49104951472985,201331,201331,11,0,7,7,2018,6,2,5,3,3,6,2,0,1,0,0,0,0,0,794936.2426,5824534.9348
205331,13.48512380808256,52.51586390964466,201332,201332,11,0,11,11,2018,6,16,2,3,5,2,0,0,1,0,0,0,0,0,804273.7425,5827875.3173
205332,13.454187879652965,52.510297264450045,201333,201333,11,0,2,2,2018,6,16,2,3,1,5,0,1,1,0,0,0,0,0,802214.3766,5827126.4987
205333,13.380248481068339,52.498796109675645,201334,201334,11,0,2,2,2018,6,0,5,3,5,3,2,0,1,0,0,0,0,0,797277.8799,5825540.8293
205334,13.355004439077348,52.490897588343564,201335,201335,11,0,7,7,2018,6,16,2,2,5,2,0,1,0,0,0,0,0,0,795618.5203,5824559.1566
205335,13.328571137244674,52.56364326843006,201336,201336,11,0,12,12,2018,6,16,2,3,2,7,0,0,1,0,1,0,0,0,793339.382,5832536.8416
205336,13.129682988886945,52.53614794405999,201337,201337,11,0,5,5,2018,6,18,5,2,6,4,0,0,1,1,0,0,0,0,780042.5407,5828689.4957
205337,13.490548904763262,52.50965289443342,201338,201338,11,0,11,11,2018,6,16,2,3,5,7,0,0,1,0,1,0,0,0,804684.6073,5827207.9120000005
205338,13.327444765761063,52.52049826589338,201339,201339,11,0,4,4,2018,6,15,2,3,2,2,0,1,1,0,0,0,0,0,793551.1529999999,5827736.6737
205339,13.349043536855554,52.508600893580315,201340,201340,11,0,1,1,2018,6,6,5,3,5,3,0,1,0,0,0,0,1,0,795095.372,5826502.4496
205340,13.292786517933047,52.57882186311496,201341,201341,11,0,12,12,2018,6,15,2,3,5,3,0,0,1,0,0,0,0,0,790814.9484,5834078.8975
205341,13.345110161874421,52.546640039888366,201342,201342,11,0,1,1,2018,6,11,4,3,5,2,0,1,1,0,0,0,0,0,794573.6494,5830714.3949
205342,13.468380750000634,52.49966958344175,201343,201343,11,0,2,2,2018,6,19,4,3,5,7,0,1,0,0,0,0,0,0,803250.0859999999,5826004.874
205343,13.419721253254835,52.525432209024096,201344,201344,11,0,1,1,2018,6,15,2,2,2,2,0,1,1,0,0,0,0,0,799773.8677,5828664.7896
205344,13.14285371118858,52.53967132236574,201345,201345,11,0,5,5,2018,6,15,2,3,5,3,0,0,1,0,0,0,0,0,780912.7524,5829132.3885
205345,13.35412248570783,52.562091937953255,201346,201346,11,0,12,12,2018,6,9,4,3,5,2,0,1,1,0,0,0,0,0,795080.5045,5832468.7383
205346,13.380783447582974,52.482756493652275,201347,201347,11,0,7,7,2018,6,15,2,3,1,5,0,1,1,0,0,0,0,0,797422.5081,5823760.265
205347,13.453322400487414,52.5010132914956,201348,201348,11,0,2,2,2018,6,9,4,3,5,2,0,1,1,0,0,0,0,0,802219.4473,5826091.0025
205348,13.373599964310634,52.520809995082246,201349,201349,11,0,1,1,2018,6,8,4,3,0,2,0,1,1,0,0,0,0,0,796678.401,5827960.2502
205349,13.345024401510852,52.53911813849464,201350,201350,11,0,1,1,2018,6,15,2,2,5,2,0,0,1,0,1,0,0,0,794618.2646,5829877.9873
205350,13.545262807572165,52.42571447598957,201351,201351,11,0,9,9,2018,6,5,4,3,5,2,0,1,1,0,0,0,0,0,808983.0616,5818111.515
205351,13.414767843963535,52.55056323209163,201352,201352,11,0,3,3,2018,6,8,4,3,1,5,0,1,0,0,0,0,1,0,799266.8929,5831437.4394
205352,13.328615591274804,52.476864232968595,201353,201353,11,0,7,7,2018,6,15,2,3,1,5,0,0,1,0,0,0,0,0,793921.7754,5822891.5199
205353,13.389030459794915,52.515770094085376,201354,201354,11,0,1,1,2018,6,8,4,3,1,5,0,1,1,0,0,0,1,0,797758.6984,5827463.6863
205354,13.466934721108002,52.471379822683545,201355,201355,11,0,8,8,2018,6,8,4,3,5,2,0,1,1,0,0,0,0,0,803346.8383,5822854.5428
205355,13.309902154974004,52.46663014575308,201356,201356,11,0,6,6,2018,6,14,2,3,5,3,0,1,1,0,0,0,0,0,792719.7048,5821677.9167
205356,13.447603985001823,52.49800362808898,201357,201357,11,0,2,2,2018,6,8,4,3,5,7,0,1,1,0,0,0,0,0,801852.2186,5825732.5416
205357,13.52701015850308,52.492075386843815,201358,201358,11,0,11,11,2018,6,14,2,3,5,2,0,0,1,0,0,0,1,0,807279.8929999999,5825409.015
205358,13.339007651926176,52.49227910371151,201359,201359,11,0,7,7,2018,6,8,4,3,5,2,0,1,1,0,0,0,0,0,794523.9526,5824647.2661
205359,13.337577416314545,52.55295259575516,201360,201360,11,0,1,1,2018,6,13,2,3,0,7,0,1,1,0,0,0,0,0,794020.9773,5831385.2746
205360,13.540309002123806,52.525950039898824,201361,201361,11,0,10,10,2018,6,9,4,3,2,2,0,1,1,0,0,0,0,0,807944.8712,5829230.652000001
205361,13.178215701006794,52.548835161140865,201362,201362,11,0,5,5,2018,6,19,4,3,5,2,0,1,1,0,0,0,0,0,783250.3525,5830289.3925
205362,13.175945971795851,52.41956400230062,201363,201363,11,0,6,6,2018,6,13,2,3,5,3,0,1,0,0,0,0,1,0,783928.7235,5815911.2649
205363,13.517675707791927,52.56386818441156,201364,201364,11,0,11,11,2018,6,19,4,3,5,2,0,0,1,0,1,0,0,0,806146.2739,5833348.5344
205364,13.482536646589574,52.461850665683784,201365,201365,11,0,9,9,2018,6,12,2,2,5,7,0,0,1,0,1,0,0,0,804471.6389,5821861.1586
205365,13.339231687266428,52.45807115109876,201366,201366,11,0,6,6,2018,6,19,4,3,0,1,0,0,0,0,1,0,0,0,794767.9649,5820845.9885
205366,13.344467607731474,52.43568138104504,201367,201367,11,0,6,6,2018,6,11,2,3,0,3,0,1,0,0,1,0,0,0,795273.3561,5818378.7912
205367,13.399026272676133,52.50823257262301,201368,201368,11,0,1,1,2018,6,11,2,3,5,2,0,1,1,0,0,0,0,0,798487.6228,5826667.2388
205368,13.364085691540838,52.56760583518572,201369,201369,11,0,12,12,2018,6,19,4,3,5,3,0,1,0,0,0,0,1,0,795718.2348,5833122.4505
205369,13.39981881852204,52.456590083750896,201370,201370,11,0,7,7,2018,6,19,4,3,1,5,0,1,1,0,0,0,0,0,798891.6711,5820930.6071
205370,13.195685742291934,52.52949926752138,201371,201371,11,0,5,5,2018,6,11,2,3,5,2,0,1,1,0,0,0,0,0,784559.2878,5828208.9023
205371,13.444739349188914,52.56517756411797,201372,201372,11,0,3,3,2018,6,20,4,2,2,6,0,0,1,0,0,0,0,0,801197.2819,5833186.6501
205372,13.377093815182814,52.55659994090715,201373,201373,11,0,1,1,2018,6,10,2,2,5,3,0,1,1,0,0,0,0,0,796673.5876,5831952.6295
205373,13.460963480175614,52.563854788344834,201374,201374,11,0,3,3,2018,6,20,4,3,5,3,1,1,1,0,0,0,0,0,802305.2349,5833107.5776
205374,13.430555934507925,52.49786731745603,201375,201375,11,0,2,2,2018,6,10,2,3,0,7,0,0,1,1,0,0,1,0,800696.7245,5825646.169
205375,13.422750039117926,52.54141918596246,201376,201376,11,0,3,3,2018,6,21,4,3,5,3,1,1,1,0,0,0,0,0,799870.1095,5830454.2869
205376,13.431354250232918,52.51522314235272,201377,201377,11,0,2,2,2018,6,22,4,3,0,5,2,1,1,0,0,0,0,0,800632.2655,5827578.5295
205377,13.388751970378742,52.53429524136557,201378,201378,11,0,1,1,2018,6,8,2,3,6,4,0,0,1,1,0,0,0,0,797614.4008,5829521.5667
205378,13.403367492677715,52.5113187024865,201379,201379,11,0,1,1,2018,6,17,4,3,0,1,0,1,0,0,0,0,0,0,798761.079,5827028.232999999
205379,13.349383416239936,52.44758257039833,201380,201380,11,0,6,6,2018,6,7,2,3,1,5,0,1,1,0,0,0,0,0,795527.5395,5819721.7144
205380,13.564104868248636,52.5445493472385,201381,201381,11,0,10,10,2018,6,7,2,3,0,7,0,0,0,0,1,0,0,1,809426.9515,5831399.7229
205381,13.3042067902586,52.50792607527441,201382,201382,11,0,4,4,2018,6,17,4,3,5,3,0,1,1,0,0,0,0,0,792059.0423,5826244.9015
205382,13.285150107687725,52.4938916834097,201383,201383,11,0,4,4,2018,6,12,2,3,5,3,0,0,0,0,1,0,1,0,790859.3259999999,5824607.945
205383,13.16121287439924,52.52540239890279,201384,201384,11,0,5,5,2018,6,18,1,3,5,3,0,0,1,0,1,0,0,0,782248.6442,5827618.005
205384,13.236232064125053,52.46946427240623,201385,201385,11,0,6,6,2018,6,16,4,2,5,3,0,1,0,0,0,0,0,0,787700.0572,5821696.6146
205385,13.32509990325638,52.50144301441778,201386,201386,11,0,4,4,2018,6,14,1,3,6,4,0,0,1,1,0,0,0,0,793519.2719,5825609.1339
205386,13.417702325586395,52.536697015970624,201387,201387,11,0,3,3,2018,6,21,4,3,0,1,0,0,0,0,1,0,0,0,799560.2293,5829908.443
205387,13.341954055091152,52.552214484367454,201388,201388,11,0,1,1,2018,6,16,4,2,6,4,0,0,1,1,0,0,0,0,794322.443,5831321.0987
205388,13.317374751139056,52.48150118454733,201389,201389,11,0,4,4,2018,6,9,1,3,6,4,0,0,1,1,0,0,0,0,793128.0131,5823361.1788
205389,13.439462089152839,52.52387042612752,201390,201390,11,0,2,2,2018,6,22,1,3,0,7,2,0,1,0,0,0,1,0,801122.8165,5828573.4779
205390,13.449746182188502,52.551068765003436,201391,201391,11,0,3,3,2018,6,16,4,3,5,3,0,1,1,0,0,0,0,0,801633.2802,5831639.46
205391,13.625293061362527,52.4555688494244,201392,201392,11,0,9,9,2018,6,17,1,3,0,1,0,1,0,0,0,0,0,0,814207.6412,5821775.0842
205392,13.424789840938619,52.54699777275782,201393,201393,11,0,3,3,2018,6,16,4,3,5,3,0,1,0,0,0,1,0,0,799970.2524,5831082.8167
205393,13.376499818574246,52.46728505628002,201394,201394,11,0,7,7,2018,6,15,1,3,0,7,0,0,0,0,1,0,0,0,797236.2056,5822022.9924
205394,13.25056698596694,52.522683155036276,201395,201395,11,0,4,4,2018,6,16,1,3,2,6,0,1,0,0,0,0,0,0,788324.3575,5827669.305
205395,13.31310321345406,52.58551245299935,201396,201396,11,0,12,12,2018,6,15,4,3,0,1,0,0,0,0,1,0,0,0,792146.0765,5834904.7709
205396,13.624658804957866,52.45037758689404,201397,201397,11,0,9,9,2018,6,15,1,3,0,4,0,1,0,1,0,0,0,0,814201.5814,5821195.3758
205397,13.43500536556863,52.431804611223356,201398,201398,11,0,8,8,2018,6,14,1,3,0,7,0,0,1,1,0,0,0,0,801450.1448,5818322.1525
205398,13.49050482533059,52.50151125419954,201399,201399,11,0,11,11,2018,6,19,4,3,5,2,0,0,1,0,1,0,0,0,804738.0028,5826302.8336
205399,13.442244705187061,52.48073145314772,201400,201400,11,0,8,8,2018,6,13,1,3,2,6,0,0,1,0,0,0,0,0,801606.9852,5823790.397999999
205400,13.306654616762824,52.50105634583978,201401,201401,11,0,4,4,2018,6,16,4,3,2,6,0,0,1,0,0,0,0,0,792270.6796,5825491.242000001
205401,13.55539232659857,52.455590035913495,201402,201402,11,0,9,9,2018,6,15,4,3,5,2,2,0,1,0,1,0,0,0,809461.5681,5821475.3153
205402,13.436992419214196,52.46509067401816,201403,201403,11,0,8,8,2018,6,13,1,3,5,3,0,0,1,0,0,0,0,0,801357.5439,5822030.0457
205403,13.208767503532712,52.510675492839106,201404,201404,11,0,5,5,2018,6,15,4,3,5,2,0,0,1,0,1,0,0,0,785568.2918,5826168.2658
205404,13.376610320337337,52.52867554447647,201405,201405,11,0,1,1,2018,6,11,1,3,2,6,0,0,1,0,0,0,0,1,796829.4004,5828846.885
205405,13.32640574645567,52.52763691920131,201406,201406,11,0,1,1,2018,6,14,4,3,5,3,0,0,1,0,0,0,0,0,793433.0668,5828525.907000001
205406,13.317907629070675,52.46287024809111,201407,201407,11,0,6,6,2018,6,9,1,3,1,1,0,1,1,0,0,0,0,0,793288.1763,5821292.5127