,X,Y,OBJECTID_1,OBJECTID,ULAND,UREGBEZ,UKREIS,UGEMEINDE,UJAHR,UMONAT,USTUNDE,UWOCHENTAG,UKATEGORIE,UART,UTYP1,ULICHTVERH,IstRad,IstPKW,IstFuss,IstKrad,IstGkfz,IstSonstig,STRZUSTAND,LINREFX,LINREFY
205407,13.545025580471934,52.434426777941944,201408,201408,11,0,9,9,2018,6,9,1,2,5,3,0,0,1,0,0,0,0,0,808905.9346,5819078.7934
205408,13.596558446451823,52.43701138356018,201409,201409,11,0,9,9,2018,6,15,4,3,0,1,0,0,0,0,1,0,0,0,812388.1708,5819587.8707
205409,13.374487830391347,52.49193958674285,201410,201410,11,0,7,7,2018,6,5,1,2,8,1,0,0,0,0,1,0,0,0,796933.3631,5824755.0083
205410,13.377470244321167,52.522231302007654,201411,201411,11,0,1,1,2018,6,18,4,3,5,3,0,0,1,0,1,0,0,0,796931.2073,5828134.1596
205411,13.40506205486675,52.50090990883764,201412,201412,11,0,2,2,2018,6,15,4,3,5,3,0,1,1,0,0,0,0,0,798946.7046,5825878.3488
205412,13.432349943792168,52.60474575512618,201413,201413,11,0,3,3,2018,6,2,1,3,6,7,2,0,1,1,0,0,0,0,800087.3951,5837532.8
205413,13.438214644531861,52.418647555033424,201414,201414,11,0,8,8,2018,6,15,4,3,6,4,0,0,1,1,0,0,0,0,801758.1269,5816873.2177
205414,13.529721196775407,52.45690451273246,201415,201415,11,0,9,9,2018,6,15,4,3,0,7,0,0,0,0,1,0,0,0,807709.4154,5821511.6115
205415,13.499816434579008,52.53437258451884,201416,201416,11,0,11,11,2018,6,17,1,2,5,3,0,0,1,0,0,0,0,0,805141.4855,5829994.5474
205416,13.568171467877978,52.57366103518578,201417,201417,11,0,10,10,2018,6,15,4,3,2,6,0,0,1,0,0,0,0,0,809497.2412,5834652.6931
205417,13.461255871919104,52.530230847917025,201418,201418,11,0,3,3,2018,6,18,1,2,6,4,0,0,1,1,0,0,0,0,802556.5091,5829371.6655
205418,13.356361014632316,52.55538966241066,201419,201419,11,0,1,1,2018,6,14,4,3,5,3,0,0,1,0,0,0,0,0,795277.1926,5831732.9539
205419,13.322733388658428,52.485560805961924,201420,201420,11,0,4,4,2018,6,22,1,3,0,3,2,1,1,0,0,0,0,0,793464.605,5823834.1947
205420,13.405204608519178,52.489241199015524,201421,201421,11,0,2,2,2018,6,14,4,3,2,6,0,0,1,0,0,0,0,0,799035.6353,5824581.9978
205421,13.418415646312484,52.55555759585417,201422,201422,11,0,3,3,2018,6,14,4,3,5,3,0,1,1,0,0,0,0,0,799479.9874,5832007.7022
205422,13.280082531506944,52.51841006992211,201423,201423,11,0,4,4,2018,6,11,1,2,5,3,0,1,1,0,0,0,0,0,790353.6975,5827312.786
205423,13.353730622614574,52.49991437212458,201424,201424,11,0,7,7,2018,6,14,4,3,3,2,0,1,1,0,0,0,0,0,795471.5659,5825556.1427
205424,13.249998120626733,52.42133686027661,201425,201425,11,0,6,6,2018,6,17,7,3,5,3,0,0,1,0,0,0,0,0,788949.6809,5816402.1136
205425,13.368050415928785,52.55866983798789,201426,201426,11,0,1,1,2018,6,12,4,3,5,3,0,0,1,0,1,0,0,0,796046.9962,5832145.5034
205426,13.453206769344026,52.47530723667989,201427,201427,11,0,8,8,2018,6,6,5,3,0,2,0,1,1,0,0,0,0,0,802388.1071,5823233.417
205427,13.440398127390704,52.51635663169768,201428,201428,11,0,2,2,2018,6,11,4,3,6,7,0,0,1,1,0,0,0,0,801237.7382,5827742.2615
205428,13.551479730548262,52.439153317700146,201429,201429,11,0,9,9,2018,6,17,7,3,2,6,0,0,1,0,1,0,0,0,809311.2095,5819631.7497
205429,13.178437314489074,52.54879289432153,201430,201430,11,0,5,5,2018,6,11,4,3,2,6,0,0,1,0,0,0,0,0,783265.6417,5830285.5652
205430,13.401791129915473,52.490232267888295,201431,201431,11,0,2,2,2018,6,11,4,3,2,6,0,0,1,0,0,0,0,0,798797.3124,5824678.005
205431,13.38300647158566,52.49210762291108,201432,201432,11,0,2,2,2018,6,15,7,3,1,5,0,1,1,0,0,0,0,0,797510.1671,5824808.7909
205432,13.331402602765689,52.527177428664096,201433,201433,11,0,1,1,2018,6,11,4,3,5,7,0,0,1,0,1,0,0,0,793774.8742,5828495.1851
205433,13.288763697699089,52.51893311310004,201434,201434,11,0,4,4,2018,6,15,7,3,0,7,0,1,1,0,0,0,0,0,790938.8675,5827405.9175
205434,13.358546203391853,52.4210841152036,201435,201435,11,0,6,6,2018,6,7,5,3,5,3,0,0,1,0,1,0,0,0,796327.7515,5816814.0177
205435,13.419749272606868,52.50115382277094,201436,201436,11,0,2,2,2018,6,14,7,3,1,5,0,1,1,0,0,0,1,0,799941.2679,5825966.447000001
205436,13.626982204015436,52.52997444253321,201437,201437,11,0,10,10,2018,6,10,4,3,5,3,0,0,1,0,0,0,0,0,813791.4197,5830051.7394
205437,13.513369328050278,52.42778089000577,201438,201438,11,0,9,9,2018,6,14,7,2,4,6,0,0,1,0,0,0,0,0,806801.76,5818205.131
205438,13.417701282642364,52.513784885505764,201439,201439,11,0,1,1,2018,6,10,4,3,6,2,0,0,1,1,0,0,0,0,799716.2984,5827361.8302
205439,13.528267869071126,52.556888796633615,201440,201440,11,0,11,11,2018,6,15,5,3,5,2,0,1,1,0,0,0,0,0,806912.4535,5832617.8887
205440,13.330308770058307,52.51297915700052,201441,201441,11,0,4,4,2018,6,8,4,3,5,3,0,1,1,0,0,0,0,0,793795.5545,5826912.5892
205441,13.646909836491947,52.520988222114475,201442,201442,11,0,10,10,2018,6,11,7,3,2,6,0,0,1,0,0,0,0,1,815206.5190000001,5829139.98
205442,13.381877761787367,52.5416250108815,201443,201443,11,0,1,1,2018,6,9,4,2,2,6,0,0,1,0,1,0,1,0,797098.9247,5830307.8974
205443,13.350753789917656,52.48614155817694,201444,201444,11,0,7,7,2018,6,11,7,3,6,4,0,1,0,1,0,0,0,0,795362.0323,5824013.1148
205444,13.420723011340554,52.51809215766603,201445,201445,11,0,1,1,2018,6,11,7,3,1,5,0,0,1,0,1,0,0,0,799891.8306,5827853.1341
205445,13.441998438340109,52.50090224202268,201446,201446,11,0,2,2,2018,6,7,4,3,2,6,0,1,1,0,0,0,0,0,801452.1214,5826031.261
205446,13.482689329645142,52.55622163654387,201447,201447,11,0,3,3,2018,6,8,7,3,5,3,0,0,1,0,0,0,0,0,803829.5506,5832350.5746
205447,13.554078630327055,52.49384156821243,201448,201448,11,0,10,10,2018,6,16,5,3,5,3,0,0,1,0,1,0,0,0,809103.8149,5825720.993
205448,13.578210342400627,52.45729310660005,201449,201449,11,0,9,9,2018,6,15,7,3,6,4,0,0,1,1,0,0,0,1,810998.7968,5821762.7108
205449,13.362304187703655,52.489238039580876,201450,201450,11,0,7,7,2018,6,7,4,3,0,5,0,1,1,0,0,0,0,0,796124.9423,5824404.6446
205450,13.41101704168242,52.5411244819111,201451,201451,11,0,3,3,2018,6,22,7,3,2,6,2,0,1,0,0,0,0,0,799077.0088,5830372.7797
205451,13.326134069862617,52.427872434989865,201452,201452,11,0,6,6,2018,6,16,5,3,2,6,0,0,0,0,1,0,1,0,794079.9662,5817435.9892
205452,13.381141544801324,52.53210799368236,201453,201453,11,0,1,1,2018,6,21,7,3,6,4,2,0,0,1,1,0,0,0,797113.3612,5829247.0631
205453,13.250317937037543,52.4538449993555,201454,201454,11,0,6,6,2018,6,7,4,3,2,6,0,0,1,0,0,0,0,0,788758.5451,5820016.7519
205454,13.58700707954902,52.48153353012381,201455,201455,11,0,10,10,2018,6,19,7,3,5,3,0,0,1,0,1,0,0,0,811424.6212,5824494.7376
205455,13.390277922382204,52.5555487468332,201456,201456,11,0,1,1,2018,6,7,4,3,5,2,0,1,1,0,0,0,0,0,797573.8538,5831890.152000001
205456,13.417289024198912,52.549902327483615,201457,201457,11,0,3,3,2018,6,17,5,3,5,3,0,1,1,0,0,0,0,0,799442.2143,5831374.4547
205457,13.415780478850708,52.386917723975294,201458,201458,11,0,7,7,2018,6,19,7,2,6,4,0,0,1,1,0,0,0,0,800449.3658,5813253.0407
205458,13.247718101214206,52.54754720826698,201459,201459,11,0,5,5,2018,6,6,4,3,3,6,0,0,1,0,1,0,0,0,787968.2757,5830421.6389999995
205459,13.322582795084212,52.48727514497926,201460,201460,11,0,4,4,2018,6,19,7,3,5,5,0,1,1,0,0,0,0,0,793442.9618,5824024.131
205460,13.552841767860148,52.399418744884386,201461,201461,11,0,9,9,2018,6,10,7,3,2,2,0,1,0,0,0,0,1,0,809682.4075,5815221.4639
205461,13.446640551741073,52.50281650795421,201462,201462,11,0,2,2,2018,6,6,4,3,5,2,0,1,1,0,0,0,0,0,801753.8631,5826263.4388
205462,13.537386902878806,52.53448380351809,201463,201463,11,0,10,10,2018,6,9,7,2,5,3,0,1,1,0,0,0,0,0,807687.0502,5830166.6321
205463,13.574110304781465,52.444987463704045,201464,201464,11,0,9,9,2018,6,17,5,3,1,1,0,1,1,0,0,0,0,0,810807.183,5820377.396000001
205464,13.379287114831074,52.48970441310829,201465,201465,11,0,2,2,2018,6,8,4,3,5,3,0,1,1,0,0,0,0,0,797274.0588,5824526.342999999
205465,13.458578458486162,52.55777451594081,201466,201466,11,0,3,3,2018,6,8,7,3,5,3,0,0,1,0,0,0,0,0,802185.5348,5832421.779
205466,13.299170527552006,52.50672720538251,201467,201467,11,0,4,4,2018,6,21,4,1,5,7,2,0,1,1,0,0,0,0,791725.4253,5826091.2602
205467,13.349219439564596,52.54194751635011,201468,201468,11,0,1,1,2018,6,17,5,3,2,6,0,0,1,0,0,0,0,0,794883.5846,5830209.6265
205468,13.480387371576764,52.499119556963024,201469,201469,11,0,11,11,2018,6,7,7,3,5,7,0,0,1,0,0,0,1,0,804068.2938,5825994.3014
205469,13.42075358190798,52.468623574352534,201470,201470,11,0,8,8,2018,6,18,3,3,5,2,0,1,1,0,0,0,0,0,800231.1067,5822355.0079
205470,13.410975963521082,52.5038243877589,201471,201471,11,0,2,2,2018,6,12,7,3,0,2,0,1,1,0,0,0,0,0,799328.0174,5826226.8166
205471,13.477212366934893,52.52285184219512,201472,201472,11,0,11,11,2018,6,7,3,3,5,3,0,1,1,0,0,0,0,0,803689.0498,5828618.626
205472,13.363023345682485,52.44776476869793,201473,201473,11,0,7,7,2018,6,17,5,3,5,3,0,0,1,0,0,0,0,0,796452.6453,5819797.9094
205473,13.326231332255054,52.48636509077266,201474,201474,11,0,4,4,2018,6,16,3,3,5,3,0,1,1,0,0,0,0,0,793696.5944,5823937.8279
205474,13.388389357329483,52.412048272130725,201475,201475,11,0,7,7,2018,6,10,7,3,5,7,0,0,1,0,0,1,0,0,798416.7814,5815932.6285
205475,13.446617252137553,52.502827859485855,201476,201476,11,0,2,2,2018,6,6,7,3,6,4,0,0,1,1,0,0,0,0,801752.205,5826264.602999999
205476,13.197364795965907,52.5246652976892,201477,201477,11,0,5,5,2018,6,17,3,3,6,7,0,0,1,1,0,0,0,0,784704.4075,5827678.2101
205477,13.255156098766122,52.4497918655715,201478,201478,11,0,6,6,2018,6,8,7,2,5,3,0,0,1,0,0,0,0,1,789113.6608,5819585.6066
205478,13.424438400236529,52.560167997824294,201479,201479,11,0,3,3,2018,6,21,3,3,0,3,2,1,0,0,0,0,0,0,799856.5167,5832545.1808
205479,13.413670899491972,52.51130088874109,201480,201480,11,0,1,1,2018,6,18,5,3,5,3,0,1,1,0,0,0,0,0,799459.9097,5827068.9955
205480,13.431724958001224,52.5546038695438,201481,201481,11,0,3,3,2018,6,18,3,3,0,4,0,0,1,1,0,0,0,0,800388.1444,5831957.0957
205481,13.339281320982526,52.54398389565762,201482,201482,11,0,1,1,2018,6,1,7,3,8,1,2,0,1,0,0,0,0,0,794196.4685,5830395.3569
205482,13.519012376680186,52.51638474785802,201483,201483,11,0,10,10,2018,6,8,3,3,6,4,0,0,1,1,0,0,0,0,806567.8978,5828076.7719
205483,13.393106325546414,52.514608855005214,201484,201484,11,0,1,1,2018,6,14,3,3,6,4,0,0,1,1,0,0,0,0,798042.9388,5827351.4578
205484,13.440662214117912,52.5171951724706,201485,201485,11,0,2,2,2018,6,23,7,3,5,2,2,0,1,0,1,0,0,0,801249.901,5827836.5652
205485,13.350810155608466,52.5964005159621,201486,201486,11,0,12,12,2018,6,13,3,3,2,2,0,0,1,0,0,0,0,0,794625.7177,5836268.5697
205486,13.314460509457867,52.52308061838796,201487,201487,11,0,4,4,2018,6,13,3,3,5,3,0,1,1,0,0,0,0,0,792653.6184,5827970.9173
205487,13.410328424626648,52.56118118146882,201488,201488,11,0,3,3,2018,6,19,6,3,5,7,0,1,1,0,0,0,0,0,798893.8434,5832599.1689
205488,13.378670310895732,52.507276808620794,201489,201489,11,0,1,1,2018,6,12,3,3,3,6,0,1,0,0,0,0,0,0,797113.5625,5826476.9383
205489,13.415739777981818,52.51007924921518,201490,201490,11,0,1,1,2018,6,18,6,3,1,5,0,1,1,0,0,0,0,0,799608.527,5826941.8089
205490,13.415785250701491,52.510137462166135,201491,201491,11,0,1,1,2018,6,14,3,3,2,6,0,0,1,0,0,0,0,0,799611.2143,5826948.467999999
205491,13.41775143648298,52.514020935002634,201492,201492,11,0,1,1,2018,6,18,6,3,1,5,0,1,1,0,0,0,1,0,799718.0909,5827388.2748
205492,13.341781636947116,52.50227974377639,201493,201493,11,0,7,7,2018,6,12,3,3,3,6,0,0,0,0,1,0,1,0,794645.1998,5825770.1632
205493,13.428178979689738,52.50725429703443,201494,201494,11,0,1,1,2018,6,18,5,3,2,2,0,1,1,0,0,0,0,0,800471.3846,5826679.5871
205494,13.399860768049198,52.49441886115221,201495,201495,11,0,2,2,2018,6,14,3,2,5,3,0,1,1,0,0,0,0,0,798637.9423,5825135.3376
205495,13.294942270697362,52.506675386842254,201496,201496,11,0,4,4,2018,6,15,6,3,5,2,0,1,1,0,0,0,0,0,791438.9948,5826068.4038
205496,13.268771591337993,52.4049652042341,201497,201497,11,0,6,6,2018,6,14,3,3,5,3,0,1,1,0,0,0,0,0,790333.0851,5814657.6814
205497,13.464509878000348,52.42988351902519,201498,201498,11,0,8,8,2018,6,12,3,2,0,6,0,0,1,0,1,0,0,0,803467.7574,5818232.2701
205498,13.274838621425776,52.46065718421686,201499,201499,11,0,6,6,2018,6,2,6,3,7,7,2,0,1,0,0,0,0,0,790378.7609999999,5820872.3366
205499,13.540259459137554,52.565419253309095,201500,201500,11,0,11,11,2018,6,13,3,3,2,6,0,0,1,0,0,0,0,0,807664.9844,5833617.1279
205500,13.391551527740885,52.52806579980596,201501,201501,11,0,1,1,2018,6,18,6,3,5,2,0,0,1,0,1,0,0,1,797846.3535,5828840.7406
205501,13.422214146440249,52.50541537282059,201502,201502,11,0,1,1,2018,6,18,5,3,6,2,0,0,1,1,0,0,0,0,800079.395,5826450.3581
205502,13.351151794792495,52.440679371226324,201503,201503,11,0,6,6,2018,6,5,6,3,0,6,0,1,1,0,0,0,0,0,795693.9183,5818961.6761
205503,13.345522825458064,52.55421939956538,201504,201504,11,0,1,1,2018,6,15,3,3,0,6,0,0,0,0,1,0,1,0,794550.7891,5831558.5255
205504,13.439827510335697,52.483907528090846,201505,201505,11,0,8,8,2018,6,23,6,3,5,3,2,0,1,0,0,0,0,1,801421.2143,5824133.3
205505,13.499428030897914,52.5207485215789,201506,201506,11,0,11,11,2018,6,15,3,3,2,6,0,1,0,0,0,0,1,0,805209.7302,5828478.6769
205506,13.47655664169324,52.476436485802594,201507,201507,11,0,9,9,2018,6,18,5,3,5,2,0,1,1,0,0,0,0,0,803965.0174,5823457.0652
205507,13.344863797111115,52.539138084382564,201508,201508,11,0,1,1,2018,6,22,6,3,6,2,2,0,1,1,0,0,0,1,794607.2464,5829879.5478
205508,13.386678890468335,52.5493426290969,201509,201509,11,0,1,1,2018,6,23,3,3,5,3,2,1,1,0,0,0,0,0,797372.0461,5831185.4975
205509,13.314270419655536,52.46511805676131,201510,201510,11,0,6,6,2018,6,21,6,3,2,6,2,0,1,0,0,0,1,1,793026.298,5821527.579
205510,13.13365588794394,52.45239844301201,201511,201511,11,0,5,5,2018,6,20,3,2,5,3,2,1,0,0,0,0,0,0,780845.5593,5819395.5743
205511,13.357398425953336,52.54975611769298,201512,201512,11,0,1,1,2018,6,20,3,3,0,1,0,0,0,0,1,0,0,0,795385.3533,5831111.0406
205512,13.405765035085585,52.54004732280818,201513,201513,11,0,3,3,2018,6,13,6,3,3,6,0,1,0,0,1,0,0,0,798728.4164,5830231.2758
205513,13.402487413193874,52.528064374506435,201514,201514,11,0,1,1,2018,6,19,3,3,5,3,0,1,1,0,0,0,0,0,798587.683,5828885.8227
205514,13.321771782570972,52.511962352116264,201515,201515,11,0,4,4,2018,6,20,6,3,3,6,1,0,1,0,0,0,0,1,793223.4146,5826764.8209
205515,13.413903078060311,52.550561876893646,201516,201516,11,0,3,3,2018,6,20,6,3,2,6,1,0,1,0,0,0,1,1,799208.312,5831433.698
205516,13.402465320926092,52.5311927206364,201517,201517,11,0,1,1,2018,6,18,3,3,1,5,0,1,1,0,0,0,0,0,798564.9391,5829233.4386
205517,13.398382761827385,52.5265869108551,201518,201518,11,0,1,1,2018,6,19,6,3,5,2,0,1,1,0,0,0,0,1,798319.4626,5828704.6126
205518,13.411212083896885,52.56721440705088,201519,201519,11,0,3,3,2018,6,19,6,3,0,1,1,1,0,0,0,0,0,1,798912.6235,5833273.4115
205519,13.394481018324043,52.506967027249786,201520,201520,11,0,2,2,2018,6,18,3,3,5,3,0,1,1,0,0,0,0,0,798187.9474,5826507.771000001
205520,13.409047927393095,52.54129863600769,201521,201521,11,0,3,3,2018,6,19,6,3,6,4,0,1,0,1,0,0,0,1,798942.3825,5830383.9673
205521,13.326102767168225,52.53839167003624,201522,201522,11,0,4,4,2018,6,18,3,3,5,2,0,0,1,0,0,0,0,0,793340.7529,5829720.0681
205522,13.337947692891511,52.51360527728588,201523,201523,11,0,1,1,2018,6,17,3,3,5,3,0,1,1,0,0,0,0,0,794309.3809999999,5827013.335
205523,13.42791257620738,52.54807209938222,201524,201524,11,0,3,3,2018,6,18,6,3,5,7,0,0,1,0,1,0,0,0,800174.5018,5831215.2268
205524,13.38502443805674,52.52898647677166,201525,201525,11,0,1,1,2018,6,18,6,3,1,5,0,1,1,0,0,0,1,0,797397.6671,5828916.124
205525,13.467586834223892,52.567512517267296,201526,201526,11,0,3,3,2018,6,18,6,3,0,1,0,1,0,0,0,0,0,0,802728.618,5833541.9269
205526,13.5837799914853,52.524325761354476,201527,201527,11,0,10,10,2018,6,17,3,3,5,2,0,0,1,0,0,0,0,0,810903.1291,5829236.7342
205527,13.350478823694033,52.50310272817424,201528,201528,11,0,1,1,2018,6,16,6,3,2,6,0,0,1,0,0,0,0,0,795229.5991,5825897.2077
205528,13.396809370692106,52.492657035915975,201529,201529,11,0,2,2,2018,6,17,6,3,0,1,0,1,0,0,0,0,0,0,798442.8804,5824926.8844
205529,13.408634217272134,52.50193096024102,201530,201530,11,0,2,2,2018,6,17,3,3,0,5,0,1,1,0,0,0,1,0,799182.0612,5826006.65
205530,13.374708680305623,52.53735917014864,201531,201531,11,0,1,1,2018,6,19,6,2,1,5,1,0,1,0,0,0,0,1,796641.8879,5829804.2282
205531,13.281815005295913,52.59217770640267,201532,201532,11,0,12,12,2018,6,19,6,2,3,6,0,0,1,0,1,0,0,0,789983.7648,5835519.2012
205532,13.429213159770665,52.51055972107905,201533,201533,11,0,2,2,2018,6,17,3,3,2,6,0,1,1,0,0,0,0,0,800518.9425,5827051.2823
205533,13.382484192876095,52.44543359295392,201534,201534,11,0,7,7,2018,6,18,6,2,0,1,0,1,0,0,0,0,0,0,797790.0227,5819618.9273
205534,13.386268537351595,52.55870558215807,201535,201535,11,0,1,1,2018,6,17,3,3,5,2,0,0,1,0,0,0,0,0,797280.8672,5832224.4796
205535,13.377808640587007,52.473348266479704,201536,201536,11,0,7,7,2018,6,17,3,3,5,3,0,0,1,0,0,0,0,0,797284.1366,5822702.2982
205536,13.402346281574518,52.439694674643924,201537,201537,11,0,7,7,2018,6,17,6,2,1,2,0,0,1,0,1,0,0,0,799177.8985,5819063.2101
205537,13.26315312510586,52.54847995329609,201538,201538,11,0,5,5,2018,6,16,6,2,6,4,0,0,1,1,0,0,0,0,789008.0331,5830587.0971
205538,13.519312955669186,52.5134629150354,201539,201539,11,0,11,11,2018,6,17,3,3,6,2,0,0,1,1,0,0,0,0,806608.6457,5827753.3099
205539,13.2890088524317,52.47071556247473,201540,201540,11,0,4,4,2018,6,21,6,3,0,1,1,0,0,0,1,0,0,1,791274.3542,5822047.4562
205540,13.395482006553552,52.49903603168908,201541,201541,11,0,2,2,2018,6,16,3,3,5,3,0,1,1,0,0,0,0,0,798309.5938,5825630.4011
205541,13.307814202555752,52.50292180985321,201542,201542,11,0,4,4,2018,6,16,3,3,5,3,0,0,1,0,1,0,0,0,792336.9445,5825703.2899
205542,13.349106301246126,52.5150664843994,201543,201543,11,0,1,1,2018,6,15,6,3,0,6,0,0,1,0,1,0,0,0,795056.2609999999,5827221.3523
205543,13.260366457669726,52.43492648690402,201544,201544,11,0,6,6,2018,6,16,3,2,6,4,0,0,1,1,0,0,0,0,789565.085,5817954.1746
205544,13.425063024904736,52.53219916883778,201545,201545,11,0,3,3,2018,6,10,6,3,5,7,0,1,0,0,0,0,1,0,800089.7991,5829439.14
205545,13.247447289698762,52.54144464341665,201546,201546,11,0,5,5,2018,6,16,3,3,0,3,0,0,1,0,1,0,0,0,787989.9164,5829742.2360000005
205546,13.529939826054328,52.462734699353035,201547,201547,11,0,9,9,2018,6,14,6,3,3,6,0,0,1,0,1,0,0,0,807683.5519,5822160.5214
205547,13.326499244008767,52.592136236058856,201548,201548,11,0,12,12,2018,6,16,3,3,5,2,0,1,1,0,0,0,0,0,793008.7553,5835695.4223
205548,13.330828473297961,52.50048441608636,201549,201549,11,0,4,4,2018,6,16,3,3,5,2,0,0,1,0,1,0,0,0,793914.2459999999,5825525.917
205549,13.45182943641783,52.48088285551714,201550,201550,11,0,8,8,2018,6,14,6,3,5,2,0,1,1,0,0,0,0,0,802256.3640000001,5823847.3465
205550,13.523109015972633,52.54453291054492,201551,201551,11,0,11,11,2018,6,14,3,2,5,3,0,0,1,0,1,0,0,0,806649.2377,5831222.6601
205551,13.382199031672313,52.53125605883739,201552,201552,11,0,1,1,2018,6,13,6,3,1,5,0,1,1,0,0,0,1,0,797190.7991,5829156.7313
205552,13.197951107487244,52.53294600321529,201553,201553,11,0,5,5,2018,6,12,3,2,6,4,0,0,0,1,0,0,1,0,784690.5382,5828600.9686
205553,13.434557490720826,52.61297999598642,201554,201554,11,0,3,3,2018,6,13,6,3,5,3,0,0,1,0,0,0,0,0,800180.3841,5838457.2103
205554,13.34627703030935,52.496172505168076,201555,201555,11,0,7,7,2018,6,12,3,3,2,6,0,0,1,0,0,0,0,0,794991.0478,5825109.7246
205555,13.366279941606665,52.56718729917152,201556,201556,11,0,12,12,2018,6,13,6,3,6,4,0,0,1,1,0,0,0,0,795869.6662,5833084.9387
205556,13.384808751658714,52.497392465615604,201557,201557,11,0,2,2,2018,6,12,3,3,3,6,0,1,1,0,0,0,0,0,797596.7092,5825403.6255
205557,13.309726629557376,52.49300210268405,201558,201558,11,0,4,4,2018,6,12,6,3,5,7,0,0,0,0,1,0,1,0,792532.5818,5824608.4618
205558,13.46663307492045,52.55246662400716,201559,201559,11,0,3,3,2018,6,13,2,2,3,6,0,0,1,0,0,0,0,0,802767.745,5831865.642999999
205559,13.465601478394245,52.52600902758217,201560,201560,11,0,11,11,2018,6,13,2,3,1,5,0,1,1,0,0,0,0,0,802880.1512,5828920.6809
205560,13.38618945865714,52.493333421531716,201561,201561,11,0,2,2,2018,6,2,6,3,2,6,2,0,1,0,0,0,0,0,797717.8226,5824958.1704
205561,13.385062023568231,52.53111552161572,201562,201562,11,0,1,1,2018,6,11,2,3,6,4,0,1,0,1,0,0,0,0,797385.8126,5829152.9182
205562,13.181771536531901,52.534081639635204,201563,201563,11,0,5,5,2018,6,10,6,3,0,4,0,0,0,1,0,0,1,0,783586.479,5828663.4316
205563,13.448006397011454,52.4369612484709,201564,201564,11,0,8,8,2018,6,17,5,3,6,4,0,0,1,1,0,0,0,0,802298.0372,5818949.6645
205564,13.434891377443938,52.44046622668714,201565,201565,11,0,8,8,2018,6,11,2,3,6,2,0,0,1,1,0,0,0,0,801383.2153,5819284.375
205565,13.294896382956027,52.43081841547271,201566,201566,11,0,6,6,2018,6,12,5,3,4,6,0,0,1,0,1,0,0,0,791938.0406,5817636.6396
205566,13.317506684009905,52.43081460498576,201567,201567,11,0,6,6,2018,6,10,2,3,5,2,0,0,1,0,0,0,0,0,793474.2147,5817727.8993
205567,13.324471881159782,52.521501751225564,201568,201568,11,0,4,4,2018,6,16,5,3,3,6,0,0,1,0,1,0,0,0,793342.8944,5827836.1113
205568,13.330688535539615,52.48508168774961,201569,201569,11,0,4,4,2018,6,10,2,3,2,3,0,1,1,0,0,0,0,0,794007.6018,5823813.3358
205569,13.280728457027154,52.63401856276808,201570,201570,11,0,12,12,2018,6,16,5,2,5,3,0,1,1,0,0,0,0,0,789633.6159999999,5840165.554
205570,13.488882184958134,52.54221594985601,201571,201571,11,0,11,11,2018,6,17,5,3,0,5,0,1,1,0,0,0,0,0,804346.0856,5830820.0558
205571,13.427377495606713,52.55249775396336,201572,201572,11,0,3,3,2018,6,7,2,3,5,3,0,1,1,0,0,0,0,0,800108.0108,5831704.8944
205572,13.419218951280556,52.53064798232458,201573,201573,11,0,3,3,2018,6,8,5,3,6,4,0,0,1,1,0,0,0,0,799704.2584,5829242.4169
205573,13.459259273673675,52.525882998904144,201574,201574,11,0,11,11,2018,6,8,5,3,2,6,0,0,1,0,0,0,0,0,802451.0837,5828880.0447
205574,13.334678770284993,52.45065826308281,201575,201575,11,0,6,6,2018,6,7,2,3,6,4,0,1,0,1,0,0,0,0,794508.3515,5820003.4614
205575,13.385677880679266,52.46573045857967,201576,201576,11,0,7,7,2018,6,22,5,3,8,1,2,0,1,0,0,0,0,0,797869.7409999999,5821888.055
205576,13.241932264471634,52.53852240758813,201577,201577,11,0,5,5,2018,6,8,2,3,2,6,0,0,1,0,1,0,0,0,787635.2832,5829395.3989
205577,13.196065708097557,52.53533691502489,201578,201578,11,0,5,5,2018,6,22,5,3,0,2,2,0,1,0,1,0,0,0,784547.2606,5828859.2873
205578,13.420661977105198,52.498403282922965,201579,201579,11,0,2,2,2018,6,21,5,3,1,5,1,0,1,0,0,0,0,0,800021.9259,5825664.531
205579,13.404623035610998,52.5758432564569,201580,201580,11,0,3,3,2018,6,8,2,3,4,1,0,1,1,0,0,0,0,1,798407.7018,5834205.1717
205580,13.334580467643454,52.60997190416739,201581,201581,11,0,12,12,2018,6,21,5,3,5,3,0,1,1,0,0,0,0,0,793436.4013,5837710.7716
205581,13.499954927846355,52.52928337177345,201582,201582,11,0,11,11,2018,6,9,6,3,2,6,0,0,1,0,0,0,1,0,805186.204,5829429.5007
205582,13.395798078786257,52.49788716778078,201583,201583,11,0,2,2,2018,6,8,2,3,2,3,0,0,1,0,1,0,0,0,798338.8213,5825504.0154
205583,13.39823955959132,52.5325349163945,201584,201584,11,0,1,1,2018,6,13,6,3,0,1,0,1,0,0,0,0,0,0,798269.3976,5829365.1261
205584,13.355731084514051,52.45736960110792,201585,201585,11,0,7,7,2018,6,20,5,3,5,2,0,1,0,0,1,0,0,0,795892.9366,5820835.5418
205585,13.377612429664321,52.508380712980134,201586,201586,11,0,1,1,2018,6,9,2,3,5,3,0,1,1,0,0,0,0,0,797034.3639,5826595.2769
205586,13.204951865345954,52.48937842306361,201587,201587,11,0,6,6,2018,6,20,5,2,2,1,0,0,1,0,1,0,0,0,785447.6001,5823785.8944