,X,Y,OBJECTID_1,OBJECTID,ULAND,UREGBEZ,UKREIS,UGEMEINDE,UJAHR,UMONAT,USTUNDE,UWOCHENTAG,UKATEGORIE,UART,UTYP1,ULICHTVERH,IstRad,IstPKW,IstFuss,IstKrad,IstGkfz,IstSonstig,STRZUSTAND,LINREFX,LINREFY
205587,13.396073825645892,52.49591110020094,201588,201588,11,0,2,2,2018,6,19,5,3,0,7,0,1,0,0,0,0,0,0,798370.9216,5825285.5215
205588,13.427616907409716,52.47438273231908,201589,201589,11,0,8,8,2018,6,10,2,2,5,2,0,1,1,0,0,0,0,0,800657.6758,5823023.6995
205589,13.355498786469795,52.519635893967475,201590,201590,11,0,1,1,2018,6,19,5,2,5,2,0,1,1,0,0,0,0,0,795459.0324,5827755.4166
205590,13.231956281002006,52.54422804255225,201591,201591,11,0,5,5,2018,6,19,5,2,6,4,0,0,1,1,0,0,0,0,786921.9052,5829989.8433
205591,13.32513827030218,52.50171625781213,201592,201592,11,0,4,4,2018,6,10,2,3,0,5,0,0,1,0,1,0,0,0,793520.052,5825639.6611
205592,13.490234274326566,52.50472463744582,201593,201593,11,0,11,11,2018,6,19,5,3,5,3,0,0,1,0,0,0,0,0,804697.4001,5826658.8376
205593,13.373118088229287,52.42486050924226,201594,201594,11,0,7,7,2018,6,9,2,3,3,6,0,0,1,0,0,1,0,0,797292.5277,5817293.6686
205594,13.491391725722387,52.62227559213785,201595,201595,11,0,3,3,2018,6,9,2,3,0,1,0,1,0,0,0,0,0,0,803961.0091,5839728.8245
205595,13.382282377364383,52.511225733933294,201596,201596,11,0,1,1,2018,6,19,5,2,6,7,0,0,1,1,0,0,0,0,797331.8453,5826930.7427
205596,13.325889561018682,52.50271901174296,201597,201597,11,0,4,4,2018,6,13,2,3,0,6,0,0,1,0,0,0,1,0,793564.3232,5825754.1754
205597,13.303834571524007,52.5041751351693,201598,201598,11,0,4,4,2018,6,14,6,3,0,5,0,1,1,0,0,0,0,0,792058.6928,5825826.4734
205598,13.386176527408624,52.5185622521842,201599,201599,11,0,1,1,2018,6,14,2,3,5,3,0,0,1,0,0,0,1,0,797546.292,5827762.2464
205599,13.371971773248047,52.48505457617912,201600,201600,11,0,2,2,2018,6,18,5,3,5,2,0,0,1,0,1,0,0,0,796809.0728,5823979.3959
205600,13.578624887056494,52.45244296832354,201601,201601,11,0,9,9,2018,6,16,6,3,5,3,0,0,1,0,0,0,0,0,811061.1684,5821225.4543
205601,13.464855207463552,52.497334369226294,201602,201602,11,0,2,2,2018,6,18,5,3,5,2,0,1,1,0,0,0,0,0,803027.0266,5825730.5072
205602,13.561393729364967,52.559726186350154,201603,201603,11,0,10,10,2018,6,18,2,3,5,3,0,1,0,0,0,0,1,0,809136.4122,5833074.8573
205603,13.466792362390008,52.52850633918835,201604,201604,11,0,11,11,2018,6,18,5,3,5,3,0,1,1,0,0,0,0,0,802943.6719,5829203.2485
205604,13.371260072184427,52.546055500128524,201605,201605,11,0,1,1,2018,6,13,1,3,1,5,0,1,1,0,0,0,0,0,796349.5103,5830756.6267
205605,13.42241319783583,52.50043607911702,201606,201606,11,0,2,2,2018,6,17,1,3,6,2,0,1,0,1,0,0,0,1,800126.8537,5825897.756
205606,13.391896573336446,52.538950216990784,201607,201607,11,0,1,1,2018,6,18,5,3,5,3,0,1,1,0,0,0,0,0,797795.9953,5830051.9454
205607,13.625406788975825,52.450665967672975,201608,201608,11,0,9,9,2018,6,18,1,3,0,2,0,1,1,0,0,0,0,1,814250.3155,5821230.6834
205608,13.351813686070225,52.57365677683015,201609,201609,11,0,12,12,2018,6,23,1,3,5,2,2,1,0,0,0,0,1,0,794846.4377,5833744.7137
205609,13.417522606834018,52.498852526871126,201610,201610,11,0,2,2,2018,6,17,5,3,3,6,0,1,1,0,0,0,0,0,799805.9123,5825701.4067
205610,13.47775630043269,52.53079620067817,201611,201611,11,0,11,11,2018,6,20,1,2,5,7,1,0,1,0,0,0,0,0,803671.0477,5829503.8883
205611,13.480510032935536,52.499063594013435,201612,201612,11,0,11,11,2018,6,18,5,2,5,2,0,0,1,0,1,0,0,0,804077.0007,5825988.5987
205612,13.473968162371712,52.42574393685832,201613,201613,11,0,8,8,2018,6,20,1,2,5,2,0,0,1,0,0,0,0,1,804138.8655,5817811.9899
205613,13.331207017968776,52.48690029385303,201614,201614,11,0,4,4,2018,6,17,5,3,5,3,0,1,1,0,0,0,0,0,794030.6402,5824017.5869
205614,13.330898527517073,52.50055946786063,201615,201615,11,0,4,4,2018,6,19,1,3,2,2,0,0,1,0,0,0,0,0,793918.4967,5825534.5445
205615,13.330976465351114,52.5005621015033,201616,201616,11,0,4,4,2018,6,17,5,3,5,2,0,1,1,0,0,0,0,0,793923.7658,5825535.1549
205616,13.420655346640089,52.5487620375949,201617,201617,11,0,3,3,2018,6,19,1,2,5,3,0,0,1,0,0,0,1,1,799678.073,5831261.708
205617,13.407243711450596,52.52341165373088,201618,201618,11,0,1,1,2018,6,16,5,3,0,7,0,1,0,0,0,0,0,0,798941.7332,5828388.3975
205618,13.293371809866546,52.534126913446435,201619,201619,11,0,4,4,2018,6,18,1,3,0,6,0,0,1,0,1,0,0,1,791150.6955,5829113.3363
205619,13.441682891621838,52.46952605569577,201620,201620,11,0,8,8,2018,6,18,1,3,2,6,0,0,1,0,0,0,0,1,801645.5859999999,5822542.6205
205620,13.379883407533493,52.521121788197405,201621,201621,11,0,1,1,2018,6,15,5,3,0,1,0,1,0,0,0,0,0,0,797102.309,5828020.7809
205621,13.408039457095564,52.524855656166324,201622,201622,11,0,1,1,2018,6,16,1,3,1,5,0,1,1,0,0,0,0,1,798985.8618,5828552.1942
205622,13.275831416121592,52.577753848718174,201623,201623,11,0,12,12,2018,6,19,6,2,8,1,0,1,0,0,0,0,0,0,789673.9341,5833891.8785
205623,13.297267597539562,52.577784748380346,201624,201624,11,0,12,12,2018,6,14,1,3,5,2,0,1,0,0,0,0,1,1,791125.2494,5833981.7183
205624,13.401441870322895,52.53979222700889,201625,201625,11,0,1,1,2018,6,15,5,3,5,2,0,1,1,0,0,0,0,0,798437.1716,5830185.0133
205625,13.559338940950363,52.42334141728507,201626,201626,11,0,9,9,2018,6,14,1,3,5,3,0,0,1,0,0,0,0,0,809956.0948,5817908.1232
205626,13.455061352027887,52.43020773759938,201627,201627,11,0,8,8,2018,6,15,5,3,2,6,0,0,1,0,0,0,0,0,802823.6176,5818228.6219
205627,13.474811426200272,52.54760570807724,201628,201628,11,0,11,11,2018,6,15,5,3,0,5,0,1,1,0,0,0,0,0,803355.3807,5831359.7716
205628,13.380217031948554,52.574966180403,201629,201629,11,0,3,3,2018,6,14,1,3,0,2,0,0,1,0,1,0,0,0,796761.0033,5834006.8726
205629,13.385438951271574,52.46609565326025,201630,201630,11,0,7,7,2018,6,14,5,3,0,2,0,1,1,0,0,0,0,0,797851.0529,5821927.6591
205630,13.376987490585794,52.56059047762537,201631,201631,11,0,12,12,2018,6,8,6,3,2,6,0,0,0,0,1,0,1,0,796639.4295,5832395.7343
205631,13.408068054962662,52.54198833268032,201632,201632,11,0,3,3,2018,6,13,1,3,5,3,0,1,1,0,0,0,0,0,798871.2885,5830456.5614
205632,13.38869606013376,52.53255522921199,201633,201633,11,0,1,1,2018,6,8,6,3,1,5,0,1,1,0,0,0,0,0,797622.3922,5829327.9371
205633,13.364805326525062,52.48711397240553,201634,201634,11,0,7,7,2018,6,13,1,3,0,7,0,0,1,0,1,0,0,0,796308.9352,5824178.8295
205634,13.501940281879374,52.46094812056279,201635,201635,11,0,9,9,2018,6,7,5,3,5,3,0,1,0,0,0,0,1,0,805795.1735,5821842.9113
205635,13.407884237197628,52.50004512688498,201636,201636,11,0,2,2,2018,6,10,6,3,2,2,0,1,1,0,0,0,0,0,799144.0102,5825793.9341
205636,13.563612438759327,52.54922496105216,201637,201637,11,0,10,10,2018,6,11,1,3,4,5,0,0,1,0,0,0,0,0,809360.6577,5831917.2613
205637,13.345983868709652,52.5446573516827,201638,201638,11,0,1,1,2018,6,7,5,3,3,6,0,1,1,0,0,0,0,0,794646.1473,5830497.5911
205638,13.236237401914472,52.46946324742673,201639,201639,11,0,6,6,2018,6,11,1,2,5,3,0,1,1,0,0,0,0,0,787700.4262,5821696.522000001
205639,13.413128273941252,52.547680313931906,201640,201640,11,0,3,3,2018,6,7,5,3,5,2,0,1,1,0,0,0,0,0,799175.4399,5831110.204
205640,13.447248732747976,52.51323723116012,201641,201641,11,0,2,2,2018,6,8,5,3,1,5,0,1,1,0,0,0,0,0,801723.6395,5827424.1999
205641,13.260472415754132,52.489428970547245,201642,201642,11,0,4,4,2018,6,10,1,3,6,4,0,1,0,1,0,0,0,0,789214.4177,5824012.6732
205642,13.418407959428587,52.50005259096469,201643,201643,11,0,2,2,2018,6,9,5,3,6,4,0,1,0,1,0,0,0,0,799857.7914,5825838.4707
205643,13.429226202410288,52.556375150413544,201644,201644,11,0,3,3,2018,6,9,5,3,2,6,0,0,1,0,1,0,0,0,800206.7565,5832143.5541
205644,13.24255084886782,52.433933261421004,201645,201645,11,0,6,6,2018,6,9,1,3,0,3,0,1,1,0,0,0,0,0,788361.271,5817772.457
205645,13.446511281476758,52.426777658958976,201646,201646,11,0,8,8,2018,6,9,5,3,3,6,0,0,1,0,1,0,0,0,802266.2421,5817811.5492
205646,13.296409982226008,52.550226978926865,201647,201647,11,0,12,12,2018,6,21,6,3,5,3,1,1,1,0,0,0,0,0,791249.9029999999,5830915.159
205647,13.569273085385639,52.44316554218039,201648,201648,11,0,9,9,2018,6,9,1,3,5,3,0,0,1,0,0,0,0,0,810491.5066,5820154.0832
205648,13.429822449298653,52.551487979190824,201649,201649,11,0,3,3,2018,6,10,5,3,2,6,0,0,1,0,0,1,0,0,800280.5574,5831602.8465
205649,13.418152477663474,52.51557281644588,201650,201650,11,0,1,1,2018,6,2,1,3,5,2,2,0,1,0,0,0,0,0,799734.7099,5827562.4284
205650,13.36403400697097,52.44826846662031,201651,201651,11,0,7,7,2018,6,11,5,3,5,2,0,1,1,0,0,0,0,0,796517.8948,5819858.0467
205651,13.378239248916774,52.453997289104606,201652,201652,11,0,7,7,2018,6,11,5,3,1,5,0,1,1,0,0,0,0,0,797443.9456,5820553.2545
205652,13.314897291010249,52.41732253691314,201653,201653,11,0,6,6,2018,6,16,1,3,0,7,0,0,0,0,1,0,0,0,793386.6102,5816217.652000001
205653,13.492379126034901,52.63692610163201,201654,201654,11,0,3,3,2018,6,13,5,3,6,2,0,0,1,1,0,0,0,0,803926.1233,5841361.3181
205654,13.358915878097596,52.546327918232926,201655,201655,11,0,1,1,2018,6,13,5,3,6,2,0,0,1,1,0,0,0,0,795511.2262,5830736.2196
205655,13.273501467447288,52.499874035109464,201656,201656,11,0,4,4,2018,6,12,1,2,0,1,0,1,0,0,0,0,0,0,790029.6234,5825225.9844
205656,13.406324034229035,52.40439456047625,201657,201657,11,0,7,7,2018,6,13,5,3,5,2,0,0,1,0,1,0,0,0,799687.6902,5815156.227000001
205657,13.3864663535637,52.51369250986089,201658,201658,11,0,1,1,2018,6,13,5,3,5,3,0,1,1,0,0,0,0,0,797598.8897,5827222.181
205658,13.225820636694491,52.552974550290976,201659,201659,11,0,5,5,2018,6,6,1,3,9,1,0,0,0,0,1,0,0,0,786449.0844,5830937.6492
205659,13.435088462427368,52.48428088609625,201660,201660,11,0,8,8,2018,6,13,5,3,2,6,0,0,1,0,0,0,0,0,801097.0927,5824155.0033
205660,13.41959950817764,52.49916211769743,201661,201661,11,0,2,2,2018,6,18,1,3,0,1,0,1,0,0,0,0,0,0,799944.6837,5825744.4531
205661,13.413056685399626,52.49180114111603,201662,201662,11,0,2,2,2018,6,17,7,3,5,3,0,1,0,0,1,0,0,0,799550.9607,5824899.1115
205662,13.328334618915187,52.534588969984426,201663,201663,11,0,1,1,2018,6,14,5,3,2,6,0,0,1,0,0,0,0,0,793517.406,5829306.482000001
205663,13.311575257309206,52.570641578718394,201664,201664,11,0,12,12,2018,6,17,6,3,0,1,0,0,0,0,1,0,0,0,792141.6033,5833245.6586
205664,13.433555030152545,52.607695040065614,201665,201665,11,0,3,3,2018,6,9,5,2,5,3,0,1,1,0,0,0,0,0,800148.7485,5837865.6259
205665,13.532939183108704,52.46163821689273,201666,201666,11,0,9,9,2018,6,17,7,3,2,2,0,0,1,0,0,0,0,0,807894.8261,5822051.4526
205666,13.544412516223144,52.52605050856123,201667,201667,11,0,10,10,2018,6,10,5,3,5,3,0,0,1,0,0,0,0,0,808222.3341,5829259.3569
205667,13.249447321305224,52.51544187663071,201668,201668,11,0,4,4,2018,6,9,7,3,5,2,0,1,1,0,0,0,0,0,788295.9043,5826859.9372
205668,13.392928719631612,52.52745446668624,201669,201669,11,0,1,1,2018,6,19,2,3,5,3,0,1,1,0,0,0,0,0,797943.8533,5828778.4834
205669,13.225790261061466,52.6279161829539,201670,201670,11,0,12,12,2018,6,12,6,3,0,5,0,1,0,0,0,0,1,0,785958.128,5839267.6397
205670,13.338960200217901,52.46434668691224,201671,201671,11,0,6,6,2018,6,3,7,3,6,7,2,1,0,1,0,0,0,0,794707.5659,5821542.4007
205671,13.273431700689047,52.455605176230065,201672,201672,11,0,6,6,2018,6,10,5,2,5,3,0,0,1,0,0,0,0,0,790316.5093,5820305.1364
205672,13.412175212628751,52.49874663499014,201673,201673,11,0,2,2,2018,6,14,7,3,6,4,0,0,1,1,0,0,0,0,799443.9053,5825667.4196
205673,13.178104160791225,52.548818215306326,201674,201674,11,0,5,5,2018,6,23,7,3,5,2,2,0,1,0,0,0,0,0,783242.9037,5830287.0705
205674,13.334991390292055,52.42092313956538,201675,201675,11,0,6,6,2018,6,13,5,3,5,3,0,0,1,0,0,0,0,0,794728.1754,5816699.7016
205675,13.424420449202227,52.51343159612031,201676,201676,11,0,1,1,2018,6,20,7,3,5,3,0,1,1,0,0,0,0,0,800174.3314,5827350.5159
205676,13.37469521905112,52.42629776816532,201677,201677,11,0,7,7,2018,6,20,7,2,2,6,0,0,1,0,1,0,0,0,797390.0044,5817459.9128
205677,13.34857639853476,52.50255292892779,201678,201678,11,0,7,7,2018,6,14,5,2,0,5,0,0,1,0,1,0,0,0,795104.2491,5825828.3112
205678,13.443137000860464,52.49569628852373,201679,201679,11,0,2,2,2018,6,19,7,3,6,7,0,0,1,1,0,0,0,0,801565.0176,5825457.4028
205679,13.517760677638016,52.535375929399045,201680,201680,11,0,10,10,2018,6,14,6,3,5,2,0,1,1,0,0,0,0,0,806350.6695,5830182.1824
205680,13.613583819874695,52.50913809834169,201681,201681,11,0,10,10,2018,6,11,5,3,0,1,0,1,0,0,0,0,0,0,813031.58,5827677.7639999995
205681,13.392020066535196,52.54504601142515,201682,201682,11,0,1,1,2018,6,20,7,3,0,7,0,0,1,0,1,0,0,0,797763.0562,5830729.9902
205682,13.536037869578967,52.460149407320884,201683,201683,11,0,9,9,2018,6,13,5,3,0,1,0,1,0,0,0,0,0,0,808115.5965,5821899.2129
205683,13.50052294877019,52.63267172134142,201684,201684,11,0,3,3,2018,6,19,7,3,2,6,0,0,1,0,0,0,0,0,804506.3644,5840922.8863
205684,13.344833770024435,52.437423837753066,201685,201685,11,0,6,6,2018,6,19,2,3,3,6,0,0,1,0,0,0,0,0,795286.5661,5818573.9612
205685,13.357525608532963,52.569322032416395,201686,201686,11,0,12,12,2018,6,18,7,3,2,6,0,0,1,0,0,1,0,0,795262.3942,5833286.3006
205686,13.440257745864628,52.52428248822389,201687,201687,11,0,2,2,2018,6,11,5,3,6,4,0,0,1,1,0,0,0,0,801173.9343,5828622.6007
205687,13.30803739886955,52.572833887704746,201688,201688,11,0,12,12,2018,6,18,7,3,0,5,0,0,1,0,0,0,1,0,791887.4279,5833474.9978
205688,13.376981473670002,52.51242088052018,201689,201689,11,0,1,1,2018,6,8,6,2,0,2,0,1,1,0,0,0,0,0,796964.3005,5827041.7353
205689,13.19518140024368,52.52752320112556,201690,201690,11,0,5,5,2018,6,12,4,3,2,6,0,0,1,0,0,0,0,0,784537.8854,5827987.2616
205690,13.367523041974914,52.45567698454912,201691,201691,11,0,7,7,2018,6,17,7,3,0,3,0,0,1,0,1,0,0,0,796704.9788,5820695.8311
205691,13.372035612023714,52.53886387489079,201692,201692,11,0,1,1,2018,6,9,4,3,3,6,0,1,0,0,0,1,0,0,796450.5737,5829960.4765
205692,13.520033546460848,52.51345466872918,201693,201693,11,0,11,11,2018,6,19,2,3,5,7,0,0,1,0,0,0,1,0,806657.5646,5827755.4582
205693,13.364892616719546,52.56385680387102,201694,201694,11,0,12,12,2018,6,16,4,3,6,4,0,0,1,1,0,0,0,0,795798.142,5832709.0611
205694,13.292792771105745,52.50665753075326,201695,201695,11,0,4,4,2018,6,17,7,2,5,3,0,0,1,0,1,0,0,0,791293.3268,5826057.7342
205695,13.122528509520151,52.528631074962966,201696,201696,11,0,5,5,2018,6,17,7,2,0,7,0,0,1,0,0,0,0,0,779605.3987,5827826.1682
205696,13.492319435679233,52.55862333010951,201697,201697,11,0,3,3,2018,6,9,4,3,5,7,0,0,1,0,0,0,0,0,804465.2629,5832658.1581
205697,13.460891188253134,52.50105963238747,201698,201698,11,0,2,2,2018,6,17,7,3,5,5,0,0,1,0,0,0,0,0,802732.5058,5826127.9013
205698,13.328583799896927,52.46484242522022,201699,201699,11,0,7,7,2018,6,14,4,3,0,3,0,0,1,0,0,0,1,0,793999.8277,5821555.1695
205699,13.28041610651466,52.50674222203642,201700,201700,11,0,4,4,2018,6,16,7,3,2,6,0,0,1,0,0,0,0,0,790453.339,5826017.2256
205700,13.326298148945892,52.53790033542909,201701,201701,11,0,4,4,2018,6,19,4,3,5,2,0,1,0,0,1,0,0,0,793357.2740000001,5829666.2512
205701,13.418152477663474,52.51557281644588,201702,201702,11,0,1,1,2018,6,15,7,3,5,2,0,0,1,0,0,0,0,0,799734.7099,5827562.4284
205702,13.384572430060288,52.471570730478604,201703,201703,11,0,7,7,2018,6,18,2,3,5,2,0,1,1,0,0,0,0,0,797755.2275,5822532.6237
205703,13.326164869500435,52.48653649495229,201704,201704,11,0,4,4,2018,6,14,7,3,1,5,0,1,0,0,0,0,1,0,793690.9414,5823956.6089
205704,13.197970085295925,52.53233756594325,201705,201705,11,0,5,5,2018,6,16,4,3,3,6,0,0,1,0,1,0,0,0,784695.7646,5828533.4126
205705,13.402487437448398,52.51186331587388,201706,201706,11,0,1,1,2018,6,14,7,3,5,2,0,0,1,0,1,0,0,0,798697.7014,5827085.1191
205706,13.4301148437371,52.588334885323526,201707,201707,11,0,3,3,2018,6,16,4,3,2,2,0,0,1,0,1,0,0,0,800048.4075,5835699.4728
205707,13.449772221653664,52.536972479869746,201708,201708,11,0,3,3,2018,6,16,4,3,2,6,0,0,1,0,0,1,0,0,801731.8302,5830072.8287
205708,13.328356091345446,52.534217309566685,201709,201709,11,0,1,1,2018,6,14,7,3,6,4,0,0,1,1,0,0,0,0,793521.3431,5829265.2593
205709,13.470497879699314,52.42911700383769,201710,201710,11,0,8,8,2018,6,16,4,3,6,2,0,0,1,1,0,0,0,0,803879.8488,5818172.2695
205710,13.305978571629462,52.52563737652746,201711,201711,11,0,4,4,2018,6,18,2,3,5,2,0,1,1,0,0,0,0,0,792061.5819,5828220.7075
205711,13.314192851029064,52.47900632100726,201712,201712,11,0,4,4,2018,6,14,4,3,5,3,0,1,1,0,0,0,0,0,792928.6764,5823070.9488
205712,13.406527182840641,52.49832638010553,201713,201713,11,0,2,2,2018,6,14,7,2,5,2,0,0,1,0,0,0,0,0,799063.6390000001,5825597.2721
205713,13.463126743754025,52.511450870487444,201714,201714,11,0,2,2,2018,6,14,4,3,5,3,0,1,1,0,0,0,0,0,802812.6141,5827292.221
205714,13.424618590604448,52.58627855424086,201715,201715,11,0,3,3,2018,6,13,7,3,5,3,0,1,1,0,0,0,0,0,799690.392,5835448.0363
205715,13.453102725569536,52.51049417869026,201716,201716,11,0,2,2,2018,6,18,2,3,0,7,0,0,1,0,0,0,0,0,802139.4356,5827143.8369
205716,13.42878018348182,52.47786310929692,201717,201717,11,0,8,8,2018,6,12,7,3,0,3,0,1,0,0,0,0,1,0,800712.8657,5823415.3782
205717,13.394731064383356,52.56526030351138,201718,201718,11,0,3,3,2018,6,13,4,3,0,5,0,1,1,0,0,0,0,0,797809.666,5832987.9696
205718,13.406361900014884,52.441963889750575,201719,201719,11,0,7,7,2018,6,18,4,2,0,5,0,0,1,0,0,0,1,0,799435.2495,5819332.0792
205719,13.491289140811885,52.510874072894154,201720,201720,11,0,11,11,2018,6,12,7,3,2,2,0,0,1,0,1,0,0,0,804726.3464,5827346.7667
205720,13.59804067745042,52.441053373098796,201721,201721,11,0,9,9,2018,6,20,4,3,5,3,0,0,1,0,0,0,0,0,812460.2103,5820043.5104
205721,13.535593841317205,52.430434240376776,201722,201722,11,0,9,9,2018,6,9,7,3,5,3,0,0,1,0,0,0,0,0,808293.1462,5818594.7291
205722,13.43519417617,52.426445207306564,201723,201723,11,0,8,8,2018,6,18,4,3,5,2,0,0,1,0,0,0,0,0,801499.5921,5817727.2685
205723,13.491733999117002,52.534198831897676,201724,201724,11,0,11,11,2018,6,13,4,3,0,2,0,0,1,0,0,0,1,0,804594.897,5829941.049
205724,13.52301354571917,52.49552428014906,201725,201725,11,0,11,11,2018,6,10,7,3,5,3,0,1,1,0,0,0,0,0,806984.7065,5825775.3113
205725,13.63307459264538,52.52988333708114,201726,201726,11,0,10,10,2018,6,13,4,3,5,3,0,0,1,0,0,1,0,0,814205.0079999999,5830068.1562
205726,13.330779744185376,52.53350709264823,201727,201727,11,0,1,1,2018,6,12,4,3,5,2,0,0,1,0,1,0,0,0,793690.3631,5829196.1902
205727,13.334527635924962,52.49356021890657,201728,201728,11,0,4,4,2018,6,10,7,3,0,3,0,0,1,0,1,0,0,0,794211.4459,5824771.3768
205728,13.347758550740542,52.41481371926934,201729,201729,11,0,7,7,2018,6,12,4,3,6,7,0,0,0,1,0,0,1,0,795636.6777,5816072.8468
205729,13.285286205148216,52.588140308253145,201730,201730,11,0,12,12,2018,6,11,7,3,2,6,0,0,1,0,1,0,0,0,790245.4453,5835084.4148
205730,13.198796288320613,52.553223566229974,201731,201731,11,0,5,5,2018,6,12,7,3,6,4,0,0,1,1,0,0,0,0,784616.474,5830858.2642
205731,13.379725243856372,52.5147997873361,201732,201732,11,0,1,1,2018,6,12,4,3,2,6,0,0,1,0,0,0,0,0,797134.2929,5827317.4504
205732,13.404310757862033,52.533136899027824,201733,201733,11,0,1,1,2018,6,13,7,3,5,2,0,1,1,0,0,0,0,0,798676.818,5829457.174
205733,13.248016489212253,52.54552214630412,201734,201734,11,0,5,5,2018,6,15,6,3,5,3,0,0,1,0,1,0,0,0,788001.7676,5830197.7386
205734,13.377656311467636,52.50826003021874,201735,201735,11,0,1,1,2018,6,12,4,3,0,7,0,0,0,0,1,0,0,0,797038.1547,5826582.044
205735,13.339713470821305,52.518912807647546,201736,201736,11,0,1,1,2018,6,9,7,3,5,3,0,0,1,0,0,0,0,0,794393.5961,5827610.4742
205736,13.31277690581699,52.49152639320498,201737,201737,11,0,4,4,2018,6,10,4,3,5,7,0,0,1,0,0,0,0,0,792749.3376,5824456.8119
205737,13.363609753323546,52.5008144618181,201738,201738,11,0,1,1,2018,6,16,6,3,2,6,0,0,1,0,0,0,0,0,796135.6329999999,5825696.7087
205738,13.382725245901128,52.55165928843995,201739,201739,11,0,1,1,2018,6,10,4,3,1,5,0,1,1,0,0,0,0,0,797088.4987,5831426.6837
205739,13.402112996281755,52.41470168400031,201740,201740,11,0,8,8,2018,6,11,7,3,2,6,0,0,1,0,0,0,0,0,799331.5465,5816284.3577
205740,13.377948061814024,52.468452747230366,201741,201741,11,0,7,7,2018,6,10,4,3,2,6,0,0,1,0,1,0,0,0,797326.6359999999,5822158.7463
205741,13.430368911553982,52.49935359455555,201742,201742,11,0,2,2,2018,6,3,7,2,0,1,1,1,0,0,0,0,0,0,800673.8840000001,5825810.583
205742,13.356353018727985,52.55539396295672,201743,201743,11,0,1,1,2018,6,15,7,3,5,3,0,0,0,0,1,0,1,0,795276.622,5831733.3991
205743,13.465266262164526,52.482412248080365,201744,201744,11,0,9,9,2018,6,9,4,3,9,1,0,1,0,0,0,0,0,0,803157.6487,5824073.7215
205744,13.260847025804033,52.49307925820467,201745,201745,11,0,4,4,2018,6,17,6,3,5,3,0,1,1,0,0,0,0,0,789215.8558,5824419.9138
205745,13.352243758105786,52.50528534213056,201746,201746,11,0,1,1,2018,6,14,6,3,5,3,0,1,1,0,0,0,0,0,795334.6613,5826147.0303
205746,13.355382003686232,52.55242297550337,201747,201747,11,0,1,1,2018,6,8,4,3,2,6,0,0,1,0,0,0,0,0,795230.807,5831399.1974
205747,13.413865708144494,52.38959789360654,201748,201748,11,0,7,7,2018,6,18,6,3,0,2,0,1,1,0,0,0,0,0,800300.9359,5813542.9665
205748,13.311154098357914,52.54760127347864,201749,201749,11,0,4,4,2018,6,7,4,3,3,6,0,0,1,0,0,0,0,0,792266.368,5830682.9949
205749,13.310360442194296,52.43214485570889,201750,201750,11,0,6,6,2018,6,8,6,3,0,7,0,1,0,0,0,0,0,0,792979.8654,5817846.7271
205750,13.536807211941149,52.53962257391542,201751,201751,11,0,10,10,2018,6,6,4,3,3,6,0,0,1,0,0,1,0,0,807611.7904,5830735.2912
205751,13.385765313705864,52.47156028636525,201752,201752,11,0,7,7,2018,6,12,6,3,5,3,0,1,1,0,0,0,0,0,797836.2656,5822536.387
205752,13.578696402834588,52.455648902910994,201753,201753,11,0,9,9,2018,6,20,6,3,6,6,0,0,1,1,0,0,0,0,811043.4002,5821582.0696
205753,13.268683320183245,52.48503391918618,201754,201754,11,0,4,4,2018,6,4,4,3,1,1,1,0,1,0,0,0,0,0,789800.4564,5823557.1078
205754,13.348290524068648,52.4629751284342,201755,201755,11,0,7,7,2018,6,18,6,3,5,7,0,1,1,0,0,0,0,0,795350.1708,5821428.1049
205755,13.280591226791095,52.51834426920578,201756,201756,11,0,4,4,2018,6,1,4,3,1,5,2,0,1,0,0,0,0,0,790388.6242,5827307.5207
205756,13.593163389599626,52.45154099789424,201757,201757,11,0,9,9,2018,6,17,6,3,3,2,0,0,1,0,1,0,0,0,812054.7199,5821187.9888
205757,13.573770782028262,52.47064184095871,201758,201758,11,0,9,9,2018,6,18,2,2,6,4,0,0,1,1,0,0,0,0,810603.27,5823227.1621
205758,13.404047016986173,52.38667402050908,201759,201759,11,0,7,7,2018,6,17,6,3,6,7,0,0,1,1,0,0,0,0,799653.0775,5813177.2071
205759,13.294410651305478,52.553526638668,201760,201760,11,0,12,12,2018,6,14,4,3,1,5,0,0,1,0,0,0,1,0,791092.5714,5831273.8441
205760,13.284200842655633,52.48549368583186,201761,201761,11,0,4,4,2018,6,17,6,3,3,6,0,1,1,0,0,0,0,0,790850.3947,5823670.6666
205761,13.295130465952749,52.44440102130719,201762,201762,11,0,6,6,2018,6,16,6,3,0,2,0,1,1,0,0,0,0,0,791864.063,5819147.302999999
205762,13.181698501702686,52.534130119381096,201763,201763,11,0,5,5,2018,6,7,4,1,5,2,0,1,0,0,0,1,0,0,783581.2157,5828668.5331
205763,13.197343986492346,52.5318539840246,201764,201764,11,0,5,5,2018,6,19,6,3,2,6,1,0,1,0,0,0,0,0,784656.455,5828477.1876
205764,13.399332345761414,52.52953435671018,201765,201765,11,0,1,1,2018,6,13,3,3,2,6,0,0,1,0,0,0,0,0,798363.8319,5829036.1438
205765,13.38281098201014,52.55179738387243,201766,201766,11,0,1,1,2018,6,18,2,2,1,5,0,1,1,0,0,0,0,0,797093.3735,5831442.3862
205766,13.333190713711788,52.48479330643506,201767,201767,11,0,4,4,2018,6,15,3,3,1,5,0,1,1,0,0,0,0,0,794179.3156,5823791.4841