,X,Y,OBJECTID_1,OBJECTID,ULAND,UREGBEZ,UKREIS,UGEMEINDE,UJAHR,UMONAT,USTUNDE,UWOCHENTAG,UKATEGORIE,UART,UTYP1,ULICHTVERH,IstRad,IstPKW,IstFuss,IstKrad,IstGkfz,IstSonstig,STRZUSTAND,LINREFX,LINREFY
205767,13.431597287636409,52.51417144266883,201768,201768,11,0,2,2,2018,6,20,6,3,1,5,1,1,1,0,0,0,0,0,800655.9337,5827462.6506
205768,13.329846326333207,52.522933897297975,201769,201769,11,0,1,1,2018,6,15,3,3,5,2,0,1,1,0,0,0,0,0,793697.715,5828017.1752
205769,13.452126208346662,52.47108865157018,201770,201770,11,0,8,8,2018,6,16,6,3,5,2,0,1,1,0,0,0,0,0,802343.7243,5822760.0133
205770,13.476186610356347,52.53309130998825,201771,201771,11,0,11,11,2018,6,18,2,3,5,2,0,0,1,0,0,0,0,0,803548.8019,5829752.3652
205771,13.348917276845748,52.50326551268702,201772,201772,11,0,1,1,2018,6,10,6,2,3,6,0,0,1,0,0,0,0,0,795122.5915,5825908.9093
205772,13.317175218246467,52.455498589560605,201773,201773,11,0,6,6,2018,6,16,6,3,6,4,0,1,0,1,0,0,0,0,793287.4989,5820470.1754
205773,13.496124954344285,52.41555164944251,201774,201774,11,0,8,8,2018,6,15,3,3,0,6,0,0,1,0,1,0,0,0,805714.8772,5816772.7792
205774,13.349320856665239,52.498153149892865,201775,201775,11,0,7,7,2018,6,20,6,3,1,5,0,1,1,0,0,0,0,0,795184.2527,5825342.326
205775,13.501785740209485,52.60099531136159,201776,201776,11,0,3,3,2018,6,21,3,3,0,1,1,0,0,0,1,0,0,0,804812.0141,5837407.5838
205776,13.218994670328806,52.53707900855704,201777,201777,11,0,5,5,2018,6,20,3,2,1,7,0,0,1,0,0,0,1,0,786090.0699,5829143.68
205777,13.320757014184993,52.45706245961505,201778,201778,11,0,6,6,2018,6,20,6,3,6,4,0,0,1,1,0,0,0,0,793520.2961,5820658.5632
205778,13.201255449767082,52.54782926250744,201779,201779,11,0,5,5,2018,6,14,3,3,2,2,0,0,1,0,0,0,1,0,784818.0582,5830268.3733
205779,13.356005404848993,52.53524607423706,201780,201780,11,0,1,1,2018,6,17,2,3,3,6,0,1,1,0,0,0,0,0,795388.4891,5829492.5512
205780,13.491087112399425,52.50249976409594,201781,201781,11,0,11,11,2018,6,14,3,3,5,3,0,0,1,0,0,0,0,0,804770.6509,5826415.1612
205781,13.405187712107006,52.53407736104369,201782,201782,11,0,1,1,2018,6,21,6,3,5,3,0,1,1,0,0,0,0,0,798729.8663,5829565.3379
205782,13.43769043174951,52.45091986144282,201783,201783,11,0,8,8,2018,6,14,3,3,6,7,0,0,1,1,0,0,0,0,801501.8483,5820457.9404
205783,13.489291160059226,52.5424235285889,201784,201784,11,0,11,11,2018,6,16,2,3,5,2,0,1,1,0,0,0,0,0,804372.3614,5830844.8541
205784,13.313163256847654,52.50140605829018,201785,201785,11,0,4,4,2018,6,14,3,3,2,6,0,0,1,0,0,0,0,0,792709.8453,5825556.5103
205785,13.28512850500176,52.47970883655067,201786,201786,11,0,4,4,2018,6,15,6,2,5,3,0,1,1,0,0,0,0,0,790951.5568,5823031.4128
205786,13.418175999150874,52.49973570250735,201787,201787,11,0,2,2,2018,6,13,3,3,0,5,0,1,1,0,0,0,0,0,799844.2164,5825802.2852
205787,13.490585106869187,52.54310917626852,201788,201788,11,0,11,11,2018,6,15,6,3,3,6,0,0,1,0,1,0,0,0,804455.2927,5830926.5253
205788,13.579226485209002,52.49995864868378,201789,201789,11,0,10,10,2018,6,16,2,3,5,3,0,0,1,0,1,0,0,0,810766.5627,5826508.9382
205789,13.441241879004462,52.55156839621456,201790,201790,11,0,3,3,2018,6,12,3,2,6,4,0,0,1,1,0,0,0,0,801053.6803,5831659.4296
205790,13.397437564366916,52.532492365022314,201791,201791,11,0,1,1,2018,6,15,6,3,0,6,0,1,0,0,0,0,1,0,798215.3263,5829357.0784
205791,13.434980578355018,52.46115412060796,201792,201792,11,0,8,8,2018,6,14,3,3,3,6,0,0,1,0,1,0,0,0,801247.8808,5821584.1135
205792,13.575495020961005,52.4474834827563,201793,201793,11,0,9,9,2018,6,13,6,3,5,3,0,1,1,0,0,0,0,0,810883.6217,5820660.7685
205793,13.437057071863494,52.51041105555133,201794,201794,11,0,2,2,2018,6,15,3,3,5,2,0,0,1,1,1,0,0,0,801051.8871,5827067.4807
205794,13.38226564354725,52.55291876952628,201795,201795,11,0,1,1,2018,6,14,6,3,1,5,0,1,1,0,0,0,0,0,797048.8428,5831564.7783
205795,13.37397192792368,52.50362004851432,201796,201796,11,0,2,2,2018,6,16,3,3,3,6,0,0,1,0,1,0,0,0,796819.582,5826051.147000001
205796,13.325645167159115,52.50570458837861,201797,201797,11,0,4,4,2018,6,16,2,3,8,1,0,1,0,0,0,0,0,0,793527.8309999999,5826085.0278
205797,13.259111597456073,52.5218998560281,201798,201798,11,0,4,4,2018,6,13,6,3,3,6,0,0,1,0,0,1,0,0,788908.8233,5827616.4433
205798,13.31323146053728,52.501911145098966,201799,201799,11,0,4,4,2018,6,16,3,3,5,5,0,1,1,0,0,0,0,0,792711.1123,5825612.9278
205799,13.262338557060744,52.50732221613728,201800,201800,11,0,4,4,2018,6,12,6,3,2,6,0,0,1,0,1,0,0,0,789223.44,5826009.036
205800,13.319427671956198,52.50155687711201,201801,201801,11,0,4,4,2018,6,16,2,3,5,7,0,0,1,0,0,0,0,0,793133.7619,5825598.7185
205801,13.427229491875462,52.56328373323722,201802,201802,11,0,3,3,2018,6,17,3,3,2,2,0,0,1,0,0,0,0,0,800024.2890000001,5832903.1031
205802,13.353983422010256,52.442336225942405,201803,201803,11,0,6,6,2018,6,13,6,3,0,6,0,0,1,0,1,0,0,0,795875.1383,5819157.437999999
205803,13.313637788303227,52.500631326985776,201804,201804,11,0,4,4,2018,6,16,3,3,0,6,0,0,1,0,0,0,1,0,792747.1865,5825472.3246
205804,13.389217073117086,52.46573503060554,201805,201805,11,0,7,7,2018,6,15,6,2,3,6,0,1,0,0,1,0,0,0,798109.9659999999,5821903.181
205805,13.390189775194948,52.53542344110082,201806,201806,11,0,1,1,2018,6,16,2,3,5,2,0,1,1,0,0,0,0,0,797704.2115,5829652.9012
205806,13.403421237084535,52.44809042870604,201807,201807,11,0,7,7,2018,6,14,6,3,6,7,0,0,1,1,0,0,0,0,799193.9472,5820000.8267
205807,13.18539586051261,52.43116391359128,201808,201808,11,0,6,6,2018,6,17,3,3,5,2,0,1,1,0,0,0,0,0,784496.1589,5817237.8527
205808,13.295609102709193,52.506096575648115,201809,201809,11,0,4,4,2018,6,16,6,2,0,1,0,0,0,0,1,0,0,0,791488.0557,5826006.7634
205809,13.49117813509392,52.468992575200545,201810,201810,11,0,9,9,2018,6,17,3,3,5,2,0,1,0,0,0,1,0,0,805008.8506,5822691.4384
205810,13.550107525205664,52.542829810217285,201811,201811,11,0,10,10,2018,6,21,6,2,5,2,1,0,1,0,0,0,0,0,808490.5867,5831148.6012
205811,13.57277226865736,52.52797080087074,201812,201812,11,0,10,10,2018,6,17,3,3,5,3,0,1,1,0,0,0,0,0,810131.21,5829594.4246
205812,13.608065250793748,52.45314780427067,201813,201813,11,0,9,9,2018,6,18,6,3,2,6,0,0,1,0,0,0,1,0,813055.1619,5821431.1225
205813,13.489778029875236,52.501754467031404,201814,201814,11,0,11,11,2018,6,14,2,3,2,6,0,0,1,0,0,0,0,0,804687.0227,5826326.7939
205814,13.424104231442426,52.48625293595151,201815,201815,11,0,8,8,2018,6,17,6,3,0,4,0,0,1,1,1,0,0,0,800338.3094,5824328.3923
205815,13.379368325227675,52.54016323869583,201816,201816,11,0,1,1,2018,6,18,3,2,5,3,0,1,1,0,0,0,0,0,796938.7441,5830135.0827
205816,13.353274483266144,52.44149239070176,201817,201817,11,0,6,6,2018,6,15,6,3,0,6,0,0,1,0,1,0,1,0,795832.6463,5819060.7408
205817,13.217415326956425,52.611291808882335,201818,201818,11,0,12,12,2018,6,16,6,3,5,3,0,0,1,0,0,0,0,0,785499.9486,5837386.5244
205818,13.306821212027204,52.500033310898075,201819,201819,11,0,4,4,2018,6,12,3,3,5,2,0,1,0,0,0,0,1,0,792288.7741,5825378.206
205819,13.195531983054645,52.52917004870589,201820,201820,11,0,5,5,2018,6,16,6,3,0,2,0,0,1,0,0,0,1,0,784550.995,5828171.701
205820,13.305064226807401,52.417907724569176,201821,201821,11,0,6,6,2018,6,15,6,3,0,3,0,1,0,0,0,0,1,0,792714.4653,5816242.7832
205821,13.541140776499898,52.42102068176937,201822,201822,11,0,9,9,2018,6,11,3,3,1,7,0,1,1,0,0,0,0,0,808735.8384,5817572.2039
205822,13.229789895777982,52.44249147460854,201823,201823,11,0,6,6,2018,6,14,6,3,5,3,0,0,1,0,0,0,0,0,787438.5601,5818672.8298
205823,13.34609540892522,52.43506498499837,201824,201824,11,0,6,6,2018,6,14,6,3,1,1,0,0,1,0,1,0,0,0,795388.0629,5818316.9399
205824,13.396671657162402,52.49585066216782,201825,201825,11,0,2,2,2018,6,11,3,2,3,6,0,1,1,0,0,0,0,0,798411.8868,5825281.2775
205825,13.348116713535884,52.41952375212791,201826,201826,11,0,6,6,2018,6,17,6,3,5,3,0,0,1,0,0,0,0,0,795629.4751,5816597.8268
205826,13.227687753571512,52.55878218490228,201827,201827,11,0,5,5,2018,6,11,3,3,3,2,0,0,1,0,0,1,0,0,786537.7008,5831590.6152
205827,13.426514193957427,52.48100966486554,201828,201828,11,0,8,8,2018,6,16,6,3,6,4,0,0,1,1,0,0,0,0,800537.6125,5823755.6613
205828,13.45777609135922,52.52903194273857,201829,201829,11,0,3,3,2018,6,14,2,3,5,2,0,1,1,0,0,0,0,0,802328.8842,5829223.8127
205829,13.458425256204338,52.55762591733608,201830,201830,11,0,3,3,2018,6,19,6,3,5,3,0,0,1,0,0,0,0,0,802176.1793,5832404.6205
205830,13.319429279940536,52.50156824263997,201831,201831,11,0,4,4,2018,6,11,3,3,5,3,0,0,1,0,0,0,0,0,793133.7953,5825599.9883
205831,13.426225675749428,52.52304224296515,201832,201832,11,0,1,1,2018,6,15,6,3,0,1,0,0,0,0,1,0,0,0,800231.1290000001,5828426.2214
205832,13.409986283284374,52.52400408620085,201833,201833,11,0,1,1,2018,6,7,6,3,3,6,0,1,0,0,0,0,0,0,799123.635,5828465.6208
205833,13.461849296300853,52.558780927168904,201834,201834,11,0,3,3,2018,6,13,6,3,0,6,0,0,1,0,1,0,0,0,802400.1723,5832547.359
205834,13.29446198732904,52.576461763811814,201835,201835,11,0,12,12,2018,6,10,3,3,6,4,0,0,1,1,0,0,0,0,790944.0421,5833823.3325
205835,13.314478412881488,52.51067868736425,201836,201836,11,0,4,4,2018,6,13,6,3,5,2,0,1,1,0,0,0,0,0,792737.3592,5826592.5071
205836,13.413642315099633,52.5073624150941,201837,201837,11,0,1,1,2018,6,10,3,3,3,6,0,0,1,0,1,0,0,0,799484.7804,5826631.1282
205837,13.19781414135586,52.52079364187613,201838,201838,11,0,5,5,2018,6,13,2,2,6,4,0,0,1,1,0,0,0,0,784759.9393,5827249.6302
205838,13.382287390861983,52.50445802306729,201839,201839,11,0,2,2,2018,6,10,3,3,5,2,0,0,1,0,0,0,0,0,797377.9240000001,5826178.546
205839,13.365701166950574,52.55212321149048,201840,201840,11,0,1,1,2018,6,12,6,3,5,3,0,1,1,0,0,0,0,0,795931.9602,5831408.2034
205840,13.430006038891593,52.52328828595504,201841,201841,11,0,2,2,2018,6,9,3,3,2,2,0,0,1,0,0,0,0,0,800485.7368,5828469.3187
205841,13.328824963414734,52.56588990387949,201842,201842,11,0,12,12,2018,6,12,6,3,5,7,0,1,0,0,0,0,0,0,793341.5653,5832787.5896
205842,13.35053128620492,52.50380345359858,201843,201843,11,0,1,1,2018,6,13,2,3,3,6,0,0,1,0,0,0,1,0,795228.4564,5825975.3075
205843,13.230794651541776,52.5732164229566,201844,201844,11,0,12,12,2018,6,7,3,2,1,5,0,1,1,0,0,0,0,0,786653.9295,5833207.3999
205844,13.448903537299174,52.6181119020122,201845,201845,11,0,3,3,2018,6,12,6,2,0,7,0,0,1,0,0,0,0,0,801115.7082,5839087.5067
205845,13.35629704560094,52.59468475106248,201846,201846,11,0,12,12,2018,6,8,3,3,1,5,0,1,1,0,0,0,0,0,795008.6281,5836100.3221
205846,13.420276514508364,52.60622926940303,201847,201847,11,0,3,3,2018,6,12,6,3,2,2,0,0,1,0,0,0,1,0,799260.2779999999,5837647.4452
205847,13.485744472976966,52.61596974989853,201848,201848,11,0,3,3,2018,6,12,6,3,1,5,0,0,1,0,1,0,0,0,803622.7209999999,5839004.135
205848,13.32800194851098,52.47871348457117,201849,201849,11,0,4,4,2018,6,13,3,2,0,1,0,0,0,0,1,0,0,0,793867.7906,5823094.5639
205849,13.342541195757509,52.524224983767404,201850,201850,11,0,1,1,2018,6,12,6,2,5,2,0,1,1,0,0,0,0,0,794549.7433,5828212.4705
205850,13.396960598476904,52.523939469517366,201851,201851,11,0,1,1,2018,6,12,3,3,0,1,0,0,0,0,1,0,0,0,798241.0107,5828404.4717
205851,13.590996564201125,52.51410197172675,201852,201852,11,0,10,10,2018,6,8,3,3,0,1,0,0,0,0,1,0,0,0,811464.7396,5828131.6157
205852,13.435156974239135,52.50836477724303,201853,201853,11,0,2,2,2018,6,11,6,3,2,6,0,0,1,0,0,0,0,0,800937.0306,5826832.1133
205853,13.45209847915046,52.52749761317894,201854,201854,11,0,2,2,2018,6,18,3,3,2,6,0,0,1,0,0,0,0,0,801954.5657,5829029.4815
205854,13.228213280589115,52.537957890826085,201855,201855,11,0,5,5,2018,6,8,3,3,2,6,0,0,1,0,0,0,1,0,786709.1554,5829277.9971
205855,13.377146023470493,52.45361963787379,201856,201856,11,0,7,7,2018,6,11,6,3,5,2,0,1,1,0,0,0,0,0,797372.26,5820506.7737
205856,13.37582226337286,52.59722459588316,201857,201857,11,0,3,3,2018,6,7,3,3,0,1,0,0,0,0,1,0,0,0,796313.042,5836462.776000001
205857,13.379250937877936,52.472506314557684,201858,201858,11,0,7,7,2018,6,10,6,3,5,3,0,1,1,0,0,0,0,0,797387.713,5822614.6616
205858,13.345191906768624,52.48762638599858,201859,201859,11,0,7,7,2018,6,9,6,3,1,1,0,0,1,0,0,0,0,0,794974.6904,5824155.3917
205859,13.461610992120605,52.421717418435364,201860,201860,11,0,8,8,2018,6,7,3,3,5,3,0,1,1,0,0,0,0,0,803326.9419,5817312.4708
205860,13.393192117351012,52.56445994333226,201861,201861,11,0,1,1,2018,6,7,3,2,6,4,0,0,1,1,0,0,0,0,797710.8594,5832892.6514
205861,13.528963508257444,52.5564722468573,201862,201862,11,0,10,10,2018,6,6,3,3,0,2,0,1,1,0,0,0,0,0,806962.4877,5832574.5556
205862,13.373231931725247,52.53803430959857,201863,201863,11,0,1,1,2018,6,9,6,3,5,2,0,1,1,0,0,0,0,0,796537.2475,5829873.1925
205863,13.371231766269815,52.51113110697797,201864,201864,11,0,1,1,2018,6,6,3,3,5,2,0,1,1,0,0,0,0,0,796583.0934,5826874.7139
205864,13.543872096036393,52.436368810342294,201865,201865,11,0,9,9,2018,6,6,3,2,8,1,0,1,0,0,0,0,0,0,808813.9827,5819289.6964
205865,13.266619168628425,52.43066227944513,201866,201866,11,0,6,6,2018,6,9,6,3,5,2,0,1,0,0,0,1,0,0,790017.8903,5817505.3017
205866,13.502371095025008,52.48353115587358,201867,201867,11,0,11,11,2018,6,18,3,1,5,2,0,1,0,0,0,0,1,0,805667.6788,5824354.6836
205867,13.265613925079437,52.416828615190106,201868,201868,11,0,6,6,2018,6,16,2,3,5,2,0,1,1,0,0,0,0,0,790040.4878,5815963.6278
205868,13.395253251464784,52.53912362954289,201869,201869,11,0,1,1,2018,6,8,6,3,2,6,0,0,1,0,0,0,0,0,798022.305,5830085.0937
205869,13.346022065973832,52.54488159635882,201870,201870,11,0,1,1,2018,6,15,2,2,3,6,0,0,1,0,1,0,0,0,794647.2320000001,5830522.672
205870,13.555705950023821,52.5485151250977,201871,201871,11,0,10,10,2018,6,7,6,3,5,3,0,0,1,0,0,0,0,0,808829.9745,5831804.4548
205871,13.509423112550463,52.50208961120242,201872,201872,11,0,11,11,2018,6,7,6,2,0,6,0,1,0,0,0,0,1,0,806017.14,5826447.2336
205872,13.341032673765495,52.58831254352921,201873,201873,11,0,12,12,2018,6,13,2,3,2,6,0,0,1,0,0,0,0,0,794018.1526,5835329.6382
205873,13.568895506403734,52.41834424435441,201874,201874,11,0,9,9,2018,6,15,6,3,3,6,0,0,1,0,1,0,0,0,810640.595,5817393.8184
205874,13.394393137936428,52.49137557935597,201875,201875,11,0,2,2,2018,6,18,2,3,5,2,0,1,0,0,0,1,0,0,798287.6396,5824774.4581
205875,13.615254309010744,52.496117685880314,201876,201876,11,0,10,10,2018,6,6,6,3,5,3,0,0,1,0,1,0,0,0,813237.5393,5826237.9473
205876,13.31196153827126,52.5680153285027,201877,201877,11,0,12,12,2018,6,8,2,3,5,2,0,1,1,0,0,0,0,0,792185.2419,5832955.3141
205877,13.5147543703183,52.632808805494136,201878,201878,11,0,3,3,2018,6,6,6,3,5,3,0,0,1,0,0,0,0,0,805467.7833,5840998.4209
205878,13.43705596513907,52.51040951213201,201879,201879,11,0,2,2,2018,6,12,6,3,2,7,0,1,1,0,0,0,0,0,801051.8226,5827067.3045
205879,13.314810173292331,52.51229341875514,201880,201880,11,0,4,4,2018,6,7,6,3,5,2,0,1,1,0,0,0,0,0,792749.113,5826773.3324
205880,13.319467940735418,52.58765767290076,201881,201881,11,0,12,12,2018,6,20,2,2,0,2,0,0,1,0,1,0,0,0,792562.6690000001,5835169.0458
205881,13.444445216510386,52.565248973022406,201882,201882,11,0,3,3,2018,6,7,6,3,5,2,0,1,1,0,0,0,0,0,801176.8707,5833193.3574
205882,13.353776889444985,52.562496093468475,201883,201883,11,0,12,12,2018,6,22,2,2,1,1,2,0,1,0,0,0,0,0,795054.3795,5832512.2448
205883,13.33232595589341,52.50629917883226,201884,201884,11,0,4,4,2018,6,6,6,2,5,2,0,1,1,0,0,0,0,0,793976.9763,5826178.3312
205884,13.329845631935484,52.539195420700906,201885,201885,11,0,1,1,2018,6,22,2,3,0,1,2,0,0,0,1,0,0,0,793589.0507,5829824.6438
205885,13.586261570389668,52.54590732563329,201886,201886,11,0,10,10,2018,6,0,6,2,9,1,2,0,0,0,1,0,0,0,810918.6343,5831646.0171
205886,13.338837352907865,52.444370799218596,201887,201887,11,0,6,6,2018,6,18,5,3,5,2,0,0,1,0,0,0,0,0,794832.7927,5819321.5946
205887,13.289661858472972,52.494983683801365,201888,201888,11,0,4,4,2018,6,21,2,3,6,4,1,0,1,1,0,0,0,0,791158.1952,5824747.5265
205888,13.342193826220296,52.52326260972975,201889,201889,11,0,1,1,2018,6,23,5,3,2,7,2,1,0,0,0,0,0,0,794532.6392,5828104.0838
205889,13.40399514646504,52.463467060294164,201890,201890,11,0,7,7,2018,6,14,6,3,5,2,0,0,1,0,1,0,0,0,799128.5582,5821712.2686
205890,13.173697697048855,52.52283354284666,201891,201891,11,0,5,5,2018,6,20,2,3,0,1,0,0,0,0,1,0,0,0,783111.6176,5827381.4082
205891,13.374324713403759,52.52796975484732,201892,201892,11,0,1,1,2018,6,18,5,3,5,3,0,1,1,0,0,0,0,0,796679.2277,5828759.0288
205892,13.149024598201322,52.532736659436395,201893,201893,11,0,5,5,2018,6,20,2,3,1,5,0,1,1,0,0,0,0,0,781375.3723,5828385.6166
205893,13.51317372708368,52.48829630516351,201894,201894,11,0,11,11,2018,6,8,5,3,3,6,0,1,0,0,0,0,0,0,806367.5215,5824930.1319
205894,13.206080435007069,52.5430427072449,201895,201895,11,0,5,5,2018,6,20,2,3,6,4,0,0,1,1,0,0,0,0,785176.0691,5829755.4009
205895,13.365137219886543,52.493783400952005,201896,201896,11,0,7,7,2018,6,11,5,3,0,6,0,0,1,0,0,0,1,0,796286.5676,5824921.49
205896,13.319558669680795,52.610346810744865,201897,201897,11,0,12,12,2018,6,6,6,3,5,2,0,0,1,0,0,0,0,0,792417.4842,5837691.3379
205897,13.330253287411413,52.51320703827669,201898,201898,11,0,4,4,2018,6,16,3,3,5,2,0,0,1,0,1,0,0,0,793790.2702,5826937.6921
205898,13.2057172048152,52.53719272374561,201899,201899,11,0,5,5,2018,6,16,3,3,6,7,0,1,0,1,0,0,0,0,785189.4096,5829103.7092
205899,13.3112805919297,52.47964430901325,201900,201900,11,0,4,4,2018,6,12,6,3,5,5,0,1,0,0,0,0,1,1,792726.7940000001,5823130.0398
205900,13.338746193669444,52.50323934738642,201901,201901,11,0,4,4,2018,6,16,3,3,3,6,0,1,1,0,0,0,0,0,794432.8883,5825864.4249
205901,13.327262361045994,52.56329139135308,201902,201902,11,0,12,12,2018,6,11,6,3,2,6,0,0,1,0,0,0,1,1,793253.0827,5832492.4031
205902,13.31543092532332,52.57793648634608,201903,201903,11,0,12,12,2018,6,10,6,3,5,2,0,0,1,0,0,0,0,1,792354.1331,5834072.1361
205903,13.43331339771415,52.50517927983307,201904,201904,11,0,2,2,2018,6,16,3,3,5,2,0,0,1,0,1,0,0,0,800833.7838,5826470.3653
205904,13.516128331867256,52.48219542230749,201905,201905,11,0,11,11,2018,6,10,6,3,5,3,0,0,1,0,0,0,0,0,806610.4626,5824264.6196
205905,13.264764044260485,52.4410365236706,201906,201906,11,0,6,6,2018,6,16,3,3,5,3,0,1,1,0,0,0,0,0,789823.6883,5818650.9668
205906,13.361834310419578,52.497737195530576,201907,201907,11,0,7,7,2018,6,13,1,2,5,3,0,0,1,1,0,0,1,1,796035.901,5825347.3853
205907,13.379594620729227,52.493863544107285,201908,201908,11,0,2,2,2018,6,10,6,3,5,3,0,0,0,0,1,0,1,0,797266.8367,5824989.8894
205908,13.426283962936628,52.49335693349463,201909,201909,11,0,8,8,2018,6,16,3,3,4,6,0,1,1,0,0,0,0,0,800437.7252,5825127.0529
205909,13.317274905191873,52.512192133008654,201910,201910,11,0,4,4,2018,6,8,6,3,5,3,0,0,1,0,1,0,0,0,792916.931,5826772.084
205910,13.304670175418119,52.49947938598607,201911,201911,11,0,4,4,2018,6,8,6,3,3,6,0,0,1,0,0,0,1,0,792146.5390000001,5825307.921
205911,13.320069483192409,52.48354906949774,201912,201912,11,0,4,4,2018,6,16,3,3,5,2,0,1,1,0,0,0,0,0,793297.2433,5823599.7552
205912,13.278887722771726,52.4308409086769,201913,201913,11,0,6,6,2018,6,8,6,3,5,2,0,1,1,0,0,0,0,0,790850.2534,5817574.5175
205913,13.519893551210355,52.49893792225221,201914,201914,11,0,11,11,2018,6,8,6,3,6,7,0,0,1,1,0,0,0,0,806749.2677,5826141.4346
205914,13.34912027184545,52.54189525911042,201915,201915,11,0,1,1,2018,6,16,3,3,0,6,0,0,0,0,1,0,1,0,794877.2149,5830203.4124
205915,13.337773170893042,52.52521048185958,201916,201916,11,0,1,1,2018,6,8,6,3,5,2,0,1,1,0,0,0,0,0,794219.9005,5828302.5387
205916,13.491360162516573,52.46914363653558,201917,201917,11,0,9,9,2018,6,16,3,2,5,2,0,0,1,0,0,0,0,0,805020.1602,5822708.9975
205917,13.353957341222625,52.44219324084554,201918,201918,11,0,6,6,2018,6,5,6,3,0,6,0,0,0,0,1,0,1,0,795874.3261,5819141.4385
205918,13.326659432488553,52.56253846176645,201919,201919,11,0,12,12,2018,6,22,6,3,5,2,2,0,1,0,0,0,0,0,793217.2709,5832406.2609
205919,13.453974822623772,52.52813915184153,201920,201920,11,0,3,3,2018,6,17,3,3,3,7,0,1,0,0,0,0,0,0,802077.35,5829108.6469
205920,13.289069421339727,52.58760809797155,201921,201921,11,0,12,12,2018,6,21,6,3,5,3,2,0,1,0,1,0,0,0,790505.0835,5835040.5086
205921,13.423523349338682,52.555122911396744,201922,201922,11,0,3,3,2018,6,19,7,2,5,2,0,0,1,0,1,0,0,0,799828.9747,5831980.6283
205922,13.394135366365647,52.42664854882479,201923,201923,11,0,7,7,2018,6,16,3,3,2,6,0,0,1,0,0,0,0,0,798708.498,5817579.168
205923,13.440417955005643,52.51585596172008,201924,201924,11,0,2,2,2018,6,12,1,3,5,3,0,1,1,0,0,0,0,1,801242.5117,5827686.697000001
205924,13.393763064986027,52.52858703768917,201925,201925,11,0,1,1,2018,6,17,7,3,5,3,0,1,0,0,0,0,1,0,797992.7361,5828907.8148
205925,13.625629446300463,52.45753942627901,201926,201926,11,0,9,9,2018,6,21,6,3,5,3,1,0,1,0,0,0,0,0,814216.4302,5821995.5551
205926,13.547941809226543,52.52612822694884,201927,201927,11,0,10,10,2018,6,17,3,3,5,2,0,1,1,0,0,0,0,0,808461.0301,5829283.0917
205927,13.307067486958966,52.500072633344004,201928,201928,11,0,4,4,2018,6,21,6,3,5,2,2,0,1,0,0,0,0,0,792305.2186,5825383.5749
205928,13.378420903538562,52.55618702308695,201929,201929,11,0,1,1,2018,6,9,6,2,3,6,0,0,0,0,1,1,0,0,796766.2801,5831912.1987
205929,13.352164242830074,52.505519302063405,201930,201930,11,0,1,1,2018,6,14,3,3,5,2,0,0,1,0,0,0,0,0,795327.698,5826172.7091
205930,13.30134621033922,52.57988557845861,201931,201931,11,0,12,12,2018,6,9,6,2,6,4,0,0,0,1,0,0,1,1,791387.4768,5834231.7183
205931,13.285374889528,52.59512196775776,201932,201932,11,0,12,12,2018,6,9,2,3,2,6,0,0,1,0,1,0,0,0,790205.2582,5835860.8003
205932,13.452432575181062,52.550283143838385,201933,201933,11,0,3,3,2018,6,21,6,3,1,5,0,1,1,0,0,0,0,0,801820.6837,5831563.3895
205933,13.578665919403713,52.45780312513361,201934,201934,11,0,9,9,2018,6,14,3,2,6,4,0,0,0,1,1,0,0,0,811026.1279,5821821.3581
205934,13.391540277240276,52.544145230164254,201935,201935,11,0,1,1,2018,6,19,6,2,3,6,0,0,1,0,1,0,0,0,797736.6486,5830627.8881
205935,13.422068529532686,52.493203068504975,201936,201936,11,0,2,2,2018,6,13,3,3,2,6,0,1,1,0,0,0,0,0,800152.7958,5825092.3989
205936,13.380539257640978,52.50581746784711,201937,201937,11,0,2,2,2018,6,12,3,3,6,4,0,0,1,1,0,0,0,0,797250.1738,5826322.4379
205937,13.575495958802176,52.44748344607295,201938,201938,11,0,9,9,2018,6,18,6,3,5,3,0,1,1,0,0,0,0,0,810883.6856,5820660.7685
205938,13.264240343517814,52.50905076924632,201939,201939,11,0,4,4,2018,6,12,3,2,6,4,0,0,1,1,0,0,0,0,789341.058,5826208.7981
205939,13.401603220324324,52.52354363232104,201940,201940,11,0,1,1,2018,6,12,3,3,5,3,0,1,0,0,0,0,0,0,798558.4409,5828379.6921
205940,13.279210114652473,52.503189324865886,201941,201941,11,0,4,4,2018,6,18,6,2,3,6,0,0,1,0,1,0,0,0,790394.9892,5825617.4576
205941,13.441142715776868,52.566368802701,201942,201942,11,0,3,3,2018,6,18,6,3,2,6,0,0,1,0,1,0,0,0,800945.5188,5833304.0223
205942,13.503905435496597,52.552671294884775,201943,201943,11,0,11,11,2018,6,12,3,3,5,3,0,0,1,0,1,0,0,0,805291.4485,5832045.6483
205943,13.421469154710493,52.49812377353364,201944,201944,11,0,2,2,2018,6,18,6,3,5,2,0,1,1,0,0,0,0,0,800078.585,5825636.823
205944,13.359550958257351,52.544110479344205,201945,201945,11,0,1,1,2018,6,12,3,3,5,3,0,0,1,0,0,0,1,0,795569.1754,5830492.3573
205945,13.456222498194473,52.473780156314525,201946,201946,11,0,8,8,2018,6,10,1,3,2,6,0,0,1,0,0,0,0,1,802603.2690000001,5823076.336
205946,13.517798279319189,52.4615922093842,201947,201947,11,0,9,9,2018,6,11,3,3,5,2,0,0,1,0,0,0,0,0,806867.2697,5821981.8299