,X,Y,OBJECTID_1,OBJECTID,ULAND,UREGBEZ,UKREIS,UGEMEINDE,UJAHR,UMONAT,USTUNDE,UWOCHENTAG,UKATEGORIE,UART,UTYP1,ULICHTVERH,IstRad,IstPKW,IstFuss,IstKrad,IstGkfz,IstSonstig,STRZUSTAND,LINREFX,LINREFY
205947,13.343188484021988,52.52904997445311,201948,201948,11,0,1,1,2018,6,16,6,2,6,4,0,1,0,1,0,0,0,0,794561.3006,5828751.4113
205948,13.343241274417984,52.44651933792799,201949,201949,11,0,6,6,2018,6,11,3,3,0,5,0,0,1,0,1,0,0,0,795117.5215,5819578.4026
205949,13.395846434199711,52.49902560886036,201950,201950,11,0,2,2,2018,6,11,3,3,5,3,0,1,1,0,0,0,0,0,798334.3846,5825630.7502
205950,13.349454548437402,52.515087397888784,201951,201951,11,0,1,1,2018,6,16,6,3,3,6,0,0,1,0,1,0,0,0,795079.735,5827225.102000001
205951,13.443496239837527,52.50026611702764,201952,201952,11,0,2,2,2018,6,11,3,3,1,5,0,1,1,0,0,0,0,0,801558.0743,5825966.821
205952,13.403877548011208,52.54047695092244,201953,201953,11,0,3,3,2018,6,1,6,3,9,1,2,1,0,0,0,0,0,0,798597.5839,5830271.2065
205953,13.367565684103134,52.50444640292878,201954,201954,11,0,1,1,2018,6,10,3,3,1,5,0,0,1,0,0,0,1,0,796379.5049,5826116.6457
205954,13.140088155059967,52.52947614267699,201955,201955,11,0,5,5,2018,6,7,6,3,0,1,0,1,0,0,0,0,0,0,780790.4245,5827988.3461
205955,13.184240477936902,52.54755020454733,201956,201956,11,0,5,5,2018,6,9,3,3,2,6,0,0,1,0,0,0,0,0,783666.8911,5830170.2553
205956,13.353330479749381,52.483012965646076,201957,201957,11,0,7,7,2018,6,15,1,3,5,2,0,0,1,0,0,0,0,1,795557.8678,5823675.9295
205957,13.48716233249892,52.46565382207334,201958,201958,11,0,9,9,2018,6,13,6,3,6,4,0,0,1,1,0,0,0,0,804759.3636,5822303.3861
205958,13.326630600161181,52.45971196485221,201959,201959,11,0,6,6,2018,6,10,3,3,5,5,0,1,1,0,0,0,0,0,793901.4417,5820976.9631
205959,13.376672066936694,52.46127625723877,201960,201960,11,0,7,7,2018,6,16,6,3,3,6,0,0,0,0,1,1,0,1,797288.432,5821355.837
205960,13.356992439547215,52.48841737585969,201961,201961,11,0,7,7,2018,6,9,3,3,1,5,0,1,1,0,0,0,0,0,795770.0598,5824291.634
205961,13.474206185379302,52.50417504877363,201962,201962,11,0,11,11,2018,6,18,1,3,1,5,0,0,1,0,0,0,0,1,803614.1375,5826530.1447
205962,13.460187934946413,52.431899565538686,201963,201963,11,0,8,8,2018,6,8,3,3,5,2,0,0,1,0,0,0,0,0,803160.2796,5818438.1799
205963,13.46875524506617,52.49976409343685,201964,201964,11,0,2,2,2018,6,16,6,3,0,1,0,0,0,0,1,0,0,0,803274.8367,5826016.9532
205964,13.403175174155185,52.51013248634342,201965,201965,11,0,1,1,2018,6,8,3,3,0,5,0,1,1,0,0,0,1,0,798756.0927,5826895.5915
205965,13.365087118148232,52.47867964710042,201966,201966,11,0,7,7,2018,6,17,7,3,4,6,0,0,1,0,0,0,0,1,796384.8143,5823242.525
205966,13.284256226487846,52.48527556890846,201967,201967,11,0,4,4,2018,6,8,3,3,5,3,0,1,1,0,0,0,0,0,790855.5935,5823646.6459
205967,13.419577479690249,52.55334860648366,201968,201968,11,0,3,3,2018,6,15,6,3,2,6,0,0,1,0,0,0,0,0,799573.7615,5831767.0091
205968,13.283940736363428,52.478662842704466,201969,201969,11,0,4,4,2018,6,8,3,3,2,6,0,0,1,0,0,0,0,0,790877.8562,5822910.3592
205969,13.294912926330307,52.4961405422529,201970,201970,11,0,4,4,2018,6,14,6,3,6,7,0,0,1,1,0,0,0,0,791506.7741,5824897.3238
205970,13.341093492405186,52.48519745331119,201971,201971,11,0,7,7,2018,6,14,6,3,1,5,0,1,1,0,0,0,0,0,794712.8627,5823868.6645
205971,13.418215099221941,52.53663382986802,201972,201972,11,0,3,3,2018,6,8,3,3,5,3,0,1,1,0,0,0,0,0,799595.4127,5829903.5513
205972,13.331539448522827,52.46805887067863,201973,201973,11,0,7,7,2018,6,13,6,3,1,5,0,1,1,0,0,0,0,1,794179.0045,5821924.7238
205973,13.391281827441453,52.50194391696365,201974,201974,11,0,2,2,2018,6,18,7,2,6,4,0,0,1,1,0,0,0,0,798004.9929,5825936.2395
205974,13.443576172829824,52.46428462653162,201975,201975,11,0,8,8,2018,6,8,3,3,5,7,0,1,1,0,0,0,0,0,801809.997,5821967.9785
205975,13.308232801308488,52.487667892823495,201976,201976,11,0,4,4,2018,6,11,1,3,6,2,0,0,1,1,0,0,0,1,792466.666,5824009.503
205976,13.295175555990125,52.50419762427314,201977,201977,11,0,4,4,2018,6,17,7,3,5,3,0,0,1,0,0,0,0,0,791471.2284,5825793.9401
205977,13.375552470546957,52.487752820350934,201978,201978,11,0,2,2,2018,6,7,3,3,2,6,0,1,1,0,0,0,0,0,797033.8381,5824294.0409
205978,13.334585058932856,52.49608491787616,201979,201979,11,0,4,4,2018,6,13,6,3,5,7,0,1,1,0,0,0,0,0,794198.4679,5825052.2306
205979,13.519752840900875,52.525825395979844,201980,201980,11,0,10,10,2018,6,19,7,3,5,2,0,0,1,0,1,0,0,1,806552.2818,5829129.1796
205980,13.352121764195228,52.49783031785302,201981,201981,11,0,7,7,2018,6,7,3,3,1,5,0,1,1,0,0,0,0,0,795376.4192,5825317.9115
205981,13.571482287909351,52.43530470423753,201982,201982,11,0,9,9,2018,6,13,6,3,5,3,0,0,0,0,0,0,1,0,810696.9191,5819289.9377
205982,13.290973844352148,52.50665212750378,201983,201983,11,0,4,4,2018,6,7,3,3,2,6,0,0,1,0,1,0,0,0,791169.9968,5826049.7878
205983,13.157868393595862,52.54308089364736,201984,201984,11,0,5,5,2018,6,13,6,2,5,2,0,0,1,0,1,0,0,1,781908.5108,5829570.0009
205984,13.339197401267011,52.55413930691865,201985,201985,11,0,1,1,2018,6,13,6,3,5,3,0,0,1,0,0,0,0,0,794122.7864,5831523.7881
205985,13.349090590610121,52.47020521688077,201986,201986,11,0,7,7,2018,6,7,3,3,5,3,0,1,1,0,0,0,0,0,795356.0213,5822234.9968
205986,13.373330941340908,52.42308098798525,201987,201987,11,0,7,7,2018,6,15,5,3,5,3,0,1,0,0,0,0,1,0,797318.9791,5817096.7556
205987,13.319361109488568,52.50151011184893,201988,201988,11,0,4,4,2018,6,14,5,3,5,3,0,1,1,0,0,0,0,1,793129.5584,5825593.25
205988,13.284902080142826,52.59577603766532,201989,201989,11,0,12,12,2018,6,6,3,3,0,6,0,0,1,0,1,0,0,1,790168.9282,5835931.5969
205989,13.400542897471967,52.52173148223548,201990,201990,11,0,1,1,2018,6,15,5,3,0,5,0,1,0,0,0,0,1,0,798498.8574,5828173.8857
205990,13.437951318677692,52.49535193365343,201991,201991,11,0,2,2,2018,6,18,7,3,4,6,0,0,1,0,0,0,0,0,801215.5939,5825397.4572
205991,13.38620969051397,52.55850617409924,201992,201992,11,0,1,1,2018,6,22,3,3,6,4,2,1,0,1,0,0,0,0,797278.2307,5832202.073
205992,13.228400998839113,52.50680380808871,201993,201993,11,0,4,4,2018,6,23,7,3,5,3,2,0,1,0,0,0,1,1,786925.0587,5825815.8439
205993,13.472064842490466,52.46529072642056,201994,201994,11,0,8,8,2018,6,23,5,3,6,4,2,0,1,1,0,0,0,0,803737.0139,5822199.3602
205994,13.36558481625665,52.503113630692,201995,201995,11,0,1,1,2018,6,21,3,3,5,2,1,1,1,0,0,0,0,0,796254.1249,5825960.3704
205995,13.429641490871186,52.521011444349654,201996,201996,11,0,2,2,2018,6,21,5,3,0,1,1,1,0,0,0,0,0,0,800476.5799,5828214.7369
205996,13.413084194508574,52.52523028212575,201997,201997,11,0,1,1,2018,6,20,5,3,5,3,1,1,1,0,0,0,0,0,799325.3067,5828614.7673
205997,13.359448005037606,52.49621655579478,201998,201998,11,0,7,7,2018,6,19,3,3,3,6,0,1,1,0,0,0,0,0,795884.2465,5825168.5753
205998,13.37418218580245,52.53747436205948,201999,201999,11,0,1,1,2018,6,20,5,3,6,4,0,0,1,1,0,0,0,0,796605.4279,5829814.865
205999,13.398606921135206,52.40338236753196,202000,202000,11,0,7,7,2018,6,8,2,3,5,3,0,0,1,0,0,0,0,1,799169.947,5815011.7238
206000,13.53950844240723,52.43465755771578,204001,204001,11,0,9,9,2018,8,17,4,3,5,2,0,1,1,0,0,0,0,0,808529.5465,5819080.8422
206001,13.194018305631255,52.525501165245075,204002,204002,11,0,5,5,2018,8,15,6,3,6,4,0,0,0,1,0,0,1,0,784472.1159,5827757.9120000005
206002,13.510615596445728,52.45709938129973,204003,204003,11,0,9,9,2018,8,17,1,3,1,5,0,1,1,0,0,0,0,0,806410.8887,5821451.9585
206003,13.302873604138695,52.580731763889005,204004,204004,11,0,12,12,2018,8,16,4,3,5,2,0,1,1,0,0,0,0,0,791485.276,5834331.9521
206004,13.421839604662294,52.53988511763497,204005,204005,11,0,3,3,2018,8,11,7,3,1,5,0,1,1,0,0,0,0,0,799818.8787,5830279.9927
206005,13.393887207666705,52.532186060375025,204006,204006,11,0,1,1,2018,8,16,4,3,0,1,0,1,0,0,0,0,0,0,797976.7559,5829308.3511
206006,13.335072242260884,52.464275768965386,204007,204007,11,0,6,6,2018,8,12,6,2,5,2,0,1,1,0,0,0,0,0,794444.0952,5821518.6447
206007,13.583287912338955,52.462839794569206,204008,204008,11,0,9,9,2018,8,16,4,3,2,6,0,0,1,0,0,0,0,0,811304.3419,5822401.0677
206008,13.438888937052118,52.49495934357395,204009,204009,11,0,2,2,2018,8,13,7,3,0,2,0,1,1,0,0,0,0,0,801281.8867,5825357.7391
206009,13.492892447642774,52.49116697714673,204010,204010,11,0,11,11,2018,8,16,4,3,3,6,0,1,0,0,0,0,0,0,804971.6154,5825163.227000001
206010,13.509727654906523,52.56185878929625,204011,204011,11,0,11,11,2018,8,16,6,3,5,3,0,0,1,0,0,0,0,0,805621.9418,5833091.46
206011,13.58197636663426,52.4610214001881,204012,204012,11,0,9,9,2018,8,16,4,2,0,6,0,0,1,0,0,0,1,0,811228.1516,5822193.312999999
206012,13.628426968080154,52.446688127419264,204013,204013,11,0,9,9,2018,8,15,4,3,5,2,0,1,1,0,0,0,0,0,814483.7663,5820801.7538
206013,13.411945247509296,52.54104237665347,204014,204014,11,0,3,3,2018,8,19,1,3,5,2,0,1,1,0,0,0,0,0,799140.4697,5830367.506
206014,13.363555981068954,52.606835503473185,204015,204015,11,0,12,12,2018,8,15,4,3,2,2,0,0,0,0,1,0,1,0,795418.0841,5837480.6282
206015,13.614227565183725,52.37648534767968,204016,204016,11,0,9,9,2018,8,8,5,3,5,3,0,1,0,0,0,0,1,0,814018.4968,5812937.757999999
206016,13.444827243051288,52.49860861438877,204017,204017,11,0,2,2,2018,8,15,4,3,2,6,0,1,0,0,1,0,0,0,801659.7168,5825788.1639
206017,13.345821581765351,52.493985169383926,204018,204018,11,0,7,7,2018,8,13,6,3,5,7,0,0,1,0,1,0,0,0,794974.808,5824864.741
206018,13.348076948711533,52.5486046662036,204019,204019,11,0,1,1,2018,8,18,6,2,5,3,0,1,0,0,0,0,0,0,794761.4989,5830944.8924
206019,13.466130926558074,52.4711303102571,204020,204020,11,0,8,8,2018,8,15,4,2,6,4,0,0,0,1,1,0,0,0,803293.9995,5822823.4312
206020,13.478092209263501,52.5580667800222,204021,204021,11,0,3,3,2018,8,15,4,3,5,3,0,1,0,0,0,0,0,0,803505.3794,5832536.2782
206021,13.385810011179442,52.55003141771774,204022,204022,11,0,1,1,2018,8,20,5,3,2,6,0,0,1,0,0,0,0,0,797308.5136,5831258.4702
206022,13.303840141078744,52.49936484909213,204023,204023,11,0,4,4,2018,8,15,4,3,5,2,0,1,1,0,0,0,0,0,792090.9944,5825291.8281
206023,13.220302726078645,52.431738191772155,204024,204024,11,0,6,6,2018,8,14,4,3,2,7,0,0,1,0,0,0,0,0,786864.0688,5817439.8254
206024,13.460953089362723,52.524119935132425,204025,204025,11,0,3,3,2018,8,14,4,2,0,1,0,1,0,0,0,0,0,0,802578.0396,5828691.197000001
206025,13.296378018371588,52.548548003690044,204026,204026,11,0,4,4,2018,8,21,1,3,2,6,2,0,1,0,0,0,0,0,791258.8677,5830728.409
206026,13.316445032549241,52.50122646564642,204027,204027,11,0,4,4,2018,8,14,4,3,1,5,0,1,1,0,0,0,0,0,792933.6467,5825549.8737
206027,13.364566212962728,52.61891332801442,204028,204028,11,0,12,12,2018,8,20,5,2,4,6,2,0,1,0,1,0,0,0,795405.0328,5838827.2171
206028,13.489792292426989,52.42005688149887,204029,204029,11,0,8,8,2018,8,14,4,3,5,3,0,0,1,0,1,0,0,0,805253.3543,5817246.7059
206029,13.303001030161765,52.54788399709117,204030,204030,11,0,4,4,2018,8,14,6,3,5,7,0,0,1,0,1,0,0,0,791712.0412,5830681.3893
206030,13.382498633294304,52.59332040840653,204031,204031,11,0,3,3,2018,8,13,4,3,5,2,0,0,1,0,0,0,1,0,796791.3253,5836056.3197
206031,13.43812926325737,52.420610720702285,204032,204032,11,0,8,8,2018,8,21,1,3,1,5,2,0,0,0,1,0,0,0,801738.9034,5817091.0571
206032,13.313756467430364,52.50623038603098,204033,204033,11,0,4,4,2018,8,23,5,3,2,3,2,0,1,0,0,0,0,0,792717.9916,5826095.145
206033,13.427621724176252,52.49897514459397,204034,204034,11,0,2,2,2018,8,12,4,3,6,4,0,1,0,1,0,0,0,0,800490.1222,5825757.069
206034,13.599128972942395,52.52831473573994,204035,204035,11,0,10,10,2018,8,15,7,3,5,3,0,1,1,0,0,0,0,0,811915.3158,5829746.3811
206035,13.39442614114166,52.48856933214685,204036,204036,11,0,2,2,2018,8,21,5,3,9,1,2,0,1,0,0,0,0,0,798308.8925,5824462.6876
206036,13.332988490364928,52.59545883829885,204037,204037,11,0,12,12,2018,8,15,3,3,5,2,0,0,1,0,0,0,0,0,793425.7865,5836091.149
206037,13.413411858601725,52.54766097500352,204038,204038,11,0,3,3,2018,8,9,6,3,2,6,0,0,1,0,1,0,0,0,799194.7865,5831109.2318
206038,13.197376191095287,52.5159902305589,204039,204039,11,0,5,5,2018,8,20,7,2,5,7,2,1,1,0,0,0,0,0,784761.3395,5826713.9771
206039,13.417812134748425,52.50169257587741,204040,204040,11,0,2,2,2018,8,11,3,3,6,7,0,1,0,1,0,0,0,0,799806.2036,5826018.272000001
206040,13.414703911763072,52.55357195032432,204041,204041,11,0,3,3,2018,8,22,3,3,5,2,2,1,1,0,0,0,0,0,799242.0643,5831771.5841
206041,13.233185664095874,52.53953819405167,204042,204042,11,0,5,5,2018,8,12,6,3,3,6,0,0,1,0,1,0,0,0,787035.8453,5829473.4425
206042,13.344266737247407,52.46748090502509,204043,204043,11,0,7,7,2018,8,20,3,3,6,4,2,0,1,1,0,0,0,0,795046.8279,5821912.4545
206043,13.553936155726372,52.431567524959185,204044,204044,11,0,9,9,2018,8,18,3,3,0,3,0,0,1,0,1,0,0,1,809531.2824,5818799.191000001
206044,13.475532882967908,52.50245108484003,204045,204045,11,0,11,11,2018,8,10,2,3,5,2,0,1,0,0,0,0,1,0,803716.017,5826344.123
206045,13.605864308279047,52.518295427654955,204046,204046,11,0,10,10,2018,8,18,3,3,0,7,0,1,0,0,0,0,0,0,812443.0458,5828662.012
206046,13.400128495648275,52.4450526076705,204047,204047,11,0,7,7,2018,8,16,5,3,5,2,0,1,0,0,0,0,1,0,798990.9303,5819649.5359
206047,13.496368487617838,52.503457825254685,204048,204048,11,0,11,11,2018,8,17,3,3,5,3,0,0,1,0,0,0,0,0,805122.2168,5826543.978999999
206048,13.334041280843625,52.540996566901214,204049,204049,11,0,1,1,2018,8,14,7,3,0,1,0,0,0,0,1,0,0,0,793861.3551,5830041.938999999
206049,13.44061140630378,52.51702322962171,204050,204050,11,0,2,2,2018,8,17,3,3,5,2,0,1,1,0,0,0,0,0,801247.6338,5827817.2422
206050,13.326236970081768,52.53803842552771,204051,204051,11,0,4,4,2018,8,7,6,3,5,2,0,0,1,0,0,0,1,0,793352.2059999999,5829681.351
206051,13.377436915925786,52.53180368094771,204052,204052,11,0,1,1,2018,8,17,3,3,5,5,0,1,1,0,0,0,0,0,796864.3091,5829197.9761
206052,13.51986206885291,52.5059224842434,204053,204053,11,0,11,11,2018,8,15,3,3,5,2,0,1,1,0,0,0,0,0,806698.4459,5826917.5825
206053,13.230563812361545,52.51119981666154,204054,204054,11,0,4,4,2018,8,16,1,3,6,7,0,0,1,1,0,0,0,0,787043.0713,5826313.0842
206054,13.417506503634248,52.50411775312532,204055,204055,11,0,2,2,2018,8,15,3,3,5,3,0,0,1,0,0,0,0,0,799768.952,5826286.5515
206055,13.342481147872329,52.50215982295345,204056,204056,11,0,7,7,2018,8,15,3,3,5,3,0,1,0,0,1,0,0,0,794693.4499,5825759.6923
206056,13.179516222586349,52.42185050602347,204057,204057,11,0,6,6,2018,8,11,1,3,2,7,0,1,0,0,0,0,1,0,784156.6404,5816179.4667
206057,13.38038862903244,52.47483893601946,204058,204058,11,0,7,7,2018,8,15,3,3,6,7,0,0,1,1,0,0,0,0,797449.1821,5822878.6178
206058,13.304297450033697,52.577758983924284,204059,204059,11,0,12,12,2018,8,10,5,3,2,6,0,0,1,0,0,0,0,0,791601.4343,5834007.2849
206059,13.400902366417757,52.414530591786615,204060,204060,11,0,7,7,2018,8,15,3,3,5,2,0,1,0,0,0,0,1,0,799250.4284,5816260.3227
206060,13.360335188398723,52.53732393312851,204061,204061,11,0,1,1,2018,8,21,7,3,2,6,2,0,1,0,0,0,0,0,795667.9738,5829741.2552
206061,13.330637038717636,52.50054073650985,204062,204062,11,0,4,4,2018,8,13,3,3,6,2,0,0,1,1,0,0,0,0,793900.8845,5825531.3968
206062,13.370958841916833,52.56409523543474,204063,204063,11,0,12,12,2018,8,16,6,2,6,4,0,0,1,1,0,0,0,0,796207.4181,5832760.4829
206063,13.391686412475732,52.51149005588231,204064,204064,11,0,1,1,2018,8,12,3,3,6,4,0,1,0,1,0,0,0,0,797967.7811,5826998.942000001
206064,13.326905174719336,52.54045014340677,204065,204065,11,0,4,4,2018,8,20,3,3,5,5,1,0,1,0,0,0,0,0,793381.3933,5829952.134
206065,13.335142001832617,52.565016887378434,204066,204066,11,0,12,12,2018,8,11,1,2,2,6,0,0,1,0,1,0,0,0,793775.2648,5832716.2898
206066,13.440279955811699,52.41956325721146,204067,204067,11,0,8,8,2018,8,21,3,3,2,6,2,0,0,0,1,0,0,0,801892.2137,5816983.6285
206067,13.406224466759546,52.55408781520018,204068,204068,11,0,3,3,2018,8,16,5,3,5,2,0,1,1,0,0,0,0,0,798664.0908,5831793.7436
206068,13.330349811388698,52.527275710623684,204069,204069,11,0,1,1,2018,8,16,3,3,0,2,0,0,0,1,1,0,0,0,793702.8482,5828501.8195
206069,13.440806377551345,52.51344110966408,204070,204070,11,0,2,2,2018,8,7,6,3,5,2,0,1,1,0,0,0,0,0,801285.3894,5827419.9195
206070,13.389702846988465,52.586086206864316,204071,204071,11,0,3,3,2018,8,15,3,2,5,2,0,1,1,0,0,0,0,0,797327.9862,5835281.9607
206071,13.333042519537686,52.50517214524783,204072,204072,11,0,4,4,2018,8,11,5,3,0,7,0,0,0,0,1,0,0,0,794033.1067,5826055.982999999
206072,13.588290571765725,52.50259679380282,204073,204073,11,0,10,10,2018,8,16,3,2,5,3,0,0,1,0,1,0,0,0,811362.682,5826841.245
206073,13.428802911756813,52.57205820731975,204074,204074,11,0,3,3,2018,8,9,7,3,5,2,0,0,1,0,0,0,0,0,800070.8804,5833884.9091
206074,13.42507183019115,52.571419385058576,204075,204075,11,0,3,3,2018,8,14,3,2,5,3,0,0,1,0,1,0,0,0,799822.5785,5833798.3722
206075,13.312160067745692,52.57222060260896,204076,204076,11,0,12,12,2018,8,19,6,3,1,5,1,1,1,0,0,0,1,0,792170.6995,5833423.5404
206076,13.350896431605001,52.52631864740253,204077,204077,11,0,1,1,2018,8,14,3,3,1,5,0,1,0,0,0,0,1,0,795102.1346,5828479.3494
206077,13.429144395532315,52.48203832549097,204078,204078,11,0,8,8,2018,8,17,5,3,1,5,0,1,1,0,0,0,0,0,800709.0734,5823880.9549
206078,13.53667268653238,52.45987439712122,204079,204079,11,0,9,9,2018,8,14,3,3,5,3,0,0,1,0,0,0,0,0,808160.6169,5821871.3592
206079,13.485420993236424,52.52667777447528,204080,204080,11,0,11,11,2018,8,18,1,3,5,3,0,0,1,0,0,0,0,0,804219.0711,5829078.4681
206080,13.42431813378632,52.48062906666977,204081,204081,11,0,8,8,2018,8,10,3,3,0,6,0,0,1,0,1,0,0,0,800391.1841,5823704.2116
206081,13.34986818309984,52.50279053377509,204082,204082,11,0,1,1,2018,8,18,5,2,0,7,0,0,0,0,1,0,1,1,795190.275,5825860.0078
206082,13.357169742729766,52.49896011161477,204083,204083,11,0,7,7,2018,8,22,6,3,5,3,2,0,1,0,0,0,0,0,795711.2609,5825464.1739
206083,13.330768009492793,52.5719209274489,204084,204084,11,0,12,12,2018,8,10,3,3,1,5,0,1,1,0,0,0,0,0,793432.8569,5833465.8528
206084,13.40205340204581,52.530709779151394,204085,204085,11,0,1,1,2018,8,15,6,3,6,4,0,1,0,1,0,0,0,0,798540.2977,5829178.0549
206085,13.490358974861046,52.42794268086193,204086,204086,11,0,8,8,2018,8,9,3,3,5,2,0,0,1,0,0,0,0,0,805237.3107,5818125.5547
206086,13.32528965888543,52.461729745731546,204087,204087,11,0,6,6,2018,8,8,3,3,5,3,0,1,1,0,0,0,0,0,793796.9477,5821195.778
206087,13.279632549211447,52.43240198688793,204088,204088,11,0,6,6,2018,8,18,5,3,2,2,0,0,1,0,0,0,0,0,790890.5655,5817751.0346
206088,13.331104025223155,52.44414498625654,204089,204089,11,0,6,6,2018,8,8,3,3,2,6,0,1,0,0,0,0,0,0,794309.0627,5819264.9315
206089,13.56962972912982,52.452861082079934,204090,204090,11,0,9,9,2018,8,7,3,3,3,6,0,1,1,0,0,0,0,0,810447.4486,5821233.1814
206090,13.386281526092295,52.490076860413325,204091,204091,11,0,2,2,2018,8,17,5,3,5,2,0,1,1,0,0,0,0,0,797746.093,5824596.5912
206091,13.365784866578867,52.563001646176,204092,204092,11,0,12,12,2018,8,7,3,3,5,3,0,1,1,0,0,0,0,0,795864.3389,5832617.6744
206092,13.481320207320614,52.46084890863808,204093,204093,11,0,9,9,2018,8,16,7,2,5,2,0,0,1,0,0,0,1,0,804395.9764,5821744.6867
206093,13.198535268441761,52.54288079886779,204094,204094,11,0,5,5,2018,8,10,3,2,5,2,0,0,1,0,1,0,0,0,784665.788,5829707.58
206094,13.241256681072306,52.526107893669405,204095,204095,11,0,5,5,2018,8,18,5,3,5,2,0,1,0,0,0,0,0,0,787670.7178,5828012.7858
206095,13.253325374437912,52.53773672356442,204096,204096,11,0,5,5,2018,8,5,3,2,5,7,1,1,1,0,0,0,0,0,788412.6083,5829353.5901
206096,13.519844464568292,52.52584358532086,204097,204097,11,0,10,10,2018,8,10,6,3,5,2,0,1,1,0,0,0,0,0,806558.3659999999,5829131.5909
206097,13.44168985266698,52.469492839937494,204098,204098,11,0,8,8,2018,8,22,6,3,2,6,2,0,1,0,0,0,0,0,801646.2859,5822538.9578
206098,13.218535899814905,52.537379788354684,204099,204099,11,0,5,5,2018,8,8,3,3,2,6,0,0,1,0,0,0,0,0,786057.0179,5829175.2924
206099,13.32893956598708,52.48012270846118,204100,204100,11,0,4,4,2018,8,11,3,2,5,2,0,1,1,0,0,0,0,0,793922.0184,5823255.0188
206100,13.28107741209085,52.593705067736884,204101,204101,11,0,12,12,2018,8,10,2,3,5,3,0,1,0,0,1,0,0,0,789923.7409999999,5835686.0022
206101,13.365811504321965,52.5030653819176,204102,204102,11,0,1,1,2018,8,18,3,3,5,2,0,1,1,0,0,0,0,0,796269.8253,5825955.9389
206102,13.570487996620274,52.44796517084589,204103,204103,11,0,9,9,2018,8,18,5,3,6,7,0,0,0,1,0,0,1,0,810540.2112,5820692.7425
206103,13.351034801803145,52.524278501085995,204104,204104,11,0,1,1,2018,8,8,2,3,6,4,0,1,0,1,0,0,0,0,795125.2077,5828253.1549
206104,13.527190682145926,52.48189206641386,204105,204105,11,0,11,11,2018,8,10,7,2,5,7,0,1,1,0,0,0,0,0,807363.2239,5824277.9885
206105,13.478104775795995,52.53324495231616,204106,204106,11,0,11,11,2018,8,18,5,2,2,6,0,0,1,0,0,0,0,0,803677.7501,5829777.5215
206106,13.424170194733724,52.46550957947071,204107,204107,11,0,8,8,2018,8,13,2,3,2,6,0,0,1,0,0,0,1,0,800484.2588,5822023.1238
206107,13.138130896735769,52.45826067701329,204108,204108,11,0,5,5,2018,8,15,7,2,5,2,0,1,0,0,0,0,1,0,781112.08,5820064.624
206108,13.416337172018777,52.51998466492489,204109,204109,11,0,1,1,2018,8,19,5,3,5,2,0,1,1,0,0,0,0,0,799581.5669,5828045.2457
206109,13.409751139377278,52.52401693912907,204110,204110,11,0,1,1,2018,8,11,2,3,5,2,0,1,1,0,0,0,0,0,799107.6063,5828466.0737
206110,13.419944802606562,52.53820016271593,204111,204111,11,0,3,3,2018,8,8,6,3,5,3,0,1,1,0,0,0,0,0,799701.9604,5830084.8351
206111,13.43034186148415,52.492729750260295,204112,204112,11,0,8,8,2018,8,22,2,3,5,3,2,1,0,0,0,0,0,0,800717.3005,5825074.2563
206112,13.3093116240658,52.60348203578553,204113,204113,11,0,12,12,2018,8,21,2,3,2,2,2,0,1,0,0,0,0,0,791769.8248,5836886.7468
206113,13.398862782887655,52.539064715203686,204114,204114,11,0,1,1,2018,8,12,1,3,5,2,0,1,1,0,0,0,0,0,798267.3254,5830093.4763
206114,13.389890867970687,52.51038503392036,204115,204115,11,0,1,1,2018,8,21,2,3,5,2,2,0,1,0,1,0,0,0,797853.5002,5826868.7028
206115,13.328976953869207,52.4244605269773,204116,204116,11,0,6,6,2018,8,17,5,3,5,7,0,0,1,0,0,0,0,0,794295.8766,5817068.3431
206116,13.395757537817516,52.529007995167404,204117,204117,11,0,1,1,2018,8,19,2,3,5,2,0,1,1,0,0,0,0,0,798125.0809999999,5828962.8498
206117,13.39867761764974,52.44349767661881,204118,204118,11,0,7,7,2018,8,11,7,3,5,2,0,0,1,0,1,0,0,0,798902.9316,5819470.7002
206118,13.214465953961113,52.508781678084404,204119,204119,11,0,4,4,2018,8,8,2,3,0,6,0,0,1,0,1,0,0,0,785967.0633,5825980.3413
206119,13.281263599611556,52.58539653408389,204120,204120,11,0,12,12,2018,8,12,6,2,5,3,0,0,1,0,1,0,0,0,789991.2589,5834763.237000001
206120,13.390971074133525,52.51487370054694,204121,204121,11,0,1,1,2018,8,17,2,3,5,2,0,1,0,0,0,0,0,0,797896.3564,5827372.0704
206121,13.399155807943464,52.52952556036995,204122,204122,11,0,1,1,2018,8,17,2,3,2,6,0,0,1,0,1,0,0,1,798351.9249,5829034.4354
206122,13.429580382075665,52.49813222232881,204123,204123,11,0,2,2,2018,8,5,6,3,5,3,0,0,1,0,0,0,0,0,800628.7397,5825671.5448
206123,13.321966043251164,52.5654998375546,204124,204124,11,0,12,12,2018,8,17,2,3,0,2,0,1,1,0,0,0,0,0,792879.6056,5832716.3321
206124,13.334957952302231,52.55632705678829,204125,204125,11,0,1,1,2018,8,16,2,3,3,6,0,0,0,0,1,0,1,0,793820.9334,5831749.6627
206125,13.392310848497715,52.414858736246174,204126,204126,11,0,7,7,2018,8,17,1,3,5,2,0,0,1,0,0,0,0,0,798664.3008,5816261.2184
206126,13.424112555231865,52.48614532285141,204127,204127,11,0,8,8,2018,8,16,2,3,2,6,0,1,1,0,0,0,0,0,800339.6082,5824316.4662