,X,Y,OBJECTID_1,OBJECTID,ULAND,UREGBEZ,UKREIS,UGEMEINDE,UJAHR,UMONAT,USTUNDE,UWOCHENTAG,UKATEGORIE,UART,UTYP1,ULICHTVERH,IstRad,IstPKW,IstFuss,IstKrad,IstGkfz,IstSonstig,STRZUSTAND,LINREFX,LINREFY
206127,13.552238223058396,52.534009245592216,204128,204128,11,0,10,10,2018,8,16,5,3,0,2,0,0,1,0,0,0,1,0,808696.9213,5830177.3937
206128,13.431826748801026,52.5095189583313,204129,204129,11,0,2,2,2018,8,15,2,3,4,6,0,1,0,0,0,0,0,0,800703.2944,5826946.5021
206129,13.479980295514169,52.518219193729784,204130,204130,11,0,11,11,2018,8,15,7,3,3,6,0,0,1,0,1,0,0,0,803908.7129,5828115.3979
206130,13.392327093631325,52.55528641040057,204131,204131,11,0,1,1,2018,8,17,6,3,2,2,0,0,1,0,0,0,1,0,797714.454,5831869.4578
206131,13.164987260151525,52.55117519503143,204132,204132,11,0,5,5,2018,8,15,2,3,6,4,0,0,1,1,0,0,0,0,782338.9436,5830497.6
206132,13.39807507626618,52.49825555683453,204133,204133,11,0,2,2,2018,8,15,2,3,0,6,0,0,1,0,1,0,0,0,798490.7819,5825554.382999999
206133,13.43490630295238,52.440301167167355,204134,204134,11,0,8,8,2018,8,10,5,3,5,2,0,1,0,0,0,1,0,0,801385.3570000001,5819266.0917
206134,13.427442112323394,52.56055614776761,204135,204135,11,0,3,3,2018,8,15,2,3,5,3,0,1,1,0,0,0,0,0,800057.3283,5832600.8265
206135,13.5412384305578,52.4353630742353,204136,204136,11,0,9,9,2018,8,17,7,3,5,3,0,0,1,0,0,0,0,0,808642.1257,5819166.6513
206136,13.508846792091743,52.47386515607118,204137,204137,11,0,9,9,2018,8,14,2,3,2,6,0,0,1,0,1,0,0,0,806174.2726,5823307.8414
206137,13.430530782578291,52.46883960892679,204138,204138,11,0,8,8,2018,8,10,5,3,3,6,0,0,0,0,1,1,0,0,800893.2981,5822419.7531
206138,13.367127114005035,52.4933179764165,204139,204139,11,0,7,7,2018,8,14,2,3,5,7,0,1,1,0,0,0,0,0,796424.6991,5824877.9354
206139,13.478593197002493,52.50286447976195,204140,204140,11,0,11,11,2018,8,13,2,3,5,3,0,0,0,0,1,0,1,0,803920.7291,5826402.9638
206140,13.565178880527597,52.54456090323504,204141,204141,11,0,10,10,2018,8,5,1,2,8,1,1,0,1,0,0,0,0,0,809499.6433,5831405.6194
206141,13.548556614410376,52.42761049215642,204142,204142,11,0,9,9,2018,8,16,2,2,5,2,0,1,1,0,0,0,0,0,809193.5638,5818336.3451
206142,13.372661830303205,52.460312363435186,204143,204143,11,0,7,7,2018,8,16,2,2,5,3,0,0,1,0,0,0,0,0,797022.6666,5821232.1864
206143,13.369630013524375,52.597511364348875,204144,204144,11,0,3,3,2018,8,14,6,3,5,3,0,1,1,0,0,0,0,0,795892.007,5836469.192000001
206144,13.438761549656622,52.555360846993466,204145,204145,11,0,3,3,2018,8,12,2,2,6,4,0,1,0,1,0,0,0,0,800859.6590000001,5832070.5867
206145,13.376453289435785,52.54311770109682,204146,204146,11,0,1,1,2018,8,20,1,3,5,2,1,1,1,0,0,0,0,0,796721.2436,5830451.4614
206146,13.3801365599671,52.44144869705738,204147,204147,11,0,7,7,2018,8,13,2,2,1,5,0,0,1,0,0,0,1,0,797657.4759,5819166.3313
206147,13.376839588364149,52.489427215252526,204148,204148,11,0,2,2,2018,8,15,7,3,5,2,0,1,1,0,0,0,0,0,797109.8707,5824485.448
206148,13.332571995466598,52.458495279080886,204149,204149,11,0,6,6,2018,8,13,2,2,0,6,0,0,1,0,1,0,0,0,794312.957,5820865.9457
206149,13.418270575580626,52.44467731577751,204150,204150,11,0,8,8,2018,8,16,2,3,6,7,0,1,1,1,1,0,0,0,800225.6197,5819683.1424
206150,13.480795971182038,52.48307049340311,204151,204151,11,0,9,9,2018,8,9,6,3,2,6,0,0,1,0,0,0,0,0,804206.8942,5824212.2675
206151,13.350060818727682,52.48948301597716,204152,204152,11,0,7,7,2018,8,21,2,3,0,1,2,0,0,0,1,0,0,0,795292.6013,5824381.6773
206152,13.583631411933908,52.54916318809754,204153,204153,11,0,10,10,2018,8,12,6,3,2,6,0,0,1,0,0,0,0,0,810717.396,5831996.5295
206153,13.261425217453507,52.573664273173605,204154,204154,11,0,12,12,2018,8,17,2,3,2,6,0,0,1,0,0,0,0,0,788725.3324,5833379.4838
206154,13.513753710872164,52.566390411436956,204155,204155,11,0,11,11,2018,8,16,2,3,0,7,0,0,0,1,0,0,1,0,805863.0664,5833612.2045
206155,13.367989385286679,52.5461923660266,204156,204156,11,0,1,1,2018,8,10,2,3,2,7,0,0,1,0,0,0,0,0,796126.964,5830758.3955
206156,13.326122490578596,52.53831611517093,204157,204157,11,0,4,4,2018,8,12,2,3,2,6,0,0,1,0,0,0,0,0,793342.5939,5829711.7504
206157,13.25612566841858,52.438858824584415,204158,204158,11,0,6,6,2018,8,12,2,2,1,5,0,0,1,0,1,0,0,0,789251.2024,5818374.259
206158,13.305905606868821,52.52343751023653,204159,204159,11,0,4,4,2018,8,14,7,3,6,4,0,0,1,1,0,0,0,0,792071.2464,5827975.8945
206159,13.453219635913856,52.48947262315637,204160,204160,11,0,9,9,2018,8,11,2,2,6,4,0,0,1,1,0,0,0,0,802291.7253,5824807.882999999
206160,13.33021035872062,52.49505972997074,204161,204161,11,0,4,4,2018,8,7,6,3,2,6,0,0,1,0,1,0,0,0,793908.5385,5824920.4447
206161,13.516535425896132,52.50557722742773,204162,204162,11,0,11,11,2018,8,11,2,3,0,1,0,0,0,0,1,0,0,0,806475.2408,5826865.0646
206162,13.296650192631295,52.50139862998501,204163,204163,11,0,4,4,2018,8,10,2,2,5,3,0,0,1,0,0,0,0,0,791589.7936,5825488.7896
206163,13.33399203250478,52.507449420030746,204164,204164,11,0,4,4,2018,8,16,1,3,2,6,0,0,1,0,1,0,0,0,794082.2868,5826312.9737
206164,13.358193521218068,52.5363248166065,204165,204165,11,0,1,1,2018,8,10,2,3,5,7,0,0,1,0,1,0,0,0,795529.5414,5829621.4215
206165,13.406256919297526,52.398486069498084,204166,204166,11,0,7,7,2018,8,16,1,3,5,2,0,1,1,0,0,0,0,0,799723.2209999999,5814499.242000001
206166,13.478355451574373,52.446307480407285,204167,204167,11,0,9,9,2018,8,9,2,3,1,5,0,1,1,0,0,0,0,0,804295.0627,5820115.9927
206167,13.423174934162477,52.48649252324703,204168,204168,11,0,2,2,2018,8,10,7,2,5,3,0,1,1,0,0,0,0,0,800273.6209999999,5824351.1523
206168,13.344092870120793,52.47832778860546,204169,204169,11,0,7,7,2018,8,10,2,2,5,3,0,1,1,0,0,0,0,0,794962.3926,5823117.3656
206169,13.399406758606279,52.53272993752483,204170,204170,11,0,1,1,2018,8,10,1,3,1,5,0,1,1,0,0,0,0,0,798347.1877,5829391.6326
206170,13.368375739910595,52.52581209541917,204171,204171,11,0,1,1,2018,8,10,2,3,1,5,0,1,1,0,0,0,1,0,796290.4949,5828494.7416
206171,13.420982247165238,52.41415156058549,204172,204172,11,0,8,8,2018,8,9,2,3,1,5,0,1,1,0,0,0,0,0,800617.6968,5816301.6154
206172,13.295080552860625,52.50684921117285,204173,204173,11,0,4,4,2018,8,13,7,3,5,2,0,0,1,0,0,0,0,0,791447.2222,5826088.2835
206173,13.357302420303972,52.49893254922554,204174,204174,11,0,7,7,2018,8,8,2,3,0,1,0,0,0,0,1,0,0,0,795720.4461,5825461.6544
206174,13.329998115565063,52.46209632496274,204175,204175,11,0,6,6,2018,8,15,6,3,2,6,0,0,1,0,0,0,0,0,794114.1678,5821255.7054
206175,13.388788159908275,52.48982123476792,204176,204176,11,0,2,2,2018,8,1,1,2,0,1,2,1,0,0,0,0,0,0,797917.8898,5824578.53
206176,13.365698367800153,52.5030917600352,204177,204177,11,0,1,1,2018,8,5,1,3,5,2,2,0,1,0,0,0,0,0,796261.974,5825958.406
206177,13.392752819617494,52.412638938002424,204178,204178,11,0,7,7,2018,8,13,1,2,5,3,0,0,1,0,1,0,0,0,798709.3575,5816016.3233
206178,13.445245216576573,52.5816138091415,204179,204179,11,0,3,3,2018,8,16,1,3,5,3,0,0,1,0,0,0,0,0,801118.7625,5835015.5881
206179,13.379036100387864,52.52597872760907,204180,204180,11,0,1,1,2018,8,13,6,3,1,5,0,1,1,0,0,0,0,0,797012.0549,5828557.1297
206180,13.400772138549335,52.5303032033776,204181,204181,11,0,1,1,2018,8,15,6,3,1,5,0,0,1,0,1,0,0,0,798456.2093,5829127.5594
206181,13.428823456227367,52.551350348710955,204182,204182,11,0,3,3,2018,8,19,1,3,5,3,0,1,1,0,0,0,0,0,800213.8154,5831583.3871
206182,13.19381580201,52.53368708945135,204183,204183,11,0,5,5,2018,8,19,4,2,5,3,0,1,1,0,0,0,0,0,784405.4324,5828667.0221
206183,13.309352112033947,52.49208433508007,204184,204184,11,0,4,4,2018,8,18,3,3,5,3,0,1,1,0,0,0,0,0,792513.2709,5824504.9324
206184,13.406556406833449,52.52493375160105,204185,204185,11,0,1,1,2018,8,17,3,3,0,7,0,0,1,0,0,0,0,0,798884.7912,5828554.7245
206185,13.309335891154854,52.5118872558444,204186,204186,11,0,4,4,2018,8,17,3,3,5,2,0,1,1,0,0,0,0,0,792380.5783,5826705.9758
206186,13.412336676716249,52.5326885530188,204187,204187,11,0,3,3,2018,8,7,4,3,5,3,0,1,1,0,0,0,0,0,799223.8644,5829440.628
206187,13.397413732960748,52.488978473965396,204188,204188,11,0,2,2,2018,8,23,3,3,0,1,2,0,0,0,1,0,0,0,798508.8233,5824520.5234
206188,13.583730119715677,52.549187842992794,204189,204189,11,0,10,10,2018,8,12,4,3,3,6,0,0,1,0,0,0,1,0,810723.9091,5831999.6953
206189,13.554450151968995,52.45568566757921,204190,204190,11,0,9,9,2018,8,17,3,3,2,2,0,0,1,0,0,0,0,0,809396.9269,5821481.9032
206190,13.309527916826635,52.51350580137912,204191,204191,11,0,4,4,2018,8,19,3,3,5,3,0,0,1,0,0,0,0,0,792382.8431,5826886.6571
206191,13.438434599724133,52.451999491869294,204192,204192,11,0,8,8,2018,8,16,3,3,0,7,0,0,1,0,0,0,0,0,801544.9972,5820581.0459
206192,13.454209655713768,52.45289349469473,204193,204193,11,0,8,8,2018,8,9,2,3,5,2,0,1,1,0,0,0,0,0,802610.0531,5820746.4499
206193,13.350744301911615,52.59780326925189,204194,204194,11,0,12,12,2018,8,11,4,3,6,7,0,0,1,1,0,0,0,0,794611.8373,5836424.2162
206194,13.514996036892652,52.45548345084959,204195,204195,11,0,9,9,2018,8,16,3,3,5,5,0,1,1,0,0,0,0,0,806719.5423,5821290.9723
206195,13.347371367869934,52.57201141717735,204196,204196,11,0,12,12,2018,8,11,4,3,0,6,0,0,1,0,0,0,1,0,794556.6517,5833543.6614
206196,13.382151677880413,52.50439514272161,204197,204197,11,0,2,2,2018,8,15,3,3,5,3,0,1,1,0,0,0,0,0,797369.1443,5826170.9973
206197,13.517690381772086,52.45619212142182,204198,204198,11,0,9,9,2018,8,15,3,2,5,2,1,1,1,0,0,0,0,0,806897.5463,5821381.1928
206198,13.318749443018355,52.48748712377519,204199,204199,11,0,4,4,2018,8,9,4,3,2,6,0,0,1,0,0,0,0,0,793181.4472,5824032.1044
206199,13.292791845841,52.43261857492478,204200,204200,11,0,6,6,2018,8,15,3,3,5,3,0,1,1,0,0,0,0,0,791783.1524,5817828.2195
206200,13.19558671291334,52.53614695505794,204201,204201,11,0,5,5,2018,8,15,4,2,5,2,0,1,1,0,0,0,0,0,784509.5509,5828947.437000001
206201,13.302336182528386,52.52668754529822,204202,204202,11,0,4,4,2018,8,10,4,3,1,5,0,1,0,0,0,0,1,0,791807.6813,5828322.6855
206202,13.599132204182453,52.52831431711528,204203,204203,11,0,10,10,2018,8,14,3,2,5,3,0,0,1,0,0,0,0,0,811915.5378,5829746.3485
206203,13.384908847337561,52.49003293600605,204204,204204,11,0,2,2,2018,8,16,4,3,1,5,0,1,1,0,0,0,1,0,797653.2581,5824586.0433
206204,13.718440464625948,52.43148368902214,204205,204205,11,0,9,9,2018,8,14,3,3,5,3,0,1,1,0,0,0,0,0,820706.8579,5819508.1725
206205,13.314340227736276,52.506334377320115,204206,204206,11,0,4,4,2018,8,19,1,3,0,6,0,0,1,0,0,0,1,0,792756.8924,5826109.0735
206206,13.349495983229856,52.60455262300586,204207,204207,11,0,12,12,2018,8,14,3,3,2,6,0,0,1,0,0,0,0,0,794482.0204,5837169.3013
206207,13.178385226575642,52.548802829016104,204208,204208,11,0,5,5,2018,8,20,4,2,6,4,2,0,1,1,0,0,0,0,783262.0481,5830286.4648
206208,13.314593623613295,52.41752051178935,204209,204209,11,0,6,6,2018,8,13,1,3,2,6,0,0,1,0,0,0,0,0,793364.657,5816238.4229
206209,13.457776209038508,52.52903196733101,204210,204210,11,0,3,3,2018,8,13,3,3,2,2,0,0,1,0,0,0,0,0,802328.892,5829223.8159
206210,13.583230612400232,52.44348275773546,204211,204211,11,0,9,9,2018,8,15,3,3,5,3,0,0,1,0,0,0,0,0,811437.1876,5820249.4866
206211,13.184125915788696,52.545586595754,204212,204212,11,0,5,5,2018,8,19,1,3,0,1,0,0,0,0,1,0,0,0,783671.804,5829951.5379
206212,13.41792175167094,52.52576425851142,204213,204213,11,0,1,1,2018,8,16,1,3,0,1,0,0,0,0,1,0,0,0,799649.6141,5828694.2143
206213,13.371978174642766,52.519401075554676,204214,204214,11,0,1,1,2018,8,13,3,3,5,2,0,1,1,0,0,0,0,0,796577.9454,5827796.9784
206214,13.273589110679634,52.4333052233467,204215,204215,11,0,6,6,2018,8,8,1,3,5,2,0,0,1,0,1,0,0,0,790474.037,5817827.0941
206215,13.198940614349114,52.53306559796328,204216,204216,11,0,5,5,2018,8,8,1,3,5,3,0,1,0,0,0,0,1,0,784756.8372,5828618.1702
206216,13.424041375423686,52.501704517191236,204217,204217,11,0,2,2,2018,8,16,7,3,2,6,0,0,1,0,0,0,0,1,800228.6392,5826045.5158
206217,13.544087568635414,52.428056442971496,204218,204218,11,0,9,9,2018,8,13,3,2,5,3,0,0,1,0,1,0,0,0,808886.8171,5818366.7732
206218,13.475681229855615,52.50140233101353,204219,204219,11,0,11,11,2018,8,20,7,3,2,6,2,0,1,0,0,0,0,0,803733.3174,5826228.1849
206219,13.351071651594411,52.54101044581828,204220,204220,11,0,1,1,2018,8,20,7,3,3,2,1,0,1,0,0,0,0,0,795015.395,5830113.0511
206220,13.414622341142001,52.55059649096453,204221,204221,11,0,3,3,2018,8,17,3,2,5,2,0,0,1,0,1,0,0,0,799256.8081,5831440.5318
206221,13.3307882269766,52.48795071189791,204222,204222,11,0,4,4,2018,8,9,2,3,1,5,0,0,1,0,1,0,0,0,793995.2104,5824132.6336
206222,13.377887957334995,52.46586148190438,204223,204223,11,0,7,7,2018,8,18,4,3,5,3,0,1,1,0,0,0,0,0,797340.0416,5821870.4851
206223,13.215783387224187,52.437724617988565,204224,204224,11,0,6,6,2018,8,11,7,3,4,6,0,0,1,0,0,0,0,0,786518.1418,5818087.2892
206224,13.265296756902067,52.508810907900894,204225,204225,11,0,4,4,2018,8,13,3,3,2,6,0,0,1,0,0,0,0,0,789414.282,5826186.3762
206225,13.329908710736403,52.52291625769928,204226,204226,11,0,1,1,2018,8,21,3,3,5,3,2,1,1,0,0,0,0,0,793702.0623,5828015.4687
206226,13.414590353033054,52.54462256193421,204227,204227,11,0,3,3,2018,8,13,7,3,6,7,0,1,0,1,0,0,0,0,799295.335,5830776.4145
206227,13.388455994357235,52.519148362782715,204228,204228,11,0,1,1,2018,8,13,7,3,2,6,0,0,1,0,0,0,0,0,797696.8788,5827836.8012
206228,13.398399512712496,52.52887086474041,204229,204229,11,0,1,1,2018,8,12,3,3,1,5,0,1,1,0,0,0,0,0,798305.1013,5828958.5377
206229,13.43153652020072,52.49235076415182,204230,204230,11,0,8,8,2018,8,12,7,3,1,5,0,1,1,0,0,0,0,0,800800.9377,5825037.1156
206230,13.427762915982747,52.50091823569707,204231,204231,11,0,2,2,2018,8,8,2,2,1,5,0,0,1,0,1,0,0,0,800486.4322,5825973.6244
206231,13.505696576460142,52.484484133045136,204232,204232,11,0,11,11,2018,8,13,4,3,5,3,0,1,1,0,0,0,0,0,805886.7061,5824474.699
206232,13.300120417811511,52.43986229978624,204233,204233,11,0,6,6,2018,8,11,7,3,2,2,0,0,1,0,0,0,0,0,792233.0490000001,5818663.0124
206233,13.486153925981784,52.54079784379879,204234,204234,11,0,11,11,2018,8,12,3,2,1,7,0,1,1,0,0,0,0,0,804171.0248,5830650.9238
206234,13.628973151857743,52.44668188511381,204235,204235,11,0,9,9,2018,8,17,4,2,6,4,0,0,1,1,0,0,0,0,814520.9011,5820803.4407
206235,13.448357060670824,52.56467237941136,204236,204236,11,0,3,3,2018,8,10,7,3,6,2,0,0,1,1,0,0,0,0,801445.7752,5833145.6307
206236,13.284466544553721,52.47625851963423,204237,204237,11,0,4,4,2018,8,14,4,3,1,5,0,0,1,0,1,0,0,0,790929.4204,5822645.2354
206237,13.413983713535172,52.55362912796505,204238,204238,11,0,3,3,2018,8,8,7,3,2,6,0,0,1,0,0,0,1,0,799192.8829,5831774.9488
206238,13.314400680761649,52.57666912543249,204239,204239,11,0,12,12,2018,8,12,3,3,5,2,0,1,1,0,0,0,0,0,792292.8127,5833927.0872
206239,13.360213670595295,52.412700971440856,204240,204240,11,0,7,7,2018,8,17,4,3,0,5,0,0,1,0,0,0,0,0,796497.3639,5815889.0929
206240,13.430513031868278,52.55121370755454,204241,204241,11,0,3,3,2018,8,6,7,3,5,3,0,1,1,0,0,0,0,0,800329.2201,5831575.24
206241,13.3795149554349,52.523258689180864,204242,204242,11,0,1,1,2018,8,18,3,3,1,5,0,0,1,0,1,0,0,0,797062.8927,5828256.7753
206242,13.310914382924356,52.54761137013803,204243,204243,11,0,4,4,2018,8,12,7,2,5,2,0,0,1,0,0,0,0,0,792250.0578,5830683.1451
206243,13.281552275923085,52.518403703860855,204244,204244,11,0,4,4,2018,8,11,7,3,2,6,0,0,1,0,0,0,0,0,790453.3962,5827317.998
206244,13.363939520372767,52.506136049050795,204245,204245,11,0,1,1,2018,8,8,3,3,5,3,0,1,1,0,0,0,0,0,796122.1891,5826289.5502
206245,13.44282180538346,52.46504726812401,204246,204246,11,0,8,8,2018,8,18,7,3,2,2,1,0,1,0,0,0,0,1,801753.564,5822049.587
206246,13.346742629816053,52.430732180736435,204247,204247,11,0,6,6,2018,8,10,4,3,5,3,0,1,1,0,0,0,0,0,795461.0457,5817838.003
206247,13.3850500364491,52.591205327208606,204248,204248,11,0,3,3,2018,8,10,7,3,2,6,0,0,1,0,0,0,0,0,796978.3424,5835831.748
206248,13.494837081043967,52.545428446525285,204249,204249,11,0,11,11,2018,8,11,3,3,5,3,0,1,1,0,0,0,0,0,804727.3301,5831202.268999999
206249,13.183173367414243,52.513482306204175,204250,204250,11,0,5,5,2018,8,9,4,2,5,3,0,0,1,0,1,0,0,0,783814.4069,5826379.2143
206250,13.425934521884374,52.49332717599358,204251,204251,11,0,8,8,2018,8,17,7,3,5,3,0,1,0,0,0,0,0,0,800414.2219,5825122.2898
206251,13.470638432803636,52.54006704972949,204252,204252,11,0,11,11,2018,8,11,7,3,2,7,0,1,1,0,0,0,0,0,803124.6403,5830504.3311
206252,13.350555341291598,52.42021750200489,204253,204253,11,0,6,6,2018,8,11,3,3,5,2,0,0,1,0,1,0,0,0,795790.547,5816684.9249
206253,13.44513604162513,52.479137866156904,204254,204254,11,0,8,8,2018,8,17,7,3,2,2,0,0,1,0,0,0,0,0,801814.1117,5823625.372
206254,13.349173595840687,52.46954063030095,204255,204255,11,0,7,7,2018,8,16,7,2,5,3,0,1,1,0,0,0,0,1,795366.1108,5822161.4685
206255,13.313392461094072,52.51509113931186,204256,204256,11,0,4,4,2018,8,16,7,3,6,2,0,0,1,1,0,0,0,0,792634.3605,5827078.546
206256,13.43006219078336,52.551392720126394,204257,204257,11,0,3,3,2018,8,10,3,3,5,2,0,0,1,0,0,0,0,0,800297.4513,5831593.2578
206257,13.335061722988904,52.5875265048347,204258,204258,11,0,12,12,2018,8,9,4,3,2,6,0,0,1,0,0,1,0,0,793619.2036,5835217.9145
206258,13.386615758666792,52.53143841140362,204259,204259,11,0,1,1,2018,8,15,7,3,5,2,0,1,1,0,0,0,0,1,797488.9449,5829195.2178
206259,13.402748882230346,52.52134225587715,204260,204260,11,0,1,1,2018,8,10,3,3,0,1,0,0,0,0,1,0,0,0,798651.061,5828139.7603
206260,13.591405162908107,52.534629554366894,204261,204261,11,0,10,10,2018,8,16,4,2,5,3,0,1,1,0,0,0,0,0,811347.0419,5830414.8122
206261,13.561038152819304,52.517161814492084,204262,204262,11,0,10,10,2018,8,15,7,3,5,3,0,1,1,0,0,0,0,0,809411.8801,5828342.68
206262,13.471089757182162,52.507032191611366,204263,204263,11,0,2,2,2018,8,15,7,3,5,3,0,0,1,0,1,0,0,0,803383.0709,5826834.5828
206263,13.184933724011321,52.53419664616079,204264,204264,11,0,5,5,2018,8,9,3,3,5,3,0,0,1,0,1,0,0,0,783800.0806,5828688.659
206264,13.374591542687545,52.468376134070176,204265,204265,11,0,7,7,2018,8,15,7,3,2,6,0,0,1,0,0,0,1,1,797099.3105,5822136.4033
206265,13.519329396635527,52.57449982217944,204266,204266,11,0,11,11,2018,8,14,7,2,8,1,0,0,1,0,0,0,0,0,806184.1111,5834537.1949
206266,13.38578885405787,52.51688626458372,204267,204267,11,0,1,1,2018,8,8,3,3,3,2,0,1,0,0,0,1,0,0,797531.3442,5827574.364
206267,13.392865668678436,52.524950300023775,204268,204268,11,0,1,1,2018,8,19,4,2,5,2,1,1,1,0,0,0,0,0,797956.5484,5828499.8904
206268,13.407525335088812,52.54758392784606,204269,204269,11,0,3,3,2018,8,14,7,3,1,5,0,1,1,0,0,0,0,0,798796.4562,5831076.2462
206269,13.351244423674702,52.53284316397434,204270,204270,11,0,1,1,2018,8,8,3,3,2,6,0,0,1,0,0,0,0,0,795081.9307,5829205.9697
206270,13.281397776473984,52.51283627609007,204271,204271,11,0,4,4,2018,8,14,7,3,5,2,0,0,1,0,0,0,0,0,790479.6827,5826698.5454
206271,13.466115977693446,52.50004616810475,204272,204272,11,0,2,2,2018,8,8,3,3,5,2,0,1,1,0,0,0,0,0,803093.8728,5826037.2077
206272,13.303638089310095,52.45903752811893,204273,204273,11,0,6,6,2018,8,8,4,3,5,3,0,1,1,0,0,0,0,0,792344.8295,5820808.5973
206273,13.330984648105044,52.49402718706062,204274,204274,11,0,4,4,2018,8,13,7,2,0,6,0,1,0,0,0,0,0,0,793967.9618,5824808.8333
206274,13.300092477511258,52.56981545697937,204275,204275,11,0,12,12,2018,8,8,3,3,6,4,0,1,0,1,0,0,0,0,791369.425,5833107.337
206275,13.437959754756534,52.546398300765546,204276,204276,11,0,3,3,2018,8,15,4,2,5,3,0,1,0,0,0,0,0,0,800866.7209,5831071.087
206276,13.242892199692648,52.601416171910934,204277,204277,11,0,12,12,2018,8,13,7,3,5,2,0,1,1,0,0,0,0,0,787288.4907,5836390.1125
206277,13.461671018446221,52.48355517035839,204278,204278,11,0,9,9,2018,8,13,7,3,2,6,0,0,1,0,0,0,0,0,802905.825,5824185.6463
206278,13.420709624646213,52.56587976501213,204279,204279,11,0,3,3,2018,8,8,3,2,5,2,0,1,1,0,0,0,0,0,799564.9681,5833164.5154
206279,13.421609044858124,52.48724169919427,204280,204280,11,0,2,2,2018,8,12,6,3,4,6,0,1,0,0,0,0,0,0,800162.2658,5824427.9025
206280,13.218010818361664,52.508627238304825,204281,204281,11,0,4,4,2018,8,15,6,3,5,3,0,0,1,0,0,0,0,0,786208.4871,5825977.2376
206281,13.378242863737455,52.42471144825566,204282,204282,11,0,7,7,2018,8,8,3,3,1,7,0,1,1,0,0,0,0,0,797641.7503,5817298.2187
206282,13.549991835671802,52.45649150355954,204283,204283,11,0,9,9,2018,8,0,2,3,1,1,2,0,1,0,0,0,1,0,809088.5741,5821552.3554
206283,13.328967714696526,52.46555303909054,204284,204284,11,0,7,7,2018,8,18,4,3,2,7,0,1,1,0,0,0,0,0,794021.1493,5821635.7184
206284,13.577518675564475,52.44407610169458,204285,204285,11,0,9,9,2018,8,22,6,3,2,6,2,0,1,0,0,0,0,0,811045.0809,5820290.7937
206285,13.388505257967427,52.56127397713686,204286,204286,11,0,1,1,2018,8,20,3,3,0,5,2,0,1,0,1,0,0,0,797414.9891,5832519.182
206286,13.426072982812359,52.477743719899124,204287,204287,11,0,8,8,2018,8,23,6,3,2,6,2,0,1,0,0,0,0,0,800529.957,5823390.8262
206287,13.410462068788094,52.5034539537924,204288,204288,11,0,2,2,2018,8,21,6,3,2,2,2,1,1,0,0,0,0,0,799295.682,5826183.511
206288,13.457437335767276,52.528964770369576,204289,204289,11,0,3,3,2018,8,17,3,3,2,2,0,1,1,0,0,0,0,0,802306.3836,5829214.9261
206289,13.564662756176045,52.558862638802175,204290,204290,11,0,10,10,2018,8,20,6,3,5,3,1,1,1,0,0,0,0,0,809363.923,5832992.9129
206290,13.271504371535174,52.50968731878661,204291,204291,11,0,4,4,2018,8,20,6,3,3,6,2,0,1,0,0,0,0,0,789829.5129999999,5826308.722999999
206291,13.516892446932756,52.49257676640372,204292,204292,11,0,11,11,2018,8,7,3,3,5,5,0,1,1,0,0,0,0,0,806590.0107,5825421.677
206292,13.440269201181113,52.551876735211536,204293,204293,11,0,3,3,2018,8,18,6,3,6,4,0,0,1,1,0,0,0,0,800985.6682,5831689.6372
206293,13.329374369449216,52.56347374574634,204294,204294,11,0,12,12,2018,8,18,4,3,5,3,0,1,1,0,0,0,0,0,793394.9211,5832521.2693
206294,13.291664962317677,52.579983261526316,204295,204295,11,0,12,12,2018,8,18,6,3,5,3,0,1,1,0,0,0,0,0,790731.312,5834203.4626
206295,13.34583012743864,52.544791242407435,204296,204296,11,0,1,1,2018,8,7,3,3,5,2,0,0,1,0,0,0,1,0,794634.8315,5830511.8445
206296,13.428772481326575,52.519497538280795,204297,204297,11,0,2,2,2018,8,17,4,3,5,7,0,1,1,0,0,0,0,0,800428.0049,5828042.8503
206297,13.315600587436093,52.44314060764353,204298,204298,11,0,6,6,2018,8,18,6,3,5,2,0,0,1,0,0,0,0,0,793262.7597,5819090.1863
206298,13.325364677194806,52.502441403774654,204299,204299,11,0,4,4,2018,8,10,6,3,3,5,0,1,0,0,0,0,1,0,793530.5726,5825721.1827
206299,13.290087905157705,52.51892052598364,204300,204300,11,0,4,4,2018,8,17,6,3,5,7,0,0,1,0,0,0,1,0,791028.738,5827409.8626
206300,13.285386621525626,52.48042449433303,204301,204301,11,0,4,4,2018,8,6,3,3,2,7,0,1,0,0,0,0,1,0,790964.3462,5823112.0003
206301,13.1933143318757,52.549020864596464,204302,204302,11,0,5,5,2018,8,9,4,3,5,2,0,1,1,0,0,0,0,0,784272.2435,5830369.4764
206302,13.313616703945188,52.500628160166656,204303,204303,11,0,4,4,2018,8,17,6,3,2,6,0,0,1,0,0,0,0,0,792745.7774,5825471.887
206303,13.527827030726886,52.48995640472006,204304,204304,11,0,11,11,2018,8,6,3,3,5,2,0,0,1,0,0,0,1,0,807350.1042,5825176.9878
206304,13.395851084777922,52.49902663041691,204305,204305,11,0,2,2,2018,8,5,3,3,5,3,1,1,1,0,0,0,0,0,798334.6931,5825630.882999999
206305,13.523561627636964,52.497118511181405,204306,204306,11,0,11,11,2018,8,16,6,2,5,3,0,1,0,0,0,0,0,0,807010.7648,5825954.8312
206306,13.26882054592772,52.45110679905238,204307,204307,11,0,6,6,2018,8,11,4,3,0,7,0,0,0,0,0,0,1,0,790032.9903,5819786.5924