,X,Y,OBJECTID_1,OBJECTID,ULAND,UREGBEZ,UKREIS,UGEMEINDE,UJAHR,UMONAT,USTUNDE,UWOCHENTAG,UKATEGORIE,UART,UTYP1,ULICHTVERH,IstRad,IstPKW,IstFuss,IstKrad,IstGkfz,IstSonstig,STRZUSTAND,LINREFX,LINREFY
206307,13.312936474459246,52.48060819532357,204308,204308,11,0,4,4,2018,8,16,6,3,5,2,0,1,1,0,0,0,0,0,792832.7613,5823243.8968
206308,13.184674751392985,52.51543943521314,204309,204309,11,0,5,5,2018,8,11,2,2,0,2,0,0,1,0,0,0,0,0,783903.5934,5826602.6702
206309,13.263233238659534,52.5484858474031,204310,204310,11,0,5,5,2018,8,17,4,2,6,4,0,0,1,1,0,0,0,0,789013.4228,5830588.0735
206310,13.127738833389474,52.47462462111734,204311,204311,11,0,5,5,2018,8,15,6,3,5,3,0,1,1,0,0,0,0,0,780302.343,5821843.1644
206311,13.385530493192258,52.46858786847146,204312,204312,11,0,7,7,2018,8,13,6,3,5,3,0,1,0,0,1,0,0,1,797840.4205,5822205.0406
206312,13.373267719707847,52.5572504202781,204313,204313,11,0,1,1,2018,8,1,2,3,6,2,2,0,1,1,0,0,0,0,796410.0018,5832009.1844
206313,13.480599596766012,52.460967292423184,204314,204314,11,0,9,9,2018,8,13,6,3,5,2,0,0,1,0,0,0,0,0,804346.2368,5821754.8043
206314,13.4272976201066,52.51169471390605,204315,204315,11,0,2,2,2018,8,12,6,3,3,6,0,0,1,0,1,0,0,0,800381.2918,5827169.4504
206315,13.410288366053178,52.503785983486175,204316,204316,11,0,2,2,2018,8,15,2,3,0,3,0,1,0,0,0,0,1,1,799281.6423,5826219.6941
206316,13.348282493129997,52.50684308675127,204317,204317,11,0,1,1,2018,8,23,4,3,5,3,2,1,1,0,0,0,0,0,795055.5462,5826303.9564
206317,13.522334360075591,52.4285356129539,204318,204318,11,0,9,9,2018,8,12,6,3,5,3,0,0,1,0,1,0,0,1,807405.585,5818327.1572
206318,13.326108733778348,52.53835873356854,204319,204319,11,0,4,4,2018,8,23,2,3,5,2,2,0,1,0,0,0,0,0,793341.3771,5829716.4315
206319,13.389673976931846,52.574196538670776,204320,204320,11,0,3,3,2018,8,15,4,3,0,3,0,1,1,0,0,0,0,0,797406.6006,5833960.3256
206320,13.387420171257654,52.533526738356116,204321,204321,11,0,1,1,2018,8,12,6,3,5,2,0,1,1,0,0,0,0,0,797529.3353,5829430.6512
206321,13.29548415693464,52.55018895168715,204322,204322,11,0,12,12,2018,8,10,6,3,2,6,0,0,1,0,0,0,0,0,791187.4249,5830907.1912
206322,13.354647739637613,52.49713470858357,204323,204323,11,0,7,7,2018,8,23,2,3,6,2,2,0,1,1,0,0,0,0,795552.441,5825250.9439
206323,13.430339913936608,52.4643112572338,204324,204324,11,0,8,8,2018,8,16,4,3,6,4,0,0,1,1,0,0,0,0,800911.2657,5821915.6498
206324,13.315001066188504,52.517994745080976,204325,204325,11,0,4,4,2018,8,9,6,3,2,6,0,1,1,0,0,0,0,0,792724.1158,5827407.8134
206325,13.528088533001045,52.55701348509874,204326,204326,11,0,11,11,2018,8,9,6,3,5,2,0,1,1,0,0,0,0,0,806899.4339,5832630.982999999
206326,13.438162616805569,52.45418932445249,204327,204327,11,0,8,8,2018,8,23,2,3,1,5,2,0,1,0,0,0,1,0,801511.5505,5820823.2991
206327,13.434202778354472,52.52332380970974,204328,204328,11,0,2,2,2018,8,8,6,3,6,4,0,1,0,1,0,0,0,0,800770.0091,5828490.7681
206328,13.59052254927685,52.529582787920226,204329,204329,11,0,10,10,2018,8,7,6,2,5,2,0,1,1,0,0,0,0,0,811322.9691,5829850.1027
206329,13.552108595264606,52.439380839611815,204330,204330,11,0,9,9,2018,8,22,2,3,2,2,2,0,1,0,1,0,0,0,809352.327,5819659.7323
206330,13.430493728869449,52.54620492948604,204331,204331,11,0,3,3,2018,8,1,4,3,0,1,2,0,0,0,1,0,0,0,800362.1556,5831018.4518
206331,13.412065257041366,52.53798446054607,204332,204332,11,0,3,3,2018,8,7,6,3,5,2,0,1,1,0,0,0,0,0,799169.4186,5830028.1257
206332,13.272163725072234,52.498785118040296,204333,204333,11,0,4,4,2018,8,21,2,3,0,7,2,0,0,0,1,0,1,1,789946.0517,5825099.5701
206333,13.604196002049148,52.538609189102296,204334,204334,11,0,10,10,2018,8,14,4,3,5,2,0,1,1,0,0,0,0,0,812185.6403,5830912.4394
206334,13.43484380266649,52.46677683537174,204335,204335,11,0,8,8,2018,8,7,6,3,2,6,0,0,1,0,0,0,0,0,801200.1605,5822208.4824
206335,13.397964742488014,52.592741285101134,204336,204336,11,0,3,3,2018,8,7,6,3,5,7,0,1,1,0,0,0,0,0,797842.1128,5836055.7943
206336,13.5232798647599,52.464326547249286,204337,204337,11,0,9,9,2018,8,19,2,3,1,5,0,1,1,0,0,0,0,0,807220.3372,5822309.0598
206337,13.629297011585654,52.52009705895154,204338,204338,11,0,10,10,2018,8,7,6,3,5,3,0,0,1,0,0,0,0,0,814018.8594,5828964.065
206338,13.417601716969507,52.59086259994668,204339,204339,11,0,3,3,2018,8,6,6,3,5,2,0,1,1,0,0,0,0,0,799184.1045,5835928.3689
206339,13.434930452362149,52.440034714194496,204340,204340,11,0,8,8,2018,8,9,2,3,2,6,0,0,1,0,0,0,0,0,801388.8181,5819236.5775
206340,13.576086120502806,52.452854456889675,204341,204341,11,0,9,9,2018,8,6,6,3,5,2,0,1,1,0,0,0,0,0,810885.8831,5821260.2449
206341,13.398768411273814,52.57056946608799,204342,204342,11,0,3,3,2018,8,6,6,3,5,3,0,1,1,0,0,0,0,0,798047.071,5833594.7665
206342,13.435677517403574,52.48380417140624,204343,204343,11,0,8,8,2018,8,19,2,3,5,2,0,0,1,0,1,0,0,0,801140.3229,5824104.4777
206343,13.496413812115488,52.50688501012494,204344,204344,11,0,11,11,2018,8,19,4,3,4,6,0,1,1,0,0,0,0,0,805101.5248,5826925.08
206344,13.274046562466733,52.41852648632077,204345,204345,11,0,6,6,2018,8,6,6,3,5,2,0,0,1,0,0,0,0,0,790602.415,5816186.2572
206345,13.479849706523016,52.50613140193872,204346,204346,11,0,11,11,2018,8,19,2,3,0,1,2,1,0,0,0,0,0,0,803983.3808,5826771.3597
206346,13.400956274317975,52.571667668449535,204347,204347,11,0,3,3,2018,8,15,3,3,6,7,0,1,0,1,0,0,0,0,798187.7774,5833725.8824
206347,13.410826677893903,52.530645602411106,204348,204348,11,0,3,3,2018,8,6,6,3,5,3,1,1,1,0,0,0,0,0,799135.4178,5829207.2929
206348,13.431916489599569,52.50568818307313,204349,204349,11,0,2,2,2018,8,17,6,3,0,1,0,0,0,0,1,0,0,0,800735.5639,5826521.1009
206349,13.401742213953288,52.53034492840406,204350,204350,11,0,1,1,2018,8,18,2,2,0,7,0,0,0,0,1,0,0,0,798521.6818,5829136.2139
206350,13.318270906873256,52.4583597283676,204351,204351,11,0,6,6,2018,8,15,6,2,0,1,0,1,0,0,0,0,0,0,793342.8577,5820792.6449
206351,13.302381875335314,52.50197356418799,204352,204352,11,0,4,4,2018,8,13,4,3,5,3,0,1,1,0,0,0,0,0,791974.767,5825575.8842
206352,13.409710962226196,52.53854732416673,204353,204353,11,0,3,3,2018,8,16,6,3,0,1,0,1,0,0,0,0,0,0,799006.0335,5830080.9171
206353,13.347278597053919,52.48519226295928,204354,204354,11,0,7,7,2018,8,18,2,3,1,5,0,1,1,0,0,0,0,0,795132.5898,5823893.3767
206354,13.560122128147672,52.53409575024124,204355,204355,11,0,10,10,2018,8,17,4,3,2,6,0,0,1,0,0,0,0,0,809230.6425,5830220.8044
206355,13.274777862973227,52.535746132556866,204356,204356,11,0,5,5,2018,8,7,5,3,3,6,0,0,1,0,0,0,0,0,789879.6992,5829218.38
206356,13.386769034610474,52.527429542173024,204357,204357,11,0,1,1,2018,8,17,5,3,0,6,0,1,1,0,0,0,0,0,797526.4635,5828750.2727
206357,13.428872833923593,52.49855964754158,204358,204358,11,0,2,2,2018,8,1,4,3,6,7,2,0,1,1,0,0,0,0,800577.8252,5825716.1021
206358,13.38020008523071,52.49866360994645,204359,204359,11,0,2,2,2018,8,9,5,3,0,2,0,1,1,0,0,0,0,0,797275.4920000001,5825525.9027
206359,13.549006211328585,52.54344527363576,204360,204360,11,0,10,10,2018,8,19,3,3,0,4,0,0,1,1,0,0,0,0,808411.64,5831212.291
206360,13.599099326741385,52.53505446030394,204361,204361,11,0,10,10,2018,8,9,5,3,0,6,0,0,0,0,0,0,1,0,811865.4820000001,5830495.3025
206361,13.384792080723678,52.51436181545896,204362,204362,11,0,1,1,2018,8,18,5,3,5,3,1,1,0,0,1,0,0,0,797480.8304,5827289.6637
206362,13.282277243306803,52.41629047294696,204363,204363,11,0,6,6,2018,8,16,2,3,1,5,0,0,1,0,0,0,0,0,791176.5189,5815970.8828
206363,13.425724992539283,52.57981856359204,204364,204364,11,0,3,3,2018,8,16,5,3,6,4,0,0,1,1,0,0,0,0,799809.4296,5834734.6325
206364,13.386045245816375,52.51551172265446,204365,204365,11,0,1,1,2018,8,10,4,3,2,2,0,1,0,0,0,0,1,0,797558.0277,5827422.6446
206365,13.20127984980684,52.512163308911724,204366,204366,11,0,5,5,2018,8,16,5,3,5,2,0,1,0,0,0,0,0,0,785050.8459999999,5826304.018999999
206366,13.324691817487448,52.54184586134711,204367,204367,11,0,4,4,2018,8,16,2,3,3,6,0,0,1,0,1,0,0,0,793222.0806,5830098.262
206367,13.148789191087847,52.556753733629925,204368,204368,11,0,5,5,2018,8,10,4,3,0,1,0,1,0,0,0,0,0,0,781205.6898,5831054.3667
206368,13.40314244852939,52.55865276761054,204369,204369,11,0,3,3,2018,8,19,5,2,1,5,0,1,1,0,0,0,0,0,798424.2729999999,5832288.3578
206369,13.403144240668368,52.46342927317173,204370,204370,11,0,7,7,2018,8,19,5,3,5,3,0,0,1,0,0,0,0,0,799071.0488,5821704.5412
206370,13.292202719897892,52.519129514176576,204371,204371,11,0,4,4,2018,8,16,2,3,1,5,0,0,1,0,1,0,0,0,791170.7483,5827441.6303
206371,13.346458916696491,52.589672412025756,204372,204372,11,0,12,12,2018,8,19,5,3,5,2,0,1,1,0,0,0,0,0,794376.3618,5835502.9501
206372,13.431353368087304,52.46636190044101,204373,204373,11,0,8,8,2018,8,18,5,2,6,4,0,0,1,1,0,0,0,0,800966.0581,5822147.7975
206373,13.304740930323172,52.448581566015434,204374,204374,11,0,6,6,2018,8,16,2,3,5,7,0,0,1,0,0,0,0,0,792489.0702,5819650.8804
206374,13.291162413306697,52.60873611116836,204375,204375,11,0,12,12,2018,8,8,4,3,2,6,0,1,1,0,0,0,0,0,790506.7905,5837397.3771
206375,13.372903829254248,52.56425429921268,204376,204376,11,0,12,12,2018,8,18,5,3,2,6,1,0,1,0,0,0,0,0,796338.0838,5832786.1601
206376,13.45567921507694,52.537446606902655,204377,204377,11,0,3,3,2018,8,15,2,3,4,5,0,1,0,0,0,0,1,0,802128.9037,5830150.2705
206377,13.343587097954593,52.41543436651336,204378,204378,11,0,6,6,2018,8,9,4,3,5,3,0,1,1,0,0,0,0,0,795349.0168,5816124.757999999
206378,13.351374915647805,52.44000778843449,204379,204379,11,0,6,6,2018,8,18,5,2,0,4,0,0,1,1,0,0,0,0,795713.5762,5818887.9447
206379,13.407858955012285,52.50428357412317,204380,204380,11,0,2,2,2018,8,15,2,3,5,3,0,1,1,0,0,0,0,0,799113.4849,5826264.9197
206380,13.450207463493655,52.5434897073878,204381,204381,11,0,3,3,2018,8,16,4,3,5,3,0,0,1,0,0,0,0,0,801716.578,5830799.0118
206381,13.546462354920509,52.42637424201061,204382,204382,11,0,9,9,2018,8,17,5,3,5,2,0,0,1,0,0,0,0,0,809059.9404,5818189.9777
206382,13.422551977665748,52.54460906657238,204383,204383,11,0,3,3,2018,8,17,5,3,5,3,0,1,1,0,0,0,0,0,799834.9203,5830808.0075
206383,13.610018828720207,52.494166911517276,204384,204384,11,0,10,10,2018,8,15,2,3,2,6,0,0,1,0,0,0,0,0,812896.275,5825998.4103
206384,13.314382338960176,52.53032676497246,204385,204385,11,0,1,1,2018,8,17,5,2,5,2,0,0,1,0,1,0,0,0,792600.0948,5828776.0146
206385,13.375556926190756,52.5412095247229,204386,204386,11,0,1,1,2018,8,20,5,3,5,2,1,0,1,0,1,0,0,0,796673.3838,5830235.6806
206386,13.354659439295876,52.51701473744534,204387,204387,11,0,1,1,2018,8,15,2,3,0,1,0,1,0,0,0,0,0,1,795419.7284,5827460.637999999
206387,13.293718710483176,52.53473080970208,204388,204388,11,0,4,4,2018,8,19,4,3,0,6,0,0,1,0,0,0,0,0,791170.2086,5829181.8615
206388,13.377540447660598,52.5627170535274,204389,204389,11,0,12,12,2018,8,21,5,3,5,2,2,0,1,0,1,0,0,0,796662.5187,5832634.3767
206389,13.451210196251454,52.53993497053938,204390,204390,11,0,3,3,2018,8,15,2,3,2,6,0,1,1,0,0,0,0,0,801808.94,5830408.117000001
206390,13.466535338217547,52.433382309946744,204391,204391,11,0,8,8,2018,8,15,3,2,5,3,0,1,1,0,0,0,0,0,803581.2858,5818629.6579
206391,13.378345330070346,52.534333697118385,204392,204392,11,0,1,1,2018,8,16,5,2,2,2,0,0,1,0,0,0,0,0,796908.7945,5829482.9247
206392,13.403647745486793,52.52578416619612,204393,204393,11,0,1,1,2018,8,16,5,3,6,4,0,1,0,1,0,0,0,0,798681.829,5828637.1905
206393,13.505962246917202,52.53473474780554,204394,204394,11,0,11,11,2018,8,6,2,3,2,6,0,0,1,0,0,0,1,0,805555.5033,5830060.8361
206394,13.306096820463555,52.50855441902892,204395,204395,11,0,4,4,2018,8,15,4,3,6,7,0,1,0,0,0,0,1,0,792183.0537,5826322.399
206395,13.59341881656752,52.449565017726506,204396,204396,11,0,9,9,2018,8,13,5,2,5,3,0,0,0,0,0,1,1,0,812086.0524,5820969.4847
206396,13.461502608584937,52.51210328302317,204397,204397,11,0,2,2,2018,8,16,5,3,5,2,0,0,1,0,1,0,0,0,802697.9889,5827357.9134
206397,13.502876073080506,52.526297560542886,204398,204398,11,0,11,11,2018,8,7,2,3,0,7,0,1,1,0,0,0,0,0,805404.9507,5829110.0195
206398,13.48717424685452,52.47596561511861,204399,204399,11,0,9,9,2018,8,15,5,3,2,7,0,0,1,0,0,0,0,0,804688.8448,5823449.5261
206399,13.350253946632302,52.41431981437538,204400,204400,11,0,7,7,2018,8,14,5,3,5,2,0,0,1,0,0,0,0,0,795809.584,5816028.171
206400,13.296685764119925,52.54810568243707,204401,204401,11,0,4,4,2018,8,15,2,3,5,2,0,0,1,0,0,0,0,1,791282.6525,5830680.488
206401,13.258895980228322,52.511857117251424,204402,204402,11,0,4,4,2018,8,9,2,2,5,3,0,0,1,0,0,0,0,0,788960.1695,5826499.3011
206402,13.546084618733413,52.45706740750578,204403,204403,11,0,9,9,2018,8,18,4,3,2,6,0,0,1,0,0,0,0,0,808819.2591,5821599.6305
206403,13.19748565710086,52.54071307008794,204404,204404,11,0,5,5,2018,8,21,5,3,1,5,2,1,1,0,0,0,0,0,784608.6939,5829462.4809
206404,13.519749617745653,52.578624029661825,204405,204405,11,0,11,11,2018,8,6,3,3,5,3,0,1,1,0,0,0,0,0,806183.7895,5834997.3581
206405,13.378808443938643,52.437657126428185,204406,204406,11,0,7,7,2018,8,14,5,3,5,2,0,0,1,0,1,0,0,0,797592.8484,5818739.4307
206406,13.404946757896653,52.517449690558436,204407,204407,11,0,1,1,2018,8,14,5,3,6,4,0,0,0,1,1,0,0,0,798826.5206,5827716.2197
206407,13.456986061694385,52.45335020909622,204408,204408,11,0,8,8,2018,8,15,2,3,5,7,0,0,1,0,1,0,0,0,802795.4412,5820808.8585
206408,13.330690392357313,52.444857296489545,204409,204409,11,0,6,6,2018,8,14,5,3,4,6,0,0,1,1,0,0,1,0,794276.2159999999,5819342.4177
206409,13.348076972067725,52.54860467767495,204410,204410,11,0,1,1,2018,8,13,4,3,2,6,0,0,1,0,0,0,1,0,794761.5004,5830944.8938
206410,13.432377220237436,52.46648295926578,204411,204411,11,0,8,8,2018,8,13,5,3,6,4,0,0,1,1,0,0,0,0,801034.7325,5822165.5243
206411,13.584139831435287,52.44395405971762,204412,204412,11,0,9,9,2018,8,13,5,3,2,6,0,0,1,0,1,0,0,0,811495.6069,5820305.7914
206412,13.347010298126321,52.500879925130825,204413,204413,11,0,7,7,2018,8,15,2,3,5,2,0,1,1,0,0,0,0,0,795009.2376,5825635.9504
206413,13.406482674911585,52.498326089165104,204414,204414,11,0,2,2,2018,8,12,5,3,5,2,0,0,1,0,1,0,0,0,799060.6218,5825597.0552
206414,13.340178411862901,52.58810739874972,204415,204415,11,0,12,12,2018,8,16,4,3,2,6,0,0,1,0,0,0,0,0,793961.6971,5835303.3498
206415,13.31862585190326,52.496188402119806,204416,204416,11,0,4,4,2018,8,11,5,3,1,5,0,1,1,0,0,0,0,0,793115.1235,5824998.7517
206416,13.320312129828727,52.49804092231668,204417,204417,11,0,4,4,2018,8,15,2,3,5,3,0,0,1,0,0,0,0,0,793217.178,5825211.5145
206417,13.470774437737624,52.61027534109529,204418,204418,11,0,3,3,2018,8,17,4,2,5,3,0,0,1,0,0,0,1,0,802649.3201,5838308.2045
206418,13.605207555364714,52.48792640935042,204419,204419,11,0,10,10,2018,8,8,5,3,0,3,0,0,0,0,0,0,1,0,812614.2183,5825283.9811
206419,13.340063970088973,52.588079915747976,204420,204420,11,0,12,12,2018,8,9,5,3,0,7,0,0,1,0,1,0,0,0,793954.1340000001,5835299.828
206420,13.444048783687304,52.53384809623376,204421,204421,11,0,3,3,2018,8,9,5,3,0,4,0,1,0,1,0,0,0,0,801365.3585,5829701.6222
206421,13.449268702462184,52.468506492271004,204422,204422,11,0,8,8,2018,8,15,2,3,5,3,0,0,1,0,1,0,0,0,802167.4817,5822461.0468
206422,13.38699198209094,52.53835170053319,204423,204423,11,0,1,1,2018,8,8,5,3,4,6,0,0,1,0,1,0,0,0,797467.6565,5829965.1689
206423,13.507458982114365,52.46324359251346,204424,204424,11,0,9,9,2018,8,10,4,3,5,2,0,1,1,0,0,0,0,0,806153.8844,5822121.4418
206424,13.391377532155188,52.530457810162495,204425,204425,11,0,1,1,2018,8,19,5,3,0,7,0,1,0,0,0,0,0,0,797818.3543,5829105.8884
206425,13.477552621815061,52.56057497204272,204426,204426,11,0,3,3,2018,8,14,2,3,5,2,0,0,1,0,1,0,0,0,803451.4953,5832812.7776
206426,13.326248251125119,52.591686642143685,204427,204427,11,0,12,12,2018,8,6,4,3,0,1,0,0,0,0,1,0,0,0,792994.7685,5835644.4286
206427,13.45129327694048,52.465161534281066,204428,204428,11,0,8,8,2018,8,12,5,2,0,7,0,0,1,0,0,0,0,0,802327.8577,5822097.7534
206428,13.2882974541003,52.59559545787426,204429,204429,11,0,12,12,2018,8,14,2,3,2,6,0,0,1,0,1,0,0,0,790399.942,5835925.209
206429,13.548349232937115,52.42748190647802,204430,204430,11,0,9,9,2018,8,11,4,3,3,6,0,0,1,0,0,0,0,0,809180.3755,5818321.1656
206430,13.472756204797735,52.60698337672902,204431,204431,11,0,3,3,2018,8,19,5,2,0,1,0,1,0,0,0,0,0,0,802806.1436,5837950.6501
206431,13.417721586364395,52.49926201052035,204432,204432,11,0,2,2,2018,8,8,5,3,0,7,0,1,0,0,0,0,1,1,799816.62,5825747.7466
206432,13.357624323501206,52.545381907129624,204433,204433,11,0,1,1,2018,8,14,2,2,0,7,0,1,0,0,0,0,0,0,795430.0705,5830625.7763
206433,13.361414495347974,52.503240638427,204434,204434,11,0,1,1,2018,8,21,5,3,0,1,2,1,0,0,0,0,0,1,795970.4095,5825957.3628
206434,13.332532157878685,52.50602210417007,204435,204435,11,0,4,4,2018,8,8,5,3,2,4,0,0,1,1,0,0,0,0,793992.8128,5826148.375
206435,13.303509057997642,52.57787936713313,204436,204436,11,0,12,12,2018,8,14,2,3,8,1,0,0,0,0,0,0,1,0,791547.2501,5834017.4749
206436,13.473433163517747,52.54868712002934,204437,204437,11,0,3,3,2018,8,9,4,3,2,6,0,0,1,0,0,0,0,0,803254.5305,5831474.1639
206437,13.194807864578845,52.53439591934689,204438,204438,11,0,5,5,2018,8,8,5,3,5,3,0,0,1,0,0,0,0,0,784468.0915,5828749.7265
206438,13.308154024447957,52.47786561243953,204439,204439,11,0,4,4,2018,8,14,2,2,5,2,0,0,1,0,1,0,0,1,792526.423,5822919.654
206439,13.325103195581908,52.52513607993498,204440,204440,11,0,1,1,2018,8,8,4,3,3,6,0,0,0,0,1,0,1,0,793361.4514,5828242.6369
206440,13.417696482045475,52.49926927075094,204441,204441,11,0,2,2,2018,8,8,5,3,0,7,0,1,0,0,0,0,1,1,799814.8677,5825748.4492
206441,13.232228913402535,52.540664111355476,204442,204442,11,0,5,5,2018,8,8,5,3,5,2,0,0,1,0,0,0,0,0,786963.6512,5829594.7834
206442,13.346032295089982,52.495833641190785,204443,204443,11,0,7,7,2018,8,14,2,3,5,3,0,1,1,0,0,0,0,0,794976.7162,5825071.0591
206443,13.322286953810005,52.521116767704285,204444,204444,11,0,4,4,2018,8,8,5,3,5,2,0,1,1,0,0,0,0,0,793197.3236,5827784.4326
206444,13.295951250339645,52.4811733912094,204445,204445,11,0,4,4,2018,8,7,5,3,0,3,0,1,1,0,0,0,0,0,791676.3441,5823237.9052
206445,13.277763947419288,52.51839310578258,204446,204446,11,0,4,4,2018,8,13,2,3,2,6,0,0,1,0,0,0,0,0,790196.5966,5827301.566000001
206446,13.550506695195436,52.53394822716365,204447,204447,11,0,10,10,2018,8,7,5,3,5,3,0,1,1,0,0,0,0,0,808579.9956,5830163.1972
206447,13.331433882103894,52.496531901099345,204448,204448,11,0,4,4,2018,8,12,2,3,2,6,0,0,1,0,1,0,0,0,793981.7107,5825089.062999999
206448,13.517105391672544,52.44458904116335,204449,204449,11,0,9,9,2018,8,7,5,3,5,2,0,0,1,0,1,0,0,0,806938.6018,5820089.1122
206449,13.384195547272734,52.52965372903746,204450,204450,11,0,1,1,2018,8,6,5,3,0,7,0,1,0,0,0,0,0,0,797336.9665,5828986.8685
206450,13.432880934363348,52.51781931398422,204451,204451,11,0,2,2,2018,8,12,2,3,5,2,0,1,1,0,0,0,0,0,800718.0341,5827873.4508
206451,13.273533741220474,52.5416891743075,204452,204452,11,0,4,4,2018,8,22,4,3,5,3,2,0,1,0,0,0,0,0,789756.1916,5829873.9611
206452,13.453564314098498,52.51413556546233,204453,204453,11,0,2,2,2018,8,5,5,2,3,2,0,1,0,0,0,1,0,0,802145.725,5827550.494
206453,13.312512166912857,52.569535109421494,204454,204454,11,0,12,12,2018,8,12,2,3,5,3,0,0,1,0,0,0,0,0,792212.4193,5833126.4725
206454,13.280969689715246,52.47683055493715,204455,204455,11,0,4,4,2018,8,14,4,3,5,2,0,0,1,0,0,0,0,0,790688.312,5822694.722
206455,13.415308033283226,52.526875772853614,204456,204456,11,0,1,1,2018,8,5,5,2,6,4,2,0,0,1,1,0,0,0,799464.8571,5828806.8944
206456,13.225795974346676,52.55443954981549,204457,204457,11,0,5,5,2018,8,10,5,3,5,2,0,1,1,0,0,0,0,0,786437.8609,5831100.3922
206457,13.434363573197059,52.45150534385239,204458,204458,11,0,8,8,2018,8,7,2,3,5,2,0,1,1,0,0,0,0,0,801271.9332,5820509.1189
206458,13.241133481622644,52.61813948125389,204459,204459,11,0,12,12,2018,8,5,4,3,5,7,1,1,1,0,0,0,0,0,787059.9406,5838241.9656
206459,13.364162144459744,52.475896698249976,204460,204460,11,0,7,7,2018,8,7,2,3,5,7,0,1,1,0,0,0,0,0,796340.7636,5822929.4046
206460,13.552670471711854,52.507516227803144,204461,204461,11,0,10,10,2018,8,11,2,2,6,2,0,0,0,1,0,0,1,0,808912.2781,5827234.7759
206461,13.362504909965706,52.56725855628571,204462,204462,11,0,12,12,2018,8,7,4,3,5,2,0,0,1,0,0,0,0,0,795613.5108,5833077.3639
206462,13.433140368715724,52.60621246084671,204463,204463,11,0,3,3,2018,9,16,2,2,5,3,0,0,1,0,1,0,0,0,800130.8408,5837699.1137
206463,13.248751008382413,52.53796189311385,204464,204464,11,0,5,5,2018,8,6,5,3,3,6,1,0,1,0,0,0,0,0,788101.0989,5829360.3262
206464,13.398733827932023,52.532580104367774,204465,204465,11,0,1,1,2018,9,23,2,3,0,1,2,1,0,0,0,0,0,0,798302.5929,5829372.194
206465,13.286800193388698,52.49581753573746,204466,204466,11,0,4,4,2018,9,17,2,3,5,2,0,0,1,0,1,0,0,0,790958.5440000001,5824828.6620000005
206466,13.343184335602025,52.4862003121161,204467,204467,11,0,7,7,2018,8,7,5,2,5,5,0,1,1,0,0,0,0,1,794848.0226,5823988.6764
206467,13.359976335697215,52.434325893356885,204468,204468,11,0,6,6,2018,8,15,5,3,5,3,0,0,1,0,0,0,1,1,796335.9946,5818291.6887
206468,13.314611293474936,52.547458110213,204469,204469,11,0,4,4,2018,9,13,2,3,5,3,0,0,1,0,0,0,0,0,792501.5792,5830681.1073
206469,13.463288717186275,52.58397595353511,204470,204470,11,0,3,3,2018,8,9,5,2,4,1,0,0,1,0,0,0,0,1,802324.0961,5835353.7093
206470,13.401104436152716,52.425918643645204,204471,204471,11,0,7,7,2018,9,16,2,3,1,5,0,0,1,0,0,0,0,0,799186.9569,5817526.9031
206471,13.273330743525849,52.409804444847424,204472,204472,11,0,6,6,2018,8,13,5,3,2,6,0,0,1,0,0,1,0,1,790611.1733,5815213.9095
206472,13.458405151009964,52.47271178007725,204473,204473,11,0,8,8,2018,9,14,2,3,8,1,0,0,0,0,1,0,0,0,802758.7491,5822966.7498
206473,13.189225177346168,52.455193046064785,204474,204474,11,0,6,6,2018,9,15,2,3,8,1,0,0,1,0,0,0,0,0,784601.2396,5819923.9022
206474,13.480519465246026,52.499059290682624,204475,204475,11,0,11,11,2018,8,11,5,3,5,2,0,0,1,0,0,0,0,1,804077.6702,5825988.1602
206475,13.109252673550484,52.41401068670572,204476,204476,11,0,6,6,2018,8,12,5,3,5,2,0,0,1,0,0,0,0,1,779431.306,5815033.8059
206476,13.198365018830819,52.54286398349154,204477,204477,11,0,5,5,2018,8,11,5,2,2,6,0,0,1,0,0,0,0,1,784654.3592,5829705.0385
206477,13.385391906500145,52.46573260612937,204478,204478,11,0,7,7,2018,9,13,2,3,5,3,0,1,0,0,0,0,0,0,797850.3133,5821887.1131
206478,13.346515042537144,52.45990299441301,204479,204479,11,0,6,6,2018,9,13,2,3,5,3,0,1,1,0,0,0,0,0,795250.214,5821079.374
206479,13.308927966184337,52.54759089057269,204480,204480,11,0,4,4,2018,8,10,5,3,5,3,0,0,1,0,0,0,0,0,792115.5951,5830672.8158
206480,13.487001602335019,52.62140926257732,204481,204481,11,0,3,3,2018,8,8,5,2,5,5,0,0,1,0,0,0,0,0,803670.0664,5839614.01
206481,13.168394674228756,52.51733175389476,204482,204482,11,0,5,5,2018,9,13,2,2,1,5,0,1,1,0,0,0,0,0,782787.4367,5826749.0413
206482,13.339195507618365,52.59583105183914,204483,204483,11,0,12,12,2018,8,9,5,3,9,1,0,0,1,0,0,0,0,1,793843.4148,5836157.8256
206483,13.46110979776908,52.47140101360346,204484,204484,11,0,8,8,2018,8,10,1,3,0,4,0,1,0,1,0,0,0,0,802951.3326,5822832.4199
206484,13.299987058416011,52.519617354954995,204485,204485,11,0,4,4,2018,9,13,2,3,2,6,0,0,1,0,1,0,0,0,791695.3222,5827527.3191
206485,13.336915281593337,52.50085243995719,204486,204486,11,0,4,4,2018,8,23,5,3,5,2,2,0,1,0,1,0,0,1,794324.6649,5825591.6471
206486,13.30274897097786,52.43749761708946,204487,204487,11,0,6,6,2018,9,12,2,3,6,4,0,0,1,1,0,0,0,0,792427.2731,5818410.8227