,X,Y,OBJECTID_1,OBJECTID,ULAND,UREGBEZ,UKREIS,UGEMEINDE,UJAHR,UMONAT,USTUNDE,UWOCHENTAG,UKATEGORIE,UART,UTYP1,ULICHTVERH,IstRad,IstPKW,IstFuss,IstKrad,IstGkfz,IstSonstig,STRZUSTAND,LINREFX,LINREFY
206487,13.418935391772935,52.49888382500411,204488,204488,11,0,2,2,2018,9,12,2,3,0,2,0,1,1,0,0,0,0,0,799901.5317,5825710.7598
206488,13.452351259681532,52.51062976129721,204489,204489,11,0,2,2,2018,8,21,5,3,1,1,2,1,1,0,0,0,0,1,802087.5449,5827155.7575
206489,13.71367465949858,52.43197767771118,204490,204490,11,0,9,9,2018,8,21,5,3,5,3,2,0,1,0,0,0,0,1,820379.5322,5819541.9024
206490,13.321792760029496,52.521020042886754,204491,204491,11,0,4,4,2018,9,11,2,3,2,7,0,0,1,0,1,0,0,0,793164.4619,5827771.672
206491,13.397778969988966,52.495360282895355,204492,204492,11,0,2,2,2018,8,20,5,3,0,3,2,0,1,0,0,0,1,1,798490.3296,5825231.3556
206492,13.366988742010223,52.5857420739928,204493,204493,11,0,3,3,2018,8,19,5,3,2,6,1,1,1,0,0,0,0,0,795792.5952,5835150.1964
206493,13.170831791916484,52.53367465410128,204494,204494,11,0,5,5,2018,9,10,2,3,5,3,0,0,1,0,0,0,0,0,782847.5618,5828575.2154
206494,13.446709465099774,52.50261178507329,204495,204495,11,0,2,2,2018,9,10,2,3,5,2,0,1,0,0,0,1,0,0,801759.9411,5826240.9732
206495,13.325023994716547,52.51750783470894,204496,204496,11,0,4,4,2018,8,19,5,3,5,2,2,1,1,0,0,0,0,1,793406.9706,5827394.4329
206496,13.503454191966448,52.41161924472323,204497,204497,11,0,8,8,2018,9,10,2,2,5,2,0,1,1,0,0,0,0,0,806240.2452,5816366.7852
206497,13.334911661217337,52.524804483708714,204498,204498,11,0,1,1,2018,9,9,2,3,5,3,0,1,1,0,0,0,0,0,794028.6231,5828245.7377
206498,13.525328728785182,52.48137774615119,204499,204499,11,0,11,11,2018,9,5,2,3,3,6,2,1,1,0,0,0,0,0,807240.4675,5824212.8927
206499,13.42108641760222,52.52451858626465,204500,204500,11,0,1,1,2018,8,18,5,3,2,6,0,0,1,0,1,0,0,1,799872.6449,5828568.9213
206500,13.388578144574625,52.50659960735933,204501,204501,11,0,2,2,2018,9,8,2,3,1,5,0,1,1,0,0,0,0,0,797790.0978,5826442.5393
206501,13.433992158454638,52.442830413312684,204502,204502,11,0,8,8,2018,9,9,2,3,5,7,0,0,1,0,0,0,0,0,801305.9856,5819543.3888
206502,13.212801985695696,52.56105613240836,204503,204503,11,0,5,5,2018,8,18,5,3,6,4,0,0,1,1,0,0,0,1,785514.4899,5831784.2933
206503,13.577074858406794,52.54010149669586,204504,204504,11,0,10,10,2018,8,18,5,3,2,1,0,0,1,0,0,0,0,1,810337.1878,5830961.1567
206504,13.386252692866625,52.50608585813636,204505,204505,11,0,2,2,2018,9,8,2,2,3,6,0,1,0,0,0,0,0,0,797635.858,5826375.8362
206505,13.426232549657984,52.499355398125324,204506,204506,11,0,2,2,2018,8,18,5,3,2,6,1,0,1,0,1,0,0,1,800393.2962,5825793.5451
206506,13.321728357111821,52.50187388805799,204507,204507,11,0,4,4,2018,9,8,2,3,0,3,0,1,0,0,1,0,0,0,793287.7061,5825643.3085
206507,13.241683246084964,52.54338822312998,204508,204508,11,0,5,5,2018,9,8,2,2,5,2,0,0,1,0,1,0,0,0,787586.5642,5829935.2583
206508,13.409872960811295,52.529026867406614,204509,204509,11,0,1,1,2018,8,17,5,3,0,3,0,1,1,0,0,0,0,1,799081.7838,5829023.4179
206509,13.31580438013975,52.443075898903615,204510,204510,11,0,6,6,2018,9,8,2,3,5,2,0,1,0,0,0,1,0,0,793277.0318,5819083.822000001
206510,13.409117402198849,52.54129249234812,204511,204511,11,0,3,3,2018,9,7,2,2,3,6,0,1,0,0,0,0,0,0,798947.1324,5830383.5726
206511,13.501531403796337,52.63018314363396,204512,204512,11,0,3,3,2018,8,17,5,2,0,3,0,0,1,0,1,0,0,1,804591.8658,5840650.5619
206512,13.395008554872954,52.5097655570952,204513,204513,11,0,1,1,2018,8,16,5,3,5,3,0,0,1,0,0,0,0,0,798204.7565,5826821.0022
206513,13.513056925435514,52.46719974445883,204514,204514,11,0,9,9,2018,9,7,2,3,3,2,0,1,1,0,0,0,0,0,806506.3812,5822584.9089
206514,13.370889032937793,52.523446046536606,204515,204515,11,0,1,1,2018,8,20,5,2,0,1,2,1,0,0,0,0,0,0,796476.8285,5828242.0912
206515,13.407074121203063,52.504673351863396,204516,204516,11,0,2,2,2018,8,18,5,3,0,1,0,0,0,0,1,0,0,1,799057.605,5826304.9871
206516,13.180173107553019,52.50915128804078,204517,204517,11,0,5,5,2018,8,17,5,3,0,1,0,0,0,0,1,0,0,1,783638.8622,5825885.993
206517,13.52446947763951,52.53642877984772,204518,204518,11,0,10,10,2018,9,8,2,3,0,4,0,0,0,1,1,0,0,0,806797.9987,5830327.7357
206518,13.326541923866234,52.587448844920026,204519,204519,11,0,12,12,2018,8,11,5,3,5,2,0,0,1,0,0,0,1,1,793042.954,5835174.5887
206519,13.402491988313628,52.53122398481314,204520,204520,11,0,1,1,2018,8,6,5,3,5,7,0,1,0,0,0,0,1,0,798566.5343,5829237.024
206520,13.182974996043336,52.53835484878922,204521,204521,11,0,5,5,2018,9,7,2,3,5,7,0,0,1,0,1,0,0,0,783640.4796,5829143.1582
206521,13.396264370894055,52.5383390200856,204522,204522,11,0,1,1,2018,8,12,1,3,2,6,0,1,0,0,0,0,0,0,798096.1512,5830002.0674
206522,13.406628793977358,52.498471402187775,204523,204523,11,0,2,2,2018,9,7,2,3,5,2,0,0,1,0,0,0,0,0,799069.5462,5825613.8123
206523,13.334563931455687,52.464099369264886,204524,204524,11,0,6,6,2018,8,13,4,3,0,3,0,0,1,0,0,0,1,0,794410.7655,5821496.9637
206524,13.440582666502873,52.46205677425621,204525,204525,11,0,8,8,2018,9,7,2,3,5,3,0,1,1,0,0,0,0,0,801622.0301,5821707.8445
206525,13.360979168168027,52.574322269811965,204526,204526,11,0,12,12,2018,9,7,2,3,2,6,0,1,1,0,0,0,0,0,795462.6285,5833856.232000001
206526,13.35665737962433,52.55267992928161,204527,204527,11,0,1,1,2018,8,18,4,2,3,6,0,0,1,0,1,0,0,0,795315.4877,5831432.9832
206527,13.604342116623368,52.53866609010122,204528,204528,11,0,10,10,2018,8,19,4,3,5,2,1,0,1,0,1,0,0,0,812195.1377,5830919.3963
206528,13.162697005334664,52.52006875494644,204529,204529,11,0,5,5,2018,9,7,2,3,5,2,0,1,1,0,0,0,0,0,782383.5078,5827030.9472
206529,13.429768469533233,52.49826053618932,204530,204530,11,0,2,2,2018,8,22,4,3,5,3,2,1,1,0,0,0,0,0,800640.6218,5825686.5905
206530,13.171935802536016,52.550121024009506,204531,204531,11,0,5,5,2018,8,13,1,3,5,3,0,1,1,0,0,0,0,0,782816.5443,5830407.6641
206531,13.457047968193894,52.529557177127906,204532,204532,11,0,3,3,2018,9,7,2,3,0,1,0,1,0,0,0,0,0,0,802275.917,5829279.1364
206532,13.332575528540616,52.46594921038538,204533,204533,11,0,6,6,2018,8,20,4,3,0,7,1,0,1,0,1,0,0,0,794263.4238,5821694.461
206533,13.45781589031956,52.52904016863333,204534,204534,11,0,3,3,2018,9,6,2,3,5,2,0,1,1,0,0,0,0,0,802331.5254,5829224.8939
206534,13.432062871871755,52.505715842382955,204535,204535,11,0,2,2,2018,9,5,2,2,6,2,2,0,1,1,0,0,0,1,800745.3027,5826524.7856
206535,13.478750319532214,52.477592688082474,204536,204536,11,0,9,9,2018,8,20,4,3,5,2,2,0,1,0,0,0,0,0,804105.9097,5823594.8164
206536,13.331160665798444,52.51214183420095,204537,204537,11,0,4,4,2018,9,6,2,3,4,1,0,0,1,0,0,0,0,1,793858.917,5826822.9922
206537,13.338709600796347,52.60559500010538,204538,204538,11,0,12,12,2018,8,19,4,3,0,3,1,0,1,0,1,0,0,0,793745.1142,5837241.1102
206538,13.22971632195957,52.60661192294548,204539,204539,11,0,12,12,2018,9,5,2,3,5,3,0,0,1,0,1,0,0,0,786362.8387,5836915.1705
206539,13.387726357530667,52.5234198424185,204540,204540,11,0,1,1,2018,9,15,2,3,3,6,0,1,0,0,0,0,1,0,797618.4987,5828308.5545
206540,13.468478157920167,52.56214228605691,204541,204541,11,0,3,3,2018,8,17,4,3,5,2,0,0,1,0,0,0,0,0,802826.021,5832948.7979999995
206541,13.360431372812812,52.548599486067864,204542,204542,11,0,1,1,2018,9,17,2,3,5,3,0,1,1,0,0,0,0,0,795598.6333,5830994.9174
206542,13.457404130441098,52.52895849983565,204543,204543,11,0,3,3,2018,8,19,4,2,6,2,0,0,0,1,0,1,0,0,802304.1759,5829214.0899
206543,13.368151946217127,52.525955436403436,204544,204544,11,0,1,1,2018,8,18,4,3,6,4,0,0,1,1,0,0,0,0,796274.3576,5828509.754
206544,13.428191386322114,52.47332472521585,204545,204545,11,0,8,8,2018,9,20,2,2,6,4,2,0,0,1,1,0,0,0,800703.8879,5822908.5008
206545,13.522464923913924,52.44805833941719,204546,204546,11,0,9,9,2018,8,16,4,3,0,1,0,1,0,0,0,0,0,0,807278.4098,5820497.5072
206546,13.392470135068946,52.56404932851634,204547,204547,11,0,1,1,2018,9,18,1,3,2,6,0,0,1,0,0,0,0,0,797664.7420000001,5832844.0295
206547,13.487696716905234,52.618151627611525,204548,204548,11,0,3,3,2018,8,16,4,3,2,2,0,0,1,0,0,0,0,0,803739.6659,5839254.8735
206548,13.412126293971648,52.49867962029462,204549,204549,11,0,2,2,2018,9,19,1,3,5,3,0,1,0,0,0,0,0,0,799441.043,5825659.767999999
206549,13.427936728312108,52.54550926361388,204550,204550,11,0,3,3,2018,9,20,1,3,5,2,2,1,0,0,0,0,1,0,800193.6489,5830930.4772
206550,13.346686328803933,52.498909004150235,204551,204551,11,0,7,7,2018,8,15,4,3,1,5,0,1,1,0,0,0,0,0,795000.4728,5825415.5587
206551,13.361993805399965,52.43468542271629,204552,204552,11,0,6,6,2018,8,15,4,3,5,3,0,0,1,0,0,0,1,0,796470.6323,5818339.9345
206552,13.386453505858512,52.52167479268481,204553,204553,11,0,1,1,2018,9,20,1,3,6,4,2,1,0,1,0,0,0,0,797544.0127,5828109.3419
206553,13.523642423011939,52.487042370715706,204554,204554,11,0,11,11,2018,8,15,4,3,5,3,0,0,1,0,0,0,0,0,807086.5309,5824835.2898
206554,13.329141347362835,52.423025015948525,204555,204555,11,0,6,6,2018,8,14,4,3,5,3,0,0,1,0,0,0,0,0,794316.62,5816909.4572
206555,13.302943541576814,52.518667444207104,204556,204556,11,0,4,4,2018,8,14,4,3,5,2,0,1,1,0,0,0,0,0,791902.0853,5827433.7006
206556,13.314686908265687,52.51141197755167,204557,204557,11,0,4,4,2018,9,18,1,3,5,7,0,0,0,0,1,0,1,0,792746.6192,5826674.8592
206557,13.41816886113764,52.515590205886994,204558,204558,11,0,1,1,2018,9,5,1,3,5,2,2,0,1,0,0,0,0,0,799735.7023,5827564.4293
206558,13.423738822836,52.41983419654886,204559,204559,11,0,8,8,2018,8,14,4,3,1,6,0,0,1,0,1,0,0,0,800766.3205,5816944.6975
206559,13.540614963817985,52.403800521074174,204560,204560,11,0,9,9,2018,9,10,1,3,5,3,0,0,1,0,1,0,0,0,808820.5502,5815656.0884
206560,13.213975426205256,52.53854492064064,204561,204561,11,0,5,5,2018,9,14,1,3,2,6,0,0,1,0,0,0,0,0,785740.3455,5829286.7151
206561,13.593206966874057,52.45267506122789,204562,204562,11,0,9,9,2018,8,14,4,3,5,2,0,1,1,0,0,0,0,0,812049.6506,5821314.2162
206562,13.4038486132759,52.495228961267046,204563,204563,11,0,2,2,2018,8,14,4,3,6,4,0,0,1,1,0,0,0,0,798902.9756,5825241.8985
206563,13.495091996870439,52.43174871051057,204564,204564,11,0,8,8,2018,9,14,1,3,5,3,0,1,0,0,0,0,0,0,805532.5148,5818568.5941
206564,13.287702112713742,52.496083500836505,204565,204565,11,0,4,4,2018,8,14,4,3,0,2,0,0,1,0,0,0,1,0,791017.9721,5824861.8633
206565,13.413902218372593,52.50037028976461,204566,204566,11,0,2,2,2018,8,13,4,3,5,3,0,0,1,0,0,0,0,0,799550.0015,5825855.0559
206566,13.492259641118968,52.449963518445166,204567,204567,11,0,9,9,2018,9,15,1,3,5,3,0,0,0,0,1,0,1,0,805214.0149,5820581.0594
206567,13.384329772644177,52.55091745188489,204568,204568,11,0,1,1,2018,9,14,1,3,6,7,0,1,0,1,0,0,0,0,797202.2269,5831350.8457
206568,13.46084957559422,52.454212069588394,204569,204569,11,0,9,9,2018,8,12,4,3,5,3,0,1,1,0,0,0,0,0,803051.8557,5820920.8694
206569,13.317512964132044,52.50611444126031,204570,204570,11,0,4,4,2018,9,13,1,2,5,7,0,0,1,0,0,0,0,1,792973.5423,5826097.5127
206570,13.45749980640876,52.52909438124172,204571,204571,11,0,3,3,2018,8,12,4,3,5,3,0,1,1,0,0,0,0,0,802309.7269,5829229.5937
206571,13.379110275179164,52.55244458346266,204572,204572,11,0,1,1,2018,9,3,1,3,0,7,2,1,0,0,0,0,0,0,796838.2716,5831499.0715
206572,13.390819959536426,52.56783941959336,204573,204573,11,0,3,3,2018,9,4,1,2,0,1,2,1,0,0,0,0,0,0,797527.2869,5833258.475
206573,13.379827313133907,52.552905655232884,204574,204574,11,0,1,1,2018,8,12,4,3,0,6,0,1,1,0,0,0,0,0,796883.7351,5831553.2727
206574,13.452273326339045,52.527456964820594,204575,204575,11,0,2,2,2018,9,12,7,3,5,3,0,1,1,0,0,0,0,0,801966.6973,5829025.696
206575,13.40332701279438,52.56553848766719,204576,204576,11,0,3,3,2018,9,11,7,3,2,7,0,0,1,0,1,0,0,0,798389.9811,5833054.4533
206576,13.308765878666058,52.55743320611613,204577,204577,11,0,12,12,2018,8,11,4,3,2,6,0,0,1,0,0,0,0,0,792039.1733,5831766.1438
206577,13.330413127344851,52.42924387579938,204578,204578,11,0,6,6,2018,8,10,4,3,1,5,0,1,1,0,0,0,1,0,794361.5546,5817605.8648
206578,13.368506275002856,52.546290491804434,204579,204579,11,0,1,1,2018,9,23,7,3,4,6,2,1,1,0,0,0,0,0,796161.3273,5830771.426
206579,13.230484925008234,52.4275240753126,204580,204580,11,0,6,6,2018,8,10,4,2,1,5,0,1,0,0,0,1,0,0,787583.3167,5817011.9246
206580,13.392875615723595,52.4127213303305,204581,204581,11,0,7,7,2018,8,9,4,2,6,4,0,0,1,1,0,0,0,0,798717.146,5816025.989
206581,13.400955967094136,52.551086273672155,204582,204582,11,0,3,3,2018,9,13,7,3,2,6,0,1,0,0,0,0,0,0,798327.548,5831438.307
206582,13.199481583406456,52.53477409002457,204583,204583,11,0,5,5,2018,8,17,1,3,5,2,0,0,1,0,0,0,1,0,784782.4388,5828810.2148
206583,13.42383113820615,52.488333019047424,204584,204584,11,0,2,2,2018,9,15,7,3,6,4,0,1,0,1,0,0,0,0,800305.5919,5824558.4485
206584,13.346897734729627,52.51969647695258,204585,204585,11,0,1,1,2018,8,9,4,3,5,3,0,1,1,0,0,0,0,0,794875.4582,5827726.9377
206585,13.331186703466948,52.52561887338658,204586,204586,11,0,1,1,2018,9,18,7,3,4,5,0,0,1,0,1,0,0,0,793770.651,5828321.0717
206586,13.301896043073492,52.525750887428615,204587,204587,11,0,4,4,2018,8,9,4,3,6,4,0,1,0,1,0,0,0,0,791784.0587,5828216.7934
206587,13.418376908262484,52.52851547948435,204588,204588,11,0,3,3,2018,8,8,4,3,0,1,0,0,0,0,1,0,0,0,799661.7174,5829001.8955
206588,13.429613947626278,52.52556663005002,204589,204589,11,0,2,2,2018,9,19,7,3,0,6,1,1,1,0,0,0,0,0,800443.5871,5828720.9139
206589,13.496883321090293,52.57013529617922,204590,204590,11,0,11,11,2018,8,8,4,3,0,3,0,0,1,0,0,0,1,0,804694.5098,5833956.9375
206590,13.34289588386934,52.52537456725057,204591,204591,11,0,1,1,2018,8,8,4,3,5,2,0,0,1,0,1,0,0,0,794566.0883,5828341.6955
206591,13.343334427916295,52.5314854207901,204592,204592,11,0,1,1,2018,9,17,7,2,3,6,0,0,1,0,1,0,0,0,794554.8758,5829022.7067
206592,13.5183523287454,52.50564800555021,204593,204593,11,0,11,11,2018,8,7,4,2,6,4,0,0,1,1,0,0,0,0,806597.9694,5826880.6554
206593,13.406528407244384,52.50034656937182,204594,204594,11,0,2,2,2018,9,18,7,2,1,5,0,1,1,0,0,0,0,0,799049.9947,5825821.8151
206594,13.453457259171135,52.591383430051174,204595,204595,11,0,3,3,2018,8,7,4,3,5,2,0,1,1,0,0,0,0,0,801607.5757,5836135.8005
206595,13.427100960924593,52.487291481120614,204596,204596,11,0,8,8,2018,9,12,7,3,3,3,0,0,1,0,0,0,0,0,800534.554,5824456.3053
206596,13.34635108292978,52.48922536464451,204597,204597,11,0,7,7,2018,9,15,7,3,1,5,0,1,1,0,0,0,0,0,795042.6274,5824337.8581
206597,13.402476610054247,52.511869819014045,204598,204598,11,0,1,1,2018,8,6,4,3,5,2,0,0,1,0,1,0,0,0,798696.923,5827085.797
206598,13.31529260902407,52.51473554525402,204599,204599,11,0,4,4,2018,8,6,4,3,5,2,0,1,1,0,0,0,0,0,792765.5758,5827046.735
206599,13.59248401980141,52.45484706082368,204600,204600,11,0,9,9,2018,8,2,4,2,9,7,2,0,1,0,0,0,0,0,811985.1889,5821552.4841
206600,13.51722720412339,52.487805965271825,204601,204601,11,0,11,11,2018,9,16,7,3,6,4,0,1,1,1,0,0,0,0,806645.9509,5824892.8613
206601,13.296393005863788,52.529283642288675,204602,204602,11,0,4,4,2018,9,14,7,3,5,2,0,0,1,0,0,0,0,0,791387.5746,5828587.2062
206602,13.408183680716126,52.50436599909773,204603,204603,11,0,2,2,2018,8,8,4,3,1,5,0,1,1,0,0,0,0,0,799134.9489,5826275.427999999
206603,13.542234173524356,52.45761947399362,204604,204604,11,0,9,9,2018,9,18,7,3,3,6,0,0,1,0,0,0,1,0,808553.9719,5821644.5137
206604,13.311171284027614,52.49608466903283,204605,204605,11,0,4,4,2018,9,10,7,3,5,3,0,0,1,0,1,0,0,0,792610.1024,5824956.9513
206605,13.565723196707687,52.504386886511746,204606,204606,11,0,10,10,2018,8,15,3,3,0,3,0,1,0,0,0,0,1,0,809819.4936,5826942.9839
206606,13.494218953890233,52.43076492731335,204607,204607,11,0,8,8,2018,9,13,7,2,0,1,0,1,0,0,0,0,0,0,805480.0172,5818455.5581
206607,13.411155568187427,52.509650999433845,204608,204608,11,0,1,1,2018,8,15,3,3,0,6,0,1,0,0,0,0,0,0,799300.5612,5826875.1717
206608,13.412335613110953,52.50317901621357,204609,204609,11,0,2,2,2018,9,14,7,2,0,1,0,0,0,0,1,0,0,0,799424.6269,5826160.7304
206609,13.33121049534724,52.51614008095586,204610,204610,11,0,4,4,2018,9,9,7,3,7,7,0,0,0,0,0,0,1,0,793835.5879,5827267.6004
206610,13.308863811201697,52.487367964530236,204611,204611,11,0,4,4,2018,8,17,3,3,1,7,0,1,1,0,0,0,0,0,792511.4739,5823978.7245
206611,13.30089601693964,52.53949051469644,204612,204612,11,0,4,4,2018,8,16,3,3,0,4,0,0,0,1,1,0,0,0,791625.1039,5829739.9241
206612,13.288892664332847,52.58092849503381,204613,204613,11,0,12,12,2018,9,20,7,3,1,5,2,1,1,0,1,0,0,0,790537.3417,5834297.3432
206613,13.350446958654258,52.51284118217574,204614,204614,11,0,1,1,2018,8,15,3,3,2,6,0,1,0,0,0,0,0,0,795162.1008,5826979.4987
206614,13.320265364433364,52.47159718221192,204615,204615,11,0,4,4,2018,8,15,3,3,6,7,0,0,1,1,0,0,0,0,793390.1325,5822272.097999999
206615,13.302050352978034,52.457003280302885,204616,204616,11,0,6,6,2018,9,8,7,3,1,5,0,1,1,0,0,0,0,0,792250.5143,5820576.0579
206616,13.398902583644654,52.565771155907385,204617,204617,11,0,3,3,2018,9,6,7,3,1,6,0,0,1,0,0,0,0,0,798088.7359,5833061.9999
206617,13.313129249325936,52.57495035671324,204618,204618,11,0,12,12,2018,8,14,3,3,5,2,0,0,1,0,0,0,0,0,792218.161,5833730.8864
206618,13.552289586929733,52.439335814266634,204619,204619,11,0,9,9,2018,9,20,7,3,5,3,2,0,1,0,0,0,0,0,809364.936,5819655.504
206619,13.346993446629904,52.500883543082026,204620,204620,11,0,7,7,2018,9,20,7,3,5,2,2,1,1,0,0,0,0,0,795008.0703,5825636.2836
206620,13.446771806383875,52.43985197464703,204621,204621,11,0,8,8,2018,8,14,3,3,2,6,0,0,1,0,1,0,0,0,802194.3684,5819265.7836
206621,13.408769723641198,52.50420169525467,204622,204622,11,0,2,2,2018,8,13,3,3,5,7,0,0,1,0,1,0,0,0,799175.8139,5826259.5974
206622,13.42616560720298,52.51589824822678,204623,204623,11,0,2,2,2018,9,4,7,3,5,3,2,1,1,0,0,0,0,0,800275.8307,5827631.9423
206623,13.39875981978644,52.53258511644682,204624,204624,11,0,1,1,2018,9,2,7,2,0,1,2,1,0,0,0,0,0,0,798304.3206,5829372.8586
206624,13.317561577361973,52.488165098097475,204625,204625,11,0,4,4,2018,8,11,3,3,3,6,0,1,0,0,0,0,1,0,793096.3347,5824102.6339
206625,13.274065890618381,52.45746142017871,204626,204626,11,0,6,6,2018,8,9,3,3,1,5,0,1,1,0,0,0,0,0,790347.3463,5820514.0126
206626,13.445195572080712,52.479152095082505,204627,204627,11,0,8,8,2018,9,18,7,2,5,2,0,0,1,0,1,0,0,0,801818.0541,5823627.2026
206627,13.36931859995472,52.492806196865644,204628,204628,11,0,7,7,2018,8,9,3,3,5,3,0,1,1,0,0,0,0,0,796576.8222,5824830.0613
206628,13.314415573032427,52.530237411730916,204629,204629,11,0,1,1,2018,8,9,3,3,5,3,0,1,1,0,0,0,0,0,792602.9423,5828766.2178
206629,13.574632912274401,52.555149439595816,204630,204630,11,0,10,10,2018,9,21,7,2,0,1,2,0,0,0,1,0,0,0,810065.4781,5832623.0817
206630,13.306901380378108,52.57100115515063,204631,204631,11,0,12,12,2018,8,8,6,3,6,7,0,1,0,1,0,0,0,0,791822.6792,5833266.6853
206631,13.453919922085161,52.512235212486885,204632,204632,11,0,2,2,2018,8,7,3,3,0,2,0,1,1,0,0,0,0,0,802182.8927,5827340.7692
206632,13.526656655269086,52.426495766833135,204633,204633,11,0,9,9,2018,8,16,6,3,5,2,0,0,1,0,0,0,0,0,807713.4615,5818118.8629
206633,13.18771688532288,52.5470343119797,204634,204634,11,0,5,5,2018,8,19,6,3,2,7,0,0,1,0,0,0,0,0,783905.7947,5830126.5981
206634,13.554039329033374,52.43788233410598,204635,204635,11,0,9,9,2018,8,7,3,3,6,2,0,0,1,1,0,0,0,0,809493.9802,5819501.4656
206635,13.445065151972814,52.61548030168868,204636,204636,11,0,3,3,2018,8,7,3,3,2,6,0,0,1,0,0,0,0,0,800874.1190000001,5838778.9678
206636,13.340563452251565,52.50242620191671,204637,204637,11,0,7,7,2018,8,12,6,3,6,2,0,0,1,1,0,0,0,0,794561.5912,5825781.4654
206637,13.445835012662885,52.4724170177296,204638,204638,11,0,8,8,2018,8,15,3,2,6,4,0,0,1,1,0,0,0,0,801907.6079,5822881.3065
206638,13.197972741614208,52.53918687107053,204639,204639,11,0,5,5,2018,8,15,3,2,0,7,0,1,0,0,0,0,0,0,784651.5891,5829294.7591
206639,13.34508472697547,52.546626788241284,204640,204640,11,0,1,1,2018,8,17,6,3,5,2,0,1,1,0,0,0,0,0,794572.0148,5830712.818
206640,13.317960622485915,52.454236886183004,204641,204641,11,0,6,6,2018,8,15,3,3,0,1,0,0,0,0,1,0,0,0,793349.2249,5820333.1295
206641,13.349573267988708,52.48581295807315,204642,204642,11,0,7,7,2018,8,14,3,3,3,3,0,1,1,0,0,0,0,0,795284.1329999999,5823971.7578
206642,13.17728505355898,52.51557132404775,204643,204643,11,0,5,5,2018,8,17,6,3,5,3,0,1,1,0,0,0,0,0,783401.6309999999,5826588.262
206643,13.435196561197092,52.42642809757713,204644,204644,11,0,8,8,2018,8,17,6,3,5,2,0,0,1,0,1,0,0,0,801499.8711,5817725.3768
206644,13.552162805897044,52.53380548766509,204645,204645,11,0,10,10,2018,8,12,3,3,0,7,0,1,0,0,0,0,0,0,808693.2409999999,5830154.4247
206645,13.387390313054226,52.54996447411715,204646,204646,11,0,1,1,2018,8,17,6,3,6,4,0,0,1,1,0,0,0,0,797416.0387,5831257.5502
206646,13.43800223967956,52.52156988662404,204647,204647,11,0,2,2,2018,8,15,6,3,6,4,0,0,1,1,0,0,0,0,801039.5977,5828311.6854
206647,13.28824925858699,52.42010220539952,204648,204648,11,0,6,6,2018,8,11,3,3,0,7,0,0,0,0,1,0,1,0,791557.2191,5816418.6614
206648,13.402814931759933,52.52415490509669,204649,204649,11,0,1,1,2018,8,21,3,3,6,4,2,1,0,1,0,0,0,0,798636.437,5828452.6523
206649,13.31680433171344,52.49127694250453,204650,204650,11,0,4,4,2018,8,15,6,3,5,3,0,1,1,0,0,0,0,0,793024.2436,5824445.4397
206650,13.38327462768112,52.49291786296093,204651,204651,11,0,2,2,2018,8,18,3,3,1,5,0,1,1,0,0,0,0,0,797522.8838,5824899.9535
206651,13.441099560710638,52.54955393719707,204652,204652,11,0,3,3,2018,8,14,6,3,6,2,0,0,1,1,0,0,0,0,801057.8437,5831434.936000001
206652,13.330020942654741,52.4663579802884,204653,204653,11,0,7,7,2018,8,18,3,3,0,3,0,1,1,0,0,0,0,0,794087.2767,5821729.4799
206653,13.373069415710555,52.42488722459285,204654,204654,11,0,7,7,2018,8,15,6,3,5,3,0,0,1,0,0,0,0,0,797289.0405,5817296.4375
206654,13.431730464673901,52.514543877361056,204655,204655,11,0,2,2,2018,8,14,6,3,6,3,0,0,1,1,0,0,0,0,800662.4185,5827504.6006
206655,13.451654935080626,52.51076054323324,204656,204656,11,0,2,2,2018,8,17,3,2,3,6,0,0,0,0,1,0,1,0,802039.4268,5827167.3761
206656,13.346022430689851,52.59153662113178,204657,204657,11,0,12,12,2018,8,17,3,2,5,2,0,1,1,0,0,0,0,0,794334.306,5835708.3733
206657,13.328608901520887,52.5694015153152,204658,204658,11,0,12,12,2018,8,14,6,3,5,2,0,1,1,0,0,0,0,0,793303.4709999999,5833177.0275
206658,13.526234341084356,52.493114169739705,204659,204659,11,0,11,11,2018,8,22,3,2,2,6,2,1,0,0,0,0,1,0,807220.0111,5825521.1622
206659,13.296746263857678,52.54812397999621,204660,204660,11,0,4,4,2018,8,13,6,3,5,3,0,0,1,0,0,0,0,0,791286.6306,5830682.7663
206660,13.452199485721033,52.48118796797535,204661,204661,11,0,8,8,2018,8,16,3,3,5,3,0,0,1,0,0,0,1,0,802279.3809999999,5823882.808999999
206661,13.416882918316816,52.41822170650039,204662,204662,11,0,8,8,2018,8,7,3,1,5,2,0,0,0,0,1,1,0,0,800311.4018,5816736.9342
206662,13.398414134590386,52.526518244359856,204663,204663,11,0,1,1,2018,8,13,6,3,5,7,0,1,1,0,0,0,0,0,798322.0553,5828697.1103
206663,13.553004967492736,52.43879384614998,204664,204664,11,0,9,9,2018,8,10,2,3,1,5,0,1,1,0,0,0,0,0,809417.3279,5819598.3363
206664,13.553541135953221,52.4312215622561,204665,204665,11,0,9,9,2018,8,15,6,3,2,6,0,0,1,0,0,0,0,0,809506.8747,5818759.0464
206665,13.365564824250011,52.52531381829451,204666,204666,11,0,1,1,2018,8,15,2,3,0,2,0,0,1,0,1,0,0,0,796103.2927,5828427.8097
206666,13.45566806159438,52.430299760637894,204667,204667,11,0,8,8,2018,8,17,6,3,2,6,0,0,1,0,0,0,0,0,802864.2043,5818241.3954