,X,Y,OBJECTID_1,OBJECTID,ULAND,UREGBEZ,UKREIS,UGEMEINDE,UJAHR,UMONAT,USTUNDE,UWOCHENTAG,UKATEGORIE,UART,UTYP1,ULICHTVERH,IstRad,IstPKW,IstFuss,IstKrad,IstGkfz,IstSonstig,STRZUSTAND,LINREFX,LINREFY
206667,13.582730740368802,52.442566940200564,204668,204668,11,0,9,9,2018,8,16,6,3,2,6,0,0,1,0,0,0,0,0,811409.7069,5820145.5457
206668,13.522442509150945,52.476187174399605,204669,204669,11,0,11,11,2018,8,16,2,3,2,6,0,0,1,0,0,0,0,0,807080.8079,5823623.7102
206669,13.402936491784194,52.51033393700379,204670,204670,11,0,1,1,2018,8,22,2,3,6,4,2,1,0,1,0,0,0,0,798738.5384,5826916.9933
206670,13.198442911749108,52.53963353676218,204671,204671,11,0,5,5,2018,8,13,6,2,2,2,0,1,1,0,0,0,0,0,784680.562,5829346.265
206671,13.41000969068574,52.52875959545565,204672,204672,11,0,1,1,2018,8,20,2,3,2,6,1,0,1,0,1,0,0,0,799092.8705,5828994.2787
206672,13.433258238460775,52.464164391375924,204673,204673,11,0,8,8,2018,8,18,2,3,6,4,0,0,1,1,0,0,0,0,801110.3813,5821911.5021
206673,13.498844629918109,52.6335345486177,204674,204674,11,0,3,3,2018,8,14,6,3,5,3,0,0,1,0,0,0,1,0,804386.8738,5841011.6862
206674,13.379225285586688,52.529449424627046,204675,204675,11,0,1,1,2018,8,19,6,3,9,1,1,0,1,0,0,0,0,0,797001.4339,5828943.6711
206675,13.380166598731876,52.52974973916362,204676,204676,11,0,1,1,2018,8,18,2,3,3,6,0,1,0,0,1,0,0,0,797063.2126,5828980.9292
206676,13.426535882881652,52.5438451965448,204677,204677,11,0,3,3,2018,8,13,6,3,5,3,0,1,0,0,0,0,0,0,800110.0933,5830739.6878
206677,13.401516443966207,52.529406470231635,204678,204678,11,0,1,1,2018,9,17,2,3,2,7,0,1,0,0,0,0,1,0,798512.7504,5829030.9718
206678,13.274095524242965,52.50031540790037,204679,204679,11,0,4,4,2018,8,22,6,2,3,6,2,0,1,0,1,0,0,0,790067.012,5825277.432999999
206679,13.416963993067856,52.490714385402214,204680,204680,11,0,2,2,2018,8,18,2,3,2,6,0,0,1,0,1,0,0,0,799823.4473,5824794.5583
206680,13.498688619502726,52.515690378992396,204681,204681,11,0,11,11,2018,8,21,6,3,0,6,2,1,0,0,0,0,1,0,805194.7006,5827913.3671
206681,13.371548720648141,52.55480334941071,204682,204682,11,0,1,1,2018,8,21,6,3,1,7,2,0,1,0,0,0,0,0,796310.0595,5831730.126
206682,13.445056069106961,52.4525675931894,204683,204683,11,0,8,8,2018,8,18,2,3,5,3,0,1,1,0,0,0,0,0,801990.7319,5820671.8789
206683,13.514605064928189,52.468911676947066,204684,204684,11,0,9,9,2018,8,17,2,3,2,2,0,0,1,0,0,0,0,0,806599.5538,5822781.7561
206684,13.406244227899196,52.53224335221928,204685,204685,11,0,1,1,2018,8,21,6,3,2,2,2,1,1,0,0,0,0,0,798813.9422,5829365.872
206685,13.333116925196045,52.487121294267176,204686,204686,11,0,4,4,2018,8,17,2,3,5,2,0,1,0,0,0,0,0,0,794158.7567,5824049.9383
206686,13.371594002924994,52.49252326625874,204687,204687,11,0,7,7,2018,9,16,2,3,6,4,0,1,0,1,0,0,0,0,796733.0994,5824807.9732
206687,13.450391216579964,52.48624326554214,204688,204688,11,0,8,8,2018,8,17,2,3,5,2,0,0,1,0,1,0,0,0,802121.9871,5824437.1042
206688,13.194756070414533,52.545133555240916,204689,204689,11,0,5,5,2018,8,20,6,3,0,6,2,0,0,0,1,0,0,0,784395.0943,5829943.0681
206689,13.49857604712289,52.41039483445186,204690,204690,11,0,8,8,2018,8,19,6,3,5,3,0,1,0,0,0,0,1,0,805917.1848,5816210.0196
206690,13.434169423009644,52.44300860335594,204691,204691,11,0,8,8,2018,8,17,2,3,5,2,0,1,1,0,0,0,0,0,801316.8077,5819563.9339
206691,13.406584894207736,52.498471077341826,204692,204692,11,0,2,2,2018,8,18,6,2,5,3,0,1,0,0,1,0,0,0,799066.5705,5825613.5941
206692,13.624177916125007,52.51188439927503,204693,204693,11,0,10,10,2018,8,18,6,3,5,3,0,1,1,0,0,0,0,0,813730.395,5828029.0352
206693,13.423872570303711,52.500012465711,204694,204694,11,0,2,2,2018,8,15,2,3,2,6,0,1,1,0,0,0,0,0,800228.7327,5825856.7477
206694,13.467102335960254,52.509425602704354,204695,204695,11,0,2,2,2018,8,18,2,3,0,1,0,0,0,0,1,0,0,0,803096.16,5827083.8278
206695,13.431147196644762,52.485863271694015,204696,204696,11,0,8,8,2018,8,17,6,3,2,6,0,0,1,0,0,0,1,0,800818.8489,5824314.4335
206696,13.458998516102913,52.52928461177146,204697,204697,11,0,3,3,2018,8,10,6,3,5,2,0,1,0,0,0,0,1,0,802410.0079999999,5829257.0234
206697,13.356914255574772,52.60078581091869,204698,204698,11,0,12,12,2018,8,18,2,3,5,3,1,0,1,0,0,0,0,0,795009.3609,5836780.9812
206698,13.48647714790585,52.496470085722436,204699,204699,11,0,11,11,2018,8,19,2,2,8,1,1,0,0,0,1,0,0,0,804499.6968,5825725.5251
206699,13.412445314475127,52.39132066183654,204700,204700,11,0,7,7,2018,8,10,6,3,1,5,0,1,1,0,0,0,0,0,800192.6423,5813728.5399
206700,13.42182473395108,52.524587207789295,204701,204701,11,0,1,1,2018,8,15,2,3,0,6,0,0,1,0,0,0,0,0,799922.2293,5828579.6198
206701,13.427733335358724,52.4206960915655,204702,204702,11,0,8,8,2018,9,17,2,3,2,2,0,1,1,0,0,0,0,0,801031.8865,5817057.1432
206702,13.388811761345751,52.49975116669607,204703,204703,11,0,2,2,2018,8,17,2,3,5,3,0,1,1,0,0,0,0,0,797852.2925,5825682.3158
206703,13.306106827695821,52.4979768121449,204704,204704,11,0,4,4,2018,8,10,6,3,0,6,0,0,1,0,0,0,1,0,792253.9699,5825146.7294
206704,13.373143019173368,52.557152424957536,204705,204705,11,0,1,1,2018,8,14,1,3,2,6,0,1,1,0,0,0,0,0,796402.2155,5831997.7794
206705,13.489878948410892,52.46790420903556,204706,204706,11,0,9,9,2018,8,9,6,3,2,6,0,0,1,0,0,0,0,0,804928.1985,5822564.9814
206706,13.410807329081022,52.58217036504843,204707,204707,11,0,3,3,2018,8,17,2,2,5,7,0,0,1,0,1,0,0,0,798783.3818,5834934.0479999995
206707,13.344880906424,52.4810496767045,204708,204708,11,0,7,7,2018,8,9,6,3,2,6,0,0,1,0,0,0,0,0,794997.6422,5823423.1237
206708,13.34942144551916,52.54205396248868,204709,204709,11,0,1,1,2018,8,7,2,3,5,3,0,0,1,0,0,0,0,0,794896.5597,5830222.2844
206709,13.32605593439918,52.56168421491736,204710,204710,11,0,12,12,2018,9,15,2,3,5,2,0,0,1,0,1,0,0,0,793182.0955,5832308.8553
206710,13.477064300321546,52.52298524246579,204711,204711,11,0,11,11,2018,8,7,2,3,6,4,0,0,1,1,0,0,0,0,803678.0905,5828632.8289
206711,13.446832169577704,52.49845350393775,204712,204712,11,0,2,2,2018,8,9,6,2,6,4,0,1,0,1,0,0,0,0,801796.7790000001,5825779.3129
206712,13.434584609062606,52.4828079776769,204713,204713,11,0,8,8,2018,8,8,2,3,5,2,0,1,1,0,0,0,0,0,801072.9742,5823989.1926
206713,13.170019111231735,52.522091430615994,204714,204714,11,0,5,5,2018,9,13,2,2,5,3,0,1,1,0,0,0,0,0,782866.9783,5827284.4803
206714,13.347039276879055,52.54389052967053,204715,204715,11,0,1,1,2018,8,9,6,3,3,6,0,1,1,0,0,0,0,0,794722.8085,5830416.6743
206715,13.372480471227126,52.507734184126186,204716,204716,11,0,1,1,2018,8,2,2,2,6,4,2,0,1,1,0,0,0,0,796690.6805,5826502.2884
206716,13.195452280031073,52.533379032493755,204717,204717,11,0,5,5,2018,8,8,2,3,5,3,0,0,1,0,0,0,0,0,784518.3529,5828639.2372
206717,13.428664320573118,52.51885233837305,204718,204718,11,0,2,2,2018,8,8,6,3,3,6,0,0,1,0,0,0,0,0,800425.079,5827970.687999999
206718,13.382326694850589,52.504478454949854,204719,204719,11,0,2,2,2018,8,8,2,3,0,1,0,0,0,0,1,0,0,0,797380.4517,5826180.978999999
206719,13.292045292839287,52.590562110814936,204720,204720,11,0,12,12,2018,8,8,6,2,5,2,0,0,1,0,1,0,0,0,790686.9711,5835380.8587
206720,13.413179195841447,52.54768092083388,204721,204721,11,0,3,3,2018,8,9,2,3,2,2,0,1,1,0,0,0,0,0,799178.8861,5831110.4828
206721,13.321800211554748,52.50625799305532,204722,204722,11,0,4,4,2018,8,7,6,3,5,7,0,0,1,0,1,0,0,0,793263.3620000001,5826130.8952
206722,13.495205587939816,52.504832500904534,204723,204723,11,0,11,11,2018,8,7,6,3,5,3,0,1,0,0,0,0,0,0,805033.8148,5826691.845
206723,13.399043305632233,52.5323864864195,204724,204724,11,0,1,1,2018,8,11,2,3,3,6,0,0,1,0,1,0,0,0,798324.8835,5829351.9546
206724,13.405444820721094,52.49689016857627,204725,204725,11,0,2,2,2018,8,11,2,3,0,6,0,1,0,0,0,0,0,0,798999.975,5825433.1535
206725,13.428992962033277,52.48647474539039,204726,204726,11,0,8,8,2018,8,12,2,3,5,2,0,1,1,0,0,0,0,0,800668.5037,5824373.4138
206726,13.56914825100216,52.442690347284874,204727,204727,11,0,9,9,2018,8,7,6,3,5,3,0,0,1,0,1,0,0,0,810486.3744,5820100.7328
206727,13.289629774244275,52.45806989048009,204728,204728,11,0,6,6,2018,8,13,2,3,6,4,0,0,1,1,0,0,0,0,791400.1058,5820644.3819
206728,13.543800217338944,52.56410778994663,204729,204729,11,0,10,10,2018,8,6,6,3,0,6,1,0,0,0,1,0,1,0,807913.9855,5833486.4959
206729,13.29884482178616,52.50766203206353,204730,204730,11,0,4,4,2018,8,9,2,3,5,2,0,0,1,0,1,0,0,0,791697.1376,5826193.8497
206730,13.469421566834919,52.54262012293514,204731,204731,11,0,11,11,2018,8,5,6,3,5,2,1,1,1,0,0,0,0,0,803024.5698,5830782.9747
206731,13.422608972177295,52.54455390124004,204732,204732,11,0,3,3,2018,8,8,6,2,5,3,0,1,0,0,0,0,1,0,799839.1588,5830802.1132
206732,13.268797205899999,52.51138388663871,204733,204733,11,0,4,4,2018,8,18,2,3,5,2,0,0,1,0,0,0,0,0,789634.7464,5826486.4233
206733,13.413068206293135,52.394428529521505,204734,204734,11,0,7,7,2018,8,11,6,2,5,2,0,1,1,0,0,0,0,0,800213.8789,5814076.556
206734,13.328547012089393,52.428773336670574,204735,204735,11,0,6,6,2018,8,11,6,3,0,1,0,0,0,0,1,0,0,0,794237.9045,5817545.9566
206735,13.571570583318627,52.444442398075225,204736,204736,11,0,9,9,2018,8,14,2,3,2,6,0,1,1,0,0,0,0,0,810638.5455,5820305.8811
206736,13.314274344395018,52.52578500185413,204737,204737,11,0,4,4,2018,8,8,2,3,5,2,0,1,1,0,0,0,0,0,792622.9999,5828270.7558
206737,13.280666711326099,52.47749063243242,204738,204738,11,0,4,4,2018,8,13,5,3,6,7,0,0,1,1,0,0,0,0,790663.3934,5822766.8699
206738,13.523877360306498,52.453022563530006,204739,204739,11,0,9,9,2018,8,15,2,3,5,3,0,0,1,0,1,0,0,0,807339.7161,5821055.2566
206739,13.507373380752618,52.438331462919685,204740,204740,11,0,9,9,2018,8,15,2,3,2,2,0,1,1,0,0,0,0,0,806321.1236,5819352.2787
206740,13.15800635506056,52.56157566696184,204741,204741,11,0,5,5,2018,8,9,5,3,5,5,0,0,1,0,1,0,0,1,781799.2061,5831626.3612
206741,13.2826462936834,52.51847134991083,204742,204742,11,0,4,4,2018,8,9,5,3,2,6,0,0,1,0,0,0,0,1,790527.1298,5827329.9247
206742,13.520591215199365,52.56881892439441,204743,204743,11,0,11,11,2018,8,15,2,3,6,2,0,0,1,1,0,0,0,0,806309.195,5833911.1669
206743,13.36565313313401,52.56289556701833,204744,204744,11,0,12,12,2018,8,10,5,3,3,6,0,0,1,0,0,0,0,1,795856.1307,5832605.3429
206744,13.380830807663047,52.51637920968706,204745,204745,11,0,1,1,2018,8,10,5,3,5,2,0,1,1,0,0,0,0,1,797198.5879,5827497.5569
206745,13.393372811673773,52.52639552201786,204746,204746,11,0,1,1,2018,8,15,2,3,5,3,0,0,1,0,0,0,0,0,797981.1345,5828662.6197
206746,13.508231162254507,52.45036574223351,204747,204747,11,0,9,9,2018,8,15,2,3,5,3,0,0,1,0,1,0,0,0,806295.7835,5820693.4405
206747,13.534560696095465,52.460583550944655,204748,204748,11,0,9,9,2018,8,11,5,3,5,3,0,1,1,0,0,0,0,1,808012.2776,5821941.1568
206748,13.317270628312825,52.57979416936474,204749,204749,11,0,12,12,2018,8,16,2,3,2,6,0,0,1,0,0,0,0,0,792466.3241,5834286.0867
206749,13.377804581998555,52.510831469919204,204750,204750,11,0,1,1,2018,8,14,2,3,5,7,0,0,1,0,0,0,0,0,797030.8489,5826868.4656
206750,13.421248683885254,52.50974807404376,204751,204751,11,0,1,1,2018,8,11,5,3,5,2,0,1,0,0,0,1,0,1,799984.3723,5826927.9051
206751,13.224191199668628,52.5915175934942,204752,204752,11,0,12,12,2018,8,10,2,2,4,6,0,0,1,0,0,0,0,0,786087.3973,5835215.4091
206752,13.285282635243249,52.479574269757784,204753,204753,11,0,4,4,2018,8,11,5,3,5,2,0,0,1,0,0,0,1,1,790962.9058,5823017.0772
206753,13.415022013290018,52.57226837580271,204754,204754,11,0,3,3,2018,8,11,2,3,0,1,0,0,0,0,1,0,0,1,799136.2171,5833850.9591
206754,13.29839767996362,52.47152974528151,204755,204755,11,0,4,4,2018,8,5,2,3,0,1,1,0,0,0,1,0,0,0,791906.2629999999,5822175.8995
206755,13.332383767871848,52.50520093237365,204756,204756,11,0,4,4,2018,8,9,5,3,3,6,0,1,0,0,0,0,1,0,793988.2347,5826056.4969
206756,13.344052220455868,52.464833610455415,204757,204757,11,0,7,7,2018,8,12,5,3,5,7,0,1,1,0,0,0,0,1,795049.9909,5821617.3328
206757,13.593335662216633,52.441397898959075,204758,204758,11,0,9,9,2018,8,17,2,3,0,1,0,0,0,0,1,0,1,0,812138.2188,5820061.4383
206758,13.385783931290106,52.391419175707824,204759,204759,11,0,7,7,2018,8,14,5,3,5,3,0,0,1,0,0,0,0,0,798379.0288,5813629.0006
206759,13.404117833874992,52.393847184973104,204760,204760,11,0,7,7,2018,8,9,5,3,5,3,0,1,1,0,0,0,0,0,799609.2497,5813974.771000001
206760,13.28766080638034,52.518866475737546,204761,204761,11,0,4,4,2018,8,14,1,3,2,6,0,0,1,0,0,0,0,0,790864.5272,5827394.0609
206761,13.369904109280476,52.542880844759175,204762,204762,11,0,1,1,2018,8,18,1,3,5,2,0,1,1,0,0,0,0,0,796279.0347,5830398.193
206762,13.336261290998511,52.59567679589348,204763,204763,11,0,12,12,2018,8,9,5,3,2,6,0,0,1,0,0,0,0,1,793645.8469,5836128.7132
206763,13.431274637040858,52.49851917803279,204764,204764,11,0,2,2,2018,8,10,1,3,6,4,0,0,1,1,0,0,0,0,800741.0224,5825721.6177
206764,13.444503542325164,52.50100279804552,204765,204765,11,0,2,2,2018,8,9,5,3,5,2,0,1,1,0,0,0,0,1,801621.3502,5826052.9126
206765,13.329006403339186,52.46559278367958,204766,204766,11,0,7,7,2018,8,12,1,3,6,7,0,0,0,1,1,0,0,0,794023.5105,5821640.2937
206766,13.319003584497066,52.576066509805116,204767,204767,11,0,12,12,2018,9,17,5,2,5,2,0,1,1,0,0,0,0,0,792608.5137,5833878.7903
206767,13.494554038965935,52.43200248547328,204768,204768,11,0,8,8,2018,9,6,3,2,2,6,2,0,1,0,1,0,0,0,805494.2116,5818594.5223
206768,13.418588656446305,52.501474532724245,204769,204769,11,0,2,2,2018,9,17,5,3,1,5,0,1,1,0,0,0,0,0,799860.3593,5825997.266
206769,13.434482152611187,52.44649971573401,204770,204770,11,0,8,8,2018,9,17,5,3,5,2,0,1,1,0,0,0,0,0,801314.1921,5819953.261
206770,13.211629109328143,52.53834251693464,204771,204771,11,0,5,5,2018,9,5,3,3,3,6,1,0,1,0,1,0,0,0,785582.6368,5829254.919
206771,13.322925819470393,52.449152452716255,204772,204772,11,0,6,6,2018,9,13,3,3,5,3,0,1,1,0,0,0,0,0,793720.2506,5819788.1916
206772,13.534707649696145,52.48989738011746,204773,204773,11,0,11,11,2018,9,16,5,2,2,6,0,0,1,0,0,0,0,0,807817.3222,5825199.7738
206773,13.409725479001192,52.58205256506792,204774,204774,11,0,3,3,2018,9,5,3,3,5,7,2,0,1,0,1,0,0,1,798710.9384,5834916.4681
206774,13.430259122154887,52.620707211534246,204775,204775,11,0,3,3,2018,9,15,5,3,2,6,0,0,1,0,0,0,0,0,799836.7016,5839298.1558
206775,13.326508762557516,52.53259962589885,204776,204776,11,0,1,1,2018,9,12,3,3,6,2,0,0,1,1,0,0,0,0,793406.9284,5829077.9327
206776,13.392032284521385,52.497954850337145,204777,204777,11,0,2,2,2018,9,15,5,3,3,6,0,1,0,0,0,0,1,0,798082.912,5825495.9661
206777,13.226930842994568,52.58451614888285,204778,204778,11,0,12,12,2018,9,18,5,3,5,3,0,0,1,0,0,0,0,0,786318.5402,5834448.0505
206778,13.304243693948793,52.50387530742128,204779,204779,11,0,4,4,2018,9,11,3,3,2,6,0,0,0,0,1,0,1,0,792088.4324,5825794.8042
206779,13.421829800449308,52.56270813386795,204780,204780,11,0,3,3,2018,9,11,3,2,5,3,0,1,0,0,0,0,1,0,799662.4816,5832816.6565
206780,13.603693425190425,52.546608597675046,204781,204781,11,0,10,10,2018,9,11,3,3,5,2,0,1,1,0,0,0,0,0,812094.7544,5831799.3119
206781,13.411163895570118,52.523951474200715,204782,204782,11,0,1,1,2018,9,14,5,3,2,6,0,0,1,0,1,0,1,0,799203.8278,5828464.66
206782,13.346016851253614,52.496282550436575,204783,204783,11,0,7,7,2018,9,14,5,3,0,4,0,0,0,1,0,0,1,0,794972.6603,5825120.8919
206783,13.371492412449513,52.56064561733992,204784,204784,11,0,12,12,2018,9,9,3,3,5,3,0,0,1,0,0,0,0,0,796266.8316,5832379.2555
206784,13.491350952089968,52.63774083631315,204785,204785,11,0,3,3,2018,9,9,3,3,5,3,0,1,1,0,0,0,0,0,803850.9477,5841447.5306
206785,13.496196989348633,52.53412256600853,204786,204786,11,0,11,11,2018,9,15,3,3,2,6,0,0,1,0,0,0,0,0,804897.9097,5829951.4424
206786,13.434071971970987,52.55564415144102,204787,204787,11,0,3,3,2018,9,14,5,3,5,3,0,0,1,0,1,0,0,0,800540.0266,5832082.5055
206787,13.388658226687275,52.50437988521834,204788,204788,11,0,2,2,2018,9,9,3,3,1,5,0,0,1,0,0,0,0,0,797810.5522,5826196.153
206788,13.510749777799742,52.46414140180933,204789,204789,11,0,9,9,2018,9,8,3,2,5,2,0,1,1,0,0,0,0,0,806371.0388,5822235.1967
206789,13.376888136915348,52.51156384016817,204790,204790,11,0,1,1,2018,9,13,5,3,3,6,0,1,1,0,0,0,0,0,796963.7565,5826946.0924
206790,13.298177272020448,52.49825645098557,204791,204791,11,0,4,4,2018,9,9,3,3,2,6,0,0,1,0,0,0,0,0,791714.2028,5825145.7083
206791,13.531375267403007,52.405095448736795,204792,204792,11,0,9,9,2018,9,13,5,3,5,3,0,0,1,0,0,0,0,0,808183.4305,5815760.5278
206792,13.295568303923917,52.506152666341016,204793,204793,11,0,4,4,2018,9,10,5,3,6,4,0,0,1,1,0,0,0,0,791484.917,5826012.833
206793,13.400746651548085,52.5651574738925,204794,204794,11,0,3,3,2018,9,9,3,3,6,4,0,0,1,1,0,0,0,0,798217.8018,5833001.4214
206794,13.427859103990087,52.518195857412216,204795,204795,11,0,2,2,2018,9,13,3,3,2,6,0,0,1,0,0,0,0,0,800374.9679,5827894.3675
206795,13.474374524273648,52.50462905872719,204796,204796,11,0,11,11,2018,9,10,5,3,5,3,0,1,1,0,0,0,0,0,803622.4219,5826581.3142
206796,13.436833406629114,52.52957160943205,204797,204797,11,0,3,3,2018,9,13,3,3,5,3,0,0,1,0,1,0,0,0,800905.588,5829196.1646
206797,13.35333761596599,52.44153593535926,204798,204798,11,0,6,6,2018,9,17,2,3,5,7,0,0,1,0,0,0,0,0,795836.6424,5819065.8395
206798,13.419404032076876,52.501246834503405,204799,204799,11,0,2,2,2018,9,9,5,3,0,2,0,1,1,0,0,0,0,0,799917.2167,5825975.348999999
206799,13.408477106420538,52.5243312547992,204800,204800,11,0,1,1,2018,9,9,5,3,2,7,0,1,1,0,0,0,0,0,799019.0973,5828495.7237
206800,13.298508142200838,52.49536802943281,204801,204801,11,0,4,4,2018,9,13,2,3,0,1,0,1,1,0,0,0,0,0,791755.7919,5824825.9954
206801,13.495882287945031,52.62603910060365,204802,204802,11,0,3,3,2018,9,9,5,3,5,3,0,0,1,0,0,0,0,0,804238.6124,5840166.0864
206802,13.400388092595694,52.49051452568366,204803,204803,11,0,2,2,2018,9,8,5,3,5,2,0,1,1,0,0,0,0,0,798700.2066,5824703.5655
206803,13.353283860779376,52.49193897414773,204804,204804,11,0,7,7,2018,9,8,5,3,3,2,0,1,0,0,1,0,0,0,795494.7956,5824667.8548
206804,13.262624159337332,52.43895080765496,204805,204805,11,0,6,6,2018,9,18,2,3,2,6,0,0,1,0,0,0,0,0,789692.0335,5818410.5449
206805,13.323063780935097,52.49066107388608,204806,204806,11,0,4,4,2018,9,7,5,3,5,2,0,1,1,0,0,0,0,0,793453.0303,5824402.4342
206806,13.31380982825655,52.486267250647856,204807,204807,11,0,4,4,2018,9,7,5,3,5,3,0,1,0,0,0,0,0,0,792854.3952,5823876.4488
206807,13.442263097294171,52.500903276659976,204808,204808,11,0,2,2,2018,9,18,2,3,5,2,0,1,1,0,0,0,0,0,801470.0658,5826032.4824
206808,13.3315891406294,52.51345671117162,204809,204809,11,0,4,4,2018,9,17,2,3,5,2,0,1,1,0,0,0,0,0,793879.1896,5826970.887
206809,13.214564018549087,52.56324779839536,204810,204810,11,0,5,5,2018,9,6,5,3,5,2,0,0,1,0,1,0,0,0,785619.5976,5832034.8901
206810,13.162775317766163,52.46513298801944,204811,204811,11,0,5,5,2018,9,17,2,3,2,6,0,0,1,0,0,0,1,0,782741.3833,5820924.8062
206811,13.303853958066135,52.49951837315189,204812,204812,11,0,4,4,2018,9,13,5,3,5,3,0,0,1,0,0,0,1,0,792090.9128,5825308.9484
206812,13.402631235267473,52.4472271031657,204813,204813,11,0,7,7,2018,9,11,5,3,3,6,0,1,0,0,0,0,0,0,799146.1542,5819901.5958
206813,13.240516823214396,52.51190422905637,204814,204814,11,0,4,4,2018,9,17,2,3,3,2,0,0,1,0,1,0,0,0,787713.4546,5826431.0472
206814,13.551754085019194,52.56154940258887,204815,204815,11,0,10,10,2018,9,13,5,3,5,3,0,1,1,0,0,0,0,0,808470.6624,5833236.1761
206815,13.342784140634494,52.50461209746912,204816,204816,11,0,1,1,2018,9,9,5,3,5,2,0,1,1,1,0,0,0,0,794697.579,5826033.4995
206816,13.312782280437323,52.480464886940545,204817,204817,11,0,4,4,2018,9,16,2,2,5,2,0,0,1,0,1,0,0,0,792823.25,5823227.3421
206817,13.379109956277262,52.532426646055214,204818,204818,11,0,1,1,2018,9,16,2,2,6,4,0,0,1,1,0,0,0,0,796973.5034,5829274.109
206818,13.429470061772252,52.4708549730104,204819,204819,11,0,8,8,2018,9,13,5,3,2,2,0,1,1,0,0,0,0,0,800807.5373,5822639.3289
206819,13.369774102397614,52.58939538841207,204820,204820,11,0,3,3,2018,9,15,2,3,5,3,0,1,1,0,0,0,0,0,795956.5159,5835567.7002
206820,13.390763519285455,52.54491422473589,204821,204821,11,0,1,1,2018,9,15,2,3,2,6,0,0,1,0,1,0,0,0,797678.8033,5830710.1517
206821,13.314907232665524,52.41731293134805,204822,204822,11,0,6,6,2018,9,14,2,3,2,6,0,0,1,0,0,0,1,0,793387.3497,5816216.6247
206822,13.303117372770815,52.49585683679599,204823,204823,11,0,4,4,2018,9,9,5,2,5,2,0,0,1,0,1,0,0,0,792065.2418,5824898.9822
206823,13.57188188459888,52.54630584455963,204824,204824,11,0,10,10,2018,9,14,2,3,5,2,0,1,1,0,0,0,0,0,809941.5157,5831628.3629
206824,13.272439131470367,52.43724265636569,204825,204825,11,0,6,6,2018,9,13,2,2,5,2,0,1,1,0,0,0,0,0,790369.9940000001,5818260.119
206825,13.392408146822767,52.506881101237056,204826,204826,11,0,2,2,2018,9,8,5,3,5,3,0,0,1,0,1,0,0,0,798047.9462,5826489.6506
206826,13.527662284195365,52.48931594725629,204827,204827,11,0,11,11,2018,9,8,3,3,2,6,0,0,0,0,0,1,0,0,807343.3985,5825105.1039
206827,13.447509400487235,52.465371049012276,204828,204828,11,0,8,8,2018,9,8,5,3,9,1,0,0,1,0,0,0,0,0,802069.5575,5822105.1902
206828,13.442730695552378,52.467791234965105,204829,204829,11,0,8,8,2018,9,12,2,3,3,6,0,1,0,0,0,1,0,0,801728.5884,5822354.185
206829,13.445132889436815,52.44945598340011,204830,204830,11,0,8,8,2018,9,7,5,2,5,3,0,1,0,0,0,0,0,0,802017.2637,5820326.3603
206830,13.602155759155645,52.53608741545537,204831,204831,11,0,10,10,2018,9,13,5,3,5,3,0,1,1,0,0,0,0,0,812065.2877,5830623.3348
206831,13.214002626293738,52.538379190122484,204832,204832,11,0,5,5,2018,9,12,2,3,2,2,0,0,1,0,0,0,1,0,785743.2664,5829268.4012
206832,13.321441366938114,52.48641581676858,204833,204833,11,0,4,4,2018,9,12,2,3,3,6,0,0,0,0,1,0,1,0,793371.2381,5823923.9735
206833,13.442029010704193,52.50092529441406,204834,204834,11,0,2,2,2018,9,14,3,3,3,6,0,0,1,0,0,1,0,0,801454.0372,5826033.951
206834,13.375401138557555,52.45555703681508,204835,204835,11,0,7,7,2018,9,12,5,3,5,2,0,0,1,0,0,0,0,0,797240.7128,5820714.9221
206835,13.425916244761595,52.47815861975234,204836,204836,11,0,8,8,2018,9,11,2,3,6,4,0,0,0,1,0,0,1,0,800516.4891,5823436.2877
206836,13.328446981987565,52.562430903788574,204837,204837,11,0,12,12,2018,9,8,3,3,5,2,0,1,0,0,0,1,0,0,793339.0711,5832401.5812
206837,13.254235763079453,52.61031576930078,204838,204838,11,0,12,12,2018,9,12,5,2,0,7,0,1,1,0,0,0,0,0,787997.7363,5837424.6433
206838,13.416744077401454,52.49878212390063,204839,204839,11,0,2,2,2018,9,14,2,3,2,6,0,0,1,0,0,0,0,0,799753.5822,5825690.3453
206839,13.270909745207572,52.53955423595266,204840,204840,11,0,5,5,2018,9,12,5,2,5,3,0,0,1,0,0,0,0,0,789592.4316,5829626.1123
206840,13.434756456776444,52.46205043396722,204841,204841,11,0,8,8,2018,9,12,5,3,3,6,0,0,1,0,1,0,0,0,801226.5386,5821682.799
206841,13.340181404151132,52.48564304448855,204842,204842,11,0,7,7,2018,9,16,2,3,0,7,0,1,0,0,0,0,0,0,794647.9909999999,5823914.4655
206842,13.316905039145013,52.5882577125688,204843,204843,11,0,12,12,2018,9,15,3,3,5,2,0,1,1,0,0,0,0,0,792385.168,5835225.3349
206843,13.157827603793757,52.543047264680716,204844,204844,11,0,5,5,2018,9,11,5,3,5,2,0,0,1,0,0,0,0,0,781905.9622,5829566.1033
206844,13.339994989356626,52.5573345672974,204845,204845,11,0,1,1,2018,9,20,2,2,6,4,2,0,1,1,0,0,0,0,794155.4224,5831882.1968
206845,13.497579729234527,52.43353232580503,204846,204846,11,0,9,9,2018,9,11,5,3,3,6,0,1,0,0,0,0,0,0,805689.1574,5818777.3643
206846,13.37734583034926,52.45882953394815,204847,204847,11,0,7,7,2018,9,11,5,3,1,3,0,0,1,0,0,0,1,0,797350.6814,5821086.6654