,X,Y,OBJECTID_1,OBJECTID,ULAND,UREGBEZ,UKREIS,UGEMEINDE,UJAHR,UMONAT,USTUNDE,UWOCHENTAG,UKATEGORIE,UART,UTYP1,ULICHTVERH,IstRad,IstPKW,IstFuss,IstKrad,IstGkfz,IstSonstig,STRZUSTAND,LINREFX,LINREFY
206847,13.507927923353936,52.47470758101885,204848,204848,11,0,9,9,2018,9,10,2,3,2,6,0,0,1,0,0,0,0,0,806106.0555,5823397.5711
206848,13.310958942057386,52.50638040148487,204849,204849,11,0,4,4,2018,9,11,5,3,2,2,0,0,1,0,0,0,0,0,792527.2561,5826100.4673
206849,13.31318715293251,52.49583714908115,204850,204850,11,0,4,4,2018,9,10,2,3,5,3,0,1,1,0,0,0,0,0,792748.5036,5824937.6199
206850,13.315977827753125,52.58669244956106,204851,204851,11,0,12,12,2018,9,10,2,3,2,6,0,0,1,0,0,0,0,0,792332.8283,5835047.5909
206851,13.441029836173225,52.55163637736599,204852,204852,11,0,3,3,2018,9,14,3,2,0,1,0,1,0,0,0,0,0,0,801038.8484,5831666.0996
206852,13.223314232847233,52.548792590605075,204853,204853,11,0,5,5,2018,9,10,5,3,2,6,0,1,0,0,0,0,1,0,786306.5186,5830462.8472
206853,13.196019151111322,52.52734462405458,204854,204854,11,0,5,5,2018,9,9,2,3,5,3,0,1,1,0,0,0,0,0,784595.8351,5827970.7184
206854,13.274003297806024,52.444215080256136,204855,204855,11,0,6,6,2018,9,7,5,3,6,7,0,1,0,1,0,0,0,0,790430.3358,5819041.4083
206855,13.398403508418884,52.50726023987127,204856,204856,11,0,2,2,2018,9,9,2,3,2,6,0,0,1,0,0,0,0,0,798451.9835,5826556.5888
206856,13.385933318426925,52.484313331928185,204857,204857,11,0,2,2,2018,9,15,5,2,3,6,0,0,0,0,0,0,1,0,797761.442,5823954.551
206857,13.534900789278858,52.525764414821616,204858,204858,11,0,10,10,2018,9,7,4,3,2,7,0,0,1,0,0,0,0,0,807579.5596,5829186.9305
206858,13.377057127986625,52.48324941236522,204859,204859,11,0,7,7,2018,9,9,2,3,3,6,0,1,1,0,0,0,0,0,797166.3202,5823799.6936
206859,13.28260179743244,52.53388469612791,204860,204860,11,0,4,4,2018,9,16,2,3,5,2,0,1,1,0,0,0,0,0,790422.2934,5829042.9689
206860,13.285104243302586,52.493464831409035,204861,204861,11,0,4,4,2018,9,11,4,3,2,6,0,0,1,0,0,0,0,0,790859.0346,5824560.3148
206861,13.5750738665013,52.568412274548166,204862,204862,11,0,10,10,2018,9,9,2,2,6,4,0,0,1,1,0,0,0,0,810001.6926,5834099.0202
206862,13.568319853393225,52.550783356987075,204863,204863,11,0,10,10,2018,9,22,2,3,6,2,2,0,1,1,0,0,0,0,809668.603,5832110.682999999
206863,13.383918664942605,52.53081051125735,204864,204864,11,0,1,1,2018,9,21,2,3,5,7,2,0,1,0,1,0,0,0,797310.3746,5829114.3006
206864,13.386307213417867,52.55875700456035,204865,204865,11,0,1,1,2018,9,18,4,3,0,2,0,1,1,0,0,0,0,0,797283.1391,5832230.3547
206865,13.4012313115085,52.539733223962976,204866,204866,11,0,1,1,2018,9,20,4,3,3,6,2,0,1,0,1,0,0,0,798423.3028,5830177.5834
206866,13.381965194813965,52.531444135114974,204867,204867,11,0,1,1,2018,9,21,2,3,5,2,2,1,1,0,0,0,0,0,797173.6775,5829176.6716
206867,13.280755421757036,52.43546164366888,204868,204868,11,0,6,6,2018,9,18,4,3,2,6,0,0,1,0,1,0,0,0,790946.6736,5818095.6448
206868,13.550749970652454,52.42893164680983,204869,204869,11,0,9,9,2018,9,20,4,3,5,2,1,1,1,0,0,0,0,0,809333.3161,5818492.5775
206869,13.335480031585805,52.61093561923086,204870,204870,11,0,12,12,2018,9,20,2,3,5,7,2,0,1,0,0,0,1,0,793490.8158,5837821.5551
206870,13.518445012424829,52.55262761053504,204871,204871,11,0,11,11,2018,9,19,2,3,2,6,2,0,1,0,0,0,0,0,806276.7659,5832102.4928
206871,13.299216663228366,52.50192066004301,204872,204872,11,0,4,4,2018,9,19,4,3,1,5,0,0,1,0,1,0,0,0,791760.4201,5825557.1938
206872,13.562799387968708,52.51420854113578,204873,204873,11,0,10,10,2018,9,19,2,3,2,3,1,1,1,0,0,0,0,0,809552.0788,5828022.0113
206873,13.385233664669574,52.5312657504965,204874,204874,11,0,1,1,2018,9,9,6,3,5,3,0,1,0,0,0,0,0,0,797396.4307,5829170.324
206874,13.236297327628744,52.469451748829826,204875,204875,11,0,6,6,2018,9,16,3,3,5,2,0,1,1,0,0,0,0,0,787704.5692,5821695.4828
206875,13.303809172557642,52.52568499714353,204876,204876,11,0,4,4,2018,9,19,2,3,0,3,0,0,1,0,1,0,0,0,791914.1941,5828217.2143
206876,13.210680947427216,52.56034416031435,204877,204877,11,0,5,5,2018,9,18,4,2,0,7,0,1,0,0,0,0,0,0,785375.4346,5831696.7528
206877,13.380071891148116,52.44819003456394,204878,204878,11,0,7,7,2018,9,18,4,3,3,5,0,0,1,0,0,0,0,0,797607.5847,5819915.3478
206878,13.419153102973619,52.39475598922566,204879,204879,11,0,7,7,2018,9,19,2,3,0,4,0,0,0,1,0,0,1,0,800625.3859999999,5814138.2654
206879,13.324331685584967,52.56492559963245,204880,204880,11,0,12,12,2018,9,17,4,3,5,2,0,1,1,0,0,0,0,0,793043.6669,5832662.1234
206880,13.297491802661431,52.49812675896802,204881,204881,11,0,4,4,2018,9,9,2,3,3,6,0,0,0,0,0,0,1,0,791668.5625,5825128.5205
206881,13.401220284688394,52.51113085767311,204882,204882,11,0,1,1,2018,9,17,4,3,0,3,0,0,1,0,1,0,0,0,798616.7442,5826998.4597
206882,13.345402074815887,52.43658609685069,204883,204883,11,0,6,6,2018,9,17,4,3,2,6,0,0,1,0,1,0,0,0,795330.7792,5818483.1725
206883,13.35902964972832,52.509879673788134,204884,204884,11,0,1,1,2018,9,8,2,3,5,3,0,1,1,0,0,0,0,0,795764.0228,5826685.4987
206884,13.452184657230609,52.47564748446654,204885,204885,11,0,8,8,2018,9,13,4,3,2,6,0,0,1,0,0,0,1,0,802316.4031,5823266.9497
206885,13.505047771839427,52.53453683130354,204886,204886,11,0,11,11,2018,9,16,4,3,2,6,0,0,1,0,0,0,0,0,805494.9005,5830034.9626
206886,13.315304352699792,52.514731861201724,204887,204887,11,0,4,4,2018,9,8,2,3,5,2,0,0,1,0,0,0,0,0,792766.3967,5827046.3732
206887,13.546415698221296,52.45706136920693,204888,204888,11,0,9,9,2018,9,21,2,2,8,1,2,0,1,0,0,0,1,0,808841.7797,5821600.3766
206888,13.285203225070465,52.452472421180275,204889,204889,11,0,6,6,2018,9,16,4,2,3,6,0,1,1,0,0,0,0,0,791136.5131,5820004.3498
206889,13.38902920215351,52.515778189078006,204890,204890,11,0,1,1,2018,9,21,2,2,0,1,2,1,0,0,0,0,0,0,797758.5583,5827464.5808
206890,13.375050854885556,52.586989383838464,204891,204891,11,0,3,3,2018,9,8,6,3,2,7,0,0,0,0,1,0,1,1,796329.9692,5835321.9697
206891,13.455312705135972,52.51008707790314,204892,204892,11,0,2,2,2018,9,20,2,2,0,1,1,1,0,0,0,0,0,0,802292.0997,5827107.8528
206892,13.373439438064311,52.41637688167774,204893,204893,11,0,7,7,2018,9,16,4,3,5,3,0,1,1,0,0,0,0,0,797371.515,5816352.057
206893,13.369410168824885,52.45840552577706,204894,204894,11,0,7,7,2018,9,13,3,3,0,1,0,0,0,0,1,0,0,0,796814.7418,5821006.8645
206894,13.495995023818235,52.4488913973762,204895,204895,11,0,9,9,2018,9,16,4,3,2,6,0,0,1,0,1,0,0,0,805475.099,5820477.7071
206895,13.531165906941204,52.41546393232791,204896,204896,11,0,9,9,2018,9,8,2,3,2,2,0,1,1,0,0,0,0,0,808096.8338,5816912.002
206896,13.385462685659686,52.465735130758866,204897,204897,11,0,7,7,2018,9,16,4,3,5,3,0,0,1,0,1,0,0,0,797855.1009999999,5821887.6859
206897,13.256017584920242,52.435842078255455,204898,204898,11,0,6,6,2018,9,7,2,3,5,2,0,1,1,0,0,0,0,0,789263.6411,5818038.5079
206898,13.476784175073224,52.513329544892244,204899,204899,11,0,11,11,2018,9,14,6,3,5,2,0,1,1,0,0,0,0,0,803725.7765,5827558.4727
206899,13.347455725963332,52.50706364029796,204900,204900,11,0,1,1,2018,9,7,2,3,0,4,0,1,0,1,0,0,0,0,794997.9947,5826325.0882
206900,13.377674724236007,52.59654472816162,204901,204901,11,0,3,3,2018,9,13,4,3,5,3,0,0,1,0,0,0,1,0,796443.0144,5836394.8325
206901,13.562563961092328,52.456610380772254,204902,204902,11,0,9,9,2018,9,5,2,3,5,2,1,0,0,0,1,0,1,0,809941.3177,5821619.5017
206902,13.340820612967955,52.58826161912757,204903,204903,11,0,12,12,2018,9,9,2,3,2,6,0,0,1,0,0,0,0,0,794004.1382,5835323.1124
206903,13.276584146837509,52.430222653309706,204904,204904,11,0,6,6,2018,9,13,4,3,5,3,0,1,1,0,0,0,0,0,790697.8197,5817496.5186
206904,13.195680772811793,52.53353931309084,204905,204905,11,0,5,5,2018,9,16,2,2,6,7,0,0,1,1,0,0,0,0,784532.8037,5828657.955
206905,13.418534342507598,52.51046259632266,204906,204906,11,0,1,1,2018,9,8,6,3,3,6,0,0,1,0,1,0,0,1,799795.4284,5826996.0324
206906,13.346948830902994,52.50089312058921,204907,204907,11,0,7,7,2018,9,10,4,2,5,2,0,1,1,0,0,0,0,0,795004.9798,5825637.1656
206907,13.408349840297618,52.58431500022217,204908,204908,11,0,3,3,2018,9,14,1,3,5,3,0,1,1,0,0,0,0,0,798602.405,5835162.2287
206908,13.376986131434753,52.51242083186342,204909,204909,11,0,1,1,2018,9,10,4,3,5,2,0,1,1,0,0,0,0,0,796964.6167,5827041.7491
206909,13.279123581737773,52.506713064112155,204910,204910,11,0,4,4,2018,9,15,4,2,6,4,0,0,0,1,1,0,0,0,790365.8678,5826008.7795
206910,13.435102173413567,52.42874590284186,204911,204911,11,0,8,8,2018,9,15,1,3,3,6,0,0,1,0,0,0,0,0,801477.6213,5817982.5957
206911,13.141602371472551,52.532457562900454,204912,204912,11,0,5,5,2018,9,14,1,3,5,2,0,0,1,0,0,0,0,0,780874.0292,5828325.6509
206912,13.311381544601344,52.515982521547926,204913,204913,11,0,4,4,2018,9,13,6,3,2,6,0,0,1,0,1,0,0,0,792492.0733,5827169.4644
206913,13.479533138420244,52.525989397093326,204914,204914,11,0,11,11,2018,9,14,1,3,1,7,0,0,1,0,0,0,0,0,803824.7027,5828977.1266
206914,13.45337624730216,52.4293763901905,204915,204915,11,0,8,8,2018,9,14,4,3,2,6,0,0,1,0,0,0,0,0,802714.8394,5818129.1537
206915,13.387586747657394,52.5243490381207,204916,204916,11,0,1,1,2018,9,12,6,3,1,5,0,1,1,0,0,0,0,0,797602.745,5828411.2563
206916,13.372712497081864,52.55281339516693,204917,204917,11,0,1,1,2018,9,10,4,3,1,5,0,0,1,0,0,0,0,0,796402.3296,5831513.731000001
206917,13.282505214166346,52.44109841585453,204918,204918,11,0,6,6,2018,9,14,1,3,5,5,0,0,1,0,0,0,0,0,791028.3522,5818729.2333
206918,13.383622566750226,52.57270387091739,204919,204919,11,0,3,3,2018,9,15,4,3,0,3,0,1,1,0,0,0,0,0,797006.9190000001,5833769.454
206919,13.45219229021558,52.47110066795593,204920,204920,11,0,8,8,2018,9,15,4,3,5,2,0,1,1,0,0,0,0,0,802348.1271,5822761.6258
206920,13.197354332389484,52.48011478854085,204921,204921,11,0,4,4,2018,9,13,1,2,5,2,0,1,1,0,0,0,0,0,784992.0316,5822726.1592
206921,13.452729519586404,52.548814992964104,204922,204922,11,0,3,3,2018,9,14,4,3,6,4,0,0,1,1,0,0,0,0,801850.8902,5831401.4548
206922,13.457813474749765,52.51276674727365,204923,204923,11,0,2,2,2018,9,13,1,3,5,3,0,0,1,0,0,0,0,0,802443.2634,5827416.1724
206923,13.384501564662465,52.556362367578934,204924,204924,11,0,1,1,2018,9,14,4,3,6,4,0,0,1,1,0,0,0,0,797177.0262,5831956.7471
206924,13.329743806999724,52.53308754168273,204925,204925,11,0,1,1,2018,9,14,4,3,5,3,0,1,1,0,0,0,0,0,793622.9486,5829145.3369
206925,13.197693611699238,52.522986386991185,204926,204926,11,0,5,5,2018,9,11,1,3,5,2,0,1,1,0,0,0,0,0,784737.5705,5827492.8889999995
206926,13.37203049971143,52.469839819342965,204927,204927,11,0,7,7,2018,9,10,1,3,5,2,0,0,1,0,0,0,1,0,796915.6015,5822288.5457
206927,13.42763794505534,52.4811291745156,204928,204928,11,0,8,8,2018,9,14,4,3,5,3,0,0,1,0,1,0,0,0,800613.0543,5823773.6271
206928,13.236255052911472,52.46945986056165,204929,204929,11,0,6,6,2018,9,10,1,3,5,3,0,1,0,0,0,0,0,0,787701.6465,5821696.2159
206929,13.383946581886669,52.51043928704896,204930,204930,11,0,1,1,2018,9,8,6,3,1,5,0,1,1,0,0,0,0,1,797450.0193,5826850.1946
206930,13.562781505206358,52.44586190261278,204931,204931,11,0,9,9,2018,9,21,1,2,4,2,2,0,1,0,0,0,1,0,810031.6719,5820425.8457
206931,13.311179150574567,52.495053172385724,204932,204932,11,0,4,4,2018,9,10,4,3,1,5,0,1,0,0,0,0,1,0,792617.4928,5824842.3317
206932,13.408854718640105,52.55480805254722,204933,204933,11,0,3,3,2018,9,9,4,3,1,5,0,1,1,0,0,0,0,0,798837.3829999999,5831884.7005
206933,13.36092095913424,52.523848074985416,204934,204934,11,0,1,1,2018,9,7,1,2,8,1,0,0,1,0,0,0,0,0,795798.3316,5828245.8302
206934,13.501505934761395,52.526323517551354,204935,204935,11,0,11,11,2018,9,9,4,3,5,3,0,1,0,0,0,0,0,0,805311.8915,5829107.1003
206935,13.409391691092761,52.501922943629275,204936,204936,11,0,2,2,2018,9,8,4,3,1,5,0,1,1,0,0,0,0,0,799233.4936,5826008.9019
206936,13.350472182449124,52.549493282866656,204937,204937,11,0,1,1,2018,9,21,1,3,0,7,2,0,1,0,1,0,0,0,794917.828,5831053.4608
206937,13.545944472565935,52.457069962191454,204938,204938,11,0,9,9,2018,9,6,1,2,1,1,0,0,1,0,0,0,0,0,808809.7261,5821599.3146
206938,13.274407872958836,52.59883745120585,204939,204939,11,0,12,12,2018,9,8,4,3,0,1,0,1,0,0,0,0,0,0,789438.415,5836229.657000001
206939,13.401992275283986,52.446818919968,204940,204940,11,0,7,7,2018,9,7,4,3,5,2,0,1,1,0,0,0,0,0,799105.5296,5819853.5791
206940,13.258114227640545,52.4120966158101,204941,204941,11,0,6,6,2018,9,18,1,3,5,2,0,0,1,0,1,0,0,0,789561.8204,5815407.5561
206941,13.340462305543845,52.50410890795054,204942,204942,11,0,4,4,2018,9,17,1,3,1,5,0,1,1,0,0,0,1,0,794543.4677,5825968.0843
206942,13.258078904985242,52.508308926118495,204943,204943,11,0,4,4,2018,9,5,4,3,0,2,2,1,0,0,0,0,1,0,788928.0581,5826101.636
206943,13.430342910716393,52.510648557236756,204944,204944,11,0,2,2,2018,9,1,1,3,0,1,2,1,0,0,0,0,0,0,800594.9485,5827065.8654
206944,13.392587383179837,52.491791429810455,204945,204945,11,0,2,2,2018,9,8,6,3,5,3,0,0,1,0,1,0,0,1,798162.3124,5824813.212
206945,13.400223813188125,52.53096528894215,204946,204946,11,0,1,1,2018,9,11,1,2,0,1,0,1,0,0,0,0,0,0,798414.5471,5829198.8784
206946,13.418871133484027,52.461038455436636,204947,204947,11,0,7,7,2018,9,0,4,2,5,3,2,0,1,0,1,0,0,0,800154.9898,5821504.1183
206947,13.426435647065622,52.499382427053746,204948,204948,11,0,2,2,2018,9,21,4,3,2,2,2,0,1,0,0,0,0,0,800406.8881,5825797.3953
206948,13.415451578675716,52.52659171211154,204949,204949,11,0,1,1,2018,9,16,1,3,2,6,0,0,1,0,1,0,0,0,799476.5228,5828775.9183
206949,13.427600408052895,52.4208966776553,204950,204950,11,0,8,8,2018,9,10,4,1,6,2,0,0,0,1,0,1,0,0,801021.4856,5817078.8831
206950,13.330796487883944,52.49112406517593,204951,204951,11,0,4,4,2018,9,17,3,3,6,4,0,1,0,1,0,0,0,0,793974.582,5824485.3849
206951,13.380356900536626,52.45604408604114,204952,204952,11,0,7,7,2018,9,15,1,3,3,6,0,0,1,0,1,0,0,0,797573.9228,5820789.4823
206952,13.428743376809681,52.54777380897038,204953,204953,11,0,3,3,2018,9,20,1,2,5,2,2,0,1,0,1,0,0,0,800232.8321,5831185.5337
206953,13.368420116685641,52.58969310716482,204954,204954,11,0,3,3,2018,9,16,3,3,5,3,0,0,1,0,1,0,0,0,795862.8518,5835595.228999999
206954,13.525486812512233,52.481653980436114,204955,204955,11,0,11,11,2018,9,17,1,2,0,1,0,1,0,0,0,0,0,0,807249.2672,5824244.2674
206955,13.424169294621835,52.441628114900006,204956,204956,11,0,8,8,2018,9,8,6,2,5,2,0,0,1,0,1,0,0,1,800647.0248,5819368.7925
206956,13.407203991542005,52.524780992935675,204957,204957,11,0,1,1,2018,9,20,7,3,6,4,1,1,0,1,0,0,0,0,798929.7311,5828540.4309
206957,13.446984586731961,52.426918989974794,204958,204958,11,0,8,8,2018,9,15,3,3,5,2,0,1,1,0,0,0,0,0,802297.4317,5817829.2395
206958,13.232636377537313,52.543009748589256,204959,204959,11,0,5,5,2018,9,13,7,3,1,1,0,0,1,0,0,0,0,0,786975.9488,5829857.1325
206959,13.621339488660547,52.53205281318653,204960,204960,11,0,10,10,2018,9,7,6,3,5,3,0,0,1,0,0,0,0,1,813394.1411,5830258.1748
206960,13.416143638973965,52.60811688253835,204961,204961,11,0,3,3,2018,9,12,7,3,6,7,0,0,1,1,0,0,0,0,798967.7481,5837840.0814
206961,13.572896323303127,52.48378837610746,204962,204962,11,0,10,10,2018,9,15,3,3,5,3,0,1,1,0,0,0,0,0,810451.233,5824684.5057
206962,13.281209960307642,52.585489232126704,204963,204963,11,0,12,12,2018,9,15,3,3,5,2,0,1,1,0,0,0,0,0,789987.0148,5834773.3247
206963,13.45384122876796,52.482549821133006,204964,204964,11,0,8,8,2018,9,13,7,3,5,3,0,0,1,0,0,0,0,0,802381.4367,5824041.0536
206964,13.376182868687474,52.54621435399024,204965,204965,11,0,1,1,2018,9,15,3,3,6,4,0,1,0,1,0,0,0,0,796682.0091,5830794.5365
206965,13.385828097859369,52.528340611766254,204966,204966,11,0,1,1,2018,9,14,3,3,1,1,0,0,1,0,1,0,0,0,797456.5143,5828847.6532
206966,13.439660702170606,52.50226010869917,204967,204967,11,0,2,2,2018,9,12,7,3,1,5,0,1,1,0,0,0,1,0,801284.2590000001,5826172.4120000005
206967,13.320073272286265,52.471291619097606,204968,204968,11,0,4,4,2018,9,7,6,2,0,5,0,1,1,0,0,0,0,1,793379.1286,5822237.3535
206968,13.346882438216984,52.56070667620984,204969,204969,11,0,1,1,2018,9,11,7,3,5,2,0,1,1,0,0,0,0,0,794599.3835,5832285.1427
206969,13.276519736733324,52.50720356828161,204970,204970,11,0,4,4,2018,9,14,3,2,3,6,0,0,1,0,1,0,0,0,790186.0308,5826052.8188
206970,13.506977679158172,52.56404982215696,204971,204971,11,0,11,11,2018,9,11,7,3,5,2,0,1,1,0,0,0,0,0,805420.4366,5833323.3176
206971,13.344019911648363,52.467138270394,204972,204972,11,0,7,7,2018,9,6,6,3,5,3,1,1,1,0,0,0,0,1,795032.3668,5821873.3616
206972,13.294489191010776,52.427012343832686,204973,204973,11,0,6,6,2018,9,15,3,2,5,3,0,1,0,0,0,0,0,0,791935.5553,5817211.9454
206973,13.264339760070325,52.51095659485507,204974,204974,11,0,4,4,2018,9,13,3,3,5,2,0,1,1,0,0,0,0,0,789335.2673,5826421.0343
206974,13.26126506131305,52.51610865735028,204975,204975,11,0,4,4,2018,9,11,7,3,2,6,0,0,1,0,0,0,0,0,789092.8908,5826981.3672
206975,13.29289563898557,52.49142695976186,204976,204976,11,0,4,4,2018,9,13,3,3,1,5,0,1,1,0,0,0,0,0,791401.1211,5824365.2514
206976,13.40128900490932,52.382134644723216,204977,204977,11,0,7,7,2018,9,13,3,3,2,2,0,1,1,0,0,0,0,0,799496.2767,5812661.232999999
206977,13.365507619532714,52.556820207013,204978,204978,11,0,1,1,2018,9,11,7,3,5,2,0,0,1,0,0,0,0,0,795887.205,5831929.475
206978,13.292714766796383,52.506703118798924,204979,204979,11,0,4,4,2018,9,11,7,2,2,3,0,1,1,0,0,0,0,0,791287.7345,5826062.4863
206979,13.448298858823547,52.524137535442065,204980,204980,11,0,2,2,2018,9,16,5,3,5,7,0,0,1,0,0,0,0,0,801720.0564,5828640.1146
206980,13.571879792422571,52.546792707773896,204981,204981,11,0,10,10,2018,9,13,3,3,2,6,0,0,1,0,0,0,0,0,809937.939,5831682.4642
206981,13.3648101316135,52.488269064839976,204982,204982,11,0,7,7,2018,9,10,7,3,2,7,0,1,1,0,0,0,0,0,796301.488,5824307.2360000005
206982,13.366692077879245,52.55723818876132,204983,204983,11,0,1,1,2018,9,12,3,3,5,2,0,1,1,0,0,0,0,0,795964.6284,5831980.7973
206983,13.33278255607762,52.4785994385237,204984,204984,11,0,4,4,2018,9,6,7,3,2,4,1,0,1,1,1,0,0,0,794192.9915,5823101.3732
206984,13.559136156156447,52.44840314009332,204985,204985,11,0,9,9,2018,9,13,5,3,2,2,0,0,1,0,0,0,0,0,809766.2579999999,5820692.6241
206985,13.656836672234073,52.415163594102154,204986,204986,11,0,9,9,2018,9,10,7,3,9,1,0,0,1,0,0,0,0,0,816639.205,5817422.4325
206986,13.306745969139024,52.43389348003775,204987,204987,11,0,6,6,2018,9,12,3,3,2,6,0,0,1,0,0,0,0,0,792722.7029,5818026.4229
206987,13.577867353048765,52.46119463271107,204988,204988,11,0,9,9,2018,9,18,7,2,4,6,0,0,1,0,0,0,0,0,810947.9805,5822194.8475
206988,13.293125669682047,52.60850822263994,204989,204989,11,0,12,12,2018,9,14,5,3,9,1,0,0,1,0,0,0,0,0,790641.146,5837379.9683
206989,13.362261187147665,52.50546150511881,204990,204990,11,0,1,1,2018,9,12,3,3,5,2,0,1,1,0,0,0,0,0,796012.8981,5826207.6847
206990,13.393053665406166,52.5643577026726,204991,204991,11,0,1,1,2018,9,18,7,3,6,4,0,0,0,1,0,0,1,0,797702.175,5832880.7155
206991,13.400148839794507,52.45913257756121,204992,204992,11,0,7,7,2018,9,14,3,3,5,2,0,0,1,0,0,1,0,0,798896.8372,5821214.5645
206992,13.306950304425097,52.50055848297884,204993,204993,11,0,4,4,2018,9,16,3,3,3,6,0,0,1,0,1,0,0,0,792294.0431,5825437.1025
206993,13.170562389857714,52.51843079541916,204994,204994,11,0,5,5,2018,9,10,3,3,2,6,0,0,1,0,0,0,0,0,782927.3598,5826879.7098
206994,13.331286148765534,52.45312006919318,204995,204995,11,0,6,6,2018,9,18,7,3,5,2,0,0,1,0,0,0,0,0,794261.5308,5820263.2498
206995,13.349790157230913,52.5031993546376,204996,204996,11,0,1,1,2018,9,18,7,3,5,2,0,0,1,0,0,0,0,0,795182.2404,5825905.1285
206996,13.308209248380056,52.51832832560218,204997,204997,11,0,4,4,2018,9,9,3,3,6,4,0,0,0,1,1,0,0,0,792261.3773,5827417.3387
206997,13.399819628802454,52.53546032983016,204998,204998,11,0,1,1,2018,9,17,7,3,5,7,0,0,1,0,1,0,0,0,798356.6387,5829696.8178
206998,13.323685274076187,52.49361264305461,204999,204999,11,0,4,4,2018,9,16,7,3,5,2,0,1,1,0,0,0,0,0,793475.5207,5824733.0302
206999,13.345059718776273,52.50040893435626,205000,205000,11,0,7,7,2018,9,9,3,3,0,1,0,0,1,0,1,0,0,0,794880.0835,5825575.6225
209868,13.351050015670788,52.51493214276354,208001,208001,11,0,1,1,2018,12,19,5,2,3,6,2,0,1,0,1,0,0,1,795188.9639,5827214.3762
209869,13.390743896486391,52.50534030309022,208002,208002,11,0,2,2,2018,12,9,3,3,6,4,0,0,0,1,0,0,1,1,797945.5088,5826311.5169
209870,13.487092945728048,52.52663946504581,208003,208003,11,0,11,11,2018,12,14,3,3,0,1,0,0,0,0,1,0,0,1,804332.6743,5829081.2677
209871,13.499630831861507,52.53487855199933,208004,208004,11,0,11,11,2018,12,15,5,3,5,3,1,0,1,0,0,0,0,0,805125.3936,5830049.9967
209872,13.328355700578273,52.534223513777654,208005,208005,11,0,1,1,2018,12,9,3,3,6,4,0,0,1,1,0,0,0,1,793521.2752,5829265.9473
209873,13.630469255539253,52.458176642802925,208006,208006,11,0,9,9,2018,12,14,3,3,2,6,0,0,1,0,0,0,0,1,814540.4627,5822087.4643
209874,13.40008112838166,52.459124394957854,208007,208007,11,0,7,7,2018,12,20,5,2,5,2,2,0,1,0,1,0,0,1,798892.2955,5821213.3745
209875,13.400977571576727,52.52893791866258,208008,208008,11,0,1,1,2018,12,9,3,3,1,5,0,1,1,0,0,0,0,1,798479.4037,5828976.6621
209876,13.501785325187788,52.498234256345924,208009,208009,11,0,11,11,2018,12,9,3,3,5,3,0,1,1,0,0,0,0,1,805525.8697,5825986.3502
209877,13.268316529069581,52.40634659569358,208010,208010,11,0,6,6,2018,12,17,5,3,2,6,2,0,1,0,0,0,0,1,790293.0694,5814809.3956
209878,13.329137111806286,52.502451933518934,208011,208011,11,0,4,4,2018,12,10,3,3,6,7,0,0,1,1,0,0,0,1,793786.3831,5825737.7147
209879,13.309887754081664,52.59019581796629,208012,208012,11,0,12,12,2018,12,17,5,3,1,5,2,0,1,0,0,0,0,1,791897.2254,5835412.2979999995
209880,13.59362353812921,52.44944606674554,208013,208013,11,0,9,9,2018,12,12,3,3,2,6,0,0,1,0,0,0,0,1,812100.796,5820957.1501
209881,13.569786292907448,52.54053453299118,208014,208014,11,0,10,10,2018,12,19,5,3,2,6,2,0,1,0,0,0,0,1,809840.2253,5830977.9235
209882,13.344655294540408,52.46486315846402,208015,208015,11,0,7,7,2018,12,13,3,2,5,3,0,0,1,0,0,0,0,1,795090.7338,5821623.0834
209883,13.42071578169915,52.48021842142826,208016,208016,11,0,8,8,2018,12,15,5,3,2,6,1,0,1,0,0,0,0,0,800149.5252,5823643.5741
209884,13.441785184579887,52.504442955326965,208017,208017,11,0,2,2,2018,12,13,3,3,2,6,0,1,0,0,0,0,1,1,801413.4032,5826423.9043
209885,13.427646388320696,52.56794027017514,208018,208018,11,0,3,3,2018,12,14,3,3,5,2,0,0,1,0,0,0,0,1,800020.7046,5833422.3976
209886,13.453720412548762,52.452814260105974,208019,208019,11,0,8,8,2018,12,18,5,3,2,6,2,0,1,0,0,0,1,1,802577.3759999999,5820735.5917
209887,13.369733302714037,52.55975877638547,208020,208020,11,0,1,1,2018,12,14,3,3,5,3,0,0,1,0,0,0,0,1,796153.6535,5832273.4529
209888,13.574305799746867,52.48617870929658,208021,208021,11,0,10,10,2018,12,7,3,3,6,4,1,0,1,1,0,0,0,1,810530.0096,5824956.2360000005
209889,13.171676461608438,52.511015906103204,208022,208022,11,0,5,5,2018,12,21,6,3,5,3,2,0,1,0,0,0,0,1,783050.6059999999,5826059.8722
209890,13.370532315531714,52.52677544489665,208023,208023,11,0,1,1,2018,12,18,5,3,0,7,2,0,1,0,0,0,1,0,796430.1986,5828610.6822
209891,13.476009111341035,52.55829231933712,208024,208024,11,0,3,3,2018,12,7,3,3,6,2,1,0,1,1,0,0,0,1,803362.7134,5832552.5734
209892,13.468546154997293,52.5443545157269,208025,208025,11,0,11,11,2018,12,13,5,3,5,3,0,1,0,0,0,0,1,0,802953.2901,5830972.0632
209893,13.409625628562415,52.53860499126974,208026,208026,11,0,3,3,2018,12,19,5,3,0,4,2,0,0,1,0,0,1,1,798999.858,5830086.9726
209894,13.360805826555849,52.577018614408615,208027,208027,11,0,12,12,2018,12,6,3,3,6,2,2,0,1,1,0,0,0,1,795432.7404,5834155.2181