,X,Y,OBJECTID_1,OBJECTID,ULAND,UREGBEZ,UKREIS,UGEMEINDE,UJAHR,UMONAT,USTUNDE,UWOCHENTAG,UKATEGORIE,UART,UTYP1,ULICHTVERH,IstRad,IstPKW,IstFuss,IstKrad,IstGkfz,IstSonstig,STRZUSTAND,LINREFX,LINREFY
209895,13.411711509465626,52.52396408939008,208028,208028,11,0,1,1,2018,12,21,5,3,5,2,2,0,1,0,0,0,0,1,799240.8668,5828468.3351
209896,13.435812625818924,52.556381178907344,208029,208029,11,0,3,3,2018,12,7,3,3,6,4,1,0,1,1,0,0,0,1,800652.9005,5832171.6846
209897,13.473906363670055,52.60992349783352,208030,208030,11,0,3,3,2018,12,12,5,3,5,3,0,0,1,0,0,0,0,0,802863.6535,5838282.2675
209898,13.494131886477922,52.51243041341746,208031,208031,11,0,11,11,2018,12,7,3,3,1,5,2,0,1,0,0,0,0,1,804908.3309999999,5827531.7626
209899,13.31471413260865,52.49332546406292,208032,208032,11,0,4,4,2018,12,12,5,3,6,2,0,0,1,1,0,0,0,0,792868.8028,5824664.6441
209900,13.329770403420325,52.56910659838731,208033,208033,11,0,12,12,2018,12,14,3,3,6,2,0,0,1,1,0,0,0,1,793384.1051,5833148.9762
209901,13.441046696652784,52.5015486761468,208034,208034,11,0,2,2,2018,12,17,3,3,1,5,2,1,1,0,0,0,0,1,801383.1388,5826099.1311
209902,13.435151647229512,52.4230542764704,208035,208035,11,0,8,8,2018,12,10,5,3,5,3,0,0,1,0,0,0,1,0,801519.8709,5817350.2049
209903,13.297272081929474,52.51073130924615,208036,208036,11,0,4,4,2018,12,16,6,3,2,2,2,0,1,0,0,0,1,1,791570.1314,5826528.642999999
209904,13.346137750117812,52.524976406489685,208037,208037,11,0,1,1,2018,12,13,5,3,3,6,0,0,1,0,0,0,1,0,794788.5342,5828310.6912
209905,13.328054040017667,52.56406967207634,208038,208038,11,0,12,12,2018,12,17,3,3,3,6,2,0,1,0,0,1,0,1,793301.5085,5832582.1316
209906,13.238613029022682,52.54469035936121,208039,208039,11,0,5,5,2018,12,10,5,3,6,4,0,0,1,1,0,0,0,1,787369.9871,5830067.7505
209907,13.432704822346851,52.50544040387296,208040,208040,11,0,2,2,2018,12,10,5,3,1,5,0,1,1,0,0,0,0,0,800790.7237,5826496.8494
209908,13.427426207651319,52.55240630634288,208041,208041,11,0,3,3,2018,12,17,4,3,5,3,2,0,1,0,0,0,0,0,800111.9358,5831694.9332
209909,13.378768223668432,52.527703035548065,208042,208042,11,0,1,1,2018,12,17,3,3,6,4,2,0,1,1,0,0,0,1,796982.248,5828747.6799
209910,13.387992831979895,52.523412660509955,208043,208043,11,0,1,1,2018,12,9,5,3,6,2,0,1,0,1,0,0,0,0,797636.613,5828308.8564
209911,13.485282959008165,52.51649504592777,208044,208044,11,0,11,11,2018,12,18,3,3,1,5,2,1,0,0,0,1,1,1,804280.1672,5827946.136
209912,13.368828801630874,52.49309480568254,208045,208045,11,0,7,7,2018,12,16,6,3,6,4,2,0,1,1,0,0,0,1,796541.6487,5824860.1257
209913,13.39061489751327,52.507704793938586,208046,208046,11,0,1,1,2018,12,8,5,3,2,6,0,1,1,0,0,0,0,0,797920.7494,5826573.7915
209914,13.586258338251278,52.539416535812066,208047,208047,11,0,10,10,2018,12,17,3,3,6,4,2,0,1,1,0,0,0,1,810964.3509999999,5830924.616
209915,13.332865790378586,52.46472636035983,208048,208048,11,0,6,6,2018,12,18,2,3,1,5,2,1,1,0,0,0,0,0,794291.2947,5821559.7257
209916,13.426406038593855,52.51585845504741,208049,208049,11,0,2,2,2018,12,8,5,3,0,3,0,1,1,0,0,0,0,0,800292.4051,5827628.5208
209917,13.376490101497808,52.51009551565152,208050,208050,11,0,1,1,2018,12,18,2,3,5,3,2,0,1,0,1,0,0,1,796946.6749,5826781.2515
209918,13.348772383980313,52.45891977847374,208051,208051,11,0,7,7,2018,12,7,5,2,5,2,0,0,1,0,0,0,0,0,795410.0644,5820979.3298
209919,13.573530572521268,52.552288548741224,208052,208052,11,0,10,10,2018,12,7,6,3,6,6,2,1,1,1,0,0,0,1,810010.9972,5832300.3771
209920,13.429126175901716,52.54923731661589,208053,208053,11,0,3,3,2018,12,5,4,3,5,2,2,1,1,0,0,0,0,0,800248.7669,5831349.7922
209921,13.361177647336788,52.4944249621461,208054,208054,11,0,7,7,2018,12,18,2,3,5,2,2,1,1,0,0,0,0,1,796013.6296,5824976.5396
209922,13.565854973271673,52.52885895157414,208055,208055,11,0,10,10,2018,12,13,4,3,2,6,0,0,1,0,0,0,0,0,809656.0733,5829663.3942
209923,13.553090105323813,52.430853976715525,208056,208056,11,0,9,9,2018,12,15,4,3,0,2,0,1,1,0,0,0,0,0,809478.8132,5818716.2586
209924,13.383979663245347,52.51038091813286,208057,208057,11,0,1,1,2018,12,18,2,3,0,2,2,1,1,0,0,0,0,1,797452.6574,5826843.8435
209925,13.521696836498224,52.47525960304925,208058,208058,11,0,11,11,2018,12,15,4,3,5,7,0,0,1,0,0,0,1,0,807036.6688,5823517.4436
209926,13.34334526339525,52.52764849768493,208059,208059,11,0,1,1,2018,12,18,2,3,3,6,2,0,1,0,1,0,0,1,794581.3182,5828596.2783
209927,13.486085406085177,52.49665418621526,208060,208060,11,0,11,11,2018,12,16,6,2,6,4,2,0,0,1,0,0,1,1,804471.8496,5825744.3327
209928,13.272553743025885,52.49910259904783,208061,208061,11,0,4,4,2018,12,15,4,3,2,6,0,0,1,0,1,0,0,0,789970.4174,5825136.4268
209929,13.330776948628206,52.49721410130779,208062,208062,11,0,4,4,2018,12,16,2,3,6,3,1,0,1,1,0,0,0,1,793932.59,5825162.2119
209930,13.37861282500574,52.510886726829206,208063,208063,11,0,1,1,2018,12,14,4,2,1,5,0,0,1,0,0,0,1,0,797085.2867,5826877.9371
209931,13.280722529942908,52.62942731155872,208064,208064,11,0,12,12,2018,12,16,6,3,0,3,2,0,0,0,0,0,1,1,789663.5743,5839655.1992
209932,13.429893194322238,52.469994455578664,208065,208065,11,0,8,8,2018,12,16,2,3,2,6,2,0,1,0,0,0,0,0,800842.1337,5822545.4504
209933,13.376896331347373,52.51160765942142,208066,208066,11,0,1,1,2018,12,14,4,3,6,4,0,1,0,1,0,0,0,0,796964.0164,5826950.9966
209934,13.601229679641031,52.48198045938052,208067,208067,11,0,10,10,2018,12,13,4,3,5,3,0,1,1,0,0,0,0,0,812386.5247,5824605.9173
209935,13.377413080028038,52.571310928348844,208068,208068,11,0,12,12,2018,12,16,2,3,5,3,2,0,1,0,0,0,0,1,796595.8294,5833589.0498
209936,13.429452052347445,52.46021950705203,208069,208069,11,0,8,8,2018,12,12,4,3,3,6,0,0,1,0,1,0,0,0,800878.9275,5821457.1663
209937,13.3089292570634,52.54761782264677,208070,208070,11,0,4,4,2018,12,12,4,2,5,3,0,0,1,0,1,0,0,0,792115.5035,5830675.8146
209938,13.313199169696084,52.57483159942562,208071,208071,11,0,12,12,2018,12,15,2,3,2,2,0,0,1,0,0,0,0,0,792223.6865,5833717.97
209939,13.472545168079614,52.50509220095957,208072,208072,11,0,11,11,2018,12,15,2,3,6,4,1,1,0,1,0,0,0,1,803495.1563,5826625.0884
209940,13.481517116234247,52.60197397346136,208073,208073,11,0,3,3,2018,12,12,4,3,1,5,0,1,1,0,0,0,0,0,803433.6089,5837430.7582
209941,13.369059331790671,52.4805758118639,208074,208074,11,0,7,7,2018,12,15,2,2,6,4,2,0,1,1,0,0,0,0,796641.6167,5823469.6084
209942,13.52907394264692,52.463110167973156,208075,208075,11,0,9,9,2018,12,17,2,2,6,4,2,0,1,1,0,0,0,1,807622.1497,5822198.5592
209943,13.548877724395206,52.5433914245642,208076,208076,11,0,10,10,2018,12,11,4,3,6,3,0,0,1,1,0,0,0,0,808403.3117,5831205.7563
209944,13.358315010275392,52.59680010410844,208077,208077,11,0,12,12,2018,12,18,2,3,0,3,2,0,1,0,0,0,1,1,795130.9807,5836343.7101
209945,13.196769759108234,52.52714484284906,208078,208078,11,0,5,5,2018,12,10,4,3,1,5,0,0,1,0,0,0,0,0,784648.0148,5827951.4749
209946,13.386258057605493,52.54959163068656,208079,208079,11,0,1,1,2018,12,16,2,3,2,2,0,0,1,0,0,0,0,1,797341.8472,5831211.4372
209947,13.344943624102184,52.47965472549371,208080,208080,11,0,7,7,2018,12,10,4,3,6,7,0,0,1,1,0,0,0,0,795011.2419,5823268.3325
209948,13.32110796171198,52.472854180742026,208081,208081,11,0,7,7,2018,12,16,2,3,2,6,2,0,1,0,0,0,0,1,793438.953,5822415.2403
209949,13.335028568866727,52.4430133600817,208082,208082,11,0,6,6,2018,12,14,2,3,5,3,0,0,1,0,0,0,1,0,794583.1726,5819155.1633
209950,13.303934660016315,52.631281567215844,208083,208083,11,0,12,12,2018,12,10,4,3,5,3,0,1,1,0,0,0,0,1,791221.1635,5839954.9475
209951,13.438790332576652,52.48226368703846,208084,208084,11,0,8,8,2018,12,13,2,3,5,7,0,0,1,0,0,0,0,0,801362.0861,5823946.2605
209952,13.419378059087064,52.50125383192108,208085,208085,11,0,2,2,2018,12,19,2,3,5,3,2,1,0,0,0,0,0,1,799915.4073,5825976.0187
209953,13.3996934253865,52.498414492311795,208086,208086,11,0,2,2,2018,12,22,2,3,5,3,2,0,1,0,0,0,0,1,798599.4825,5825578.7479
209954,13.345859142124024,52.49884137009388,208087,208087,11,0,7,7,2018,12,14,2,2,5,3,0,0,1,0,0,0,0,1,794944.8146,5825404.6579
209955,13.404179646949663,52.491202713388454,208088,208088,11,0,2,2,2018,12,22,4,3,1,5,2,1,1,0,0,0,0,0,798952.7742,5824795.7651
209956,13.231992201036944,52.53833041838206,208089,208089,11,0,5,5,2018,12,12,2,3,3,6,0,0,1,0,1,0,0,1,786962.845,5829334.4418
209957,13.434428393831318,52.549675204092004,208090,208090,11,0,3,3,2018,12,12,2,3,5,3,0,1,1,0,0,0,0,0,800605.0183,5831420.5658
209958,13.30186464605597,52.499191606018066,208091,208091,11,0,4,4,2018,12,20,4,2,5,3,2,1,1,0,0,0,0,0,791958.137,5825264.5728
209959,13.29609493676768,52.497051158756854,208092,208092,11,0,4,4,2018,12,12,2,3,5,2,0,1,1,0,0,0,0,0,791580.9291,5825003.318
209960,13.553775073422875,52.413365293241185,208093,208093,11,0,9,9,2018,12,10,4,3,1,5,0,0,1,0,0,0,0,0,809648.0363,5816775.4934
209961,13.443006616685148,52.48061600409361,208094,208094,11,0,8,8,2018,12,10,2,3,1,5,0,1,1,0,0,0,0,0,801659.4792,5823780.7525
209962,13.280354120065113,52.51748357364158,208095,208095,11,0,4,4,2018,12,9,4,2,5,2,0,0,1,0,1,0,0,0,790378.2291,5827210.8978
209963,13.305930466845991,52.5246413362595,208096,208096,11,0,4,4,2018,12,10,2,3,2,7,0,0,1,0,0,0,0,0,792064.9363,5828109.8017
209964,13.39810342799484,52.49825623277992,208097,208097,11,0,2,2,2018,12,18,4,3,0,1,2,0,0,0,1,0,0,1,798492.7005,5825554.5755
209965,13.419763089594259,52.52541464967746,208098,208098,11,0,1,1,2018,12,10,2,3,5,3,0,1,0,0,0,0,1,0,799776.8236,5828663.0119
209966,13.356830999714244,52.523473320818546,208099,208099,11,0,1,1,2018,12,9,4,3,5,2,0,1,1,0,0,0,0,0,795523.5703,5828187.4034
209967,13.517224895453115,52.45436375589818,208100,208100,11,0,9,9,2018,12,16,6,3,6,2,2,0,1,1,0,0,0,1,806878.6708,5821176.0042
209968,13.385677004821865,52.46858755599153,208101,208101,11,0,7,7,2018,12,18,4,3,0,2,2,0,1,0,1,0,0,0,797850.3678,5822205.6107
209969,13.38930159650051,52.514071999751394,208102,208102,11,0,1,1,2018,12,9,2,3,6,7,0,0,0,1,1,0,0,1,797788.5792,5827276.0667
209970,13.453737458979615,52.482354845837826,208103,208103,11,0,8,8,2018,12,9,4,3,1,5,0,1,1,0,0,0,0,0,802375.734,5824018.948
209971,13.380696960482357,52.51667252132519,208104,208104,11,0,1,1,2018,12,18,4,3,3,2,2,0,1,0,0,0,1,0,797187.5304,5827529.6062
209972,13.408932080654075,52.57107306069247,208105,208105,11,0,3,3,2018,12,15,6,3,5,2,2,1,1,0,0,0,0,1,798731.947,5833692.8342
209973,13.259746327272902,52.516821471795254,208106,208106,11,0,4,4,2018,12,9,4,3,2,6,0,0,1,0,0,0,0,0,788985.2232,5827054.5105
209974,13.410488720005945,52.512448350260286,208107,208107,11,0,1,1,2018,12,9,2,3,1,5,0,1,0,0,0,1,0,0,799236.3099,5827183.3207
209975,13.509314728116493,52.54635361539,208108,208108,11,0,11,11,2018,12,9,4,3,5,2,0,1,0,0,0,1,0,0,805701.8751,5831366.4121
209976,13.526035425334339,52.564202052149604,208109,208109,11,0,11,11,2018,12,9,4,3,5,3,0,1,1,0,0,0,0,0,806710.1403,5833421.1968
209977,13.429033884786055,52.510638173791925,208110,208110,11,0,2,2,2018,12,9,2,3,5,2,0,1,0,0,0,0,1,0,800506.2492,5827059.2548
209978,13.424346313936764,52.50891145239442,208111,208111,11,0,1,1,2018,12,18,4,3,2,6,2,0,1,0,0,0,0,1,800200.1484,5826847.8097
209979,13.305856496870533,52.62062133462064,208112,208112,11,0,12,12,2018,12,8,2,3,2,6,0,0,1,0,0,0,0,0,791422.0367,5838777.8183
209980,13.414393292304116,52.49335245677146,208113,208113,11,0,2,2,2018,12,15,6,3,1,5,1,1,1,0,0,0,0,1,799631.0816,5825077.0873
209981,13.613995802535374,52.5274336891548,208114,208114,11,0,10,10,2018,12,8,4,3,5,3,0,1,1,0,0,0,0,1,812929.2958,5829712.9032
209982,13.355727309793243,52.502129850488956,208115,208115,11,0,1,1,2018,12,7,2,2,5,2,0,1,1,0,0,0,0,0,795592.1252,5825810.5734
209983,13.528940001143098,52.43319142275341,208116,208116,11,0,9,9,2018,12,8,4,3,5,3,0,1,1,0,0,0,0,0,807821.875,5818872.7659
209984,13.315665242780351,52.4818665459897,208117,208117,11,0,4,4,2018,12,15,6,3,2,2,0,0,1,0,0,0,0,1,793009.5722,5823394.8436
209985,13.379958209348905,52.57184093427083,208118,208118,11,0,12,12,2018,12,7,2,1,6,4,2,0,1,1,0,0,0,0,796764.6059,5833658.4398
209986,13.351032590150925,52.5675832884425,208119,208119,11,0,12,12,2018,12,8,4,3,5,2,0,1,1,0,0,0,0,1,794834.3309999999,5833066.451
209987,13.348741069607826,52.54284964569988,208120,208120,11,0,1,1,2018,12,7,4,3,5,3,0,0,1,0,0,0,1,0,794845.1137,5830307.9407
209988,13.425456406150813,52.480781590943934,208121,208121,11,0,8,8,2018,12,6,2,3,2,6,2,0,1,0,0,0,0,0,800467.3872,5823725.905
209989,13.318822886581053,52.51918401506143,208122,208122,11,0,4,4,2018,12,17,4,3,5,2,2,0,1,0,0,0,0,0,792975.3334,5827555.5246
209990,13.416358818722204,52.52170875504458,208123,208123,11,0,1,1,2018,12,23,1,3,2,6,2,0,1,0,0,0,0,0,799571.2896,5828236.9627
209991,13.325077004301471,52.499950695695006,208124,208124,11,0,4,4,2018,12,14,6,3,5,2,0,1,1,0,0,0,0,1,793527.6714,5825443.1693
209992,13.444830294628296,52.54552984029814,208125,208125,11,0,3,3,2018,12,16,1,3,5,2,2,0,1,0,0,0,0,1,801338.2141,5831003.2665
209993,13.42119918671312,52.509828548400385,208126,208126,11,0,1,1,2018,12,17,4,3,5,2,2,1,0,0,0,0,1,0,799980.4669,5826936.6436
209994,13.34774174415988,52.46730304656918,208127,208127,11,0,7,7,2018,12,22,1,3,1,5,2,0,1,0,0,1,0,1,795283.9125,5821906.9023
209995,13.367734340102787,52.51738896945424,208128,208128,11,0,1,1,2018,12,14,6,2,8,1,0,0,0,0,0,0,1,1,796303.7608,5827555.8866
209996,13.397857363268864,52.41681781949215,208129,208129,11,0,7,7,2018,12,7,4,3,0,1,0,0,1,0,1,0,0,1,799027.9865,5816501.9234
209997,13.407891110207887,52.504322855584675,208130,208130,11,0,2,2,2018,12,20,1,3,5,3,2,1,0,0,0,0,1,1,799115.3988,5826269.4191
209998,13.379179901800224,52.55301227252205,208131,208131,11,0,1,1,2018,12,13,6,3,3,6,0,1,1,0,0,0,0,1,796839.1526,5831562.4561
209999,13.330319845387454,52.48616898307368,208132,208132,11,0,4,4,2018,12,18,1,2,6,4,2,0,1,1,0,0,0,1,793975.3252,5823932.6858
210000,13.410088535818215,52.550850221228046,208133,208133,11,0,3,3,2018,12,16,4,2,6,4,1,1,0,1,0,0,0,0,798947.9043,5831449.9158
210001,13.419134247335814,52.5013213310239,208134,208134,11,0,2,2,2018,12,4,4,2,6,2,2,0,1,1,0,0,0,0,799898.4099,5825982.507
210002,13.422108946533925,52.53539565022312,208135,208135,11,0,3,3,2018,12,18,1,2,2,6,1,0,1,0,1,0,0,1,799867.7619,5829782.1239
210003,13.349740091425184,52.503161274630095,208136,208136,11,0,1,1,2018,12,17,1,3,3,2,2,0,1,0,0,0,0,1,795179.1,5825900.691000001
210004,13.37623274854194,52.409142170949465,208137,208137,11,0,7,7,2018,12,15,4,3,5,2,1,0,1,0,0,0,0,0,797610.1156,5815559.4465
210005,13.381859537665186,52.39680924014328,208138,208138,11,0,7,7,2018,12,15,1,3,5,3,1,0,1,0,0,0,0,1,798075.8043,5814211.884
210006,13.47364033119193,52.53577071411964,208139,208139,11,0,11,11,2018,12,14,1,3,6,7,0,0,0,1,0,0,1,0,803357.7263,5830039.4463
210007,13.445732196885354,52.5018190868153,208140,208140,11,0,2,2,2018,12,19,6,3,5,7,2,0,1,0,0,0,0,1,801699.0916,5826148.7792
210008,13.355373304401006,52.56233121134244,208141,208141,11,0,12,12,2018,12,16,4,3,6,4,1,0,1,1,0,0,0,0,795163.6219,5832500.4564
210009,13.350221459958368,52.55155823273445,208142,208142,11,0,1,1,2018,12,11,1,2,6,4,0,0,1,1,0,0,0,1,794886.9788,5831281.9531
210010,13.402125496338932,52.44694692032726,208143,208143,11,0,7,7,2018,12,9,4,3,2,6,0,0,1,0,0,0,0,1,799113.7088,5819868.3581
210011,13.338345985227225,52.56432734179121,208144,208144,11,0,12,12,2018,12,13,6,2,2,4,0,0,1,1,1,0,0,1,793996.8942,5832652.7145
210012,13.56085329211024,52.49153670076087,208145,208145,11,0,10,10,2018,12,5,1,3,0,7,2,0,1,0,0,0,0,1,809579.5968,5825493.8888
210013,13.321155555354036,52.48961978308211,208146,208146,11,0,4,4,2018,12,16,4,3,1,5,0,1,1,0,0,0,0,0,793330.4995,5824278.9325
210014,13.443527465276802,52.417668089862566,208147,208147,11,0,8,8,2018,12,4,1,3,5,3,2,0,1,0,0,0,0,1,802125.8684,5816786.5761
210015,13.433750630220807,52.549583653358326,208148,208148,11,0,3,3,2018,12,7,4,3,5,2,1,1,1,0,0,0,0,0,800559.7238,5831407.5633
210016,13.4921433344425,52.458041928054975,208149,208149,11,0,9,9,2018,12,13,6,2,9,1,0,0,1,0,0,0,0,1,805150.1885,5821478.4283
210017,13.227349287237065,52.53768166925498,208150,208150,11,0,5,5,2018,12,1,1,2,6,4,2,0,1,1,0,0,0,1,786652.3984,5829243.8579
210018,13.527445649176398,52.55751055110721,208151,208151,11,0,11,11,2018,12,7,4,3,5,2,2,1,1,0,0,0,0,1,806852.4118,5832683.4902
210019,13.556716113645649,52.43446252905475,208152,208152,11,0,9,9,2018,12,1,1,3,1,5,2,0,1,0,0,0,0,1,809699.8079,5819132.8696
210020,13.401968278587818,52.49246095845786,208153,208153,11,0,2,2,2018,12,0,1,3,5,3,2,0,1,0,0,0,0,1,798794.2045,5824926.4514
210021,13.29558541054188,52.442557375180165,208154,208154,11,0,6,6,2018,12,6,4,2,6,2,2,0,1,1,0,0,0,1,791907.165,5818944.2202
210022,13.479527031672944,52.48444164399059,208155,208155,11,0,9,9,2018,12,5,1,3,5,3,2,0,1,0,0,0,0,1,804111.32,5824359.3114
210023,13.299009862965127,52.498413971682616,208156,208156,11,0,4,4,2018,12,20,7,3,6,4,2,0,1,1,0,0,0,1,791769.6384,5825166.5849
210024,13.519283427147494,52.516535899039354,208157,208157,11,0,10,10,2018,12,12,6,3,0,3,0,1,0,0,0,1,0,1,806585.2221,5828094.7239
210025,13.298585183516245,52.5351402487197,208158,208158,11,0,4,4,2018,12,15,3,3,5,3,0,0,1,0,0,0,0,0,791497.3424,5829247.0391
210026,13.306641126762214,52.55519721117757,208159,208159,11,0,12,12,2018,12,16,7,3,6,2,1,0,1,1,0,0,0,1,791910.0929,5831509.0016
210027,13.315248361606438,52.449440049301145,208160,208160,11,0,6,6,2018,12,21,3,2,6,4,2,0,1,1,0,0,0,0,793196.9497,5819788.9384
210028,13.407522888077985,52.54757122056664,208161,208161,11,0,3,3,2018,12,19,3,3,0,5,2,0,1,0,0,0,1,0,798796.3768,5831074.8237
210029,13.400675512164113,52.49045657883062,208162,208162,11,0,2,2,2018,12,23,7,3,2,6,2,0,1,0,0,0,0,1,798720.1,5824698.3153
210030,13.432363537099045,52.46566705601389,208163,208163,11,0,8,8,2018,12,17,3,3,6,2,2,0,1,1,0,0,0,0,801039.3779,5822074.7831
210031,13.278556700776054,52.50361635860878,208164,208164,11,0,4,4,2018,12,21,7,3,3,6,2,0,1,0,0,0,0,1,790347.8513,5825662.2923
210032,13.382932105453177,52.530664920419284,208165,208165,11,0,1,1,2018,12,18,3,3,5,2,2,1,1,0,0,0,0,0,797244.4862,5829094.0499
210033,13.258935141384823,52.43213953093669,208166,208166,11,0,6,6,2018,12,18,7,3,6,4,1,0,0,1,0,0,1,0,789486.1342,5817638.6579
210034,13.42726594191642,52.48108961410221,208167,208167,11,0,8,8,2018,12,17,3,3,2,6,2,1,1,0,0,0,0,0,800588.0803,5823767.6798
210035,13.406527182840641,52.49832638010553,208168,208168,11,0,2,2,2018,12,18,7,3,5,2,2,0,1,0,0,0,0,1,799063.6390000001,5825597.2721
210036,13.369525412794387,52.559909631409504,208169,208169,11,0,1,1,2018,12,18,7,3,2,6,2,0,1,0,0,0,0,1,796138.5539,5832289.3659
210037,13.490425176205909,52.427911622015294,208170,208170,11,0,8,8,2018,12,21,3,3,5,3,2,0,1,0,0,0,0,0,805242.0233,5818122.3827
210038,13.34247666348242,52.5394537419051,208171,208171,11,0,1,1,2018,12,13,6,3,2,6,1,0,1,0,0,0,0,1,794443.3509,5829904.8789
210039,13.37903204629096,52.50698872593216,208172,208172,11,0,1,1,2018,12,21,3,2,6,7,2,1,0,1,0,0,0,0,797140.041,5826446.409
210040,13.306524457166352,52.62077974887004,208173,208173,11,0,12,12,2018,12,18,7,2,6,4,2,0,1,1,0,0,0,1,791466.1684,5838798.13
210041,13.464656379748455,52.523585492759096,208174,208174,11,0,3,3,2018,12,15,3,3,6,4,0,0,1,1,0,0,0,0,802832.7751,5828647.3469
210042,13.394020285889551,52.39765791093331,208175,208175,11,0,7,7,2018,12,14,3,3,5,7,0,0,1,0,0,0,0,1,798896.8811,5814356.476
210043,13.237473661611824,52.62027921377408,208176,208176,11,0,12,12,2018,12,17,4,3,0,3,2,0,1,0,0,0,1,1,786798.3427,5838465.2229
210044,13.294791008776572,52.576511722019895,208177,208177,11,0,12,12,2018,12,16,7,3,6,2,1,0,1,1,0,0,0,1,790965.9907,5833830.2142
210045,13.323629617156156,52.59822704361538,208178,208178,11,0,12,12,2018,12,14,3,3,5,3,0,0,1,0,0,0,0,1,792773.8497,5836360.7519
210046,13.53877919994102,52.420539191592255,208179,208179,11,0,9,9,2018,12,13,7,3,2,2,0,1,1,0,0,0,0,0,808578.7364,5817508.5924
210047,13.456926203353765,52.4651071689035,208180,208180,11,0,8,8,2018,12,18,6,3,2,6,2,0,1,0,0,0,0,1,802710.615,5822115.331
210048,13.335063995726594,52.471422074276,208181,208181,11,0,7,7,2018,12,14,3,2,5,2,0,0,1,0,1,0,0,0,794395.7853,5822312.9191
210049,13.204689135074801,52.53605644269979,208182,208182,11,0,5,5,2018,12,7,7,3,2,6,2,0,1,0,0,0,0,1,785127.0993,5828973.3392
210050,13.451426644420824,52.43715621678587,208183,208183,11,0,8,8,2018,12,14,3,3,2,6,0,0,1,0,0,0,0,1,802529.0284,5818985.6656
210051,13.279916523740766,52.518465232575124,208184,208184,11,0,4,4,2018,12,16,6,3,6,2,2,0,1,1,0,0,0,1,790342.0771,5827318.2489
210052,13.339559674753106,52.502918906221105,208185,208185,11,0,7,7,2018,12,14,7,3,1,6,0,1,1,0,0,0,1,1,794490.2091,5825832.1297
210053,13.302657095782184,52.41488154333253,208186,208186,11,0,6,6,2018,12,14,3,3,5,3,0,1,0,0,0,0,1,1,792570.931,5815896.6657
210054,13.379948923463806,52.497365221081964,208187,208187,11,0,2,2,2018,12,12,3,3,5,2,0,1,1,0,0,0,0,0,797267.2239,5825380.5541
210055,13.567612529819995,52.444872058309485,208188,208188,11,0,9,9,2018,12,13,7,2,6,4,0,0,0,1,0,0,1,0,810366.7182,5820336.602000001
210056,13.414703911763072,52.55357195032432,208189,208189,11,0,3,3,2018,12,11,3,3,2,1,0,0,1,0,0,0,0,0,799242.0643,5831771.5841
210057,13.53460305255941,52.44005335029355,208190,208190,11,0,9,9,2018,12,11,3,3,1,5,0,0,1,0,0,0,0,0,808158.6275,5819659.5792
210058,13.35447955166021,52.49739273359275,208191,208191,11,0,7,7,2018,12,9,7,2,8,1,0,0,1,0,0,0,0,1,795539.2992,5825278.9339
210059,13.46631267729962,52.50051798687354,208192,208192,11,0,2,2,2018,12,11,3,3,2,1,0,0,1,0,0,0,0,0,803103.9651,5826090.4746
210060,13.353135268651625,52.55811092590375,208193,208193,11,0,1,1,2018,12,9,3,3,6,7,0,0,1,1,0,0,0,0,795040.3787,5832022.2084
210061,13.401051555026882,52.529965979638135,208194,208194,11,0,1,1,2018,12,6,7,3,2,6,2,0,1,0,0,0,0,0,798477.4389,5829091.2348
210062,13.392938105229685,52.51567046618649,208195,208195,11,0,1,1,2018,12,9,3,3,6,4,0,1,0,1,0,0,0,1,798024.339,5827468.757999999
210063,13.434871017128026,52.461470585939026,208196,208196,11,0,8,8,2018,12,11,7,3,1,5,0,0,1,0,0,0,1,0,801238.2795,5821618.8298
210064,13.426867358526552,52.476099779845,208197,208197,11,0,8,8,2018,12,8,3,3,2,6,1,0,1,0,0,0,0,1,800595.0862,5823211.4187
210065,13.285653852356345,52.45335395303668,208198,208198,11,0,6,6,2018,12,2,7,2,9,1,2,0,1,0,0,0,0,1,791161.2922,5820104.1512
210066,13.44286684870842,52.590706698593856,208199,208199,11,0,3,3,2018,12,5,3,3,4,6,2,0,1,0,0,0,0,1,800895.3675,5836016.2888
210067,13.586564007094696,52.52357852895761,208200,208200,11,0,10,10,2018,12,2,7,3,0,6,2,0,1,0,0,0,1,1,811097.142,5829165.6985
210068,13.470089045633726,52.50231493017165,208201,208201,11,0,11,11,2018,12,8,3,3,5,2,0,1,1,0,0,0,0,1,803347.724,5826306.075
210069,13.450143006677056,52.568131005634356,208202,208202,11,0,3,3,2018,12,7,6,3,6,4,2,1,0,1,0,0,0,1,801542.9809999999,5833537.516
210070,13.295576214488324,52.57673307166989,208203,208203,11,0,12,12,2018,12,19,6,3,6,7,2,0,1,1,0,0,0,1,791017.6935,5833857.9891
210071,13.182507890061867,52.48633008909026,208204,208204,11,0,5,5,2018,12,8,3,3,6,7,0,1,0,1,0,0,0,0,783944.3793,5823358.4777
210072,13.331602193150461,52.42953207012751,208205,208205,11,0,6,6,2018,12,16,6,3,5,2,2,1,1,0,0,0,0,1,794440.4191,5817642.7469
210073,13.314236772358251,52.60281903411992,208206,208206,11,0,12,12,2018,12,7,3,3,5,3,0,1,1,0,0,0,0,1,792107.5419,5836833.0178