,X,Y,OBJECTID_1,OBJECTID,ULAND,UREGBEZ,UKREIS,UGEMEINDE,UJAHR,UMONAT,USTUNDE,UWOCHENTAG,UKATEGORIE,UART,UTYP1,ULICHTVERH,IstRad,IstPKW,IstFuss,IstKrad,IstGkfz,IstSonstig,STRZUSTAND,LINREFX,LINREFY
210074,13.430425252990267,52.49919426982053,208207,208207,11,0,2,2,2018,12,18,6,3,5,3,2,1,1,0,0,0,0,1,800678.7942,5825793.1096
210075,13.375705424893743,52.540340446375026,208208,208208,11,0,1,1,2018,12,18,6,3,5,3,2,0,1,0,0,0,0,1,796689.3146,5830139.6951
210076,13.314319795555127,52.42404650579989,208209,208209,11,0,6,6,2018,12,6,3,2,6,2,2,0,1,1,0,0,0,1,793302.679,5816962.6737
210077,13.380060831988652,52.54038372171441,208210,208210,11,0,1,1,2018,12,17,6,3,3,6,2,1,1,0,0,0,0,1,796984.185,5830162.4422
210078,13.304711141290026,52.49948707765809,208211,208211,11,0,4,4,2018,12,18,6,3,3,6,2,1,1,0,0,0,0,1,792149.2668,5825308.9419
210079,13.427848993451555,52.56792799522758,208212,208212,11,0,3,3,2018,12,6,3,3,5,3,2,1,1,0,0,0,0,0,800034.51,5833421.877
210080,13.412980986167252,52.382851755387065,208213,208213,11,0,7,7,2018,12,16,6,3,6,2,1,0,1,1,0,0,0,0,800286.6114,5812789.4829
210081,13.559621273359316,52.49521263135535,208214,208214,11,0,10,10,2018,12,8,3,3,5,3,0,1,1,0,0,0,0,0,809470.1701,5825897.1467
210082,13.39108983860062,52.51489383511704,208215,208215,11,0,1,1,2018,12,20,6,3,5,2,2,1,1,0,0,0,0,1,797904.2733,5827374.799
210083,13.349251730405793,52.53590594771251,208216,208216,11,0,1,1,2018,12,12,2,3,2,6,0,0,1,0,0,0,0,1,794926.3125,5829538.2412
210084,13.360061361238856,52.544272547624686,208217,208217,11,0,1,1,2018,12,19,6,3,6,4,2,1,0,1,0,0,0,1,795602.672,5830512.4643
210085,13.403827385187425,52.526015216556814,208218,208218,11,0,1,1,2018,12,19,6,3,6,2,2,0,1,1,0,0,0,1,798692.4374,5828663.6154
210086,13.381664920353815,52.552270843916894,208219,208219,11,0,1,1,2018,12,12,2,3,5,2,0,1,0,0,0,1,0,1,797012.5249,5831490.2864
210087,13.534336447854436,52.43141782720621,208220,208220,11,0,9,9,2018,12,16,6,3,5,3,1,1,1,0,0,0,0,1,808200.8531,5818698.6761
210088,13.452030569209953,52.510688567810924,208221,208221,11,0,2,2,2018,12,17,6,3,5,2,2,1,1,0,0,0,0,1,802065.3940000001,5827160.95
210089,13.431337823639627,52.481565198380295,208222,208222,11,0,8,8,2018,12,11,2,2,6,2,0,0,1,1,0,0,0,1,800861.1478,5823837.5154
210090,13.351597182205305,52.4400834247527,208223,208223,11,0,6,6,2018,12,17,6,2,6,2,2,0,0,1,0,0,1,1,795728.1665,5818897.2623
210091,13.507714443218212,52.49245255779878,208224,208224,11,0,11,11,2018,12,10,2,3,5,3,0,0,1,0,0,0,0,1,805968.2391,5825368.8928
210092,13.288107840405095,52.58889297186719,208225,208225,11,0,12,12,2018,12,17,6,3,6,6,2,0,1,1,0,0,0,1,790431.4803,5835179.4478
210093,13.368389812019524,52.52628171382926,208226,208226,11,0,1,1,2018,12,9,2,3,3,6,0,0,1,0,0,1,0,1,796288.2843,5828546.9969
210094,13.498147173439955,52.513905937963784,208227,208227,11,0,11,11,2018,12,17,6,3,0,2,2,0,1,1,0,0,0,1,805170.3688,5827712.7462
210095,13.322948868443953,52.5058514911289,208228,208228,11,0,4,4,2018,12,8,2,2,6,2,0,0,1,1,0,0,0,1,793343.9776,5826090.3844
210096,13.307110386005355,52.505264919918545,208229,208229,11,0,4,4,2018,12,19,6,2,6,4,2,0,0,1,0,0,1,1,792273.6429,5825960.8757
210097,13.306625129563635,52.43780233594586,208230,208230,11,0,6,6,2018,12,10,2,2,5,3,0,0,1,0,0,0,1,1,792688.5585,5818460.4033
210098,13.39372422991797,52.5109492950036,208231,208231,11,0,1,1,2018,12,21,6,3,6,2,2,0,1,1,0,0,0,1,798109.6371,5826947.261
210099,13.428714948724199,52.54778389247974,208232,208232,11,0,3,3,2018,12,11,2,3,5,2,0,0,1,0,0,0,1,1,800230.837,5831186.536
210100,13.270511206733456,52.45101990325696,208233,208233,11,0,6,6,2018,12,17,6,2,6,2,2,0,1,1,0,0,0,1,790148.3744,5819783.7297
210101,13.385896559365495,52.4850328037597,208234,208234,11,0,2,2,2018,12,23,2,3,5,3,2,0,1,0,0,0,1,0,797754.0827,5824034.3669
210102,13.295682380981855,52.44171507905443,208235,208235,11,0,6,6,2018,12,10,2,3,6,7,0,0,1,1,0,0,0,0,791919.3263,5818850.9905
210103,13.51862305402256,52.45341166573732,208236,208236,11,0,9,9,2018,12,16,2,3,1,5,2,1,1,0,0,0,0,1,806980.2346,5821076.1344
210104,13.315660558964453,52.57105900837993,208237,208237,11,0,12,12,2018,12,16,4,2,2,6,2,0,1,0,1,0,0,1,792415.4955,5833308.6288
210105,13.343424033967604,52.526349790439866,208238,208238,11,0,1,1,2018,12,17,4,3,6,7,1,1,0,1,0,0,0,0,794595.3594,5828452.2493
210106,13.58624121995522,52.51686475555546,208239,208239,11,0,10,10,2018,12,17,1,3,5,3,2,0,1,0,0,0,0,1,811122.7595,5828418.1369
210107,13.348456193169957,52.51514318245202,208240,208240,11,0,1,1,2018,12,20,5,3,2,6,2,0,1,0,0,0,0,0,795011.6634,5827227.2171
210108,13.376877525116903,52.51776019996213,208241,208241,11,0,1,1,2018,12,18,4,3,5,3,1,1,0,0,0,0,1,0,796921.2075,5827634.7632
210109,13.311029325958199,52.584603005926745,208242,208242,11,0,12,12,2018,12,15,1,3,5,7,1,0,1,0,0,0,1,1,792011.7248,5834795.2759
210110,13.311792678354065,52.47992148809789,208243,208243,11,0,4,4,2018,12,17,4,2,6,4,1,0,1,1,0,0,0,0,792759.7042,5823162.9265
210111,13.400283291541387,52.4603120738853,208244,208244,11,0,7,7,2018,12,15,1,3,0,7,0,0,1,0,0,0,0,1,798897.9666,5821346.2188
210112,13.316214580542884,52.58670606897139,208245,208245,11,0,12,12,2018,12,19,4,3,0,3,2,0,1,0,1,0,0,0,792348.7655,5835050.0655
210113,13.426974134976144,52.55221550632636,208246,208246,11,0,3,3,2018,12,19,4,3,5,3,2,1,1,0,0,0,0,0,800082.6116,5831671.8438
210114,13.384138230266034,52.510101147559226,208247,208247,11,0,1,1,2018,12,14,1,3,5,3,0,0,1,0,0,0,1,1,797465.3023,5826813.4017
210115,13.449358464820321,52.502168762028816,208248,208248,11,0,2,2,2018,12,19,4,3,5,3,2,1,1,0,0,0,0,0,801942.6519,5826202.822000001
210116,13.457829627356908,52.51282089413574,208249,208249,11,0,2,2,2018,12,19,4,3,5,3,2,0,1,0,1,0,0,0,802443.9864,5827422.2583
210117,13.492376698787007,52.4329931699089,208250,208250,11,0,8,8,2018,12,7,1,3,4,6,0,0,1,0,0,0,1,1,805339.4392,5818695.4163
210118,13.471684677258846,52.505250473066425,208251,208251,11,0,11,11,2018,12,20,4,3,2,6,2,0,1,0,0,0,0,1,803435.705,5826639.057999999
210119,13.386311177683186,52.527946935244316,208252,208252,11,0,1,1,2018,12,20,4,3,1,5,2,1,1,0,0,0,0,0,797491.9249,5828805.8903
210120,13.40664784005802,52.49842657889216,208253,208253,11,0,2,2,2018,12,3,1,2,5,2,2,0,1,0,0,0,0,1,799071.1427,5825608.9093
210121,13.287441647095433,52.58623074664568,208254,208254,11,0,12,12,2018,12,17,4,3,4,6,1,0,1,0,0,0,0,0,790404.0024,5834880.8496
210122,13.386509516714769,52.50558825017242,208255,208255,11,0,2,2,2018,12,0,1,3,0,1,2,0,0,0,1,0,0,1,797656.6425,5826321.5883
210123,13.232201334224978,52.54049792771282,208256,208256,11,0,5,5,2018,12,16,4,3,8,1,2,0,1,0,0,0,0,1,786962.8671,5829576.2016
210124,13.390507021525726,52.518607734954756,208257,208257,11,0,1,1,2018,12,17,1,3,6,4,2,0,1,1,0,0,0,0,797839.6033,5827785.1826
210125,13.468513687187967,52.50697140034024,208258,208258,11,0,2,2,2018,12,18,4,3,0,1,2,0,0,0,1,0,0,1,803208.7844,5826816.9903
210126,13.410295292064,52.5037841412745,208259,208259,11,0,2,2,2018,12,23,7,3,5,3,2,1,1,0,0,0,0,1,799282.1246,5826219.5181
210127,13.409553165960016,52.52216527089014,208260,208260,11,0,1,1,2018,12,13,4,3,0,1,0,1,0,0,0,0,0,1,799106.7798,5828259.4449
210128,13.351848753603985,52.57381790889689,208261,208261,11,0,12,12,2018,12,16,4,3,2,6,1,0,1,0,0,0,0,1,794847.73,5833762.767000001
210129,13.300503679535925,52.420903119742015,208262,208262,11,0,6,6,2018,12,16,7,3,0,4,2,0,0,1,0,0,1,0,792384.6878,5816557.2423
210130,13.322693137845484,52.48845304049021,208263,208263,11,0,4,4,2018,12,19,3,3,2,6,2,0,1,0,0,0,0,0,793442.5988,5824155.5031
210131,13.434951932877246,52.42756171412938,208264,208264,11,0,8,8,2018,12,18,3,2,1,5,2,0,1,0,0,0,0,0,801475.5048,5817850.3512
210132,13.350309014257537,52.414410593919676,208265,208265,11,0,7,7,2018,12,21,7,3,6,2,2,0,1,1,0,0,0,1,795812.7184,5816038.4866
210133,13.430912225214213,52.46784341017847,208266,208266,11,0,8,8,2018,12,16,4,3,6,4,2,0,1,1,0,0,0,1,800925.9938,5822310.6208
210134,13.474444419490945,52.50453418681745,208267,208267,11,0,11,11,2018,12,21,7,2,6,6,2,0,1,1,0,0,0,1,803627.817,5826571.063999999
210135,13.27891168533193,52.50361883403893,208268,208268,11,0,4,4,2018,12,22,3,2,6,4,2,0,0,1,0,1,0,0,790371.913,5825663.9967
210136,13.373887320996952,52.54760438283261,208269,208269,11,0,1,1,2018,12,21,7,3,5,3,2,0,1,0,0,0,1,1,796517.0809,5830939.5891
210137,13.385208232465546,52.498542106438656,208270,208270,11,0,2,2,2018,12,21,7,3,5,3,2,0,1,0,0,0,0,1,797616.0343,5825533.0541
210138,13.427125601712842,52.47534649150218,208271,208271,11,0,8,8,2018,12,21,3,2,6,7,2,0,1,1,0,0,0,0,800617.7535,5823128.7699
210139,13.398321917136581,52.507147646241606,208272,208272,11,0,2,2,2018,12,20,7,3,6,2,2,0,1,1,0,0,0,1,798447.2137,5826543.7366
210140,13.547771772516315,52.54292791564989,208273,208273,11,0,10,10,2018,12,5,3,3,0,3,2,1,1,0,0,0,0,1,808331.6246,5831149.5088
210141,13.33685593169917,52.515370531530934,208274,208274,11,0,1,1,2018,12,19,7,3,2,6,2,0,1,0,0,0,0,1,794223.5396,5827205.0869
210142,13.514445236672806,52.468914798987186,208275,208275,11,0,9,9,2018,12,19,3,3,0,1,2,1,0,0,0,0,0,0,806588.6835,5822781.4238
210143,13.330568638296947,52.562538485247934,208276,208276,11,0,12,12,2018,12,19,7,3,5,2,2,0,1,0,0,0,0,1,793482.0652,5832422.1781
210144,13.433363720438054,52.52306560403714,208277,208277,11,0,2,2,2018,12,22,7,3,2,2,2,0,1,0,0,0,0,1,800714.8916,5828458.5692
210145,13.334590481163902,52.60344592929464,208278,208278,11,0,12,12,2018,12,19,3,3,2,2,2,0,1,0,0,0,0,1,793480.7607,5836985.4462
210146,13.381660188028905,52.55233703623984,208279,208279,11,0,1,1,2018,12,22,7,3,6,2,2,0,1,1,0,0,0,1,797011.7567,5831497.6241
210147,13.197544632397573,52.53506617343792,208280,208280,11,0,5,5,2018,12,19,7,3,1,5,2,0,1,0,0,0,0,1,784649.257,5828835.0315
210148,13.405202066286927,52.43945794679809,208281,208281,11,0,7,7,2018,12,11,3,3,2,6,0,0,1,0,0,0,0,0,799373.4823,5819048.7407
210149,13.180527576475926,52.48910939635552,208282,208282,11,0,5,5,2018,12,18,7,3,1,5,2,0,1,0,0,0,0,1,783792.0885,5823659.6199
210150,13.328100357153712,52.564135402106,208283,208283,11,0,12,12,2018,12,18,7,3,6,2,2,0,1,1,0,0,0,1,793304.2067,5832589.6261
210151,13.482710822736628,52.556120411658036,208284,208284,11,0,3,3,2018,12,17,3,3,6,2,2,0,1,1,0,0,0,1,803831.7069,5832339.4146
210152,13.300552525429495,52.51925296086602,208285,208285,11,0,4,4,2018,12,17,7,3,2,6,1,0,1,0,0,0,0,1,791736.0797,5827489.1041
210153,13.688105803768822,52.441167584343994,208286,208286,11,0,9,9,2018,12,17,3,2,6,6,2,0,1,1,0,0,0,1,818576.2772,5820450.0181
210154,13.314631331295658,52.57526481059961,208287,208287,11,0,12,12,2018,12,16,7,3,3,6,2,0,1,0,0,0,0,0,792317.7837,5833771.9318
210155,13.292974739239588,52.53444669047802,208288,208288,11,0,4,4,2018,12,5,6,3,9,1,2,0,1,0,0,0,0,1,791121.6639,5829147.2764
210156,13.369870925513899,52.55984970243427,208289,208289,11,0,1,1,2018,12,16,3,3,0,2,2,0,1,1,0,0,0,0,796162.3628,5832284.1249
210157,13.433225617937842,52.48353847286096,208290,208290,11,0,8,8,2018,12,15,7,3,0,1,1,1,0,0,0,0,0,0,800975.7644,5824064.7124
210158,13.440498723431173,52.46193338475602,208291,208291,11,0,8,8,2018,12,16,3,3,5,3,2,0,1,0,0,0,0,1,801617.1758,5821693.7794
210159,13.559298556288448,52.446752526431254,208292,208292,11,0,9,9,2018,12,13,7,3,0,7,0,0,1,0,0,0,0,0,809788.8839,5820509.8712
210160,13.4352297979643,52.46043489321025,208293,208293,11,0,8,8,2018,12,16,3,2,4,6,2,0,1,0,0,0,0,0,801269.7170000001,5821505.2152
210161,13.259127221853824,52.4142485632689,208294,208294,11,0,6,6,2018,12,13,7,3,1,5,0,0,1,0,0,0,0,0,789616.5579,5815650.812000001
210162,13.379317828230642,52.52249495815956,208295,208295,11,0,1,1,2018,12,16,3,3,2,6,0,1,1,0,0,0,0,0,797054.6875,5828171.0757
210163,13.16170045657928,52.54611543592761,208296,208296,11,0,5,5,2018,12,13,7,2,5,3,0,1,1,0,0,0,0,0,782148.7265,5829922.3039
210164,13.33174849726924,52.50398236532558,208297,208297,11,0,4,4,2018,12,12,7,3,6,4,0,0,1,1,0,0,0,0,793953.2877,5825918.4636
210165,13.323538117456234,52.49531182215805,208298,208298,11,0,4,4,2018,12,15,3,3,3,6,1,0,1,0,1,0,1,0,793454.2098,5824921.2954
210166,13.48590409641644,52.51847098421543,208299,208299,11,0,11,11,2018,12,15,3,3,5,3,1,1,1,0,0,0,0,0,804308.6101,5828168.3714
210167,13.298003748050284,52.58486584547661,208300,208300,11,0,12,12,2018,12,10,7,3,5,3,0,0,1,0,1,0,0,1,791128.1159999999,5834771.7702
210168,13.136416746781961,52.44775067799881,208301,208301,11,0,5,5,2018,12,13,3,3,5,3,0,0,0,0,1,0,1,0,781062.6734,5818889.691000001
210169,13.197513627943886,52.47962001063024,208302,208302,11,0,4,4,2018,12,10,3,3,0,7,0,0,1,0,0,0,0,0,785006.0438,5822671.7916
210170,13.180261000517064,52.494542331320496,208303,208303,11,0,5,5,2018,12,4,7,2,8,1,2,0,1,0,0,0,0,1,783738.9867,5824262.4717
210171,13.21617936549974,52.52684886193772,208304,208304,11,0,5,5,2018,12,16,5,3,6,2,2,0,1,1,0,0,0,1,785965.7882,5827995.3838
210172,13.386600392983873,52.549484887097684,208305,208305,11,0,1,1,2018,12,9,3,3,5,2,0,0,1,0,0,0,0,1,797365.7646,5831200.9853
210173,13.481405880547563,52.502053405874825,208306,208306,11,0,11,11,2018,12,1,7,3,5,3,2,0,1,0,0,0,1,1,804117.1042,5826324.6764
210174,13.471918206893356,52.50451001537111,208307,208307,11,0,11,11,2018,12,8,3,3,3,6,0,0,1,0,0,0,0,1,803456.65,5826557.743
210175,13.335767045115704,52.5796001788507,208308,208308,11,0,12,12,2018,12,6,6,3,1,5,2,0,1,0,0,0,1,1,793720.0051,5834339.7755
210176,13.405238622329106,52.50509156394183,208309,208309,11,0,2,2,2018,12,10,4,3,5,3,0,0,1,0,0,0,0,1,798930.2734,5826343.8594
210177,13.182491826387972,52.48612104118769,208310,208310,11,0,5,5,2018,12,8,3,3,6,2,0,0,1,1,0,0,0,1,783944.6371,5823335.1777
210178,13.411698901610627,52.43900043940997,208311,208311,11,0,8,8,2018,12,11,4,3,8,1,0,0,1,0,0,0,0,0,799817.8864,5819024.8595
210179,13.386154888790074,52.558642214742186,208312,208312,11,0,1,1,2018,12,18,6,3,6,2,2,0,1,1,0,0,0,1,797273.5975,5832216.9676
210180,13.428794981429505,52.45555483238553,208313,208313,11,0,8,8,2018,12,7,3,2,5,3,0,0,1,0,0,0,0,1,800866.1573,5820935.9675
210181,13.458794896774092,52.50648919587264,208314,208314,11,0,2,2,2018,12,7,3,3,6,4,1,0,1,1,0,0,0,1,802552.9832,5826722.5713
210182,13.320338478314323,52.47867430059607,208315,208315,11,0,4,4,2018,12,23,6,2,9,1,2,0,1,0,0,0,0,1,793347.9639,5823059.0177
210183,13.455602412713395,52.46911350749112,208316,208316,11,0,8,8,2018,12,18,4,2,4,1,2,0,1,0,0,0,0,1,802593.2358,5822555.0611
210184,13.32119858016458,52.520794869541966,208317,208317,11,0,4,4,2018,12,7,3,3,6,2,2,0,1,1,0,0,0,1,793125.677,5827744.227999999
210185,13.376783537981984,52.556317751879774,208318,208318,11,0,1,1,2018,12,14,4,3,2,6,0,0,1,0,0,0,0,1,796654.4741,5831919.9872
210186,13.556997445331373,52.52500344207282,208319,208319,11,0,10,10,2018,12,16,6,3,6,4,2,0,1,1,0,0,0,1,809082.7924,5829196.8724
210187,13.625541695270226,52.456963656596706,208320,208320,11,0,9,9,2018,12,7,3,3,5,2,2,1,1,0,0,0,0,1,814214.5777,5821931.182999999
210188,13.208538804139463,52.56155683000987,208321,208321,11,0,5,5,2018,12,6,3,3,2,2,2,0,1,0,0,0,0,1,785222.4453,5831823.0665
210189,13.348264660673282,52.50682056455406,208322,208322,11,0,1,1,2018,12,16,6,3,6,4,2,0,1,1,0,0,0,1,795054.4878,5826301.3801
210190,13.39407750408157,52.41105754270888,208323,208323,11,0,7,7,2018,12,0,5,3,5,3,2,0,1,0,0,0,0,1,798810.094,5815846.0378
210191,13.462177952134066,52.46728910933579,208324,208324,11,0,8,8,2018,12,6,3,3,2,4,2,0,1,1,0,1,0,1,803052.1154,5822379.8904
210192,13.341412529078346,52.520589071050345,208325,208325,11,0,1,1,2018,12,16,6,3,5,2,2,1,1,0,0,0,0,1,794497.5732,5827803.7293
210193,13.459091491734798,52.440428988234075,208326,208326,11,0,8,8,2018,12,6,3,3,5,3,2,1,1,0,0,0,0,1,803027.1916,5819381.573
210194,13.468920471298075,52.531461545051215,208327,208327,11,0,11,11,2018,12,16,6,3,5,2,1,0,1,0,0,0,1,1,803067.5524,5829540.65
210195,13.412042008641816,52.541033409972,208328,208328,11,0,3,3,2018,12,3,4,3,5,3,2,0,1,0,0,0,0,0,799147.088,5830366.911
210196,13.430569846716738,52.58959228096189,208329,208329,11,0,3,3,2018,12,15,3,3,2,6,0,0,1,0,0,0,0,1,800070.6072,5835841.1237
210197,13.356087014097605,52.543246604231356,208330,208330,11,0,1,1,2018,12,17,6,3,6,4,2,0,1,1,0,0,0,1,795340.2511,5830382.1385
210198,13.427620297651597,52.54582116820484,208331,208331,11,0,3,3,2018,12,15,3,3,0,2,0,1,1,0,0,0,0,0,800170.0766,5830963.8263
210199,13.407973218021489,52.565797597400035,208332,208332,11,0,3,3,2018,12,15,3,2,0,1,0,1,0,0,0,0,0,1,798702.9041,5833102.5045
210200,13.436696073086786,52.50373801487128,208333,208333,11,0,2,2,2018,12,17,6,3,2,6,2,1,1,0,0,0,0,1,801073.066,5826324.2927
210201,13.393546146099446,52.52636885292126,208334,208334,11,0,1,1,2018,12,17,6,3,5,3,2,1,1,0,0,0,0,1,797993.0657,5828660.372
210202,13.50272889310436,52.470108191212596,208335,208335,11,0,9,9,2018,12,13,3,2,5,2,0,1,1,0,0,0,0,1,805785.1349,5822864.3313
210203,13.404585680966527,52.49518897490405,208336,208336,11,0,2,2,2018,12,17,6,3,5,3,2,0,1,0,0,0,0,1,798953.2487,5825240.5092
210204,13.587936927496251,52.50822673762885,208337,208337,11,0,10,10,2018,12,17,6,3,5,2,2,1,1,0,0,0,0,1,811298.8588,5827465.4287
210205,13.452513780187779,52.429026915693576,208338,208338,11,0,8,8,2018,12,12,3,3,6,7,0,0,1,1,0,0,0,0,802658.6415,5818086.6947
210206,13.213773442708586,52.5317110109354,208339,208339,11,0,5,5,2018,12,17,6,3,6,2,2,0,1,1,0,0,0,1,785771.0783,5828526.2938
210207,13.398104617364297,52.507119108077994,208340,208340,11,0,2,2,2018,12,18,6,3,6,2,2,0,1,1,0,0,0,1,798432.67,5826539.6653
210208,13.57917323667222,52.56962842030633,208341,208341,11,0,10,10,2018,12,12,3,3,6,4,0,0,1,1,0,0,0,0,810270.7097,5834251.8316
210209,13.313633607543904,52.575964249799135,208342,208342,11,0,12,12,2018,12,18,6,3,1,5,2,0,1,0,0,0,1,1,792245.564,5833845.6276
210210,13.387637110805498,52.52402300923409,208343,208343,11,0,1,1,2018,12,12,3,3,6,7,0,0,0,1,1,0,0,0,797608.3659,5828375.2268
210211,13.538987728562876,52.42580666288356,208344,208344,11,0,9,9,2018,12,19,6,3,5,7,2,0,1,0,0,0,1,1,808556.0723,5818094.9169
210212,13.416417693407604,52.510933570686454,208345,208345,11,0,1,1,2018,12,11,3,3,5,2,0,1,1,0,0,0,0,0,799648.6808,5827039.581
210213,13.315438086692787,52.41651141046791,208346,208346,11,0,6,6,2018,12,19,6,3,5,3,2,0,1,0,0,0,0,1,793428.7546,5816129.6932
210214,13.303973990954395,52.4586692500976,208347,208347,11,0,6,6,2018,12,11,3,3,5,2,0,1,1,0,0,0,0,0,792370.0789,5820769.0239
210215,13.428767598983017,52.52862795060238,208348,208348,11,0,3,3,2018,12,19,6,3,9,1,2,0,1,0,0,0,0,1,800365.2974,5829057.6414
210216,13.581811664120163,52.43884046507592,208349,208349,11,0,9,9,2018,12,20,6,3,5,7,2,0,1,0,0,0,0,1,811373.5981,5819727.4209
210217,13.385720186837574,52.466096898872536,208350,208350,11,0,7,7,2018,12,11,3,3,3,6,0,0,1,0,0,0,1,1,797870.1358,5821928.9586
210218,13.371137681218553,52.51111672438022,208351,208351,11,0,1,1,2018,12,22,6,3,5,2,2,0,1,0,1,0,0,1,796576.81,5826872.7283
210219,13.306723257033674,52.51573314180276,208352,208352,11,0,4,4,2018,12,23,6,3,6,7,2,1,0,1,0,0,0,1,792177.8579,5827122.8591
210220,13.37330708388359,52.557020574128465,208353,208353,11,0,1,1,2018,12,22,3,2,2,6,2,0,1,0,0,0,0,0,796414.2197,5831983.7992
210221,13.379479260877067,52.54980875012738,208354,208354,11,0,1,1,2018,12,15,4,3,5,3,0,0,1,0,0,0,0,1,796881.0835,5831207.6227
210222,13.461770619153334,52.45442940441097,208355,208355,11,0,9,9,2018,12,10,3,2,2,6,0,0,1,0,0,1,0,1,803112.9005,5820948.8937
210223,13.469994789902543,52.50227678377828,208356,208356,11,0,11,11,2018,12,22,6,3,6,2,2,0,1,1,0,0,0,1,803341.594,5826301.4387
210224,13.387302741687082,52.526020446359894,208357,208357,11,0,1,1,2018,12,12,2,3,2,6,0,1,0,0,0,0,0,1,797572.1795,5828595.8575
210225,13.388309842053769,52.520031572329714,208358,208358,11,0,1,1,2018,12,14,2,3,2,7,0,1,1,0,0,0,0,0,797680.9912,5827934.3645
210226,13.463981175438173,52.5130925934585,208359,208359,11,0,2,2,2018,12,11,6,3,5,3,0,0,1,0,0,0,0,1,802859.2513,5827478.2789
210227,13.273562260035794,52.54176134971796,208360,208360,11,0,4,4,2018,12,22,5,3,6,2,2,0,1,1,0,0,0,1,789757.6484,5829882.0982
210228,13.280766720766694,52.47678183960157,208361,208361,11,0,4,4,2018,12,17,2,2,6,2,2,0,1,1,0,0,0,0,790674.858,5822688.4894
210229,13.350995144776617,52.542491427752026,208362,208362,11,0,1,1,2018,12,10,6,3,5,3,0,0,1,0,0,0,0,1,795000.2683,5830277.3483
210230,13.30184615603248,52.499021666461275,208363,208363,11,0,4,4,2018,12,17,2,3,2,6,2,0,1,0,0,0,0,0,791958.01,5825245.609
210231,13.344923333854881,52.539130853138715,208364,208364,11,0,1,1,2018,12,9,6,3,5,2,0,1,0,0,0,0,1,1,794611.3298,5829878.9874
210232,13.38741439509035,52.51017475594203,208365,208365,11,0,1,1,2018,12,17,2,3,5,2,2,1,1,0,0,0,0,0,797686.9802,5826835.1038
210233,13.356388296467497,52.52222105630574,208366,208366,11,0,1,1,2018,12,15,6,3,6,4,2,0,1,1,0,0,0,1,795501.9717,5828046.4007
210234,13.532282329583065,52.46163018910399,208367,208367,11,0,9,9,2018,12,14,6,3,5,3,0,1,1,0,0,0,0,1,807850.2902,5822047.7573
210235,13.429291217080653,52.58590438858186,208368,208368,11,0,3,3,2018,12,17,2,3,2,6,2,0,1,0,0,0,1,0,800009.2736,5835425.9003
210236,13.418059095094733,52.584206650731744,208369,208369,11,0,3,3,2018,12,22,3,3,9,1,2,0,1,0,0,0,0,0,799260.4646,5835190.4788
210237,13.569939789836686,52.54166418739499,208370,208370,11,0,10,10,2018,12,16,2,3,2,6,2,0,1,0,0,0,0,1,809842.661,5831104.1341
210238,13.449910819125574,52.44548085697178,208371,208371,11,0,8,8,2018,12,14,6,3,6,4,0,1,0,1,0,0,0,1,802368.9827,5819904.5534
210239,13.44315912277262,52.425593171413794,208372,208372,11,0,8,8,2018,12,16,2,3,1,5,2,0,1,0,0,0,0,0,802046.5934,5817665.8674
210240,13.306123931618822,52.46576545694952,208373,208373,11,0,6,6,2018,12,16,2,3,6,2,1,0,1,1,0,0,0,0,792468.9595,5821566.4843
210241,13.4795664955617,52.52032538432847,208374,208374,11,0,11,11,2018,12,13,4,3,0,1,0,0,0,0,1,0,0,1,803866.1034,5828347.7446
210242,13.375673050509247,52.58096030566905,208375,208375,11,0,3,3,2018,12,13,6,3,5,2,0,1,0,0,0,0,1,1,796412.8169,5834654.4045
210243,13.317872663944852,52.414262463046256,208376,208376,11,0,6,6,2018,12,14,5,3,6,4,0,0,1,1,0,0,0,0,793609.1701,5815889.6207
210244,13.415565715920794,52.52063874088786,208377,208377,11,0,1,1,2018,12,16,2,3,2,6,1,0,1,0,0,0,0,1,799524.8074,5828114.7387
210245,13.449088972031712,52.45250946988986,208378,208378,11,0,8,8,2018,12,16,6,3,6,4,2,0,1,1,0,0,0,1,802264.9779,5820682.3048
210246,13.403140869291091,52.52330765092503,208379,208379,11,0,1,1,2018,12,11,3,3,0,7,0,1,0,0,0,0,0,1,798664.2881,5828359.8325
210247,13.450603071663306,52.47999598956476,208380,208380,11,0,8,8,2018,12,16,2,3,3,6,2,1,1,0,0,0,0,0,802179.2287,5823743.6374
210248,13.429817637023673,52.587455550811654,208381,208381,11,0,3,3,2018,12,14,6,2,6,4,0,0,1,1,0,0,0,1,800034.3024,5835600.4996
210249,13.42868185838242,52.55120380399418,208382,208382,11,0,3,3,2018,12,13,6,3,0,3,0,0,1,0,1,0,0,1,800205.2235,5831566.5093
210250,13.4275679716846,52.51695081565792,208383,208383,11,0,2,2,2018,12,16,2,3,2,6,2,0,1,0,0,0,1,0,800363.7312,5827754.7728
210251,13.418198289946318,52.49386336744698,208384,208384,11,0,2,2,2018,12,8,6,3,6,2,0,0,1,1,0,0,0,1,799885.7359,5825149.6884