,X,Y,OBJECTID_1,OBJECTID,ULAND,UREGBEZ,UKREIS,UGEMEINDE,UJAHR,UMONAT,USTUNDE,UWOCHENTAG,UKATEGORIE,UART,UTYP1,ULICHTVERH,IstRad,IstPKW,IstFuss,IstKrad,IstGkfz,IstSonstig,STRZUSTAND,LINREFX,LINREFY
210252,13.454205975316027,52.493876463281154,208385,208385,11,0,9,9,2018,12,15,2,3,5,3,0,1,1,0,0,0,0,0,802328.3987,5825301.4826
210253,13.426716739799481,52.56503032786638,208386,208386,11,0,3,3,2018,12,10,3,3,5,3,0,1,1,0,0,0,0,1,799977.6258,5833095.0963
210254,13.464355131514546,52.51005717754535,208387,208387,11,0,2,2,2018,12,15,2,3,2,2,0,0,1,0,0,0,0,1,802905.5097,5827142.4791
210255,13.299023239778005,52.4908146589675,208388,208388,11,0,4,4,2018,12,12,6,3,5,3,0,0,1,0,0,0,0,1,791820.9178,5824321.9673
210256,13.3316625626325,52.505232444705065,208389,208389,11,0,4,4,2018,12,14,2,3,5,2,0,0,1,0,0,0,0,0,793939.1087,5826057.0595
210257,13.48965764215242,52.52309046325181,208390,208390,11,0,11,11,2018,12,13,2,3,1,3,0,0,1,0,0,0,1,1,804531.1097,5828697.6488
210258,13.445287011593466,52.55386897294746,208391,208391,11,0,3,3,2018,12,7,6,3,5,2,0,1,1,0,0,0,0,1,801311.9577,5831932.0361
210259,13.706399625322346,52.43395137651779,208392,208392,11,0,9,9,2018,12,21,4,3,5,2,2,0,1,0,0,0,0,1,819871.0351,5819728.9751
210260,13.531419662144362,52.40508602903408,208393,208393,11,0,9,9,2018,12,13,2,2,5,3,0,0,1,0,1,0,0,1,808186.5140000001,5815759.6704
210261,13.46218221823335,52.500833678107675,208394,208394,11,0,2,2,2018,12,12,6,3,5,3,0,1,1,0,0,0,0,0,802821.6287,5826108.2084
210262,13.378398912780414,52.54462188233144,208395,208395,11,0,1,1,2018,12,1,3,3,2,6,2,0,1,0,0,0,0,1,796842.9271,5830626.6605
210263,13.347156129731223,52.526195729936845,208396,208396,11,0,1,1,2018,12,18,2,3,2,6,2,0,1,0,1,0,0,0,794849.3976,5828450.382999999
210264,13.348054420760825,52.45109469454071,208397,208397,11,0,6,6,2018,12,11,6,3,2,6,0,0,1,0,0,0,0,1,795413.7511,5820106.6414
210265,13.540785950047473,52.53679894189087,208398,208398,11,0,10,10,2018,12,22,2,3,6,7,2,0,1,1,0,0,0,0,807901.1988,5830438.4571
210266,13.414241608175153,52.49844860335536,208399,208399,11,0,2,2,2018,12,12,2,3,5,3,0,1,0,0,0,0,0,1,799586.1033,5825642.8767
210267,13.365170720758467,52.56784295449744,208400,208400,11,0,12,12,2018,12,11,6,2,5,7,0,0,1,0,1,0,0,0,795790.1235,5833153.2599
210268,13.296614718160749,52.49813007800079,208401,208401,11,0,4,4,2018,12,23,2,2,3,6,2,0,1,0,1,0,0,0,791609.0422,5825125.3427
210269,13.331211021760009,52.53057874946818,208402,208402,11,0,1,1,2018,12,6,2,3,6,7,2,1,0,1,0,0,0,0,793739.1615,5828872.4616
210270,13.412417391242853,52.53257038731534,208403,208403,11,0,3,3,2018,12,7,6,3,6,2,2,0,1,1,0,0,0,1,799230.1396,5829427.8293
210271,13.391200942234967,52.538681750948754,208404,208404,11,0,1,1,2018,12,7,2,3,6,4,0,0,1,1,0,0,0,0,797750.6705,5830019.2321
210272,13.328654094864529,52.478588929876224,208405,208405,11,0,4,4,2018,12,9,2,3,5,2,0,1,0,0,0,0,1,0,793912.8801,5823083.3765
210273,13.202277824188585,52.54068367190816,208406,208406,11,0,5,5,2018,12,11,6,3,2,6,0,0,1,0,0,0,0,0,784933.6633,5829478.1447
210274,13.311707734559093,52.62224160341897,208407,208407,11,0,12,12,2018,12,16,4,3,1,1,2,0,1,0,0,0,0,1,791807.0636,5838981.612000001
210275,13.331299345915358,52.426517907286225,208408,208408,11,0,6,6,2018,12,11,6,3,1,5,0,0,1,0,0,0,1,1,794439.9548,5817306.4896
210276,13.346954636714669,52.50385272410092,208409,208409,11,0,1,1,2018,12,10,2,3,1,5,0,1,1,0,0,0,1,0,794985.5346,5825966.1472
210277,13.38465229118735,52.504963722219756,208410,208410,11,0,2,2,2018,12,13,6,3,5,7,0,0,1,0,0,0,0,1,797534.9031,5826244.5086
210278,13.603571371991055,52.48532393075028,208411,208411,11,0,10,10,2018,12,7,6,2,6,4,2,0,1,1,0,0,0,1,812521.6854,5824987.6527
210279,13.393775375498679,52.49813263631919,208412,208412,11,0,2,2,2018,12,8,2,3,8,1,0,0,1,0,0,0,0,0,798199.9491,5825522.9328
210280,13.47056820431135,52.531718484938885,208413,208413,11,0,11,11,2018,12,14,6,2,6,4,0,0,1,1,0,0,0,1,803177.465,5829576.1368
210281,13.332674455511274,52.47869342589064,208414,208414,11,0,4,4,2018,12,0,1,3,5,3,2,0,1,0,0,0,0,0,794185.0274,5823111.379
210282,13.409651126343466,52.504076235031796,208415,208415,11,0,2,2,2018,12,7,6,3,5,3,2,1,1,0,0,0,0,1,799236.4477,5826249.3101
210283,13.438211162661846,52.51187053794037,208416,208416,11,0,2,2,2018,12,6,1,3,6,4,2,0,1,1,0,0,0,0,801120.1604,5827234.5154
210284,13.47409986168058,52.609901749631796,208417,208417,11,0,3,3,2018,12,13,6,3,5,3,0,0,1,0,0,0,0,1,802876.8957,5838280.6642
210285,13.564322189580484,52.43833806400842,208418,208418,11,0,9,9,2018,12,6,6,3,6,4,2,0,0,1,0,0,1,1,810189.2207,5819596.2647
210286,13.343007902886965,52.43966975019008,208419,208419,11,0,6,6,2018,12,9,1,3,0,7,0,1,0,0,0,0,0,1,795147.5082,5818816.1237
210287,13.396421849156626,52.56637273469016,208420,208420,11,0,3,3,2018,12,13,6,2,0,7,0,0,1,0,0,0,1,1,797916.635,5833118.6038
210288,13.424957788167498,52.45788372248909,208421,208421,11,0,8,8,2018,12,15,6,3,0,7,1,0,1,1,0,0,0,1,800589.7328,5821178.8212
210289,13.444601694948055,52.484554254200745,208422,208422,11,0,8,8,2018,12,2,6,2,1,5,2,1,1,0,0,0,0,0,801740.7349,5824225.1427
210290,13.351172895320186,52.51541113312742,208423,208423,11,0,1,1,2018,12,16,5,3,2,6,2,0,1,0,0,0,0,0,795194.0818,5827268.1187
210291,13.303650265973785,52.47279500733435,208424,208424,11,0,4,4,2018,12,10,1,3,1,7,0,0,1,0,0,0,0,0,792254.4019,5822337.7994
210292,13.319462820338295,52.463289544111916,208425,208425,11,0,6,6,2018,12,7,5,3,6,4,2,0,1,1,0,0,0,0,793390.9675,5821345.4401
210293,13.389548429286068,52.55778280308027,208426,208426,11,0,1,1,2018,12,22,5,3,5,3,2,0,1,0,0,0,0,1,797509.3003,5832135.4509
210294,13.296859123698418,52.54816774967577,208427,208427,11,0,4,4,2018,12,11,1,3,5,2,0,0,1,0,1,0,0,0,791293.9877,5830688.0875
210295,13.53552255191458,52.418036688817004,208428,208428,11,0,9,9,2018,12,21,5,3,0,1,2,0,1,0,0,0,0,1,808374.93,5817216.5442
210296,13.363428676318454,52.476812952093105,208429,208429,11,0,7,7,2018,12,13,1,3,1,5,0,1,1,0,0,0,1,0,796284.8206,5823028.232000001
210297,13.393775052105193,52.52852676808881,208430,208430,11,0,1,1,2018,12,19,5,3,5,2,2,1,1,0,0,0,0,1,797993.9572,5828901.1655
210298,13.478527913735864,52.53760843478651,208431,208431,11,0,11,11,2018,12,5,6,3,5,3,2,1,1,0,0,0,0,1,803676.2790000001,5830264.281
210299,13.425078657387324,52.55243383847476,208432,208432,11,0,3,3,2018,12,17,1,2,2,6,1,0,1,0,0,0,0,0,799952.7025,5831688.2193
210300,13.361910721117654,52.49798699951492,208433,208433,11,0,7,7,2018,12,19,5,3,5,3,2,1,1,0,0,0,0,1,796039.4042,5825375.4644
210301,13.361567145165884,52.60003920656754,208434,208434,11,0,12,12,2018,12,21,1,3,5,7,2,0,1,0,0,0,1,0,795329.2790000001,5836717.066000001
210302,13.627953461602305,52.45309659813138,208435,208435,11,0,9,9,2018,12,10,5,3,6,7,0,1,0,1,0,0,0,0,814405.902,5821511.9134
210303,13.43023752755376,52.55097240602338,208436,208436,11,0,3,3,2018,12,20,1,3,5,3,2,0,1,0,0,0,0,1,800312.204,5831547.272000001
210304,13.424923547982132,52.50210160599811,208437,208437,11,0,2,2,2018,12,21,2,3,0,3,2,0,1,0,0,0,1,1,800285.7655,5826093.3239
210305,13.388509888782732,52.54784136335864,208438,208438,11,0,1,1,2018,12,18,7,3,5,2,2,0,1,0,0,0,0,1,797506.2718,5831026.1916
210306,13.459906765855768,52.431911576738116,208439,208439,11,0,8,8,2018,12,9,5,3,5,7,0,0,1,0,0,0,0,0,803141.0959,5818438.3339
210307,13.453524616647766,52.51041762287385,208440,208440,11,0,2,2,2018,12,20,7,3,4,1,2,1,1,0,0,0,0,0,802168.5714,5827137.0961
210308,13.369741507925859,52.502144345941105,208441,208441,11,0,1,1,2018,12,20,7,3,2,6,2,0,1,0,0,0,0,0,796542.5927,5825869.7206
210309,13.419678660533958,52.50608207220382,208442,208442,11,0,1,1,2018,12,22,2,3,5,3,2,0,1,0,0,0,0,1,799902.8884,5826513.9109
210310,13.191891640315829,52.54625344118762,208443,208443,11,0,5,5,2018,12,20,7,3,2,6,2,0,1,0,0,0,0,0,784193.7401,5830056.2518
210311,13.441505661202786,52.470466262984246,208444,208444,11,0,8,8,2018,12,9,5,3,3,6,0,0,1,0,1,0,0,0,801627.1190000001,5822646.3791
210312,13.596608084659472,52.544311339905846,208445,208445,11,0,10,10,2018,12,22,7,3,5,1,2,0,1,0,0,0,1,0,811630.9882,5831513.3319
210313,13.209596476063421,52.53838917252392,208446,208446,11,0,5,5,2018,12,18,7,3,2,6,2,0,1,0,0,0,0,1,785444.5695,5829252.0543
210314,13.371474565619742,52.50482347816365,208447,208447,11,0,1,1,2018,12,9,5,2,0,1,0,1,0,0,0,0,0,0,796642.0827,5826174.6298
210315,13.495871379702542,52.54776229205828,208448,208448,11,0,11,11,2018,12,18,5,3,5,3,2,0,1,0,0,0,0,1,804781.2214,5831466.0354
210316,13.309392268523798,52.492025370764026,208449,208449,11,0,4,4,2018,12,16,7,3,2,2,1,0,1,0,0,0,0,0,792516.3871,5824498.5413
210317,13.39425576217327,52.509718038410796,208450,208450,11,0,1,1,2018,12,9,5,3,5,3,0,0,1,0,0,0,0,0,798154.027,5826812.6076
210318,13.417619050861232,52.55976274282639,208451,208451,11,0,3,3,2018,12,17,2,3,1,5,2,1,1,0,0,0,0,0,799397.3533,5832471.7813
210319,13.559628537136714,52.55555935342394,208452,208452,11,0,10,10,2018,12,13,7,2,6,7,0,0,1,1,0,0,0,0,809046.1703,5832604.1777
210320,13.202531390745524,52.540132863255536,208453,208453,11,0,5,5,2018,12,9,5,3,2,6,0,0,1,0,0,0,0,0,784954.4193,5829417.9218
210321,13.376948252174175,52.51651190365594,208454,208454,11,0,1,1,2018,12,9,7,2,0,1,0,1,0,0,0,0,0,0,796934.4303,5827496.3085
210322,13.346000954666344,52.49669679363518,208455,208455,11,0,7,7,2018,12,14,2,3,1,5,0,0,1,0,0,0,0,0,794968.8059,5825166.8697
210323,13.397995057035596,52.58486356074317,208456,208456,11,0,3,3,2018,12,14,4,3,5,3,0,0,1,0,0,0,0,1,797897.6548,5835180.3263
210324,13.401711899405706,52.51221187463118,208457,208457,11,0,1,1,2018,12,8,5,3,0,3,0,1,0,0,1,0,0,0,798642.7437,5827120.6479
210325,13.47092271365843,52.50471858271871,208458,208458,11,0,2,2,2018,12,1,7,3,8,1,2,1,0,0,0,0,0,0,803387.6951,5826576.7351
210326,13.377423217516014,52.46456147547757,208459,208459,11,0,7,7,2018,12,14,7,3,0,1,0,0,0,0,1,0,0,1,797317.2641,5821724.0770000005
210327,13.37711850897166,52.48268855355439,208460,208460,11,0,7,7,2018,12,7,5,3,2,6,0,0,1,0,0,0,0,1,797174.2701,5823737.6082
210328,13.328286357824894,52.59953604725065,208461,208461,11,0,12,12,2018,12,19,4,3,8,1,2,0,1,0,0,0,0,1,793080.2742,5836525.1884
210329,13.337374855201109,52.47339364720702,208462,208462,11,0,7,7,2018,12,15,6,3,6,7,0,0,1,1,0,0,0,0,794539.4576,5822541.4906
210330,13.414433537727176,52.49153187105999,208463,208463,11,0,2,2,2018,12,7,5,2,3,6,0,0,1,0,0,0,0,0,799646.204,5824874.9026
210331,13.324484669576163,52.457966728179684,208464,208464,11,0,6,6,2018,12,13,2,3,1,5,0,0,1,0,0,0,0,0,793767.3748,5820774.2419
210332,13.273873830810649,52.45761395743007,208465,208465,11,0,6,6,2018,12,7,5,3,2,7,1,0,1,0,0,0,0,0,790333.3008,5820530.1946
210333,13.448522935486336,52.4776271731062,208466,208466,11,0,8,8,2018,12,11,5,3,2,6,0,0,1,0,0,0,1,0,802054.3144,5823471.6426
210334,13.604638238171935,52.53683922644196,208467,208467,11,0,10,10,2018,12,17,6,3,0,4,2,0,0,1,0,0,1,0,812228.1847,5830717.6427
210335,13.218685188137007,52.5602573939173,208468,208468,11,0,5,5,2018,12,6,5,2,5,3,2,1,0,0,0,1,0,0,785918.224,5831718.835
210336,13.571545379286695,52.545740788176744,208469,208469,11,0,10,10,2018,12,12,2,3,2,6,0,0,1,0,0,0,0,0,809922.7019,5831564.1148
210337,13.287256712724506,52.51683459851021,208470,208470,11,0,4,4,2018,12,18,6,3,6,6,2,0,1,1,0,0,0,0,790850.5633,5827166.5842
210338,13.47833520534449,52.50677724629494,208471,208471,11,0,11,11,2018,12,6,5,3,2,6,2,0,1,0,0,0,0,0,803876.207,5826836.7577
210339,13.586963612767365,52.44103276663602,208472,208472,11,0,9,9,2018,12,10,2,3,6,2,0,0,1,1,0,0,0,1,811708.0286,5819993.3141
210340,13.428938512448976,52.47788320337264,208473,208473,11,0,8,8,2018,12,5,5,3,5,3,2,0,1,0,0,0,0,1,800723.4735,5823418.2716
210341,13.345925566251069,52.49874433319199,208474,208474,11,0,7,7,2018,12,16,6,3,6,2,2,0,1,1,0,0,0,0,794949.9707,5825394.143999999
210342,13.35159005137858,52.524211250394316,208475,208475,11,0,1,1,2018,12,17,6,3,2,6,2,0,1,0,1,0,0,0,795163.3021,5828247.9532
210343,13.28885952907528,52.518938903489435,208476,208476,11,0,4,4,2018,12,15,4,3,2,6,1,0,1,0,0,0,0,1,790945.327,5827406.9478
210344,13.355938881008935,52.486111928175404,208477,208477,11,0,7,7,2018,12,1,5,3,2,2,2,1,0,0,0,0,0,1,795714.0587,5824031.0664
210345,13.543972831315742,52.52582945566698,208478,208478,11,0,10,10,2018,12,16,5,3,0,1,1,0,0,0,1,0,0,1,808194.0786,5829232.9087
210346,13.464605851310349,52.510148596394316,208479,208479,11,0,2,2,2018,12,17,6,2,6,4,1,0,1,1,0,0,0,0,802921.8825,5827153.6932
210347,13.300930320905369,52.50323758826833,208480,208480,11,0,4,4,2018,12,12,5,3,5,2,0,1,1,0,0,0,0,0,791867.9243,5825710.506
210348,13.326804486152401,52.4817840241242,208481,208481,11,0,4,4,2018,12,16,5,3,0,2,1,1,1,0,0,0,0,0,793766.043,5823430.9766
210349,13.368126053177393,52.569706367865656,208482,208482,11,0,12,12,2018,12,9,1,3,5,3,0,1,1,0,0,0,0,0,795977.7162,5833372.5131
210350,13.33262102281985,52.506160217415825,208483,208483,11,0,4,4,2018,12,16,6,3,2,2,2,0,1,0,0,0,0,0,793997.9171,5826164.0886
210351,13.507630829828207,52.56567399649913,208484,208484,11,0,11,11,2018,12,16,5,2,6,4,1,0,0,1,0,0,1,0,805453.3740000001,5833506.602999999
210352,13.511186700387633,52.454365579925486,208485,208485,11,0,9,9,2018,12,16,6,3,2,6,2,0,1,0,0,0,0,0,806468.6712,5821150.5425
210353,13.381151783798911,52.482641036235286,208486,208486,11,0,7,7,2018,12,22,1,3,5,2,2,0,1,0,0,0,0,1,797448.2826,5823748.951
210354,13.3175451337007,52.61599394454876,208487,208487,11,0,12,12,2018,12,17,5,3,2,6,2,0,1,0,0,0,0,1,792243.59,5838310.85
210355,13.3160402912081,52.48166238862874,208488,208488,11,0,4,4,2018,12,14,6,3,6,6,0,1,0,1,0,0,0,0,793036.3818,5823373.6749
210356,13.33542226003157,52.52680754567048,208489,208489,11,0,1,1,2018,12,15,5,3,5,2,0,0,1,1,0,0,0,0,794049.8432,5828470.4605
210357,13.479424281472445,52.523261129617396,208490,208490,11,0,11,11,2018,12,13,6,2,6,7,0,0,0,1,0,0,1,0,803836.176,5828673.4364
210358,13.395777707690575,52.498366014706,208491,208491,11,0,2,2,2018,12,21,1,3,5,2,2,0,1,0,0,0,0,1,798334.1937,5825557.1537
210359,13.488485798847465,52.619106184107466,208492,208492,11,0,3,3,2018,12,15,5,3,6,4,1,0,1,1,0,0,0,0,803786.4265,5839364.2966
210360,13.252350621506267,52.5351458490035,208493,208493,11,0,5,5,2018,12,12,6,3,8,1,0,0,1,0,0,0,0,0,788363.5395,5829061.7066
210361,13.277995798102523,52.50339908124585,208494,208494,11,0,4,4,2018,12,15,5,3,2,7,0,0,1,0,0,0,0,0,790311.2395,5825635.8834
210362,13.235860766163588,52.62111918812675,208495,208495,11,0,12,12,2018,12,14,5,3,5,2,0,0,1,0,1,0,0,1,786683.7370000001,5838552.167
210363,13.346726879654176,52.54025488447782,208496,208496,11,0,1,1,2018,12,11,6,3,5,2,0,1,0,0,0,0,1,0,794726.0215,5830011.2963
210364,13.37697057800394,52.51077444428225,208497,208497,11,0,1,1,2018,12,13,5,3,5,3,0,1,1,0,0,0,0,1,796974.6759,5826858.692000001
210365,13.318112746789387,52.5098546709605,208498,208498,11,0,4,4,2018,12,13,5,3,5,3,0,1,1,0,0,0,0,0,792989.3148,5826515.6779
210366,13.182430938578005,52.5385426575341,208499,208499,11,0,5,5,2018,12,21,1,3,6,2,2,0,1,1,0,0,0,1,783602.3933,5829161.8937
210367,13.456941684021043,52.45334170954545,208500,208500,11,0,8,8,2018,12,11,6,2,5,2,0,1,1,0,0,0,0,0,802792.4863,5820807.7276
210368,13.427918617377662,52.58780064060269,208501,208501,11,0,3,3,2018,12,13,5,3,2,6,0,0,1,0,0,0,1,0,799903.3888,5835630.9466
210369,13.578164532812712,52.4981811311357,208502,208502,11,0,10,10,2018,12,11,6,2,5,3,0,1,1,0,0,0,0,0,810707.0838,5826306.8083
210370,13.431907244138673,52.53193729666131,208503,208503,11,0,3,3,2018,12,8,6,3,6,7,0,1,0,1,0,0,0,0,800555.4954,5829438.5496
210371,13.329771878454025,52.4644220001285,208504,208504,11,0,6,6,2018,12,13,5,3,5,3,0,0,1,0,0,0,0,0,794083.2886,5821513.2812
210372,13.181794514538556,52.534082475681785,208505,208505,11,0,5,5,2018,12,7,6,3,6,2,2,0,1,1,0,0,0,1,783588.0311,5828663.6149
210373,13.272652030396072,52.47942806650137,208506,208506,11,0,4,4,2018,12,9,6,3,2,6,0,0,1,0,0,0,0,0,790106.686,5822949.958
210374,13.605803375553329,52.5356516343598,208507,208507,11,0,10,10,2018,12,10,5,3,5,3,0,1,1,0,0,0,0,0,812315.5849,5830590.703
210375,13.477183265112922,52.61084257245202,208508,208508,11,0,3,3,2018,12,9,6,3,5,3,0,1,1,0,0,0,0,0,803079.0112,5838398.2062
210376,13.546726866550847,52.43145473478899,208509,208509,11,0,9,9,2018,12,15,5,3,6,2,2,0,1,1,0,0,0,0,809042.322,5818755.761
210377,13.35712071627484,52.52354317539119,208510,208510,11,0,1,1,2018,12,9,6,3,5,2,0,1,1,0,0,0,0,0,795542.7424,5828196.3553
210378,13.411191051641145,52.53730297503817,208511,208511,11,0,3,3,2018,12,18,5,3,1,5,2,1,1,0,0,0,0,1,799114.8099,5829948.7524
210379,13.407094299160965,52.518430382166564,208512,208512,11,0,1,1,2018,12,18,5,3,5,2,2,1,1,0,0,0,0,0,798965.4661,5827834.124
210380,13.427107305725455,52.51190843654876,208513,208513,11,0,2,2,2018,12,7,6,3,5,2,2,1,1,0,0,0,0,0,800366.9268,5827192.4120000005
210381,13.33184063387467,52.50037741036418,208514,208514,11,0,4,4,2018,12,20,1,2,6,4,2,0,1,1,0,0,0,1,793983.6177,5825518.1489
210382,13.271804439382795,52.53699873600648,208515,208515,11,0,5,5,2018,12,15,5,3,5,3,0,0,1,0,0,0,0,0,789669.9092,5829345.657000001
210383,13.524363690235019,52.48903497596138,208516,208516,11,0,11,11,2018,12,17,5,3,5,3,2,1,1,0,0,0,0,0,807121.5668,5825059.8238
210384,13.47037115795546,52.55371870178591,208517,208517,11,0,3,3,2018,12,7,5,3,0,3,2,1,1,0,0,0,0,0,803012.3562,5832020.5174
210385,13.450524001053688,52.50864251347011,208518,208518,11,0,2,2,2018,12,21,5,3,6,2,2,0,0,1,0,0,1,0,801977.2727,5826927.23
210386,13.388146780761735,52.48429822336625,208519,208519,11,0,7,7,2018,12,17,4,3,2,2,1,0,1,0,0,0,0,1,797911.7402,5823962.0115
210387,13.519759113836503,52.525666826319245,208520,208520,11,0,10,10,2018,12,17,5,2,6,4,2,0,0,1,0,0,1,1,806553.8127,5829111.5824
210388,13.263482431319337,52.52112294151689,208521,208521,11,0,4,4,2018,12,15,5,3,1,6,2,0,1,0,0,1,0,1,789210.2771,5827547.6105
210389,13.444272591753824,52.54542688357682,208522,208522,11,0,3,3,2018,12,20,5,2,6,7,2,0,1,1,0,0,0,1,801301.1304,5830989.4915
210390,13.430452153041454,52.61057901647863,208523,208523,11,0,3,3,2018,12,17,5,3,5,3,2,0,1,0,0,0,0,1,799919.0635,5838173.242000001
210391,13.457349724874222,52.431070296310615,208524,208524,11,0,8,8,2018,12,19,1,3,5,3,2,0,1,0,0,0,0,1,802973.1608,5818334.0938
210392,13.528620760552366,52.45952436478678,208525,208525,11,0,9,9,2018,12,20,5,3,6,7,2,0,1,1,0,0,0,1,807616.4152,5821798.094
210393,13.543015499412412,52.457562436262286,208526,208526,11,0,9,9,2018,12,17,5,2,8,1,2,0,0,0,1,0,0,0,808607.418,5821641.5162
210394,13.41629766950248,52.53956456011297,208527,208527,11,0,3,3,2018,12,19,5,3,6,7,2,0,1,1,0,0,0,1,799445.4915,5830221.3247
210395,13.526976032403743,52.43778235993139,208528,208528,11,0,9,9,2018,12,18,1,3,5,3,2,0,1,0,0,0,0,1,807656.437,5819374.636
210396,13.347070480758765,52.553077354395924,208529,208529,11,0,1,1,2018,12,17,5,3,6,2,2,0,1,1,0,0,0,0,794663.3015,5831437.9144
210397,13.20056672311686,52.53855779608642,208530,208530,11,0,5,5,2018,12,19,5,2,6,2,2,0,1,1,0,0,0,1,784831.4733,5829235.0804
210398,13.412368815742171,52.505727362670356,208531,208531,11,0,1,1,2018,12,19,5,3,2,6,2,0,1,0,0,0,0,1,799409.5385,5826444.1088
210399,13.36171018301025,52.547922936403,208532,208532,11,0,1,1,2018,12,16,5,3,6,2,2,0,0,1,0,0,1,1,795689.8349,5830924.9654
210400,13.513688078160865,52.535234556223486,208533,208533,11,0,11,11,2018,12,18,5,3,2,6,2,0,1,0,0,0,1,1,806075.6391,5830149.1671
210401,13.475914258230178,52.53288796474343,208534,208534,11,0,11,11,2018,12,18,5,3,2,6,2,0,1,0,0,0,0,1,803531.7466,5829728.6176
210402,13.398362910856259,52.50706016720314,208535,208535,11,0,2,2,2018,12,7,4,3,5,2,1,1,1,0,0,0,0,0,798450.5873,5826534.1832
210403,13.429754444136686,52.521070365421046,208536,208536,11,0,2,2,2018,12,18,5,3,5,3,2,1,1,0,0,0,0,0,800483.8353,5828221.7565
210404,13.39604695613741,52.538338408136966,208537,208537,11,0,1,1,2018,12,5,5,3,5,2,2,1,1,0,0,0,0,0,798081.4207,5830001.1002
210405,13.596315712678887,52.43379052727673,208538,208538,11,0,9,9,2018,12,9,4,3,5,3,0,0,1,0,0,0,0,1,812394.4948,5819228.8573
210406,13.588072786004881,52.51228886140727,208539,208539,11,0,10,10,2018,12,22,4,3,0,1,2,0,0,0,1,0,0,1,811279.3251,5827917.478999999
210407,13.526778669840875,52.43766969902689,208540,208540,11,0,9,9,2018,12,6,5,3,5,3,1,1,1,0,0,0,0,0,807643.8171,5819361.2733
210408,13.3021116935389,52.503502579443456,208541,208541,11,0,4,4,2018,12,20,4,2,6,4,2,1,0,1,0,0,0,0,791946.297,5825744.742000001
210409,13.57055203033034,52.47357223452989,208542,208542,11,0,9,9,2018,12,6,5,3,5,2,1,1,1,0,0,0,0,0,810364.1579999999,5823538.992000001
210410,13.321419739997625,52.46515567003682,208543,208543,11,0,6,6,2018,12,16,4,3,6,2,1,0,1,1,0,0,0,1,793511.3932,5821560.819
210411,13.50057004564388,52.419982903676654,208544,208544,11,0,8,8,2018,12,8,5,3,2,6,0,0,1,0,0,0,0,0,805986.2412,5817284.1141
210412,13.434583001078265,52.47250737503442,208545,208545,11,0,8,8,2018,12,15,4,3,5,3,0,0,1,0,0,0,0,1,801143.2846,5822844.3181
210413,13.367957707994833,52.5258961196325,208546,208546,11,0,1,1,2018,12,8,5,3,0,2,1,0,1,0,0,0,1,0,796261.5895,5828502.3628
210414,13.281042603271887,52.512816611286055,208547,208547,11,0,4,4,2018,12,9,4,3,2,6,0,1,1,0,0,0,0,1,790455.7268,5826694.9289
210415,13.267934774718233,52.44546181196761,208548,208548,11,0,6,6,2018,12,11,4,3,5,3,0,1,1,0,0,0,0,0,790009.9611,5819155.5822
210416,13.177910496592407,52.541235345619185,208549,208549,11,0,5,5,2018,12,9,5,3,5,3,0,1,1,0,0,0,0,1,783278.6578,5829443.4277
210417,13.338534767082514,52.50332389706788,208550,208550,11,0,4,4,2018,12,11,4,3,6,4,0,0,1,1,0,0,0,0,794417.9821,5825872.9594
210418,13.146684134746597,52.455809005615656,208551,208551,11,0,5,5,2018,12,11,5,3,2,6,0,0,1,0,0,0,0,0,781708.5239,5819825.4572
210419,13.365374478427839,52.55710774998538,208552,208552,11,0,1,1,2018,12,12,4,3,5,2,0,1,0,0,0,0,1,0,795876.2484,5831960.8884
210420,13.361892905728952,52.49799061114154,208553,208553,11,0,7,7,2018,12,16,4,3,6,2,2,0,1,1,0,0,0,1,796038.1714,5825375.7927
210421,13.287645207135446,52.48793607829571,208554,208554,11,0,4,4,2018,12,12,4,3,6,4,0,0,1,1,0,0,0,0,791067.9716,5823956.0357
210422,13.376660854165324,52.51041624347378,208555,208555,11,0,1,1,2018,12,13,5,2,6,4,0,0,1,1,0,0,0,0,796956.0898,5826817.602999999
210423,13.389881185030234,52.510445691988565,208556,208556,11,0,1,1,2018,12,13,4,3,6,4,0,0,1,1,0,0,0,0,797852.4329,5826875.4048
210424,13.282621342078087,52.5184698073212,208557,208557,11,0,4,4,2018,12,0,4,3,2,6,2,0,1,0,0,0,0,0,790525.4481,5827329.6527
210425,13.398614387033513,52.50699180918365,208558,208558,11,0,2,2,2018,12,13,5,3,3,6,0,0,1,0,0,0,0,0,798468.1062,5826527.6263
210426,13.383702193417014,52.4899490931761,208559,208559,11,0,2,2,2018,12,9,4,3,5,2,0,1,1,0,0,0,0,0,797571.957,5824571.7452
210427,13.32060119511076,52.58364243227769,208560,208560,11,0,12,12,2018,12,14,5,3,6,4,0,0,0,1,1,0,0,1,792666.1691,5834727.3511
210428,13.267716873074695,52.5123347497675,208561,208561,11,0,4,4,2018,12,13,4,2,2,6,0,0,1,0,0,0,0,0,789555.2236,5826587.7753
210429,13.377857311309082,52.489507742675954,208562,208562,11,0,2,2,2018,12,12,5,3,0,7,0,1,1,0,0,0,0,0,797178.3776,5824498.5913
210430,13.330673292925866,52.60114834171239,208563,208563,11,0,12,12,2018,12,14,4,3,5,3,0,1,1,0,0,0,0,1,793231.038,5836714.112000001