,X,Y,OBJECTID_1,OBJECTID,ULAND,UREGBEZ,UKREIS,UGEMEINDE,UJAHR,UMONAT,USTUNDE,UWOCHENTAG,UKATEGORIE,UART,UTYP1,ULICHTVERH,IstRad,IstPKW,IstFuss,IstKrad,IstGkfz,IstSonstig,STRZUSTAND,LINREFX,LINREFY
210431,13.522905945514438,52.56060145598745,208564,208564,11,0,11,11,2018,12,6,4,3,0,1,2,0,0,0,1,0,0,2,806523.3197,5833007.6984
210432,13.144226071939714,52.4543099914002,208565,208565,11,0,5,5,2018,12,15,5,3,6,2,0,0,1,1,0,0,0,1,781551.181,5819649.2399
210433,13.587212606001177,52.52302592174463,208566,208566,11,0,10,10,2018,12,9,4,2,0,1,0,1,0,0,0,0,0,2,811145.0213,5829107.0812
210434,13.350039649029718,52.44177512054758,208567,208567,11,0,6,6,2018,12,15,4,3,1,5,0,0,1,0,1,0,0,1,795611.0327,5819078.9113
210435,13.446318900072127,52.48639268948524,208568,208568,11,0,8,8,2018,12,15,4,3,5,2,1,0,1,0,0,0,0,1,801844.651,5824436.6614
210436,13.206013184429963,52.542014648646116,208569,208569,11,0,5,5,2018,12,15,5,3,6,4,1,0,1,1,0,0,0,0,785178.1826,5829640.8610000005
210437,13.342901912463196,52.46302672153516,208570,208570,11,0,6,6,2018,12,8,4,2,0,1,0,1,0,0,0,0,0,2,794983.9946,5821411.7952
210438,13.30442307134134,52.52467856197817,208571,208571,11,0,4,4,2018,12,15,5,3,1,5,0,1,1,0,0,0,0,1,791962.4948,5828107.8338
210439,13.362999756821436,52.4761488641719,208572,208572,11,0,7,7,2018,12,6,4,2,0,1,2,0,0,0,1,0,0,2,796260.1772,5822952.6581
210440,13.346656369090901,52.4590315798588,208573,208573,11,0,6,6,2018,12,16,5,2,3,6,1,0,1,0,1,0,0,1,795265.6468,5820983.0955
210441,13.415855895113767,52.48058702853282,208574,208574,11,0,8,8,2018,12,5,4,3,9,1,2,0,1,0,0,0,0,2,799817.2177,5823664.3321
210442,13.324355347209547,52.516964680856574,208575,208575,11,0,4,4,2018,12,17,5,2,2,1,1,0,1,0,0,0,0,1,793365.255,5827331.3404
210443,13.418936039458242,52.566832556577225,208576,208576,11,0,3,3,2018,12,13,4,2,6,4,0,0,1,1,0,0,0,1,799438.3469,5833263.0427
210444,13.379329475786605,52.45611814567022,208577,208577,11,0,7,7,2018,12,2,6,3,1,1,2,0,1,0,0,0,0,1,797503.6613,5820793.4773
210445,13.451225992227386,52.47189896144235,208578,208578,11,0,8,8,2018,12,17,5,3,5,3,1,0,1,0,0,0,1,0,802277.0625,5822846.3027
210446,13.197047571194696,52.562035414086,208579,208579,11,0,5,5,2018,12,16,4,3,5,2,1,1,1,0,0,0,0,1,784440.9232,5831830.8448
210447,13.405895898062914,52.52933630036557,208580,208580,11,0,1,1,2018,12,21,4,3,1,5,2,0,1,0,0,0,0,0,798810.0912,5829041.3173
210448,13.474129197064492,52.609898451589096,208581,208581,11,0,3,3,2018,12,9,4,3,5,3,0,0,1,0,0,0,0,0,802878.9033,5838280.421
210449,13.198700651878823,52.55533247122512,208582,208582,11,0,5,5,2018,12,20,4,3,0,1,2,0,0,0,1,0,0,1,784596.3314,5831092.3026
210450,13.373501209816485,52.520643803523996,208583,208583,11,0,1,1,2018,12,18,4,3,5,3,2,1,1,0,0,0,0,1,796672.8266,5827941.3719
210451,13.502433094050984,52.461249186827324,208584,208584,11,0,9,9,2018,12,18,4,3,5,3,2,1,1,0,0,0,0,0,805826.5407,5821878.4616
210452,13.261061720461965,52.435926813916026,208585,208585,11,0,6,6,2018,12,12,5,3,5,2,0,1,1,0,0,0,0,1,789605.7509,5818068.1522
210632,13.541387802423232,52.43546088296621,208765,208765,11,0,9,9,2018,12,18,2,3,2,2,2,0,1,0,0,0,0,1,808651.5878,5819178.1607
210635,13.418873779022546,52.48003781325301,208768,208768,11,0,8,8,2018,12,18,2,2,5,3,2,1,1,0,0,0,0,1,800025.755,5823615.837
210636,13.470530684376884,52.46248537545611,208769,208769,11,0,8,8,2018,12,23,2,3,5,3,2,0,1,0,0,0,0,1,803652.2014,5821881.1038
210638,13.383694761654661,52.551303049245995,208771,208771,11,0,1,1,2018,12,22,2,3,2,6,2,0,1,0,0,0,0,0,797156.5948,5831391.0856
210640,13.386652294946037,52.501013658430026,208773,208773,11,0,2,2,2018,12,20,2,3,2,3,2,0,1,0,0,0,0,1,797697.2719,5825813.722
210642,13.417033920624512,52.543402200721104,208775,208775,11,0,3,3,2018,12,19,2,3,5,3,2,0,1,0,0,0,0,1,799469.2327,5830650.9256
210643,13.365744940956038,52.556542785160815,208776,208776,11,0,1,1,2018,12,18,2,3,0,6,2,0,1,0,1,0,0,1,795905.1512,5831899.6143
210645,13.382464121817716,52.55194576133764,208778,208778,11,0,1,1,2018,12,14,2,3,6,4,0,1,1,1,0,0,0,0,797068.8698,5831457.4482
210647,13.189032787856734,52.52179907670161,208780,208780,11,0,5,5,2018,12,14,2,3,2,6,0,0,1,0,0,0,0,0,784158.0343,5827326.7458
210649,13.30541739766474,52.4589338294732,208782,208782,11,0,6,6,2018,12,14,2,2,0,1,0,1,0,0,0,0,0,0,792466.3267,5820804.2814
210651,13.276742251225825,52.450614283988216,208784,208784,11,0,6,6,2018,12,13,2,3,5,3,0,1,1,0,0,0,0,0,790574.1963,5819763.7147
210653,13.438105554920408,52.569420739831365,208786,208786,11,0,3,3,2018,12,13,2,3,5,2,0,1,1,0,0,0,0,0,800718.913,5833630.5519
210654,13.403157952552865,52.463429487171716,208787,208787,11,0,7,7,2018,12,12,2,2,5,3,0,0,1,0,0,0,0,0,799071.9782,5821704.6218
210656,13.178041371247804,52.54886821265522,208789,208789,11,0,5,5,2018,12,12,2,3,6,2,0,0,1,1,0,0,0,0,783238.3267,5830292.3813
210659,13.359931324711585,52.54423125758294,208792,208792,11,0,1,1,2018,12,11,2,3,3,6,0,1,1,0,0,0,0,0,795594.1379999999,5830507.3416
210661,13.3288388396909,52.522457949769105,208794,208794,11,0,4,4,2018,12,11,2,3,2,6,0,0,1,0,0,0,0,0,793632.588,5827960.1698
210663,13.616851348295882,52.455129459170564,208796,208796,11,0,9,9,2018,12,16,1,3,5,3,1,0,1,0,0,0,1,0,813637.6225,5821689.5196
210664,13.326409372056155,52.60449105943688,208797,208797,11,0,12,12,2018,12,23,1,2,6,2,2,0,1,1,0,0,0,0,792920.1402,5837068.3061
210666,13.37084126951412,52.55871341474224,208799,208799,11,0,1,1,2018,12,22,1,3,5,3,2,0,1,0,0,0,0,0,796235.7579,5832161.8164
210667,13.453700406169071,52.51038572389425,208800,208800,11,0,2,2,2018,12,1,1,3,0,1,2,1,0,0,0,0,0,1,802180.7115,5827134.2874
210669,13.407936196651974,52.49997463668601,208802,208802,11,0,2,2,2018,12,1,7,3,5,2,2,1,1,0,0,0,0,0,799148.0138,5825786.3149
210671,13.227666914453545,52.626391748987025,208804,208804,11,0,12,12,2018,12,0,7,3,2,6,2,0,1,0,0,0,0,0,786095.0141,5839105.6465
210673,13.554600183197865,52.45588274047954,208806,208806,11,0,9,9,2018,12,15,7,3,5,7,0,0,1,0,0,0,0,1,809405.73,5821504.4494
210675,13.317751454263592,52.454221725141075,208808,208808,11,0,6,6,2018,12,11,7,3,8,1,0,0,1,0,0,0,0,1,793335.1225,5820330.5941
210676,13.708535503759306,52.44153990098139,208809,208809,11,0,9,9,2018,12,10,7,3,8,7,0,0,1,0,0,0,0,1,819961.0537,5820581.791
210678,13.536096826011073,52.539002034080255,208811,208811,11,0,10,10,2018,12,23,7,2,6,6,2,0,1,1,0,0,0,1,807567.9932,5830663.2912
210679,13.354626298648393,52.497138657714636,208812,208812,11,0,7,7,2018,12,23,7,3,6,2,2,0,1,1,0,0,0,1,795550.96,5825251.295
210681,13.421112056418742,52.41346829864304,208814,208814,11,0,8,8,2018,12,21,7,3,6,4,2,0,1,1,0,0,0,1,800631.1719,5816226.2143
210682,13.511935702196801,52.55078702162928,208815,208815,11,0,11,11,2018,12,21,7,3,6,4,2,0,1,1,0,0,0,1,805848.5957,5831870.2765
210684,13.492419969735932,52.49133998820111,208817,208817,11,0,11,11,2018,12,20,7,2,1,7,2,1,0,0,0,0,0,1,804938.3628,5825180.4582
210686,13.379361814238514,52.540157377345494,208819,208819,11,0,1,1,2018,12,20,7,3,2,6,2,0,1,0,0,0,0,1,796938.3425,5830134.4044
210688,13.377528351845314,52.543948860080825,208821,208821,11,0,1,1,2018,12,20,7,2,6,4,2,0,1,1,0,0,0,1,796788.4814,5830548.2699
210690,13.437086752200495,52.4744975613627,208823,208823,11,0,8,8,2018,12,19,7,2,5,3,2,1,1,0,0,0,0,0,801299.6084,5823075.9734
210692,13.501950935898652,52.50196896803836,208825,208825,11,0,11,11,2018,12,10,7,2,0,1,0,1,0,0,0,0,0,1,805511.1745,5826402.1398
210693,13.321315856123253,52.5208527119149,208826,208826,11,0,4,4,2018,12,10,7,3,5,7,0,1,1,0,0,0,0,1,793133.2429,5827751.134
210695,13.384187046515205,52.555648966997865,208828,208828,11,0,1,1,2018,12,2,7,1,8,1,2,0,1,1,0,0,0,1,797160.546,5831876.1568
210697,13.604132434564704,52.53865078712619,208830,208830,11,0,10,10,2018,12,17,6,3,6,2,2,0,1,1,0,0,0,1,812181.037,5830916.7872
210699,13.467800638651399,52.5464630133292,208832,208832,11,0,11,11,2018,12,14,6,2,5,2,1,0,1,0,0,0,0,0,802888.2371,5831203.2783
210701,13.345112967313053,52.539107020349206,208834,208834,11,0,1,1,2018,12,14,6,3,2,4,0,0,1,1,0,0,0,1,794624.3414,5829877.1135
210703,13.268262906833641,52.4064914606377,208836,208836,11,0,6,6,2018,12,13,6,3,5,3,0,0,1,0,0,0,0,0,790288.4720000001,5814825.282000001
210705,13.388855543436053,52.5168788979327,208838,208838,11,0,1,1,2018,12,12,6,3,3,6,0,0,1,0,0,0,0,1,797739.332,5827586.205
210707,13.426159734017654,52.47751435311796,208840,208840,11,0,8,8,2018,12,12,6,3,5,3,0,0,1,0,0,0,0,1,800537.4094,5823365.6944
210709,13.394645447750255,52.50456342109909,208842,208842,11,0,2,2,2018,12,10,6,3,5,3,0,0,1,0,0,0,0,1,798215.3890000001,5826241.2962
210711,13.499326136791876,52.56429334576994,208844,208844,11,0,11,11,2018,12,10,6,3,9,7,0,0,1,0,0,0,0,1,804900.5096,5833317.9753
210713,13.266868435848416,52.51426050987912,208846,208846,11,0,4,4,2018,12,10,6,3,5,3,0,0,1,0,0,0,0,0,789485.0143,5826798.4216
210715,13.460731872037465,52.563878926599436,208848,208848,11,0,3,3,2018,12,10,6,3,5,7,0,1,1,0,0,0,0,1,802289.3817,5833109.2887
210717,13.451027571449135,52.52741194482203,208850,208850,11,0,2,2,2018,12,9,6,3,2,6,0,0,1,0,0,0,0,1,801882.5599,5829015.4745
210718,13.461215250101954,52.52510148185757,208851,208851,11,0,11,11,2018,12,9,6,2,0,7,1,1,0,0,0,0,0,1,802589.0571,5828801.3914
210720,13.403144240668368,52.46342927317173,208853,208853,11,0,7,7,2018,12,7,6,3,5,3,1,0,1,0,0,0,0,1,799071.0488,5821704.5412
210868,13.45489049066422,52.51377015936285,207001,207001,11,0,2,2,2018,10,17,2,3,0,1,1,1,0,0,0,0,0,1,802238.1611,5827515.4394
210869,13.399851896287462,52.509262320502955,207002,207002,11,0,1,1,2018,11,19,5,3,1,5,2,1,1,0,0,0,0,0,798536.6278,5826785.1105
210870,13.278655153436244,52.474898712398094,207003,207003,11,0,4,4,2018,10,14,3,3,1,3,0,0,1,0,0,0,0,1,790543.9662,5822470.6708
210871,13.457741033706933,52.50951917210713,207004,207004,11,0,2,2,2018,10,8,2,3,5,3,0,0,1,0,1,0,0,0,802460.6793,5827054.9166
210872,13.626971850931785,52.52997833024,207005,207005,11,0,10,10,2018,10,6,2,2,5,3,1,0,1,0,1,0,0,0,813790.6902,5830052.1264
210873,13.336820458126885,52.50079044253812,207006,207006,11,0,4,4,2018,11,19,5,3,5,3,2,0,1,0,0,0,0,0,794318.6475,5825584.3691
210874,13.623915890133068,52.425011782804525,207007,207007,11,0,9,9,2018,10,2,2,2,7,7,2,0,1,0,0,0,0,1,814331.8734,5818373.0393
210875,13.377053572454713,52.50853888467187,207008,207008,11,0,1,1,2018,11,18,5,2,5,3,2,0,1,0,1,0,0,0,796995.3952,5826610.5554
210876,13.519474786269296,52.546262375118296,207009,207009,11,0,11,11,2018,10,13,3,3,5,3,0,0,0,0,0,0,1,1,806390.9234,5831399.4197
210877,13.43479581376568,52.4616841444421,207010,207010,11,0,8,8,2018,10,19,1,3,5,7,1,0,1,0,1,0,0,1,801231.7142,5821642.2519
210878,13.357411270065267,52.5414766952243,207011,207011,11,0,1,1,2018,10,17,1,3,1,5,1,1,1,0,0,0,0,0,795441.8889,5830190.8417
210879,13.376623361180297,52.408581367886384,207012,207012,11,0,7,7,2018,10,13,3,3,8,1,0,0,1,0,0,0,0,1,797640.4465,5815498.7248
210880,13.19283665451999,52.43242773755031,207013,207013,11,0,6,6,2018,10,17,1,2,6,4,1,0,0,1,0,0,1,1,784993.5409,5817407.682
210881,13.315038076778224,52.50094360070014,207014,207014,11,0,4,4,2018,11,18,5,3,0,3,2,0,1,0,0,0,1,0,792840.0933,5825512.7191
210882,13.428755487896346,52.472224938756284,207015,207015,11,0,8,8,2018,10,13,3,3,1,5,0,0,1,0,0,0,0,1,800749.6827,5822788.6156
210883,13.442860419465928,52.4839081293096,207016,207016,11,0,8,8,2018,10,17,1,3,5,3,1,0,1,0,1,0,0,0,801627.0083,5824146.0457
210884,13.428874306262367,52.51936798545428,207017,207017,11,0,2,2,2018,10,13,3,2,3,1,0,1,1,0,0,0,0,1,800435.7937,5828028.8753
210885,13.324784710474331,52.45820415245974,207018,207018,11,0,6,6,2018,11,17,5,3,2,2,2,0,1,1,0,0,0,0,793786.1645,5820801.8531
210886,13.378923104901528,52.51334720091423,207019,207019,11,0,1,1,2018,10,14,1,3,1,5,0,1,0,0,0,0,1,0,797089.7113,5827152.6927
210887,13.46980548971936,52.53170184835293,207020,207020,11,0,11,11,2018,11,17,5,2,5,3,2,1,0,0,0,0,1,0,803125.8826,5829571.0799
210888,13.565650675714812,52.528980177822895,207021,207021,11,0,10,10,2018,10,13,3,2,0,2,0,1,1,0,0,0,0,1,809641.3716,5829675.9897
210889,13.301747715948716,52.510780532618845,207022,207022,11,0,4,4,2018,11,16,5,3,2,6,1,0,1,0,0,0,0,0,791873.3285,5826552.2208
210890,13.482161582890447,52.4113642734719,207023,207023,11,0,8,8,2018,10,12,1,2,3,6,0,1,1,0,0,0,0,0,804794.8433,5816248.3399
210891,13.473818489570654,52.567351039331534,207024,207024,11,0,3,3,2018,11,16,5,3,5,3,1,0,1,0,0,0,0,0,803151.7721,5833550.1824
210892,13.488088239536989,52.421884765733694,207025,207025,11,0,8,8,2018,10,13,3,2,0,6,0,0,1,0,1,0,0,1,805124.9219,5817442.6583
210893,13.359787238533276,52.52346607824973,207026,207026,11,0,1,1,2018,10,21,1,2,5,3,2,0,1,0,0,0,0,1,795724.0397,5828198.7206
210894,13.313037242976215,52.50043874175036,207027,207027,11,0,4,4,2018,10,21,1,2,6,2,2,0,1,1,0,0,0,1,792707.7309999999,5825448.481000001
210895,13.291684462047566,52.60730895427615,207028,207028,11,0,12,12,2018,10,12,3,3,4,6,0,0,1,0,0,0,1,1,790551.5733,5837240.8514
210896,13.430498919335148,52.55177053028715,207029,207029,11,0,3,3,2018,10,18,1,3,2,2,1,0,1,0,0,0,0,0,800324.457,5831637.07
210897,13.376769376041546,52.454312107208786,207030,207030,11,0,7,7,2018,11,8,5,3,5,3,0,0,1,0,0,0,0,0,797342.0137,5820582.187999999
210898,13.331310006222846,52.562243747156145,207031,207031,11,0,12,12,2018,10,12,3,3,3,6,0,0,1,0,0,0,0,1,793534.2527,5832392.4376
210899,13.39443095970482,52.528684680365174,207032,207032,11,0,1,1,2018,10,16,1,3,0,1,0,1,0,0,0,0,0,0,798037.3488,5828921.4287
210900,13.402093987930341,52.55133594705232,207033,207033,11,0,3,3,2018,10,11,3,2,0,7,0,0,1,0,0,0,0,1,798402.9553,5831470.7693
210901,13.38599367443424,52.52820778465168,207034,207034,11,0,1,1,2018,11,16,5,3,0,1,0,1,0,0,0,0,0,0,797468.637,5828833.573
210902,13.38025841463874,52.51905316909443,207035,207035,11,0,1,1,2018,10,11,3,3,1,5,0,1,1,0,0,0,0,1,797141.7104,5827792.4032
210903,13.375368527017796,52.42599254358328,207036,207036,11,0,7,7,2018,10,11,1,3,8,1,0,0,1,0,0,0,0,0,797437.81,5817428.7619
210904,13.548290320522465,52.4274453784539,207037,207037,11,0,9,9,2018,11,16,5,3,2,6,0,0,1,0,0,0,0,0,809176.6290000001,5818316.8535
210905,13.315403055091641,52.48654879157386,207038,207038,11,0,4,4,2018,10,10,3,3,2,2,0,1,1,0,0,0,0,1,792960.6295,5823914.2119
210906,13.354578713989476,52.6050669281557,207039,207039,11,0,12,12,2018,10,10,1,3,7,7,0,0,0,0,0,0,1,0,794822.5133,5837247.2622
210907,13.315070501468387,52.43061828969756,207040,207040,11,0,6,6,2018,10,9,3,3,2,6,0,0,1,0,0,0,0,1,793310.0055,5817696.1771
210908,13.409786798900793,52.56268259482079,207041,207041,11,0,3,3,2018,11,15,5,2,5,7,0,0,1,0,1,0,0,0,798846.9373,5832763.8004
210909,13.42831563590232,52.50730349313567,207042,207042,11,0,1,1,2018,10,10,1,3,5,3,0,1,1,0,0,0,0,0,800480.3165,5826685.6245
210910,13.346726095424945,52.49601906130577,207043,207043,11,0,7,7,2018,11,15,5,3,1,5,0,0,1,0,0,0,0,0,795022.5401,5825094.5063
210911,13.29638680479336,52.48553796761301,207044,207044,11,0,4,4,2018,10,9,3,3,5,3,0,0,0,0,1,0,0,1,791676.9936,5823724.7937
210912,13.432634325258267,52.47834517855746,207045,207045,11,0,8,8,2018,11,14,5,3,5,2,0,1,0,0,0,0,1,0,800971.1314,5823485.0323
210913,13.399407404494962,52.504565115641356,207046,207046,11,0,2,2,2018,10,1,1,3,5,3,2,0,1,0,0,0,0,0,798538.3532,5826261.1886
210914,13.401242701248,52.41449283225924,207047,207047,11,0,7,7,2018,11,13,5,3,5,2,0,0,1,0,0,0,0,0,799273.8146,5816257.5366
210915,13.479473466929186,52.533323991299255,207048,207048,11,0,11,11,2018,10,8,3,3,2,6,0,0,1,0,0,0,0,0,803769.9708,5829792.0736
210916,13.429035729027325,52.49136787149682,207049,207049,11,0,8,8,2018,10,0,1,3,6,4,2,0,1,1,0,0,0,0,800637.9908,5824917.4435
210917,13.589510856722395,52.51663587319378,207050,207050,11,0,10,10,2018,10,7,3,3,5,3,1,1,1,0,0,0,0,1,811346.0629,5828406.8152
210918,13.611359439415926,52.514429448598115,207051,207051,11,0,10,10,2018,11,9,5,3,1,5,0,0,1,0,0,0,1,0,812843.1036,5828256.182999999
210919,13.319255940125013,52.51358777225421,207052,207052,11,0,4,4,2018,11,17,7,3,6,4,2,0,0,1,1,0,0,0,793041.9764,5826935.2593
210920,13.331024973478147,52.49061162286544,207053,207053,11,0,4,4,2018,11,19,3,3,2,6,2,0,1,0,0,0,0,1,793993.5058,5824429.3583
210921,13.455439594864778,52.441790529001246,207054,207054,11,0,8,8,2018,11,16,7,3,5,7,1,0,1,0,1,0,0,0,802769.8007,5819517.5733
210922,13.320502055239356,52.43460240490898,207055,207055,11,0,6,6,2018,11,15,3,3,2,5,0,0,1,0,0,0,1,1,793652.5079,5818161.0945
210923,13.542691486970895,52.403264918513614,207056,207056,11,0,9,9,2018,11,15,7,3,6,4,0,0,1,1,0,0,0,0,808965.4521,5815605.445
210924,13.440188529773671,52.54859093881525,207057,207057,11,0,3,3,2018,11,9,2,3,5,3,0,0,0,0,1,0,1,0,801002.7163,5831324.097
210925,13.45614852193083,52.48417195304766,207058,207058,11,0,8,8,2018,11,15,7,3,5,2,0,0,1,0,1,0,0,0,802526.8577,5824231.0206
210926,13.230231613572846,52.53808503772928,207059,207059,11,0,5,5,2018,11,5,2,3,2,6,2,0,1,0,0,0,0,1,786845.1211,5829300.1595
210927,13.352374491725705,52.506412773055565,207060,207060,11,0,1,1,2018,11,14,7,3,0,1,0,1,0,0,0,0,0,0,795335.9609,5826272.8787
210928,13.191148841373684,52.55001319360342,207061,207061,11,0,5,5,2018,11,16,3,3,5,3,1,1,1,0,0,0,0,1,784119.0925,5830471.2408
210929,13.43018287315359,52.58827600211573,207062,207062,11,0,3,3,2018,11,13,7,3,2,6,0,0,1,0,1,0,0,0,800053.4154,5835693.2115
210930,13.349914784103534,52.414332267609126,207063,207063,11,0,7,7,2018,11,8,3,3,2,6,0,0,1,0,0,0,0,1,795786.4495,5816028.1656
210931,13.428596727737885,52.58313325851052,207064,207064,11,0,3,3,2018,11,13,7,3,5,3,0,1,1,0,0,0,0,0,799981.2046,5835115.0058
210932,13.2851493423231,52.59473787636924,207065,207065,11,0,12,12,2018,11,12,7,3,2,6,0,0,1,0,0,0,0,0,790192.5328,5835817.1989
210933,13.569708955148004,52.5608001489573,207066,207066,11,0,10,10,2018,11,14,3,3,2,6,0,0,1,0,1,0,0,1,809692.0671,5833229.9287
210934,13.338778078472151,52.559566348139505,207067,207067,11,0,1,1,2018,11,12,7,3,5,3,0,0,1,0,0,0,0,0,794058.0408,5832125.2927
210935,13.199638236117293,52.552200376853506,207068,207068,11,0,5,5,2018,11,17,1,2,0,1,1,0,0,0,1,0,0,1,784680.1492,5830747.8565
210936,13.421543992458485,52.504470822112296,207069,207069,11,0,2,2,2018,11,17,1,2,0,5,2,0,1,0,1,0,0,1,800040.3844,5826342.586
210937,13.249192162035305,52.552215149104995,207070,207070,11,0,12,12,2018,11,11,7,3,5,3,0,1,1,0,0,0,0,0,788037.5551,5830946.387
210938,13.341593775865018,52.496043090849284,207071,207071,11,0,7,7,2018,11,20,1,3,0,7,2,1,0,0,0,0,0,0,794674.2098,5825076.1949
210939,13.362875466817028,52.56662400941626,207072,207072,11,0,12,12,2018,11,7,7,3,5,3,0,0,1,0,0,0,0,0,795642.8807,5833008.3549
210940,13.412964046635953,52.56505656940528,207073,207073,11,0,3,3,2018,11,10,7,3,5,3,0,1,1,0,0,0,0,0,799045.9758,5833040.8437
210941,13.456222498194473,52.473780156314525,207074,207074,11,0,8,8,2018,11,12,3,2,2,6,0,0,1,0,0,0,0,1,802603.2690000001,5823076.336
210942,13.463029047475295,52.46951517713687,207075,207075,11,0,8,8,2018,11,11,7,3,0,3,0,1,1,0,0,0,0,0,803094.5736,5822630.8812
210943,13.571026046152946,52.390030720594595,207076,207076,11,0,9,9,2018,11,11,7,3,5,2,0,0,1,0,0,0,1,1,810984.7092,5814256.2305
210944,13.433083990448484,52.51874055885004,207077,207077,11,0,2,2,2018,11,8,3,3,5,2,0,1,1,0,0,0,0,1,800725.5025,5827976.6905
210945,13.35044061744668,52.51358412801408,207078,207078,11,0,1,1,2018,11,11,7,3,2,6,0,0,1,0,0,0,0,0,795156.6859,5827062.0506
210946,13.392868535202506,52.504265233685416,207079,207079,11,0,2,2,2018,11,21,7,3,5,3,2,0,1,0,0,0,0,0,798096.8913,5826200.8064
210947,13.2538366694465,52.45399609077651,207080,207080,11,0,6,6,2018,11,18,6,3,2,7,2,0,1,0,1,0,0,0,788996.4974,5820047.6315
210948,13.494654399647795,52.612682612191975,207081,207081,11,0,3,3,2018,11,7,6,3,5,3,0,0,1,0,0,0,0,0,804248.2929,5838676.3992
210949,13.353276900632565,52.502060975699386,207082,207082,11,0,1,1,2018,11,7,6,3,0,2,0,1,0,0,0,0,1,1,795426.3789,5825792.8768
210950,13.302321154612011,52.50654817797478,207083,207083,11,0,4,4,2018,11,13,6,3,1,5,0,1,1,0,0,0,0,0,791940.2983,5826084.1114
210951,13.390886391748312,52.49230889802083,207084,207084,11,0,2,2,2018,11,9,3,3,5,3,0,1,1,0,0,0,0,1,798043.4069,5824863.6966
210952,13.338822511841052,52.52651324361203,207085,207085,11,0,1,1,2018,11,21,6,3,3,6,2,0,1,0,1,0,0,0,794282.32,5828451.6234
210953,13.57716479234314,52.45577232863593,207086,207086,11,0,9,9,2018,11,19,6,3,4,2,2,1,1,0,0,0,0,0,810938.5402,5821589.1852
210954,13.291802738729439,52.4973707895407,207087,207087,11,0,4,4,2018,11,0,2,3,2,6,2,0,1,0,0,0,0,1,791287.6390000001,5825021.5012
210955,13.387988193079787,52.492982763737075,207088,207088,11,0,2,2,2018,11,8,6,3,0,2,0,1,0,0,0,0,1,1,797842.2244,5824926.6224
210956,13.435026947593364,52.43201339411455,207089,207089,11,0,8,8,2018,11,18,6,2,1,5,2,0,1,0,0,0,0,0,801450.1844,5818345.4479
210957,13.294742174561096,52.47417965976222,207090,207090,11,0,4,4,2018,11,9,6,3,6,4,0,0,1,1,0,0,0,1,791640.594,5822455.6563
210958,13.389394237060811,52.513885501169774,207091,207091,11,0,1,1,2018,11,7,3,3,6,4,2,0,1,1,0,0,0,1,797796.1237,5827255.7204
210959,13.432946152052956,52.51807705852178,207092,207092,11,0,2,2,2018,11,9,6,3,0,1,0,1,0,0,0,0,0,1,800720.6937,5827902.3701
210960,13.391957252737287,52.50965942031704,207093,207093,11,0,1,1,2018,11,15,6,3,5,3,0,0,1,0,0,0,0,0,797998.5477,5826796.5905
210961,13.360162984952,52.41792116735694,207094,207094,11,0,7,7,2018,11,7,3,3,5,3,0,0,1,0,1,0,0,1,796458.8612,5816469.0996
210962,13.331498166443946,52.4839208845549,207095,207095,11,0,4,4,2018,11,9,6,3,5,3,0,1,1,0,0,0,0,1,794070.2915,5823687.6132
210963,13.3923646845327,52.39725635431314,207096,207096,11,0,7,7,2018,11,15,6,3,8,1,0,0,1,0,0,0,0,0,798787.0339,5814304.9929
210964,13.441138123589141,52.55160166088025,207097,207097,11,0,3,3,2018,11,18,2,2,6,4,2,0,1,1,0,0,0,0,801046.4228,5831662.6934
210965,13.299226429712146,52.41225391788337,207098,207098,11,0,6,6,2018,11,8,6,3,2,6,0,0,1,0,0,1,0,1,792355.165,5815590.708
210966,13.39737248142457,52.53480902199933,207099,207099,11,0,1,1,2018,11,15,2,3,0,5,0,1,1,0,0,0,0,0,798195.1986,5829614.3
210967,13.489360117435385,52.53390402855794,207100,207100,11,0,11,11,2018,11,17,1,2,3,6,1,0,1,0,0,1,0,1,804436.0465,5829898.2541
210968,13.45590668826982,52.430395899638384,207101,207101,11,0,8,8,2018,11,15,6,3,6,7,0,0,1,1,0,0,0,0,802879.7559999999,5818253.082
210969,13.347904924029562,52.41458565026343,207102,207102,11,0,7,7,2018,11,18,3,3,5,3,2,1,1,0,0,0,0,1,795648.1532,5816048.0966
210970,13.267011326369088,52.5143090361065,207103,207103,11,0,4,4,2018,11,8,6,3,5,3,0,0,1,0,0,0,0,1,789494.3847,5826804.3891
210971,13.29721767366764,52.52638003878304,207104,207104,11,0,4,4,2018,11,14,3,3,2,6,0,0,1,0,0,0,0,1,791462.7244,5828267.8002
210972,13.500295681291512,52.50509666773876,207105,207105,11,0,11,11,2018,11,15,6,3,5,3,0,0,1,0,0,0,0,0,805377.1982,5826742.7508
210973,13.503059073378616,52.506740372293756,207106,207106,11,0,11,11,2018,11,17,1,3,5,3,1,0,1,0,0,0,0,1,805553.1983,5826937.1446
210974,13.435231202929394,52.4705364146914,207107,207107,11,0,8,8,2018,11,17,1,3,5,3,1,0,1,0,0,0,0,1,801200.7551,5822627.9606