,X,Y,OBJECTID_1,OBJECTID,ULAND,UREGBEZ,UKREIS,UGEMEINDE,UJAHR,UMONAT,USTUNDE,UWOCHENTAG,UKATEGORIE,UART,UTYP1,ULICHTVERH,IstRad,IstPKW,IstFuss,IstKrad,IstGkfz,IstSonstig,STRZUSTAND,LINREFX,LINREFY
210975,13.240167586978016,52.442720789007524,207108,207108,11,0,6,6,2018,11,8,6,3,5,2,0,0,1,0,0,0,0,1,788141.9544,5818739.6975
210976,13.377904829492678,52.471927810847454,207109,207109,11,0,7,7,2018,11,13,2,3,3,6,0,0,1,0,0,0,0,0,797300.2509999999,5822544.813999999
210977,13.450602327858244,52.549796508888704,207110,207110,11,0,3,3,2018,11,8,6,3,1,5,0,1,1,0,0,0,0,1,801700.0227,5831501.6382
210978,13.281154145284082,52.48205662432226,207111,207111,11,0,4,4,2018,11,11,2,2,5,2,0,0,1,0,1,0,0,1,790666.3414,5823276.3513
210979,13.387125472640488,52.48935594224171,207112,207112,11,0,2,2,2018,11,18,1,2,6,4,2,0,1,1,0,0,0,1,797808.2285,5824519.9472
210980,13.49160501541523,52.504429355205076,207113,207113,11,0,11,11,2018,11,14,6,3,5,3,0,0,1,0,0,0,0,0,804792.4115,5826631.8121
210981,13.5746944899905,52.425175878516434,207114,207114,11,0,9,9,2018,11,7,2,2,0,1,0,1,0,0,0,0,0,1,810986.5071,5818178.0559
210982,13.406306446114064,52.49832493743474,207115,207115,11,0,2,2,2018,11,14,6,3,6,4,0,0,1,1,0,0,0,0,799048.6754,5825596.1964
210983,13.326501871580946,52.56247489510602,207116,207116,11,0,12,12,2018,11,14,3,3,8,1,0,0,1,0,0,0,0,1,793207.0228,5832398.5543
210984,13.335562572387376,52.47154023099032,207117,207117,11,0,7,7,2018,11,8,6,3,6,2,0,0,1,1,0,0,0,1,794428.8375,5822328.0868
210985,13.428782877529347,52.58154305296718,207118,207118,11,0,3,3,2018,11,13,3,3,2,6,0,0,1,0,0,0,0,1,800004.6797,5834939.0349
210986,13.440239281892257,52.481770127584156,207119,207119,11,0,8,8,2018,11,14,6,3,6,4,0,0,1,1,0,0,0,0,801463.787,5823897.4584
210987,13.358207108236735,52.545736493240064,207120,207120,11,0,1,1,2018,11,17,1,2,1,5,2,0,1,0,1,0,0,1,795467.1767,5830667.5773
210988,13.507154311299221,52.49680738777236,207121,207121,11,0,11,11,2018,11,6,6,3,2,6,0,0,1,0,0,1,0,1,805899.9727,5825850.5252
210989,13.301915961418267,52.547898431565905,207122,207122,11,0,4,4,2018,11,21,1,3,2,6,2,0,1,0,1,0,0,1,791638.4218,5830678.6025
210990,13.391626633186851,52.512222864549706,207123,207123,11,0,1,1,2018,11,5,6,3,5,3,2,0,1,0,0,0,1,1,797958.7638,5827080.1449
210991,13.275345085294775,52.50130681506716,207124,207124,11,0,4,4,2018,11,13,6,3,5,7,0,0,1,0,0,0,0,0,790145.2384,5825392.6564
210992,13.156352175736814,52.5588666200695,207125,207125,11,0,5,5,2018,11,12,3,2,5,7,0,0,1,0,0,0,0,1,781704.5244,5831318.7647
210993,13.3326607049992,52.51191598882157,207126,207126,11,0,4,4,2018,11,7,6,3,1,5,1,1,1,0,0,0,0,1,793962.1497,5826804.0038
210994,13.306559489665826,52.500636565826156,207127,207127,11,0,4,4,2018,11,13,6,3,2,6,0,1,1,0,0,0,0,0,792267.0146,5825444.1976
210995,13.436297377407508,52.45801456882681,207128,207128,11,0,8,8,2018,11,14,3,3,0,4,0,1,0,1,0,0,0,1,801358.7452,5821240.6653
210996,13.31825106039368,52.5014976323907,207129,207129,11,0,4,4,2018,11,1,6,3,0,1,2,1,0,0,0,0,0,0,793054.3461,5825587.3515
210997,13.195053727183904,52.528003942968,207130,207130,11,0,5,5,2018,11,12,6,3,4,6,0,1,0,0,0,0,0,0,784526.1193,5828040.1947
210998,13.444306822956051,52.57346245670439,207131,207131,11,0,3,3,2018,11,12,3,3,0,7,0,0,1,0,0,0,0,1,801111.1535,5834105.6749
210999,13.358387127026408,52.55357550986461,207132,207132,11,0,1,1,2018,11,5,6,3,2,6,1,0,1,0,1,0,0,1,795426.656,5831539.616
211000,13.198168348869016,52.53281903487371,207133,207133,11,0,5,5,2018,11,8,3,2,6,2,0,0,1,1,0,0,0,1,784706.0861,5828587.7133
211001,13.307980955923624,52.488643506631526,207134,207134,11,0,4,4,2018,11,12,6,3,5,2,0,0,1,0,0,0,1,1,792443.0979,5824116.922
211002,13.280945757697735,52.476904639787655,207135,207135,11,0,4,4,2018,11,12,6,3,5,2,0,0,1,0,0,0,0,1,790686.1989,5822702.8602
211003,13.432598780719117,52.46948053745389,207136,207136,11,0,8,8,2018,11,11,6,3,5,3,0,0,1,0,0,0,0,0,801029.2916,5822499.6168
211004,13.52665602016017,52.42648641086012,207137,207137,11,0,9,9,2018,11,11,6,3,5,2,0,0,1,0,0,0,0,0,807713.4836,5818117.8204
211005,13.240635647868626,52.442475562083466,207138,207138,11,0,6,6,2018,11,7,3,3,6,4,0,0,1,1,0,0,0,1,788175.3489,5818714.3085
211006,13.465601125356352,52.523383295564706,207139,207139,11,0,3,3,2018,11,10,6,3,5,3,0,0,1,0,0,0,0,0,802898.2152,5828628.8429
211007,13.378903640205955,52.492370986161404,207140,207140,11,0,2,2,2018,11,13,6,3,0,7,0,0,1,0,0,0,0,0,797230.0373,5824821.1467
211008,13.421120159222596,52.48021284477933,207141,207141,11,0,8,8,2018,11,15,1,3,0,1,0,0,1,0,0,0,0,1,800177.0048,5823644.637
211009,13.35404760214575,52.499881574685055,207142,207142,11,0,7,7,2018,11,19,1,3,8,1,2,0,1,0,0,0,0,1,795493.2876,5825553.7961
211010,13.24774907153194,52.538112400724046,207143,207143,11,0,5,5,2018,11,19,2,3,5,2,1,0,1,0,0,0,0,0,788032.2053,5829373.0517
211011,13.383442059277034,52.55126509340133,207144,207144,11,0,1,1,2018,11,18,6,3,2,6,2,0,1,0,0,0,0,0,797139.7304,5831385.8249
211012,13.185128485951426,52.53800194875453,207145,207145,11,0,5,5,2018,11,16,2,3,5,2,1,1,1,0,0,0,0,0,783788.7148,5829112.4068
211013,13.384352067032909,52.550903913668,207146,207146,11,0,1,1,2018,11,17,6,3,3,6,2,1,1,0,0,0,0,0,797203.829,5831349.4329
211014,13.519278011204625,52.5306090129327,207147,207147,11,0,10,10,2018,11,17,6,3,2,6,2,0,1,0,0,0,0,0,806486.7421,5829658.8246
211015,13.367746824888616,52.49904980957219,207148,207148,11,0,1,1,2018,11,17,3,3,3,6,2,1,0,0,0,0,1,0,796428.1387,5825517.567000001
211016,13.432890372962019,52.52334275052628,207149,207149,11,0,2,2,2018,11,7,3,3,5,2,0,0,1,0,1,0,0,1,800680.906,5828487.3986
211017,13.43288637096745,52.46468322720852,207150,207150,11,0,8,8,2018,11,8,6,3,0,2,0,1,1,0,0,0,0,0,801081.5918,5821967.6165
211018,13.343862954408673,52.46972892590738,207151,207151,11,0,7,7,2018,11,18,5,3,1,5,2,1,1,0,0,0,0,0,795004.3665,5822160.6689
211019,13.363540336009939,52.55664267754664,207152,207152,11,0,1,1,2018,11,15,1,3,1,1,0,0,1,0,1,0,0,1,795755.1286,5831901.6668
211020,13.399786764836076,52.464303194905064,207153,207153,11,0,7,7,2018,11,12,2,3,5,3,0,0,1,0,0,0,1,0,798837.1913,5821787.7629
211021,13.51235545348801,52.5628615726178,207154,207154,11,0,11,11,2018,11,22,5,3,5,3,2,0,1,0,0,0,1,0,805792.946,5833214.0625
211022,13.320813862271113,52.457118148670475,207155,207155,11,0,6,6,2018,11,14,2,3,2,6,0,0,1,0,0,0,0,0,793523.7852,5820664.9843
211023,13.364551894715426,52.56269334712845,207156,207156,11,0,12,12,2018,11,17,1,3,5,2,2,0,1,0,0,0,0,1,795782.9008,5832578.3453
211024,13.425959805866347,52.47804331221986,207157,207157,11,0,8,8,2018,11,21,5,3,1,5,2,1,1,0,0,0,0,0,800520.2321,5823423.6532
211025,13.346139810853051,52.43368437525184,207158,207158,11,0,6,6,2018,11,17,3,2,6,4,2,0,1,1,0,0,0,1,795400.3236,5818163.6685
211026,13.297303108841055,52.548002972659646,207159,207159,11,0,4,4,2018,11,19,5,3,2,6,2,0,1,0,1,0,0,0,791325.1643,5830671.5668
211027,13.386473358626265,52.54941136915302,207160,207160,11,0,1,1,2018,11,13,1,3,5,3,0,0,1,0,0,0,0,1,797357.655,5831192.2898
211028,13.391595804802927,52.45316204543214,207161,207161,11,0,7,7,2018,11,14,3,3,5,3,0,0,1,0,0,0,0,1,798356.543,5820515.5599
211029,13.455568230918542,52.474003910953954,207162,207162,11,0,8,8,2018,11,19,5,2,6,4,2,0,1,1,0,0,0,0,802557.3268,5823098.4608
211030,13.446514287239678,52.48652913524843,207163,207163,11,0,8,8,2018,11,19,5,3,0,1,2,1,0,0,0,0,0,0,801856.9728,5824452.6444
211031,13.385950720590596,52.48503129719543,207164,207164,11,0,2,2,2018,11,15,3,3,5,2,0,0,1,0,0,0,0,1,797757.7679999999,5824034.4229999995
211032,13.396603802019115,52.50468509879984,207165,207165,11,0,2,2,2018,11,14,5,3,3,6,0,0,1,0,1,0,0,0,798347.3878,5826262.9211
211033,13.463935656904411,52.513001608798064,207166,207166,11,0,2,2,2018,11,13,1,3,5,2,0,1,1,0,0,0,0,1,802856.7912,5827467.9752
211034,13.291573349430053,52.51080874419701,207167,207167,11,0,4,4,2018,11,10,2,3,5,7,0,1,1,0,0,0,0,0,791183.1478,5826514.2226
211035,13.503619087618318,52.42394013583504,207168,207168,11,0,8,8,2018,11,13,5,2,6,4,0,1,0,1,0,0,0,0,806165.9757,5817736.8599
211036,13.305165819977846,52.41778878782464,207169,207169,11,0,6,6,2018,11,6,2,3,5,2,1,0,1,0,0,0,0,1,792722.1583,5816229.9753
211037,13.52174342672212,52.40191468038421,207170,207170,11,0,9,9,2018,11,12,5,2,6,4,0,0,0,1,1,0,0,0,807550.8602,5815365.9418
211038,13.331580148493387,52.522319933105365,207171,207171,11,0,1,1,2018,11,16,3,3,5,3,1,0,1,0,0,0,0,1,793819.3656,5827955.9976
211039,13.40070994997884,52.51012782379859,207172,207172,11,0,1,1,2018,11,19,5,2,3,6,1,0,1,0,1,0,0,0,798588.9441,5826884.8618
211040,13.283044159319392,52.59421399209015,207173,207173,11,0,12,12,2018,11,13,1,3,5,3,0,0,1,0,0,0,0,1,790053.5028,5835750.4885
211041,13.379677804724553,52.49261308345631,207174,207174,11,0,2,2,2018,11,9,3,3,5,2,0,1,1,0,0,0,0,1,797280.9244,5824851.2461
211042,13.344983747354373,52.49032304643311,207175,207175,11,0,7,7,2018,11,19,5,3,5,7,2,1,1,0,0,0,0,0,794942.5015,5824454.2723
211043,13.275405247265985,52.47843857885224,207176,207176,11,0,4,4,2018,11,11,1,3,5,3,0,0,1,0,0,0,0,1,790300.0568,5822851.0501
211044,13.309212617145072,52.49432311344936,207177,207177,11,0,4,4,2018,11,10,5,3,6,4,0,1,0,1,0,0,0,0,792488.9321,5824753.2084
211045,13.459105039227627,52.52103806969161,207178,207178,11,0,3,3,2018,11,18,5,3,1,5,2,1,1,0,0,0,0,0,802473.9544,5828340.9075
211046,13.420737042126989,52.57932189010418,207179,207179,11,0,3,3,2018,11,19,1,3,0,6,2,0,1,0,1,0,0,0,799475.0993,5834658.681
211047,13.410691513783002,52.55229646330996,207180,207180,11,0,3,3,2018,11,10,5,3,5,3,0,1,1,0,0,0,0,0,798978.9139,5831613.1631
211048,13.462244988013834,52.51990193853958,207181,207181,11,0,2,2,2018,11,18,5,3,2,6,2,0,1,0,0,0,0,0,802694.6542,5828227.8113
211049,13.34563535112548,52.48905967665625,207182,207182,11,0,7,7,2018,11,12,3,3,2,6,0,0,1,0,0,0,0,1,794995.1758,5824316.5145
211050,13.154648289035144,52.460360093157846,207183,207183,11,0,5,5,2018,11,9,5,3,5,2,0,1,1,0,0,0,0,0,782220.1938,5820362.4563
211051,13.234037646972569,52.538618139887504,207184,207184,11,0,5,5,2018,11,8,5,3,3,6,0,0,1,0,1,0,1,0,787099.5973,5829374.5678
211052,13.199817180521874,52.534525483590144,207185,207185,11,0,5,5,2018,11,9,1,2,6,2,0,0,1,1,0,0,0,1,784806.7969,5828783.9067
211053,13.343562394284278,52.54654537339429,207186,207186,11,0,1,1,2018,11,8,3,3,2,6,0,0,1,0,1,0,0,1,794469.4066,5830697.5478
211054,13.343198739189287,52.528232480282774,207187,207187,11,0,1,1,2018,11,8,5,3,0,2,0,1,1,0,0,0,0,0,794567.4728,5828660.589
211055,13.381126402798884,52.55597467371539,207188,207188,11,0,1,1,2018,11,18,5,3,2,6,2,0,1,0,0,0,0,0,796950.9991,5831899.7418
211056,13.170889647912345,52.51129718690577,207189,207189,11,0,5,5,2018,11,8,5,3,2,6,0,0,1,0,0,0,1,0,782995.4356,5826088.0503
211057,13.312766833906036,52.48045570765126,207190,207190,11,0,4,4,2018,11,7,5,2,5,2,0,0,1,0,0,0,0,1,792822.2628,5823226.2591
211058,13.245398297214393,52.614501965923225,207191,207191,11,0,12,12,2018,11,7,3,3,2,6,0,0,1,0,0,0,0,1,787372.313,5837854.6509
211059,13.41869537450542,52.392572957028044,207192,207192,11,0,7,7,2018,11,7,5,3,6,4,0,0,1,1,0,0,0,0,800609.1173,5813893.7254
211060,13.183180679700651,52.539826427234246,207193,207193,11,0,5,5,2018,11,17,5,3,5,2,2,1,1,0,0,0,0,0,783644.9236,5829307.542
211061,13.426628933073726,52.48102186783744,207194,207194,11,0,8,8,2018,11,7,5,2,1,5,0,1,1,0,0,0,0,0,800545.3154,5823757.4957
211062,13.194512232612126,52.53364472225339,207195,207195,11,0,5,5,2018,11,7,5,3,5,3,1,1,1,0,0,0,0,0,784452.9133,5828665.0604
211063,13.457732550915706,52.5288290962329,207196,207196,11,0,3,3,2018,11,10,3,3,5,3,0,0,1,0,0,1,0,1,802327.3278,5829201.0847
211064,13.573392105305073,52.4444735662813,207197,207197,11,0,9,9,2018,11,6,5,3,2,6,2,0,1,0,0,0,0,0,810762.0305,5820317.1882
211065,13.339261955999927,52.45837599149746,207198,207198,11,0,6,6,2018,11,17,5,3,5,3,2,0,1,0,0,0,0,0,794767.9815,5820879.9949
211066,13.543532933507626,52.4337992337907,207199,207199,11,0,9,9,2018,11,9,1,3,5,3,0,1,0,0,0,0,1,1,808808.9339,5819002.6596
211067,13.436553423314633,52.493717619146736,207200,207200,11,0,2,2,2018,11,8,2,3,6,4,1,0,1,1,0,0,0,0,801131.9447,5825209.9723
211068,13.478642042896062,52.55587610207275,207201,207201,11,0,3,3,2018,11,16,5,3,5,2,2,1,1,0,0,0,0,0,803557.7666,5832295.1124
211069,13.280846742692196,52.50701015449825,207202,207202,11,0,4,4,2018,11,15,5,3,2,6,1,0,0,0,1,0,1,0,790480.7775,5826048.7414
211070,13.559985303950134,52.482671045509605,207203,207203,11,0,10,10,2018,11,16,5,3,5,2,2,1,1,0,0,0,0,0,809583.048,5824504.8270000005
211071,13.550887204481807,52.43885203683527,207204,207204,11,0,9,9,2018,11,7,3,3,5,3,1,1,1,0,0,0,0,1,809273.077,5819595.7256
211072,13.300078176331933,52.5067543210903,207205,207205,11,0,4,4,2018,11,10,5,3,0,1,0,0,0,0,1,0,0,0,791786.805,5826097.9463
211073,13.25549360390321,52.50636395925051,207206,207206,11,0,4,4,2018,11,9,1,3,6,7,0,1,0,1,0,0,0,1,788765.4823,5825875.0923
211074,13.330908470968945,52.50380239223572,207207,207207,11,0,4,4,2018,11,17,2,2,6,4,2,0,1,1,0,0,0,0,793897.5135,5825895.0358
211075,13.250532703560744,52.45201824608486,207208,207208,11,0,6,6,2018,11,16,5,2,5,2,2,0,1,0,1,0,0,1,788785.094,5819814.562999999
211076,13.259873013084164,52.43379867186815,207209,207209,11,0,6,6,2018,11,14,2,2,6,4,1,1,0,1,0,0,0,0,789538.9643,5817826.8363
211077,13.445503030368151,52.50164096412237,207210,207210,11,0,2,2,2018,11,2,1,3,5,7,2,0,1,0,0,0,0,0,801684.7690000001,5826128.0229
211078,13.299752887384374,52.51928309821296,207211,207211,11,0,4,4,2018,11,13,2,3,6,4,0,1,0,1,0,0,0,1,791681.6614,5827489.2187
211079,13.445971473941064,52.5020050668027,207212,207212,11,0,2,2,2018,11,16,5,3,3,7,2,1,1,0,0,0,0,0,801714.046,5826170.4512
211080,13.485317517197167,52.52661173583178,207213,207213,11,0,11,11,2018,11,8,2,3,5,2,0,1,0,0,0,1,0,1,804212.5136,5829070.6916
211081,13.602570187030521,52.510356613765715,207214,207214,11,0,10,10,2018,11,16,5,3,0,3,1,0,0,0,0,0,1,0,812276.0737,5827765.4256
211082,13.301470438359859,52.49510968790732,207215,207215,11,0,4,4,2018,11,19,3,3,0,2,2,1,1,0,0,0,0,1,791958.4694,5824809.2678
211083,13.321440694099953,52.6073593792089,207216,207216,11,0,12,12,2018,11,15,5,3,2,6,0,0,1,0,0,0,1,0,792564.7626,5837366.9254
211084,13.283775852389653,52.51868927978256,207217,207217,11,0,4,4,2018,11,15,1,3,2,6,0,0,1,0,0,0,0,1,790602.28,5827358.7
211085,13.332920837342556,52.57789896241333,207218,207218,11,0,12,12,2018,11,6,3,3,0,1,1,0,0,0,1,0,0,1,793538.668,5834139.084
211086,13.369990330479794,52.55975890035385,207219,207219,11,0,1,1,2018,11,15,5,3,2,2,0,0,1,0,0,0,0,0,796171.0636,5832274.5231
211087,13.37987852159668,52.43623547468485,207220,207220,11,0,7,7,2018,11,12,1,3,0,7,0,0,0,0,1,0,0,1,797675.1302,5818585.8303
211088,13.497223343306814,52.52039873125288,207221,207221,11,0,11,11,2018,11,18,1,2,1,5,2,0,1,0,1,0,0,1,805062.6863,5828430.4681
211089,13.499714564727462,52.52534164725245,207222,207222,11,0,11,11,2018,11,14,5,3,2,6,0,0,0,0,0,0,1,0,805197.2738,5828990.386
211090,13.412814865213337,52.382825460899035,207223,207223,11,0,7,7,2018,11,5,2,3,2,6,2,0,1,0,0,0,0,1,800275.4919,5812785.8697
211091,13.41711982741344,52.58392165313972,207224,207224,11,0,3,3,2018,11,18,5,3,5,2,2,0,1,0,0,0,0,0,799198.8192,5835154.9003
211092,13.42125258257359,52.49102044266349,207225,207225,11,0,2,2,2018,11,13,3,3,2,7,0,0,1,0,1,0,0,1,800112.3204,5824846.4125
211093,13.419677327434066,52.50181698532039,207226,207226,11,0,2,2,2018,11,1,5,3,6,4,2,1,0,1,0,0,0,0,799931.8681,5826039.8559
211094,13.444647686893955,52.50088104234282,207227,207227,11,0,2,2,2018,11,10,1,3,9,1,0,0,1,0,0,0,0,1,801631.9618,5826039.9829
211095,13.193641783068106,52.53381339409178,207228,207228,11,0,5,5,2018,11,17,5,3,2,6,2,0,1,0,0,0,0,0,784392.8197,5828680.375
211096,13.286680269196589,52.5187183182496,207229,207229,11,0,4,4,2018,11,16,3,3,6,2,2,0,1,1,0,0,0,1,790799.0218,5827373.6378
211097,13.330672868022734,52.4533729196294,207230,207230,11,0,6,6,2018,11,18,4,3,0,6,2,0,1,0,0,0,1,0,794218.1984,5820288.8534
211098,13.475388056577787,52.50199584716778,207231,207231,11,0,11,11,2018,11,13,1,2,0,1,0,1,0,0,0,0,0,1,803709.3359999999,5826292.916
211099,13.365722399530638,52.55713266147638,207232,207232,11,0,1,1,2018,11,13,3,3,5,2,0,1,1,0,0,0,0,1,795899.65,5831965.0859
211100,13.43491157336815,52.498373903449604,207233,207233,11,0,2,2,2018,11,22,4,3,0,7,2,1,0,0,0,0,0,0,800988.7189,5825720.6446
211101,13.338554282982061,52.466696402606715,207234,207234,11,0,7,7,2018,11,22,1,3,5,2,2,1,1,0,0,0,0,0,794664.2967,5821801.9121
211102,13.508371178166234,52.54865575848938,207235,207235,11,0,11,11,2018,11,21,4,2,0,1,2,1,0,0,0,0,0,0,805621.9271,5831618.2777
211103,13.1621912125072,52.5201770655913,207236,207236,11,0,5,5,2018,11,14,1,3,2,6,0,0,1,0,0,0,1,1,782348.5169,5827041.0059
211104,13.5325267036797,52.51048782843069,207237,207237,11,0,11,11,2018,11,20,1,3,5,3,2,0,1,0,0,0,0,1,807525.4331,5827478.9306
211105,13.428360756482398,52.48684358069888,207238,207238,11,0,8,8,2018,11,21,4,3,1,5,2,1,1,0,0,0,0,0,800623.0894,5824411.7731
211106,13.303775830687576,52.45863204345265,207239,207239,11,0,6,6,2018,11,20,4,3,5,3,1,0,1,0,0,0,0,0,792356.8711,5820764.0855
211107,13.359484279008765,52.48452540869692,207240,207240,11,0,7,7,2018,11,12,3,2,0,1,0,1,0,0,0,0,0,1,795965.2898,5823869.2681
211108,13.2768855837176,52.43271464204832,207241,207241,11,0,6,6,2018,11,20,4,2,5,3,2,0,1,0,0,0,0,0,790701.8809999999,5817774.7205
211109,13.295023206209516,52.44435638602104,207242,207242,11,0,6,6,2018,11,18,4,3,6,4,2,1,0,1,0,0,0,0,791857.0734,5819141.908
211110,13.584347086246062,52.45539458423935,207243,207243,11,0,9,9,2018,11,19,7,2,6,4,2,0,1,1,0,0,0,0,811428.8520000001,5821578.1809
211111,13.392657975489811,52.41279268308221,207244,207244,11,0,7,7,2018,11,17,3,3,6,2,2,0,1,1,0,0,0,1,798701.8711,5816033.0192
211112,13.2033042392322,52.521135503405496,207245,207245,11,0,5,5,2018,11,17,4,3,6,2,2,0,1,1,0,0,0,0,785129.9716,5827309.3261
211113,13.34908573701267,52.470244077871094,207246,207246,11,0,7,7,2018,11,18,7,3,1,1,2,0,1,0,0,0,0,0,795355.4313,5822239.2963
211114,13.197531890693607,52.53207498965787,207247,207247,11,0,5,5,2018,11,17,4,3,0,2,2,0,1,0,0,0,1,0,784667.7614,5828502.4955
211115,13.45255564168002,52.56294565208294,207248,207248,11,0,3,3,2018,11,8,3,3,5,5,0,0,1,0,0,0,0,1,801742.0111,5832971.2870000005
211116,13.330467033448446,52.495503621510075,207249,207249,11,0,4,4,2018,11,16,4,3,2,7,1,0,1,0,1,0,0,0,793922.9875,5824970.8292
211117,13.562078646260064,52.42443835864872,207250,207250,11,0,9,9,2018,11,18,1,3,4,2,2,0,1,0,0,0,0,1,810134.5363,5818041.8059
211118,13.409758360933845,52.387233439728135,207251,207251,11,0,7,7,2018,11,16,4,3,6,2,1,0,0,1,0,0,1,0,800037.685,5813263.096
211119,13.409090225466556,52.516281277259814,207252,207252,11,0,1,1,2018,11,15,4,3,2,6,0,0,1,0,0,0,0,0,799115.4102,5827603.5359
211120,13.457661348649669,52.48632332452026,207253,207253,11,0,9,9,2018,11,15,4,3,2,6,1,1,1,0,0,0,0,0,802614.7234,5824476.4809
211121,13.462344712688479,52.432626486413746,207254,207254,11,0,8,8,2018,11,7,3,3,5,3,0,0,1,0,0,0,0,1,803301.8024,5818528.0342
211122,13.32822855033804,52.52149920683874,207255,207255,11,0,4,4,2018,11,15,4,3,5,7,0,0,1,0,0,0,1,0,793597.6122,5827851.12
211123,13.347197094704795,52.520106815386654,207256,207256,11,0,1,1,2018,11,7,4,3,2,6,0,1,1,0,0,0,0,1,794893.0040000001,5827773.771000001
211124,13.555093042980184,52.4404783839513,207257,207257,11,0,9,9,2018,11,15,1,3,0,3,0,1,1,0,0,0,0,0,809547.3302,5819794.5118
211125,13.30757485543144,52.51010981930706,207258,207258,11,0,4,4,2018,11,19,2,3,0,3,2,1,0,0,0,0,0,0,792272.9616,5826501.272999999
211126,13.416332109113837,52.398364307420465,207259,207259,11,0,7,7,2018,11,15,4,2,5,3,0,0,0,0,1,0,1,0,800409.0379,5814527.5749
211127,13.385734524847813,52.49342231821296,207260,207260,11,0,2,2,2018,11,7,2,3,2,7,0,0,1,0,0,0,1,0,797686.3579,5824966.1732
211128,13.305241542566378,52.46460262752262,207261,207261,11,0,6,6,2018,11,7,4,3,5,3,0,1,1,0,0,0,0,1,792416.7733,5821433.6587
211129,13.322071045528093,52.47353860432023,207262,207262,11,0,7,7,2018,11,7,4,3,5,3,0,1,1,0,0,0,0,0,793499.7625,5822495.2317
211130,13.348218344435567,52.45892752759777,207263,207263,11,0,7,7,2018,11,18,3,3,2,6,2,0,1,0,0,0,0,0,795372.3955,5820977.9229999995
211131,13.351535126585476,52.50466198659142,207264,207264,11,0,1,1,2018,11,7,3,3,2,6,1,0,1,0,0,0,0,1,795290.7821,5826074.8429
211132,13.490115417333007,52.49350940652946,207265,207265,11,0,11,11,2018,11,7,4,2,5,2,0,1,0,0,0,0,0,0,804766.9963,5825411.8333
211133,13.314005956534205,52.48090873595474,207266,207266,11,0,4,4,2018,11,7,4,3,5,7,0,1,1,0,0,0,0,0,792903.3409999999,5823281.643999999
211134,13.386569712821968,52.55323574916203,207267,207267,11,0,1,1,2018,11,23,7,3,1,5,2,1,1,0,0,0,0,0,797338.2964,5831617.7601
211135,13.381167471977054,52.552201320158474,207268,207268,11,0,1,1,2018,11,17,2,2,6,2,2,0,1,1,0,0,0,1,796979.2924,5831480.5089
211136,13.32651143504548,52.42118314772289,207269,207269,11,0,6,6,2018,11,7,4,2,5,3,0,0,1,0,0,0,1,1,794150.1879,5816694.016
211137,13.505533843053152,52.44773654677947,207270,207270,11,0,9,9,2018,11,7,2,3,6,4,0,1,0,1,0,0,0,0,806130.8769,5820389.7783
211138,13.395329317209773,52.539025458238896,207271,207271,11,0,1,1,2018,11,16,1,3,0,1,1,0,0,0,1,0,0,1,798028.1258,5830074.4967
211139,13.351139586687774,52.49206989374161,207272,207272,11,0,7,7,2018,11,14,4,2,5,3,0,0,1,0,0,0,0,0,795348.4396,5824673.6234
211140,13.182427033601488,52.53853245442989,207273,207273,11,0,5,5,2018,11,17,3,3,5,2,2,1,1,0,0,0,0,1,783602.1945,5829160.7442
211141,13.517951266005307,52.53538998604011,207274,207274,11,0,10,10,2018,11,13,4,3,2,6,0,0,1,0,0,0,1,0,806363.4884,5830184.5548
211142,13.402562518639836,52.52815337475201,207275,207275,11,0,1,1,2018,11,23,7,3,2,6,2,0,1,0,0,0,0,0,798592.1698,5828896.0259
211143,13.308085984251699,52.48400958964497,207276,207276,11,0,4,4,2018,11,14,3,3,2,6,0,0,1,0,0,0,0,1,792481.0015,5823602.2849
211144,13.240308813818796,52.51185954246665,207277,207277,11,0,4,4,2018,11,13,4,3,5,2,0,0,1,0,0,0,0,0,787699.6404,5826425.2502
211145,13.428067266099296,52.46004289733376,207278,207278,11,0,8,8,2018,11,22,7,3,6,2,2,0,1,1,0,0,0,0,800786.1170000001,5821431.762999999
211146,13.380822255701547,52.51639553447031,207279,207279,11,0,1,1,2018,11,12,4,2,5,2,0,1,1,0,0,0,0,0,797197.8977,5827499.3361
211147,13.505956805821517,52.53473439590621,207280,207280,11,0,11,11,2018,11,16,2,3,2,6,0,0,1,0,0,0,0,0,805555.137,5830060.7739
211148,13.354253419652064,52.44423719373918,207281,207281,11,0,6,6,2018,11,16,3,3,2,2,2,0,1,0,0,0,0,1,795880.7229,5819369.8347
211149,13.381154063723107,52.55248454395795,207282,207282,11,0,1,1,2018,11,11,4,3,2,6,0,0,1,0,1,0,0,0,796976.4692,5831511.9335
211150,13.314897094279218,52.503195588141956,207283,207283,11,0,4,4,2018,11,10,2,3,1,5,0,1,1,0,0,0,0,0,792815.5462,5825762.4562
211151,13.514956051082716,52.5572907079079,207284,207284,11,0,11,11,2018,11,11,4,3,5,2,0,0,1,0,0,0,0,0,806007.9074,5832605.94
211152,13.178033512785733,52.51686366170903,207285,207285,11,0,5,5,2018,11,7,2,2,5,3,0,0,1,0,1,0,0,1,783444.0586,5826734.8546
211153,13.330497608507452,52.571155885601655,207286,207286,11,0,12,12,2018,11,10,4,2,6,4,0,0,1,1,0,0,0,0,793419.6585,5833379.7168