,X,Y,OBJECTID_1,OBJECTID,ULAND,UREGBEZ,UKREIS,UGEMEINDE,UJAHR,UMONAT,USTUNDE,UWOCHENTAG,UKATEGORIE,UART,UTYP1,ULICHTVERH,IstRad,IstPKW,IstFuss,IstKrad,IstGkfz,IstSonstig,STRZUSTAND,LINREFX,LINREFY
211154,13.394733435037393,52.46546974942947,207287,207287,11,0,7,7,2018,11,16,3,3,6,2,2,0,1,1,0,0,0,1,798486.2372,5821896.5034
211155,13.442402041515793,52.540018392961066,207288,207288,11,0,3,3,2018,11,10,4,3,2,6,0,0,1,0,0,0,0,1,801211.4548,5830380.5413
211156,13.315185122007072,52.514723481744525,207289,207289,11,0,4,4,2018,11,9,3,3,5,7,0,0,1,0,0,0,0,1,792758.3674,5827044.9577
211157,13.380736852867493,52.52277041386211,207290,207290,11,0,1,1,2018,11,10,4,3,5,7,0,1,1,0,0,0,0,0,797149.0315,5828207.54
211158,13.297266015606342,52.52621769348517,207291,207291,11,0,4,4,2018,11,10,4,3,5,2,0,1,0,0,0,0,0,0,791467.0778,5828249.9507
211159,13.290978974630734,52.503430316539145,207292,207292,11,0,4,4,2018,11,9,4,3,5,3,0,0,1,0,0,0,0,0,791191.6634,5825691.6995
211160,13.299954712777588,52.50487813950817,207293,207293,11,0,4,4,2018,11,8,4,2,5,2,0,0,1,0,1,0,0,0,791790.8722,5825888.9071
211161,13.443100193289993,52.61463363357888,207294,207294,11,0,3,3,2018,11,11,3,3,2,6,0,0,1,0,0,0,0,1,800746.9968,5838676.6545
211162,13.40245464444892,52.51187963905461,207295,207295,11,0,1,1,2018,11,8,4,3,5,2,0,1,1,0,0,0,0,0,798695.3668,5827086.7975
211163,13.30224141206257,52.51875726266132,207296,207296,11,0,4,4,2018,11,8,4,3,5,7,0,1,1,0,0,0,0,0,791853.8817,5827440.8417
211164,13.331481381422849,52.51218025905535,207297,207297,11,0,4,4,2018,11,7,4,3,6,7,0,0,1,1,0,0,0,1,793880.4093,5826828.5702
211165,13.204365658927514,52.53027962701511,207298,207298,11,0,5,5,2018,11,12,3,3,2,6,0,0,1,0,0,0,0,1,785142.6401,5828329.9381
211166,13.539865384392115,52.39669009849959,207299,207299,11,0,9,9,2018,11,7,4,3,0,1,0,0,0,0,1,0,0,1,808819.3116,5814862.6231
211167,13.394517640841546,52.491408085590756,207300,207300,11,0,2,2,2018,11,6,4,3,6,2,1,0,1,1,0,0,0,0,798295.8662,5824778.586
211168,13.348922178952241,52.45804348973418,207301,207301,11,0,6,6,2018,11,8,3,3,2,6,0,0,1,0,0,0,1,1,795426.108,5820882.5446
211169,13.450609747044167,52.489193081611006,207302,207302,11,0,9,9,2018,11,5,4,3,2,2,2,1,1,0,0,0,0,1,802116.5726,5824765.8774
211170,13.428033467885067,52.501227759480344,207303,207303,11,0,2,2,2018,11,10,4,3,3,6,0,1,1,0,0,0,0,0,800502.6699,5826009.1542
211171,13.294303182254787,52.506839630042315,207304,207304,11,0,4,4,2018,11,14,4,3,8,1,0,0,1,0,0,0,0,0,791394.562,5826084.0770000005
211172,13.320487657940312,52.477410250433124,207305,207305,11,0,4,4,2018,11,8,4,2,0,1,0,1,0,0,0,0,0,1,793366.5069,5822919.125
211173,13.29142415363442,52.60704426906935,207306,207306,11,0,12,12,2018,11,7,3,3,5,3,0,1,1,0,0,0,0,1,790535.7128,5837210.3808
211174,13.197346142449046,52.56063304381565,207307,207307,11,0,5,5,2018,11,19,3,3,0,6,2,0,0,0,0,0,1,0,784470.2318,5831676.1422
211175,13.614377037660462,52.53226214929634,207308,207308,11,0,10,10,2018,11,21,3,3,5,3,0,1,0,0,0,0,1,0,812920.7618,5830251.1881
211176,13.54012810927336,52.52566472541794,207309,207309,11,0,10,10,2018,11,18,1,2,5,2,2,1,1,0,0,0,0,1,807934.6073,5829198.1688
211177,13.499550243997364,52.522812841289614,207310,207310,11,0,11,11,2018,11,18,2,3,2,2,2,1,1,0,0,0,0,1,805203.6875,5828708.63
211178,13.475313777581892,52.502805455532744,207311,207311,11,0,11,11,2018,11,9,3,3,0,3,0,1,1,0,0,0,0,0,803698.7103,5826382.5865
211179,13.393543709868384,52.52626327326456,207312,207312,11,0,1,1,2018,11,8,2,3,5,3,0,1,1,0,0,0,0,0,797993.6161,5828648.627
211180,13.415494830760036,52.52703270677753,207313,207313,11,0,1,1,2018,11,19,3,3,0,1,2,0,0,0,1,0,0,0,799476.4509999999,5828825.1131
211181,13.3281707904619,52.53520766627556,207314,207314,11,0,1,1,2018,11,11,3,3,3,6,0,0,1,0,0,0,0,1,793502.1707,5829374.5832
211182,13.428052816697948,52.4811753569175,207315,207315,11,0,8,8,2018,11,19,3,2,2,1,2,0,1,0,1,0,0,0,800640.8921,5823780.4892
211183,13.211763172104506,52.52739685981121,207316,207316,11,0,5,5,2018,11,18,3,3,5,2,2,1,0,0,0,0,1,0,785662.8369,5828038.7891
211184,13.328837405979733,52.500569455031005,207317,207317,11,0,4,4,2018,11,18,3,3,0,7,2,0,1,0,1,0,0,0,793778.6202,5825527.2563
211185,13.457115840405192,52.50307228280522,207318,207318,11,0,2,2,2018,11,7,3,3,2,6,1,0,1,0,1,0,0,1,802462.5972,5826335.7544
211186,13.35011056473318,52.503183669652785,207319,207319,11,0,1,1,2018,11,18,3,3,5,2,2,1,0,0,1,0,0,0,795204.078,5825904.6967
211187,13.516045743454974,52.50582590204092,207320,207320,11,0,11,11,2018,11,12,2,3,6,4,0,0,1,1,0,0,0,1,806440.2987,5826890.6217
211188,13.185583956054987,52.55166760841505,207321,207321,11,0,5,5,2018,11,7,2,3,2,6,0,0,1,0,0,0,0,0,783731.3386,5830633.2168
211189,13.352901053602533,52.55112003194324,207322,207322,11,0,1,1,2018,11,16,1,3,2,6,0,0,1,0,0,0,0,1,795071.4715,5831244.2152
211190,13.511950735503056,52.5659451898237,207323,207323,11,0,11,11,2018,11,10,3,3,2,6,0,0,1,0,0,0,0,0,805744.0592,5833555.0682
211191,13.205965659958153,52.53950350788044,207324,207324,11,0,5,5,2018,11,15,3,3,3,6,1,1,0,0,0,0,0,1,785191.2559,5829361.5472
211192,13.32210326899564,52.42930414735729,207325,207325,11,0,6,6,2018,11,17,5,3,4,7,2,1,0,0,0,0,0,0,793796.5634,5817578.7103
211193,13.607829376556316,52.52981722456303,207326,207326,11,0,10,10,2018,11,12,1,3,0,2,0,0,0,1,1,0,0,0,812494.3686,5829951.0532
211194,13.416939044157466,52.49250778749485,207327,207327,11,0,2,2,2018,11,8,4,3,5,2,0,1,1,0,0,0,0,0,799809.5407,5824993.785
211195,13.387605714686305,52.53338551605624,207328,207328,11,0,1,1,2018,11,20,1,3,5,2,2,1,1,0,0,0,0,0,797542.8673,5829415.7205
211196,13.277291979755528,52.51074021924217,207329,207329,11,0,4,4,2018,11,19,4,3,5,3,2,0,1,0,0,0,0,0,790215.0782,5826449.0325
211197,13.299713212391536,52.47342148606636,207330,207330,11,0,4,4,2018,11,12,1,2,5,2,0,1,1,0,0,0,0,0,791983.0204,5822391.4916
211198,13.490407157797927,52.498547665998316,207331,207331,11,0,11,11,2018,11,10,4,3,2,6,0,1,0,0,0,0,1,0,804751.9006,5825973.0368
211199,13.504898176293487,52.4680654667657,207332,207332,11,0,9,9,2018,11,10,1,3,5,3,0,0,1,0,0,0,0,0,805946.56,5822646.4946
211200,13.380388917391643,52.529816022834254,207333,207333,11,0,1,1,2018,11,7,4,3,5,2,0,1,1,0,0,0,0,0,797077.8347,5828989.2127
211201,13.394103110558733,52.49149052103185,207334,207334,11,0,2,2,2018,11,8,5,3,0,1,0,0,1,0,1,0,0,0,798267.1841,5824786.0341
211202,13.477964114893885,52.53042762856594,207335,207335,11,0,11,11,2018,11,8,1,3,1,5,0,0,1,0,0,0,0,0,803687.6799,5829463.7991
211203,13.322522266600348,52.45650837937325,207336,207336,11,0,6,6,2018,11,7,4,3,6,4,0,0,1,1,0,0,0,0,793643.8465,5820604.1592
211204,13.41537891754566,52.52271245212741,207337,207337,11,0,1,1,2018,11,1,1,3,6,4,2,0,1,1,0,0,0,0,799498.0190000001,5828344.449
211205,13.293630669297114,52.44577026906127,207338,207338,11,0,6,6,2018,11,6,4,3,2,2,0,0,1,0,0,0,0,0,791753.1390000001,5819293.432
211206,13.58207192402427,52.442373990099384,207339,207339,11,0,9,9,2018,11,22,1,3,1,5,2,0,1,0,0,0,0,1,811366.3255,5820121.2584
211207,13.376996944455847,52.55679601353571,207340,207340,11,0,1,1,2018,11,13,6,3,2,6,0,0,1,0,0,0,1,0,796665.7008,5831974.0239
211208,13.330631693741708,52.56257372114109,207341,207341,11,0,12,12,2018,11,22,1,3,5,2,2,0,1,0,0,0,1,1,793486.1008,5832426.3514
211209,13.383996331485426,52.419648714473006,207342,207342,11,0,7,7,2018,11,6,4,2,1,1,0,0,1,0,1,0,0,0,798066.8761,5816759.248
211210,13.351046763769462,52.52980810694399,207343,207343,11,0,1,1,2018,11,17,1,3,5,3,1,0,1,0,1,0,0,1,795088.9049,5828867.8159
211211,13.427243526255115,52.48724072112538,207344,207344,11,0,8,8,2018,11,18,1,3,1,5,2,1,1,0,0,0,0,1,800544.5736,5824451.2576
211212,13.344547190380805,52.4378355060659,207345,207345,11,0,6,6,2018,11,11,4,3,0,2,0,0,1,0,0,0,1,0,795264.3434,5818618.5453
211213,13.446459344480274,52.50275188034037,207346,207346,11,0,2,2,2018,11,4,5,2,5,2,2,0,1,0,0,0,0,0,801742.0158,5826255.4975
211214,13.41477023438051,52.5538595287856,207347,207347,11,0,3,3,2018,11,18,1,3,2,2,2,1,1,0,0,0,0,1,799244.5983,5831803.823
211215,13.281270793320385,52.49940479829878,207348,207348,11,0,4,4,2018,11,19,1,3,3,6,2,0,1,0,0,0,0,0,790559.7471,5825205.1005
211216,13.396843971101903,52.53246638761559,207349,207349,11,0,1,1,2018,11,20,3,3,1,5,2,1,1,0,0,0,0,0,798175.2682,5829351.7355
211217,13.198802548679815,52.43438040737241,207350,207350,11,0,6,6,2018,11,20,1,2,0,1,2,0,1,0,0,0,0,1,785386.2348,5817648.2991
211218,13.349803865522153,52.48956649977658,207351,207351,11,0,7,7,2018,11,3,7,2,3,6,2,1,0,0,0,0,1,0,795274.6075,5824389.9045
211219,13.208758305682498,52.510664099595786,207352,207352,11,0,5,5,2018,11,15,3,3,5,2,0,0,1,0,0,0,0,0,785567.7420000001,5826166.9629999995
211220,13.338394147502873,52.525462137178486,207353,207353,11,0,1,1,2018,11,17,7,3,2,5,2,0,1,0,0,0,0,0,794260.3147,5828333.0446
211221,13.591412582992358,52.53467493307385,207354,207354,11,0,10,10,2018,11,7,6,2,6,4,1,0,1,1,0,0,0,1,811347.2233,5830419.8876
211222,13.526772710417266,52.43766627357186,207355,207355,11,0,9,9,2018,11,7,7,3,5,3,1,1,1,0,0,0,0,0,807643.4362,5819360.8672
211223,13.391336835777881,52.55035668818057,207356,207356,11,0,1,1,2018,11,17,4,3,5,2,2,0,1,0,0,0,0,0,797680.7742,5831317.4384
211224,13.299938694917744,52.52158055171331,207357,207357,11,0,4,4,2018,11,20,7,2,9,1,2,0,1,0,0,0,0,0,791679.0226,5827745.3352
211225,13.377236393988063,52.5536512618596,207358,207358,11,0,1,1,2018,11,20,7,2,6,2,2,0,1,1,0,0,0,0,796703.1644,5831625.4751
211226,13.377708901539307,52.50780085969597,207359,207359,11,0,1,1,2018,11,19,4,3,2,2,2,1,1,0,0,0,0,1,797044.8213,5826531.2247
211227,13.314667526215107,52.49045502267703,207360,207360,11,0,4,4,2018,11,12,7,3,1,5,0,1,1,0,0,0,1,0,792884.7363,5824345.404
211228,13.553285790732033,52.4695775147071,207361,207361,11,0,9,9,2018,11,11,7,3,2,2,0,0,1,0,0,0,0,0,809220.3718,5823020.863
211229,13.450488015441694,52.527263863700206,207362,207362,11,0,2,2,2018,11,17,3,1,6,4,2,0,0,1,0,0,1,0,801847.0014,5828996.7565
211230,13.299665849616506,52.51978915045198,207363,207363,11,0,4,4,2018,11,11,7,3,5,2,0,1,1,0,0,0,0,0,791672.4039,5827545.1149
211231,13.345235141784933,52.43681527002573,207364,207364,11,0,6,6,2018,11,11,7,3,0,7,0,0,1,0,0,0,1,0,795317.9051,5818507.9618
211232,13.184562385625687,52.515547981950476,207365,207365,11,0,5,5,2018,11,22,3,2,5,2,2,0,1,0,0,0,0,0,783895.2731,5826614.2934
211233,13.414150533378393,52.49868197459626,207366,207366,11,0,2,2,2018,11,10,7,3,5,3,0,0,0,0,1,0,1,0,799578.3369,5825668.4368
211234,13.380317354002866,52.53277226134277,207367,207367,11,0,1,1,2018,11,19,5,3,1,5,2,0,1,0,0,0,0,0,797053.0071,5829317.4985
211235,13.267625293424766,52.445995687682704,207368,207368,11,0,6,6,2018,11,10,7,3,5,3,0,0,1,0,0,0,0,0,789985.431,5819213.6799
211236,13.4227917452016,52.53725164114324,207369,207369,11,0,3,3,2018,11,9,4,3,2,6,0,1,0,0,0,0,0,0,799901.3746,5829991.2518
211237,13.410489770136488,52.604181303545744,207370,207370,11,0,3,3,2018,11,6,7,3,0,7,2,0,1,0,0,0,0,0,798611.9922,5837379.1926
211238,13.403453393178465,52.49386040688214,207371,207371,11,0,2,2,2018,11,21,3,3,5,2,2,1,1,0,0,0,0,0,798885.4568,5825088.1497
211239,13.452606321035105,52.520677639322436,207372,207372,11,0,2,2,2018,11,0,7,3,1,1,2,0,1,0,1,0,0,0,802035.8346,5828273.6005
211240,13.410231464068135,52.56699382674799,207373,207373,11,0,3,3,2018,11,20,7,3,5,3,2,1,1,0,0,0,0,0,798847.7106,5833244.8267
211241,13.404247617077345,52.5814833500535,207374,207374,11,0,3,3,2018,11,21,3,2,6,2,2,0,1,1,0,0,0,0,798343.935,5834830.5
211242,13.328811927063324,52.480672175441455,207375,207375,11,0,4,4,2018,11,18,7,3,9,1,2,0,1,0,0,0,0,0,793909.6897,5823315.5719
211243,13.508643580598076,52.4519277711687,207376,207376,11,0,9,9,2018,11,15,7,3,3,6,0,0,1,0,0,0,1,0,806312.9352,5820868.7992
211244,13.247740515977185,52.53818068683906,207377,207377,11,0,5,5,2018,11,21,3,3,5,3,2,0,1,0,0,0,0,0,788031.178,5829380.6077
211245,13.484163638401231,52.54732964881503,207378,207378,11,0,11,11,2018,11,15,7,3,1,5,0,0,1,0,0,1,0,0,803990.9558,5831368.4983
211246,13.322374275445492,52.51325540493919,207379,207379,11,0,4,4,2018,11,21,3,3,9,1,1,0,0,0,1,0,0,0,793255.6526,5826910.9944
211247,13.332316842484856,52.45594119050861,207380,207380,11,0,6,6,2018,11,16,5,3,5,3,2,1,1,0,0,0,0,0,794312.6855,5820581.0194
211248,13.436044467519054,52.44866967166464,207381,207381,11,0,8,8,2018,11,14,7,3,2,6,0,0,1,0,0,0,0,0,801405.4599,5820200.9661
211249,13.300139001259804,52.46515939108188,207382,207382,11,0,6,6,2018,11,19,3,3,0,3,2,0,1,0,1,0,0,0,792066.6814,5821474.8764
211250,13.397554374099922,52.49525902649018,207383,207383,11,0,2,2,2018,11,13,7,3,5,3,0,0,1,0,0,0,0,0,798475.78,5825219.1717
211251,13.391358510329047,52.42045752497747,207384,207384,11,0,7,7,2018,11,18,3,3,5,3,2,0,1,0,1,0,0,0,798561.7059999999,5816879.5673
211252,13.33741559918916,52.558632066007576,207385,207385,11,0,1,1,2018,11,13,7,3,5,7,0,0,1,0,0,0,0,1,793971.9995,5832015.8881
211253,13.259419101557635,52.51239515256668,207386,207386,11,0,4,4,2018,11,13,6,3,4,6,0,1,1,0,0,0,0,0,788992.1113,5826561.2016
211254,13.386378289021444,52.49007610010678,207387,207387,11,0,2,2,2018,11,18,3,3,6,2,2,0,0,1,0,0,1,0,797752.6632,5824596.9062
211255,13.399690009991767,52.4140532393736,207388,207388,11,0,7,7,2018,11,7,5,3,5,3,0,0,1,0,0,0,0,0,799171.2677,5816202.2422
211256,13.379812164843257,52.551177153240566,207389,207389,11,0,1,1,2018,11,17,6,3,2,6,2,0,1,0,0,0,1,0,796894.391,5831361.09
211257,13.376932936796894,52.46240632834466,207390,207390,11,0,7,7,2018,11,17,3,3,2,6,2,0,1,0,0,0,1,0,797298.5195,5821482.5168
211258,13.410288366053178,52.503785983486175,207391,207391,11,0,2,2,2018,11,19,6,3,5,3,2,1,1,0,0,0,0,0,799281.6423,5826219.6941
211259,13.331324509523116,52.5036615435257,207392,207392,11,0,4,4,2018,11,17,3,3,0,3,2,0,1,0,0,0,1,1,793926.6729,5825881.0761
211260,13.353189252908633,52.551272308990825,207393,207393,11,0,1,1,2018,11,9,5,2,3,6,0,0,0,0,1,1,0,0,795089.975,5831262.3207
211261,13.243230488160671,52.54380169188764,207394,207394,11,0,5,5,2018,11,16,6,3,5,2,1,0,1,0,1,0,0,0,787688.7105,5829987.3912
211262,13.411254514022724,52.523949381962396,207395,207395,11,0,1,1,2018,11,17,3,3,2,6,2,0,1,0,1,0,0,0,799209.9854,5828464.8036
211263,13.399074343323615,52.56576175362238,207396,207396,11,0,3,3,2018,11,8,6,3,1,5,0,1,1,0,0,0,0,0,798100.4329,5833061.6655
211264,13.462413332298095,52.510862984774654,207397,207397,11,0,2,2,2018,11,17,3,3,1,5,2,1,1,0,0,0,0,0,802768.2824,5827223.8845
211265,13.346132345853073,52.49434095814084,207398,207398,11,0,7,7,2018,11,18,6,3,6,2,2,0,1,1,0,0,0,0,794993.5065,5824905.5577
211266,13.472792640465642,52.5120645738125,207399,207399,11,0,2,2,2018,11,14,6,3,5,3,0,1,0,0,0,0,1,0,803463.8423,5827401.0705
211267,13.302151996454112,52.62656827904836,207400,207400,11,0,12,12,2018,11,17,6,2,5,3,2,0,1,0,1,0,0,0,791131.9226,5839423.8462
211268,13.499237683279114,52.52289183892544,207401,207401,11,0,11,11,2018,11,8,3,3,3,6,0,1,0,0,0,1,0,0,805181.9496,5828716.0868
211269,13.293710836749716,52.536315284522196,207402,207402,11,0,4,4,2018,11,20,4,2,0,1,2,1,0,0,0,0,0,1,791159.1795,5829357.9466
211270,13.394659549503595,52.40747904128018,207403,207403,11,0,7,7,2018,11,17,6,2,1,7,2,0,1,0,0,0,0,0,798873.8759,5815450.7081
211271,13.326062568457576,52.564507448675755,207404,207404,11,0,12,12,2018,11,16,6,3,1,5,2,1,1,0,0,0,1,0,793163.6958,5832622.6864
211272,13.348330815305765,52.54292506437663,207405,207405,11,0,1,1,2018,11,7,3,3,3,6,0,0,1,0,0,0,0,0,794816.8064,5830314.6453
211273,13.379607189956682,52.503201998511756,207406,207406,11,0,2,2,2018,11,15,6,3,0,4,1,0,1,1,0,0,0,0,797204.6232,5826027.8918
211274,13.38272636520198,52.45248118531745,207407,207407,11,0,7,7,2018,11,16,6,3,2,7,1,0,1,0,0,0,0,0,797758.8727,5820403.2489
211275,13.514124079077265,52.44648944690278,207408,207408,11,0,9,9,2018,11,7,3,3,5,2,1,1,1,0,0,0,0,0,806722.9090000001,5820287.651000001
211276,13.40420166555562,52.515198266659326,207409,207409,11,0,1,1,2018,11,8,6,3,1,5,0,1,1,0,0,0,0,0,798791.2943,5827462.8923
211277,13.204279313760741,52.530322701329155,207410,207410,11,0,5,5,2018,11,12,6,3,8,1,0,0,1,0,0,0,0,0,785136.5075,5828334.3845
211278,13.556124206518426,52.57031894667798,207411,207411,11,0,11,11,2018,11,6,3,2,6,4,2,0,1,1,0,0,0,1,808704.9874,5834229.556
211279,13.443920907608286,52.42576538145729,207412,207412,11,0,8,8,2018,11,11,6,3,2,6,0,0,1,0,0,0,1,0,802097.1740000001,5817688.1956
211280,13.425592329338134,52.4876699195069,207413,207413,11,0,8,8,2018,11,21,3,3,5,2,2,1,1,0,0,0,0,0,800429.6109,5824492.0821
211281,13.368202807930189,52.55006664453836,207414,207414,11,0,1,1,2018,11,11,6,3,5,3,0,1,1,0,0,0,0,0,796115.312,5831189.893999999
211282,13.486169722856074,52.53356694285017,207415,207415,11,0,11,11,2018,11,20,6,3,0,6,2,0,1,0,0,0,0,0,804222.1455,5829847.3184
211283,13.321896936754653,52.493087444888275,207416,207416,11,0,4,4,2018,11,15,6,3,4,6,0,1,0,0,0,0,0,0,793357.6946,5824667.379
211284,13.373265721854635,52.48504524740987,207417,207417,11,0,2,2,2018,11,17,4,3,5,2,2,1,1,0,0,0,0,0,796896.9364,5823983.6843
211285,13.3158830276429,52.50097366310954,207418,207418,11,0,4,4,2018,11,11,6,3,2,6,0,0,1,0,0,0,1,0,792897.2077,5825519.4919
211286,13.309833999793383,52.625999732239094,207419,207419,11,0,12,12,2018,11,11,6,3,5,3,0,0,1,0,0,0,0,0,791655.2994,5839391.7423
211287,13.425353366692779,52.49006328264929,207420,207420,11,0,8,8,2018,11,16,3,3,2,6,1,0,1,0,1,0,0,1,800397.0669,5824757.0999
211288,13.418192166131035,52.46487744180962,207421,207421,11,0,7,7,2018,11,10,6,2,6,4,0,0,1,1,0,0,0,0,800082.7515,5821927.9828
211289,13.3506773630499,52.532559314506905,207422,207422,11,0,1,1,2018,11,10,6,3,0,2,0,1,0,0,1,0,0,1,795045.3996,5829172.0989
211290,13.322214002524085,52.52186445957,207423,207423,11,0,4,4,2018,11,16,3,3,6,4,1,1,0,1,0,0,0,0,793187.3928,5827867.2422
211291,13.432835293658686,52.48509716256269,207424,207424,11,0,8,8,2018,11,9,6,3,3,6,0,0,0,0,1,0,1,0,800938.6259999999,5824236.3256
211292,13.321148524240314,52.50581582037687,207425,207425,11,0,4,4,2018,11,13,3,3,1,5,0,1,1,0,0,0,0,0,793222.1089,5826079.0975
211293,13.47813285982672,52.514550316689856,207426,207426,11,0,11,11,2018,11,18,5,2,6,2,2,0,1,1,0,0,0,0,803808.797,5827699.8369
211294,13.43196395298594,52.5151961428439,207427,207427,11,0,2,2,2018,11,9,6,3,5,2,0,0,1,0,0,0,1,0,800673.7921,5827578.0711
211295,13.326104920429971,52.53877265292567,207428,207428,11,0,4,4,2018,11,23,5,2,5,3,2,0,1,0,0,0,0,0,793338.3559999999,5829762.4233
211296,13.38988816853324,52.510401942651605,207429,207429,11,0,1,1,2018,11,8,6,3,5,2,0,1,0,0,0,0,1,0,797853.2027,5826870.571
211297,13.320120101462024,52.4720531959068,207430,207430,11,0,4,4,2018,11,16,4,2,5,2,1,0,1,0,0,0,0,0,793377.2359,5822322.1932
211298,13.320328082111551,52.48385717448585,207431,207431,11,0,4,4,2018,11,8,6,3,2,2,0,1,1,0,0,0,0,0,793312.7393,5823635.0526
211299,13.336198018161488,52.430747933734246,207432,207432,11,0,6,6,2018,11,12,3,3,6,2,0,0,1,1,0,0,0,0,794744.5445,5817796.6452
211300,13.422416453330444,52.559845222653124,207433,207433,11,0,3,3,2018,11,7,6,2,3,2,0,1,1,0,0,0,0,0,799721.7579999999,5832500.892999999
211301,13.362665791944876,52.52438800049642,207434,207434,11,0,1,1,2018,11,7,6,2,6,4,0,0,1,1,0,0,0,0,795912.9894,5828313.0028
211302,13.285252461731176,52.51287390160922,207435,207435,11,0,4,4,2018,11,12,3,3,5,3,0,1,1,0,0,0,0,0,790740.8358,5826718.2629
211303,13.565840045068274,52.52898402299074,207436,207436,11,0,10,10,2018,11,7,6,3,0,2,0,1,1,0,0,0,0,0,809654.1804,5829677.2306
211304,13.391706698231484,52.51124671977751,207437,207437,11,0,1,1,2018,11,11,3,3,5,7,0,1,1,0,0,0,0,0,797970.8049,5826971.9796
211305,13.429110603606267,52.486579134056775,207438,207438,11,0,8,8,2018,11,13,5,3,5,3,0,1,0,0,0,0,1,0,800675.7729999999,5824385.5066
211306,13.332760491657615,52.47691913480165,207439,207439,11,0,7,7,2018,11,18,5,3,1,5,2,1,1,0,0,0,0,0,794202.7170000001,5822914.517999999
211307,13.395780768250756,52.498366216504714,207440,207440,11,0,2,2,2018,11,10,3,3,3,6,0,1,1,0,0,0,0,0,798334.3999,5825557.1888
211308,13.400936671281846,52.51840377929592,207441,207441,11,0,1,1,2018,11,18,5,3,5,3,2,1,1,0,0,0,0,0,798548.1438,5827805.6508
211309,13.330321161419336,52.52727862794926,207442,207442,11,0,1,1,2018,11,8,3,3,5,2,0,1,1,0,0,0,0,0,793700.8865,5828502.027000001
211310,13.310773983431972,52.513613442107,207443,207443,11,0,4,4,2018,11,17,5,3,0,1,2,1,0,0,0,0,0,0,792466.6262,5826903.6749
211311,13.273611580239873,52.42690534725595,207444,207444,11,0,6,6,2018,11,17,5,2,1,5,2,0,1,0,0,0,0,0,790517.697,5817115.8288
211312,13.228766101120028,52.5300090449695,207445,207445,11,0,5,5,2018,11,8,3,3,5,2,0,0,1,0,0,0,0,0,786798.4769,5828396.6496
211313,13.359606903536621,52.41282833009979,207446,207446,11,0,7,7,2018,11,16,5,3,5,2,1,1,1,0,0,0,0,0,796455.2686,5815900.757
211314,13.298830484674252,52.52523398388037,207447,207447,11,0,4,4,2018,11,8,3,3,4,6,0,1,1,0,0,0,0,0,791579.6608,5828146.9362
211315,13.415387559338706,52.52078903238954,207448,207448,11,0,1,1,2018,11,15,5,3,5,3,0,1,0,0,0,0,1,0,799511.705,5828130.703
211316,13.32357934833115,52.428766880944735,207449,207449,11,0,6,6,2018,11,8,3,3,2,7,0,0,1,0,0,0,1,0,793900.4299,5817525.002
211317,13.456888750792944,52.528595932588104,207450,207450,11,0,3,3,2018,11,9,5,2,1,5,0,1,1,0,0,0,1,0,802271.7338,5829171.631
211318,13.204958475149837,52.53016295547582,207451,207451,11,0,5,5,2018,11,15,5,3,5,2,0,0,1,0,0,0,1,0,785183.5832,5828319.3143
211319,13.330346919711808,52.47031745967708,207452,207452,11,0,7,7,2018,11,19,2,3,5,2,2,1,1,0,0,0,0,0,794082.9779,5822170.9034
211320,13.436819795355925,52.45253977562904,207453,207453,11,0,8,8,2018,11,15,5,2,5,2,0,0,1,0,1,0,0,1,801431.6506,5820634.3491
211321,13.49527556849707,52.64222236759906,207454,207454,11,0,3,3,2018,11,19,2,3,6,6,2,0,1,1,0,0,0,1,804085.1877,5841962.203
211322,13.343481261142767,52.53208878232228,207455,207455,11,0,1,1,2018,11,17,5,3,5,2,1,1,1,0,0,0,0,0,794560.7859,5829090.3701
211323,13.410461053691806,52.45611368760068,207456,207456,11,0,7,7,2018,11,14,6,2,6,4,0,0,1,1,0,0,0,0,799617.4968,5820921.7941
211324,13.516815798181153,52.48189824136077,207457,207457,11,0,11,11,2018,11,14,5,2,6,4,0,0,0,1,0,0,1,0,806659.1808,5824234.5129
211325,13.436215627123387,52.48100797981018,207458,207458,11,0,8,8,2018,11,19,4,3,5,7,2,1,1,0,0,0,0,0,801195.9608,5823795.9399
211326,13.431632035369935,52.49751129691142,207459,207459,11,0,2,2,2018,11,22,5,3,0,7,2,0,1,0,1,0,0,0,800772.1533,5825611.0863
211327,13.549770616549948,52.49561466602418,207460,207460,11,0,10,10,2018,11,19,2,3,6,4,2,1,0,1,0,0,0,1,808799.132,5825899.6002
211328,13.42116389639718,52.41317598125701,207461,207461,11,0,8,8,2018,11,7,5,3,2,2,1,0,1,0,0,0,0,0,800636.6858,5816193.9403
211329,13.40713981320317,52.52332885399968,207462,207462,11,0,1,1,2018,11,12,5,3,6,4,0,0,1,1,0,0,0,0,798935.2523,5828378.7637
211330,13.315414030707776,52.577844389732654,207463,207463,11,0,12,12,2018,11,19,5,3,5,2,2,0,1,0,0,0,0,0,792353.6026,5834061.8309
211331,13.236199784961949,52.55015652005235,207464,207464,11,0,5,5,2018,11,18,2,3,4,1,1,0,1,0,0,0,0,1,787170.7245,5830665.7169
211332,13.376828146522383,52.483821336539926,207465,207465,11,0,7,7,2018,11,12,5,3,1,5,0,1,1,0,0,0,0,0,797146.9229,5823862.3185