,X,Y,OBJECTID_1,OBJECTID,ULAND,UREGBEZ,UKREIS,UGEMEINDE,UJAHR,UMONAT,USTUNDE,UWOCHENTAG,UKATEGORIE,UART,UTYP1,ULICHTVERH,IstRad,IstPKW,IstFuss,IstKrad,IstGkfz,IstSonstig,STRZUSTAND,LINREFX,LINREFY
211333,13.301168708628945,52.51906064798517,207466,207466,11,0,4,4,2018,11,12,5,3,5,3,0,1,1,0,0,0,0,0,791779.135,5827470.2217
211334,13.207159715905172,52.529036606010074,207467,207467,11,0,5,5,2018,11,18,2,3,2,6,2,0,1,0,0,0,0,1,785340.1127,5828202.8249
211335,13.572764246701846,52.428115685281185,207468,207468,11,0,9,9,2018,11,12,5,3,2,6,0,0,1,0,0,0,0,0,810834.65,5818496.4707
211336,13.422455883083206,52.49918155509776,207469,207469,11,0,2,2,2018,11,7,6,3,5,2,0,1,0,0,0,1,0,0,800138.3046,5825758.4979
211337,13.508329508015175,52.49981573419157,207470,207470,11,0,11,11,2018,11,18,5,2,6,4,2,0,1,1,0,0,0,0,805958.7753,5826189.8675
211338,13.447870911303653,52.4760577330031,207471,207471,11,0,8,8,2018,11,17,4,2,6,7,2,0,1,1,0,0,0,0,802020.8266,5823294.4768
211339,13.306537436025579,52.52874768007314,207472,207472,11,0,4,4,2018,11,17,5,3,5,2,2,0,1,0,1,0,0,0,792078.8076,5828568.6852
211340,13.299532157844341,52.498671091213815,207473,207473,11,0,4,4,2018,11,12,5,3,1,5,0,1,1,0,0,0,0,0,791803.3642,5825197.2771
211341,13.604069106032126,52.53920415391055,207474,207474,11,0,10,10,2018,11,16,2,3,5,3,2,0,1,0,0,0,0,1,812172.8142,5830978.0137
211342,13.572833789779578,52.42780857695115,207475,207475,11,0,9,9,2018,11,11,5,3,0,7,0,1,1,0,0,0,0,0,810841.5383,5818462.6382
211343,13.498011765885607,52.51400392270014,207476,207476,11,0,11,11,2018,11,10,5,3,5,3,0,0,1,0,0,0,1,0,805160.5074,5827723.0634
211344,13.396011146595244,52.53242993736119,207477,207477,11,0,1,1,2018,11,9,5,3,0,1,0,0,0,0,1,0,0,0,798119.0657,5829344.2394
211345,13.367767506801393,52.493338958778416,207478,207478,11,0,7,7,2018,11,9,5,3,2,2,0,0,1,0,0,0,0,0,796468.0035,5824882.8998
211346,13.284316825938578,52.48677100267766,207479,207479,11,0,4,4,2018,11,15,2,3,5,2,0,0,1,0,0,0,1,1,790849.8282,5823813.11
211347,13.398203495825912,52.506982031245954,207480,207480,11,0,2,2,2018,11,9,5,3,5,3,0,1,1,0,0,0,0,0,798440.3057,5826524.8388
211348,13.339030124181301,52.49953391671258,207481,207481,11,0,7,7,2018,11,8,5,3,2,6,0,0,1,0,0,0,0,0,794476.9394,5825453.7271
211349,13.318008192771778,52.58064902366186,207482,207482,11,0,12,12,2018,11,14,2,3,6,4,0,0,1,1,0,0,0,1,792510.5663,5834384.0992
211350,13.33761385377908,52.50152955586692,207483,207483,11,0,4,4,2018,11,8,5,3,1,5,0,1,1,0,0,0,0,0,794367.5209,5825669.7596
211351,13.344974386909122,52.48586441554527,207484,207484,11,0,7,7,2018,11,19,5,3,2,6,2,1,1,0,0,0,0,0,794971.7344,5823958.6605
211352,13.449330498468886,52.50212434387827,207485,207485,11,0,2,2,2018,11,8,5,3,5,2,0,1,1,0,0,0,0,0,801941.0598,5826197.767999999
211353,13.325717324334333,52.532453107099,207486,207486,11,0,1,1,2018,11,16,4,2,5,3,2,0,1,0,1,0,0,0,793354.2605,5829058.426
211354,13.348744670055456,52.459131489393855,207487,207487,11,0,7,7,2018,11,8,5,3,0,2,0,1,0,0,0,0,1,0,795406.7638,5821002.7478
211355,13.434845164512456,52.430309084033404,207488,207488,11,0,8,8,2018,11,14,2,3,5,7,0,0,1,0,0,0,0,1,801449.4797,5818155.2626
211356,13.573615227957038,52.40259071194504,207489,207489,11,0,9,9,2018,11,7,5,3,5,3,0,1,1,0,0,0,0,1,811072.2979,5815663.2968
211357,13.427469156105046,52.58756143466882,207490,207490,11,0,3,3,2018,11,14,2,3,5,2,0,1,1,0,0,0,0,1,799874.5978,5835602.4883
211358,13.396446465690351,52.49140571667852,207491,207491,11,0,2,2,2018,11,6,5,3,2,3,1,1,1,0,0,0,0,0,798426.7425,5824786.302
211359,13.416855274460607,52.52388295225045,207492,207492,11,0,1,1,2018,11,13,2,2,0,1,0,1,0,0,0,0,0,1,799590.1347,5828480.6807
211360,13.350079680653705,52.410658622123016,207493,207493,11,0,7,7,2018,11,12,5,3,2,7,0,0,1,0,1,0,0,0,795822.27,5815620.5212
211361,13.330734133125114,52.57182711806156,207494,207494,11,0,12,12,2018,11,13,2,3,5,3,0,0,1,0,0,0,0,1,793431.1898,5833455.2879
211362,13.548727182923253,52.44887062321345,207495,207495,11,0,9,9,2018,11,5,5,3,8,1,2,0,1,0,0,0,0,1,809056.137,5820699.946
211363,13.35726808489718,52.422979344997245,207496,207496,11,0,6,6,2018,11,13,2,3,5,3,0,1,1,0,0,0,0,1,796228.1775,5817019.4236
211364,13.27784987486948,52.63019507128038,207497,207497,11,0,12,12,2018,11,17,5,3,6,7,2,1,0,1,0,0,0,0,789464.2126,5839728.9842
211365,13.431973863200154,52.50575403172225,207498,207498,11,0,2,2,2018,11,0,5,3,2,6,2,0,1,0,0,0,0,0,800739.005,5826528.659
211366,13.333196240147402,52.595499273634125,207499,207499,11,0,12,12,2018,11,13,2,3,5,2,0,1,1,0,0,0,0,1,793439.5775,5836096.4898
211367,13.343210596052707,52.53210487885894,207500,207500,11,0,1,1,2018,11,21,4,2,2,6,2,0,1,0,0,0,0,0,794542.3316,5829091.0533
211368,13.34769547283792,52.53103992854506,207501,207501,11,0,1,1,2018,11,12,2,3,1,5,0,0,1,0,0,0,1,0,794853.4717,5828991.0192
211369,13.307786031388446,52.50302871696946,207502,207502,11,0,4,4,2018,11,20,4,2,0,7,2,0,1,0,1,0,0,0,792334.3235,5825715.0585
211370,13.391127187855178,52.51399031022932,207503,207503,11,0,1,1,2018,11,19,4,3,6,4,2,0,1,1,0,0,0,0,797912.9251,5827274.5286
211371,13.6133216267961,52.49925033814949,207504,207504,11,0,10,10,2018,11,13,2,3,2,6,0,0,1,0,0,0,0,1,813084.1541,5826577.7123
211372,13.329594747747985,52.456348887922964,207505,207505,11,0,6,6,2018,11,8,5,3,5,3,0,1,1,0,0,0,0,0,794125.1327,5820615.2359
211373,13.465241730970723,52.49722225659556,207506,207506,11,0,2,2,2018,11,19,4,3,3,6,2,1,1,0,0,0,0,0,803054.0179,5825719.6708
211374,13.388475008996865,52.53163115317507,207507,207507,11,0,1,1,2018,11,12,2,3,0,6,0,0,1,0,0,0,1,1,797613.6653,5829224.3153
211375,13.376028201253455,52.53603610090286,207508,207508,11,0,1,1,2018,11,7,4,3,0,6,2,1,0,0,0,0,1,0,796740.2495,5829662.6024
211376,13.336222467608554,52.50019093296,207509,207509,11,0,4,4,2018,11,19,4,3,1,5,2,1,1,0,0,0,0,1,794282.0936,5825515.2935
211377,13.308473752823879,52.461523021514644,207510,207510,11,0,6,6,2018,11,12,2,3,0,7,0,0,1,0,0,0,0,1,792656.6511,5821104.4634
211378,13.302153288231507,52.506834448805726,207511,207511,11,0,4,4,2018,11,17,4,3,3,6,2,0,1,0,1,0,0,0,791927.0138,5826115.2511
211379,13.345817872621536,52.460847182854394,207512,207512,11,0,6,6,2018,11,9,2,3,2,6,0,0,1,0,0,0,0,0,795196.5562,5821181.4671
211380,13.376699887761069,52.43734462955086,207513,207513,11,0,7,7,2018,11,17,4,2,1,5,2,0,1,0,1,0,0,0,797451.7257,5818696.0055
211381,13.503287954231546,52.57581237726296,207514,207514,11,0,11,11,2018,11,17,4,3,5,2,2,0,0,0,1,0,0,1,805088.7688,5834615.0163
211382,13.423674682226373,52.5743087644756,207515,207515,11,0,3,3,2018,11,9,2,2,2,6,0,0,1,0,1,0,1,1,799708.2339,5834113.7042
211383,13.469532717181648,52.460494281924504,207516,207516,11,0,8,8,2018,11,8,4,3,1,5,0,1,1,0,0,0,0,0,803598.1685,5821655.6055
211384,13.425027150683846,52.540999744470454,207517,207517,11,0,3,3,2018,11,17,4,3,5,3,2,1,1,0,0,0,0,0,800027.2852,5830417.1441
211385,13.343729416248415,52.470732639687135,207518,207518,11,0,7,7,2018,11,16,4,2,1,5,2,0,1,0,1,0,0,1,794988.5818,5822271.6848
211386,13.424471915481467,52.49119810790826,207519,207519,11,0,8,8,2018,11,9,2,3,0,5,0,0,1,0,0,0,0,1,800329.5223,5824879.5604
211387,13.558785750313575,52.470113743969634,207520,207520,11,0,9,9,2018,11,18,4,3,0,1,2,1,0,0,0,0,0,1,809589.9098,5823104.0505
211388,13.389096485968306,52.52764120497852,207521,207521,11,0,1,1,2018,11,16,4,3,5,3,1,1,0,0,0,0,1,0,797682.806,5828783.4071
211389,13.210106983249485,52.56682551117717,207522,207522,11,0,5,5,2018,11,9,2,3,2,2,0,0,1,0,0,0,1,0,785294.4429,5832414.9147
211390,13.377882231473393,52.407666235556476,207523,207523,11,0,7,7,2018,11,15,4,2,5,3,0,1,1,0,0,0,0,0,797732.1858,5815402.2004
211391,13.449728958789553,52.53724900532778,207524,207524,11,0,3,3,2018,11,19,5,3,6,2,2,0,1,1,0,0,0,0,801726.9997,5830103.3822
211392,13.353455818986028,52.493449787247826,207525,207525,11,0,7,7,2018,11,14,4,3,5,3,0,1,1,0,0,0,0,0,795496.3208,5824836.4847
211393,13.30033539274384,52.439851297804076,207526,207526,11,0,6,6,2018,11,8,2,2,0,3,0,1,0,0,0,0,1,0,792247.7244,5818662.6599
211394,13.340063970088973,52.588079915747976,207527,207527,11,0,12,12,2018,11,18,4,2,2,2,1,0,1,0,0,0,0,0,793954.1340000001,5835299.828
211395,13.608611407621861,52.509186384190244,207528,207528,11,0,10,10,2018,11,12,6,3,5,3,0,0,1,0,0,0,0,1,812694.0482,5827661.5522
211396,13.395307602234402,52.49772997332914,207529,207529,11,0,2,2,2018,11,18,4,3,2,6,0,0,1,0,0,0,0,0,798306.6155,5825484.5147
211397,13.524890557539058,52.479919873578005,207530,207530,11,0,11,11,2018,11,18,4,2,0,1,2,0,1,0,0,0,0,1,807220.9051,5824048.9952
211398,13.46662246671526,52.49726199719492,207531,207531,11,0,2,2,2018,11,15,4,3,5,7,1,1,1,0,0,0,0,1,803147.4048,5825729.8911
211399,13.397725026156161,52.51946008241843,207532,207532,11,0,1,1,2018,11,17,4,3,5,7,1,1,1,0,0,0,0,0,798323.2204,5827909.7618
211400,13.418930949603851,52.530706329237965,207533,207533,11,0,3,3,2018,11,9,2,3,5,2,0,1,0,0,0,0,1,1,799684.3389,5829247.7046
211401,13.398378503812944,52.51650454842188,207534,207534,11,0,1,1,2018,11,12,4,3,1,5,0,1,0,0,0,0,1,0,798387.5778,5827583.966
211402,13.477421340222778,52.4300831847579,207535,207535,11,0,8,8,2018,11,7,4,3,2,2,0,0,1,0,0,0,0,1,804343.5562,5818308.8254
211403,13.19778380794367,52.53236949434306,207536,207536,11,0,5,5,2018,11,17,2,3,0,7,2,0,0,0,1,0,0,1,784682.9309,5828536.226
211404,13.190959675937796,52.43357537226804,207537,207537,11,0,6,6,2018,11,7,4,3,5,2,0,0,1,0,0,0,0,1,784858.6091,5817527.8384
211405,13.330548134250598,52.487201792544404,207538,207538,11,0,4,4,2018,11,17,2,3,2,6,2,1,1,0,0,0,0,0,793983.92,5824048.4128
211406,13.30276222382324,52.408745509407595,207539,207539,11,0,6,6,2018,11,18,5,3,1,5,2,1,1,0,0,0,0,0,792618.7387,5815215.0701
211407,13.353488353270675,52.5339724387022,207540,207540,11,0,1,1,2018,11,6,4,3,1,5,1,1,1,0,0,0,0,0,795226.4432,5829340.6758
211408,13.434521795264695,52.53568741640562,207541,207541,11,0,3,3,2018,11,9,4,3,6,4,0,0,0,1,1,0,0,0,800707.0557,5829866.2659
211409,13.571986016408285,52.5478653946166,207542,207542,11,0,10,10,2018,11,5,4,3,3,6,2,0,1,0,1,0,0,1,809937.5679,5831802.1403
211410,13.527573354575505,52.489039210257786,207543,207543,11,0,11,11,2018,11,17,4,3,5,2,2,1,1,0,0,0,0,0,807339.2971,5825073.9678
211411,13.415149888470712,52.543648492412345,207544,207544,11,0,3,3,2018,11,13,4,3,5,2,0,0,0,0,1,0,1,0,799339.8859999999,5830670.4734
211412,13.505962349325134,52.42677894621855,207545,207545,11,0,8,8,2018,11,7,2,3,5,3,1,1,1,0,0,0,0,0,806305.4847,5818062.3141
211413,13.333915248107546,52.49804100216174,207546,207546,11,0,4,4,2018,11,14,4,3,2,6,0,0,1,0,0,0,0,0,794139.957,5825266.9168
211414,13.421920050592634,52.49309360513698,207547,207547,11,0,2,2,2018,11,11,4,3,5,3,0,1,1,0,0,0,0,0,800143.4692,5825079.6145
211415,13.603140101602936,52.48441505008532,207548,207548,11,0,10,10,2018,11,7,2,3,5,3,1,1,1,0,0,0,0,0,812498.8751,5824884.7718
211416,13.232202533475874,52.540488356104156,207549,207549,11,0,5,5,2018,11,10,4,3,3,6,0,0,1,0,0,0,0,1,786963.0109,5829575.1425
211417,13.430036989446387,52.46837264697413,207550,207550,11,0,8,8,2018,11,17,2,3,6,4,2,1,0,1,0,0,1,0,800862.9688,5822365.7928
211418,13.17817253426244,52.54884339425102,207551,207551,11,0,5,5,2018,11,15,5,3,5,2,0,0,1,0,0,0,0,0,783247.3744,5830290.137999999
211419,13.412079345319945,52.50480929581765,207552,207552,11,0,1,1,2018,11,10,4,3,5,5,0,1,1,0,0,0,0,1,799396.1528,5826340.8667
211420,13.433860616350966,52.57049690672541,207553,207553,11,0,3,3,2018,11,6,2,3,0,3,2,0,0,0,1,0,1,0,800424.0683,5833732.4541
211421,13.365926335066435,52.49529759681834,207554,207554,11,0,7,7,2018,11,9,4,3,5,3,0,1,1,0,0,0,0,1,796329.9090000001,5825093.0327
211422,13.467176409241947,52.559954349948256,207555,207555,11,0,3,3,2018,11,5,2,3,5,3,2,0,1,0,0,0,0,1,802752.9339,5832700.1494
211423,13.401151758503575,52.51130757894242,207556,207556,11,0,1,1,2018,11,6,4,2,6,2,2,0,1,1,0,0,0,1,798610.8976,5827017.818
211424,13.146839903515188,52.416644709917094,207557,207557,11,0,6,6,2018,11,8,4,3,2,6,0,0,1,0,0,0,0,1,781969.2945,5815472.7105
211425,13.340544528341775,52.48563034061722,207558,207558,11,0,7,7,2018,11,17,2,3,2,6,2,0,1,0,0,0,0,1,794672.7157,5823914.5369
211426,13.289372610832961,52.57555502341522,207559,207559,11,0,12,12,2018,11,4,2,2,5,7,2,0,1,0,1,0,0,1,790605.4161,5833702.0061
211427,13.380202996670572,52.56037927782628,207560,207560,11,0,1,1,2018,11,8,4,3,2,6,0,0,1,0,0,0,0,1,796858.6690000001,5832385.502
211428,13.393019592307427,52.54531328422507,207561,207561,11,0,1,1,2018,11,3,2,3,0,3,2,0,1,0,1,0,0,1,797828.9741,5830763.8270000005
211429,13.470634786541885,52.423247342399385,207562,207562,11,0,8,8,2018,11,8,4,3,2,6,0,0,1,0,0,0,0,1,803929.5767,5817520.4688
211430,13.409696915270116,52.39909551888017,207563,207563,11,0,7,7,2018,11,3,2,3,1,7,2,0,1,0,0,0,0,1,799952.96,5814581.2636
211431,13.591629160519144,52.544958447767925,207564,207564,11,0,10,10,2018,11,9,5,3,5,2,0,0,1,0,0,0,0,1,811289.0417,5831563.7318
211432,13.340495382410905,52.54462107106923,207565,207565,11,0,1,1,2018,11,8,4,3,0,7,0,1,1,0,0,0,0,1,794274.4716,5830471.1352
211433,13.58916392735966,52.51721226280117,207566,207566,11,0,10,10,2018,11,16,2,3,2,6,2,0,1,0,0,0,0,1,811318.4605,5828469.3767
211434,13.180996324577686,52.52437280732196,207567,207567,11,0,5,5,2018,11,12,4,2,2,6,0,0,1,0,0,0,0,0,783596.5457,5827581.1895
211435,13.197798352566444,52.51837717312939,207568,207568,11,0,5,5,2018,11,2,2,3,1,1,2,0,1,0,0,0,1,1,784774.5136,5826980.9651
211436,13.558461393817305,52.456010468166006,207569,207569,11,0,9,9,2018,11,9,4,2,5,3,0,1,0,0,1,0,0,1,809666.9916,5821535.2107
211437,13.497611766750845,52.538899171869105,207570,207570,11,0,11,11,2018,11,15,6,3,6,4,0,0,1,1,0,0,0,0,804960.6512,5830488.3175
211438,13.214133013163975,52.538361344730156,207571,207571,11,0,5,5,2018,11,8,4,2,5,2,0,1,1,0,0,0,0,1,785752.2195,5829266.9344
211439,13.349832328641925,52.50275347816435,207572,207572,11,0,1,1,2018,11,20,4,3,2,6,2,0,1,0,1,0,0,1,795188.0916,5825855.7423
211440,13.347072653783446,52.59620492157626,207573,207573,11,0,12,12,2018,11,8,4,3,2,6,0,0,1,0,0,0,0,1,794374.0643,5836231.5471
211441,13.309690235211935,52.43146351077614,207574,207574,11,0,6,6,2018,11,13,4,3,5,2,0,0,1,0,0,0,0,0,792938.8565,5817768.2755
211442,13.558788527006106,52.47014000340611,207575,207575,11,0,9,9,2018,11,16,2,3,2,2,2,0,1,0,0,0,0,1,809589.9137,5823106.9809
211443,13.62746872798006,52.51863941095502,207576,207576,11,0,10,10,2018,11,14,4,3,0,7,0,0,0,0,0,0,1,0,813905.3174,5828794.1015
211444,13.399762936124866,52.58108230563029,207577,207577,11,0,3,3,2018,11,7,5,3,4,6,0,1,1,0,0,0,0,0,798043.0233,5834767.3605
211445,13.310554477397348,52.516248316554154,207578,207578,11,0,4,4,2018,11,15,4,3,0,2,0,1,1,0,0,0,0,1,792434.224,5827195.653
211446,13.370817174003275,52.54667874922792,207579,207579,11,0,1,1,2018,11,19,4,3,6,7,2,1,0,1,0,0,0,0,796315.296,5830824.079
211447,13.415856575138436,52.52737650908392,207580,207580,11,0,1,1,2018,11,0,2,2,6,4,2,1,0,1,0,0,0,1,799498.6313,5828864.8285
211448,13.391398568004186,52.489450493550756,207581,207581,11,0,2,2,2018,11,21,4,3,1,5,2,1,1,0,0,0,0,0,798097.5086,5824548.1088
211449,13.419025359845273,52.46101206741757,207582,207582,11,0,7,7,2018,11,22,4,3,5,2,2,1,1,0,0,0,0,0,800165.6401,5821501.8270000005
211450,13.4599223022186,52.55984325500072,207583,207583,11,0,3,3,2018,11,16,2,3,6,4,2,0,1,1,0,0,0,1,802262.3279,5832657.3463
211451,13.547036508642757,52.431446324671754,207584,207584,11,0,9,9,2018,11,9,4,3,2,6,0,0,1,0,0,0,0,0,809063.416,5818756.1522
211452,13.459925973633172,52.559841735162564,207585,207585,11,0,3,3,2018,11,9,6,3,6,4,0,1,0,1,0,0,0,0,802262.5871,5832657.1928
211453,13.289290264965794,52.46724313235979,207586,207586,11,0,6,6,2018,11,6,4,2,0,3,2,0,1,0,1,0,0,1,791316.413,5821662.6275
211454,13.226680739443045,52.439732585633934,207587,207587,11,0,6,6,2018,11,17,4,3,5,3,2,0,1,0,0,0,1,0,787245.3397,5818353.7928
211455,13.305016690657494,52.5776509315709,207588,207588,11,0,12,12,2018,11,2,4,1,0,6,2,0,1,0,0,0,0,1,791650.8544,5833998.1861
211456,13.390184299064975,52.50869643960544,207589,207589,11,0,1,1,2018,11,16,3,3,6,4,0,0,0,1,0,0,1,0,797884.8324,5826682.2316
211457,13.32260320031588,52.48763523722464,207590,207590,11,0,4,4,2018,11,16,2,3,5,3,0,0,1,0,1,0,0,0,793441.9466,5824064.2383
211458,13.578152380403578,52.45713591266241,207591,207591,11,0,9,9,2018,11,6,3,3,0,2,2,1,1,0,0,0,0,0,810995.9708,5821744.9904
211459,13.399074416985446,52.498279387184795,207592,207592,11,0,2,2,2018,11,17,3,3,0,7,2,1,0,0,0,0,0,1,798558.4094,5825561.1685
211460,13.503234540404765,52.55380542485742,207593,207593,11,0,11,11,2018,11,15,2,2,6,4,1,0,1,1,0,0,0,1,805238.1155,5832168.8574
211461,13.375722881854673,52.45576714357129,207594,207594,11,0,7,7,2018,11,17,3,3,6,2,2,0,1,1,0,0,0,0,797261.1424,5820739.6004
211462,13.370211674467473,52.544692962497976,207595,207595,11,0,1,1,2018,11,15,2,3,5,2,1,0,1,0,0,0,0,1,796287.6579999999,5830600.872
211463,13.398065119339552,52.52728027625454,207596,207596,11,0,1,1,2018,11,9,3,3,6,2,0,0,1,1,0,0,0,1,798293.2255,5828780.364
211464,13.157735189608893,52.543112143896714,207597,207597,11,0,5,5,2018,11,15,2,3,5,2,0,1,1,0,0,0,0,1,781899.2831,5829572.9536
211465,13.528243343267233,52.556903694560134,207598,207598,11,0,11,11,2018,11,7,3,3,5,2,0,0,1,0,0,0,1,1,806910.688,5832619.44
211466,13.386468023531805,52.5119181428647,207599,207599,11,0,1,1,2018,11,20,5,3,2,6,2,1,1,0,0,0,0,0,797611.0071,5827024.9708
211467,13.408822582309142,52.531214040128525,207600,207600,11,0,3,3,2018,11,21,3,3,5,3,2,1,1,0,0,0,0,1,798995.7069,5829262.1584
211468,13.236677873746029,52.54207776581526,207601,207601,11,0,5,5,2018,11,16,4,3,2,6,2,0,1,0,1,0,0,0,787255.9267,5829769.6372
211469,13.314344829805473,52.53042287800513,207602,207602,11,0,1,1,2018,11,21,3,3,5,3,2,0,1,0,0,0,0,1,792596.9125,5828786.5454
211470,13.28294883908458,52.51282763385537,207603,207603,11,0,4,4,2018,11,14,2,3,1,5,0,0,1,0,0,0,0,0,790584.9236,5826703.8343
211471,13.359986418387974,52.42898712111771,207604,207604,11,0,6,6,2018,11,20,3,3,1,3,2,0,1,0,1,0,0,1,796372.5401,5817698.335
211472,13.203469030679512,52.535629922509386,207605,207605,11,0,5,5,2018,11,15,2,3,6,2,0,0,1,1,0,0,0,1,785047.1664,5828921.1042
211473,13.477091797752395,52.50534111999933,207606,207606,11,0,11,11,2018,11,14,2,3,0,1,0,0,0,0,1,0,0,1,803801.7967,5826671.901000001
211474,13.494571954965947,52.50374965816319,207607,207607,11,0,11,11,2018,11,13,5,3,0,3,0,0,1,0,1,0,0,0,804998.3468,5826568.8137
211475,13.40438426520509,52.39382024689314,207608,207608,11,0,7,7,2018,11,8,3,3,6,4,2,0,1,1,0,0,0,1,799627.5484,5813972.8823
211476,13.562557396204207,52.456609498912066,207609,207609,11,0,9,9,2018,11,13,4,2,5,2,0,0,0,0,1,0,1,0,809940.8782,5821619.3755
211477,13.387940636268644,52.522169302493154,207610,207610,11,0,1,1,2018,12,21,2,3,1,5,2,1,1,0,0,0,1,0,797641.49,5828170.4443
211478,13.513390053980544,52.56337314154726,207611,207611,11,0,11,11,2018,11,12,4,3,5,3,0,1,1,0,0,0,0,0,805859.457,5833275.3116
211479,13.326845994606748,52.454932488003614,207612,207612,11,0,6,6,2018,12,17,2,3,2,6,2,0,1,0,0,0,0,1,793947.9361,5820446.602999999
211480,13.454796651751325,52.44555010454418,207613,207613,11,0,8,8,2018,11,12,4,2,6,2,0,0,1,1,0,0,0,0,802700.3244,5819932.7329
211481,13.433620837136981,52.44532363236666,207614,207614,11,0,8,8,2018,12,16,2,3,5,3,2,0,1,0,0,0,0,0,801263.7326,5819818.9486
211482,13.41584692094406,52.53176658148989,207615,207615,11,0,3,3,2018,11,14,4,3,3,6,0,1,1,0,0,0,0,0,799468.0706,5829352.7311
211483,13.377620473179364,52.563021795272974,207616,207616,11,0,12,12,2018,11,11,4,3,2,6,0,0,1,0,0,1,0,0,796665.8803,5832668.5778
211484,13.21715645674606,52.52719494631696,207617,207617,11,0,5,5,2018,12,18,2,3,3,6,2,0,1,0,0,0,0,1,786029.7778,5828037.7286
211485,13.292648653486404,52.55294070823921,207618,207618,11,0,12,12,2018,11,11,4,3,2,6,0,0,1,0,0,0,0,0,790977.0756,5831201.6014
211486,13.416780698122333,52.60317208617153,207619,207619,11,0,3,3,2018,11,11,4,3,5,3,0,0,1,0,0,0,0,0,799044.5805,5837293.1253
211487,13.557972289891179,52.52964563332247,207620,207620,11,0,10,10,2018,12,19,2,2,5,3,2,0,1,0,0,0,1,1,809116.2326,5829716.9914
211488,13.356735503409634,52.472970751668264,207621,207621,11,0,7,7,2018,11,18,4,2,2,7,2,0,1,0,0,0,1,0,795856.3727,5822573.7075
211489,13.333512281837404,52.55997647409873,207622,207622,11,0,1,1,2018,12,18,2,3,2,6,2,0,1,0,0,0,0,0,793698.5901,5832149.403
211490,13.498117231693204,52.51379359643489,207623,207623,11,0,11,11,2018,11,18,4,3,3,6,2,1,1,0,0,0,0,0,805169.118,5827700.1334
211491,13.487355718220035,52.47576378535621,207624,207624,11,0,9,9,2018,12,17,2,3,5,2,2,1,1,0,0,0,0,1,804702.5568,5823427.8606
211492,13.497962885856042,52.50950595244764,207625,207625,11,0,11,11,2018,11,18,4,3,5,7,2,0,1,0,0,0,0,0,805188.3979999999,5827222.9365
211493,13.310547046533324,52.516339026083934,207626,207626,11,0,4,4,2018,12,9,2,3,5,3,0,1,1,0,0,0,0,1,792433.1171,5827205.7053
211494,13.413500773848533,52.549656318877155,207627,207627,11,0,3,3,2018,11,1,4,3,6,2,2,0,1,1,0,0,0,0,799187.2221,5831331.3776
211495,13.247814835397284,52.54854176654286,207628,207628,11,0,5,5,2018,12,8,2,2,0,6,0,0,0,0,1,0,1,1,787968.3121,5830532.5741
211496,13.376398641323792,52.460101089509614,207629,207629,11,0,7,7,2018,12,8,2,3,5,3,1,1,1,0,0,0,0,1,797277.7952,5821224.0931
211497,13.331173604233475,52.495420613312994,207630,207630,11,0,4,4,2018,11,17,4,3,5,3,2,1,1,0,0,0,0,0,793971.4754,5824964.4826
211498,13.350911365198279,52.481739275728685,207631,207631,11,0,7,7,2018,11,18,4,3,6,7,2,0,1,1,0,0,0,0,795402.2536,5823524.4508
211499,13.177610767409632,52.52529223960847,207632,207632,11,0,5,5,2018,12,8,2,3,6,4,0,0,1,1,0,0,0,1,783361.0854,5827670.0787
211500,13.279786058717074,52.51275362863736,207633,207633,11,0,4,4,2018,12,8,2,3,0,6,0,0,1,0,1,0,0,1,790370.931,5826682.8675
211501,13.612519699843643,52.51082736292114,207634,207634,11,0,10,10,2018,11,17,4,3,5,2,2,0,1,0,1,0,0,0,812947.4017,5827860.8871
211502,13.348562253662298,52.435068337815906,207635,207635,11,0,6,6,2018,12,7,2,3,5,3,1,1,1,0,0,0,0,1,795555.6199,5818327.4108
211503,13.526746972786059,52.437651478122206,207636,207636,11,0,9,9,2018,12,7,2,3,5,3,1,1,1,0,0,0,0,1,807641.7912,5819359.1131
211504,13.123133796155246,52.47156011070976,207637,207637,11,0,5,5,2018,11,17,4,3,6,4,2,0,1,1,0,0,0,0,780009.243,5821484.6411
211505,13.406108599359259,52.415641898815316,207638,207638,11,0,8,8,2018,12,7,2,2,5,3,1,1,1,0,0,0,0,1,799596.718,5816405.4328
211506,13.310011247280414,52.516243968439646,207639,207639,11,0,4,4,2018,11,17,4,3,6,4,2,0,0,1,0,0,1,0,792397.4175,5827192.9666
211507,13.43821694062574,52.419975019502346,207640,207640,11,0,8,8,2018,12,7,2,3,6,4,1,0,1,1,0,0,0,1,801749.2075,5817020.7685
211508,13.570609850393618,52.47349067493439,207641,207641,11,0,9,9,2018,11,10,4,3,5,3,0,0,1,0,0,0,0,0,810368.6568,5823530.1762
211509,13.361030571565205,52.55535279479618,207642,207642,11,0,1,1,2018,12,11,2,2,5,3,0,1,1,0,0,0,0,1,795593.7867,5831747.9998
211510,13.271851539849772,52.536740659898406,207643,207643,11,0,5,5,2018,12,7,2,3,6,2,2,0,1,1,0,0,0,1,789674.8023,5829317.1605