,X,Y,OBJECTID_1,OBJECTID,ULAND,UREGBEZ,UKREIS,UGEMEINDE,UJAHR,UMONAT,USTUNDE,UWOCHENTAG,UKATEGORIE,UART,UTYP1,ULICHTVERH,IstRad,IstPKW,IstFuss,IstKrad,IstGkfz,IstSonstig,STRZUSTAND,LINREFX,LINREFY
211690,13.382677047692864,52.467014122391156,207823,207823,11,0,7,7,2018,11,17,1,3,5,3,1,0,1,0,0,0,0,0,797657.3596,5822018.3462
211691,13.287044816318664,52.58381677516191,207824,207824,11,0,12,12,2018,11,17,6,3,1,5,2,1,1,0,0,0,0,1,790393.1125,5834610.9315
211692,13.294078126428332,52.55197212431643,207825,207825,11,0,12,12,2018,11,17,1,3,2,7,2,0,1,0,0,0,0,0,791080.3428,5831099.7141
211693,13.323408962176282,52.51099993305097,207826,207826,11,0,4,4,2018,12,18,2,3,5,2,2,0,1,0,1,0,0,1,793340.8562,5826664.5067
211694,13.440099052181482,52.55594280235106,207827,207827,11,0,3,3,2018,11,16,6,3,5,3,2,1,1,0,0,0,0,1,800946.2799,5832140.8539
211695,13.341370348684164,52.52641160807108,207828,207828,11,0,1,1,2018,11,19,1,3,2,6,2,0,1,0,0,0,0,0,794455.7225,5828450.7301
211696,13.340652265090435,52.55135615940689,207829,207829,11,0,1,1,2018,11,15,6,3,6,4,1,0,1,1,0,0,0,1,794239.9934,5831220.3802
211697,13.325430493162413,52.589573658514205,207830,207830,11,0,12,12,2018,11,16,1,3,0,2,2,1,1,0,0,0,0,0,792953.5239,5835406.2426
211698,13.548630303213114,52.43810456645826,207831,207831,11,0,9,9,2018,12,13,2,3,6,7,0,1,0,1,0,0,0,1,809125.0227,5819502.9813
211699,13.302991984126828,52.623107990124865,207832,207832,11,0,12,12,2018,11,15,6,3,1,5,0,0,1,0,0,0,0,1,791211.7353,5839042.6251
211700,13.403320642840693,52.532123265603744,207833,207833,11,0,1,1,2018,11,16,1,3,1,5,1,1,1,0,0,0,0,0,798616.594,5829340.4092
211701,13.452363366276614,52.481306972174956,207834,207834,11,0,8,8,2018,11,17,6,3,5,3,2,0,1,0,0,0,0,1,802289.6849,5823896.7225
211702,13.410515892246652,52.528668291835295,207835,207835,11,0,1,1,2018,11,5,6,1,1,5,2,0,1,0,0,0,1,0,799127.8053,5828986.231000001
211703,13.171384762466015,52.51825565249897,207836,207836,11,0,5,5,2018,11,14,1,3,2,2,0,0,1,0,0,0,0,0,782984.2499,5826863.4687
211704,13.44672823539766,52.50262800669943,207837,207837,11,0,2,2,2018,11,19,5,3,5,2,2,1,1,0,0,0,0,0,801761.103,5826242.8547
211705,13.379236398645078,52.52491293680483,207838,207838,11,0,1,1,2018,11,11,5,3,1,5,0,1,1,0,0,0,0,0,797032.8331,5828439.4942
211706,13.330423844246194,52.56246514152954,207839,207839,11,0,12,12,2018,12,17,2,2,6,4,2,0,1,1,0,0,0,1,793472.7476,5832413.4362
211707,13.376357533518084,52.51008785317225,207840,207840,11,0,1,1,2018,11,12,1,3,5,3,0,1,1,0,0,0,0,0,796937.7364,5826779.8539
211708,13.359251176972347,52.54644570166254,207841,207841,11,0,1,1,2018,11,11,5,2,5,2,0,0,1,0,0,0,0,0,795533.1540000001,5830750.686000001
211709,13.418553954526894,52.55125026730026,207842,207842,11,0,3,3,2018,11,11,1,3,5,3,0,0,1,0,0,0,0,0,799518.7271,5831529.5307
211710,13.476090836472334,52.506735373668654,207843,207843,11,0,11,11,2018,11,6,1,3,2,6,2,0,1,0,0,0,0,1,803724.2856,5826822.6474
211711,13.392753702661441,52.41263746293256,207844,207844,11,0,7,7,2018,11,11,5,3,6,2,0,0,1,1,0,0,0,0,798709.4275,5816016.163
211712,13.438089974540114,52.50037287967024,207845,207845,11,0,2,2,2018,11,3,1,3,2,6,2,0,1,0,0,0,0,0,801190.6379999999,5825956.092999999
211713,13.306488361061616,52.51697758121625,207846,207846,11,0,4,4,2018,11,9,5,3,2,6,0,0,1,0,1,0,0,0,792153.6643,5827260.2279
211714,13.316981333062065,52.51695829435985,207847,207847,11,0,4,4,2018,11,1,1,3,1,5,2,1,1,0,0,0,0,0,792865.2894,5827300.6529
211715,13.374342366197393,52.55682174388653,207848,207848,11,0,1,1,2018,11,8,5,3,3,6,0,1,0,0,0,0,0,0,796485.6956,5831965.9585
211716,13.25548355085686,52.43976040580709,207849,207849,11,0,6,6,2018,11,12,7,3,6,7,0,1,0,1,0,0,0,1,789201.673,5818471.8988
211717,13.290482286228688,52.47437471615649,207850,207850,11,0,4,4,2018,11,7,5,3,1,5,0,1,1,0,0,0,0,0,791350.1702,5822460.1251
211718,13.295849844917132,52.596927664386385,207851,207851,11,0,12,12,2018,11,7,5,3,4,7,1,1,1,0,0,0,0,0,790902.2958,5836103.7629
211719,13.297171548771072,52.57772832934961,207852,207852,11,0,12,12,2018,11,18,4,3,6,2,2,0,1,1,0,0,0,0,791119.1199,5833975.0591
211720,13.469484401294096,52.5024278134233,207853,207853,11,0,11,11,2018,12,17,2,3,2,2,2,0,1,0,0,0,0,1,803305.9354,5826316.0779
211721,13.5166715808488,52.47084904495246,207854,207854,11,0,9,9,2018,11,20,7,3,5,2,2,0,1,0,0,0,1,0,806726.3324,5823005.8649
211722,13.587050325345118,52.50280961468197,207855,207855,11,0,10,10,2018,11,7,5,3,5,2,0,1,1,0,0,0,0,0,811277.0597,5826859.5428
211723,13.460343854631956,52.5159344990039,207856,207856,11,0,2,2,2018,11,19,7,3,5,3,2,1,0,0,0,0,0,0,802593.0554,5827778.8696
211724,13.343188150747032,52.52600031415592,207857,207857,11,0,1,1,2018,11,16,7,3,3,6,2,0,1,0,0,0,0,0,794581.7098,5828412.4413
211725,13.31534068056988,52.45053143908238,207858,207858,11,0,6,6,2018,11,20,5,3,5,3,2,1,1,0,0,0,0,0,793195.9618,5819910.6215
211726,13.414362751381097,52.567016029252024,207859,207859,11,0,3,3,2018,11,16,7,3,2,6,2,0,1,0,0,0,0,0,799127.36,5833264.4383
211727,13.336272590008173,52.59558487569743,207860,207860,11,0,12,12,2018,11,17,5,3,5,3,2,1,1,0,0,0,0,0,793647.2271,5836118.5423
211728,13.330896901566394,52.523940507984896,207861,207861,11,0,1,1,2018,12,17,2,3,3,6,2,0,1,0,0,0,1,1,793762.2167,5828133.3404
211729,13.453982372065413,52.469204960591384,207862,207862,11,0,8,8,2018,11,15,7,3,5,3,1,1,0,0,0,0,1,0,802482.6435,5822558.4317
211730,13.579855825134109,52.51461296602333,207863,207863,11,0,10,10,2018,11,11,5,3,2,7,0,0,1,0,0,0,0,0,810705.7338,5828140.3336
211731,13.277030909571007,52.51627378477618,207864,207864,11,0,4,4,2018,11,14,4,3,1,5,0,1,1,0,0,0,0,0,790160.8727,5827063.049
211732,13.588835802430793,52.54908443108679,207865,207865,11,0,10,10,2018,12,17,2,3,2,6,2,0,1,0,0,0,0,0,811070.5542,5832010.2308
211733,13.34519888398345,52.52509372525599,207866,207866,11,0,1,1,2018,11,10,5,3,0,6,0,0,1,0,0,0,1,0,794724.0985,5828319.8925
211734,13.311843560728358,52.584960075617296,207867,207867,11,0,12,12,2018,11,15,7,3,3,6,1,1,1,0,0,0,0,0,792064.4736,5834838.2656
211735,13.316999003822035,52.502649759472376,207868,207868,11,0,4,4,2018,11,14,7,3,1,5,0,0,1,0,0,0,0,0,792961.7485,5825710.3238
211736,13.578043053636856,52.54792965926626,207869,207869,11,0,10,10,2018,11,9,5,2,3,6,0,0,1,0,0,0,1,0,810347.4955,5831835.352000001
211737,13.324692272034977,52.464067719633825,207870,207870,11,0,6,6,2018,11,18,4,3,6,4,2,1,0,1,0,0,0,0,793740.8066,5821453.2112
211738,13.406353678633385,52.393763150673465,207871,207871,11,0,7,7,2018,11,18,7,3,6,2,2,0,1,1,0,0,0,0,799761.8461,5813974.7093
211739,13.510771571826822,52.575405107681256,207872,207872,11,0,11,11,2018,11,18,5,3,6,4,2,0,1,1,0,0,0,0,805598.3302,5834601.472
211740,13.327731608611073,52.47252226876515,207873,207873,11,0,7,7,2018,11,14,7,3,5,3,0,1,0,0,0,0,1,0,793890.7463,5822405.3101
211741,13.382466044212403,52.55183552715457,207874,207874,11,0,1,1,2018,11,23,7,2,6,4,2,0,1,1,0,0,0,0,797069.7455,5831445.2038
211742,13.294323061972019,52.533371692105334,207875,207875,11,0,4,4,2018,11,10,5,3,2,6,0,0,1,0,0,0,0,0,791220.1753,5829033.2347
211743,13.447744047625964,52.43695415374906,207876,207876,11,0,8,8,2018,11,17,7,2,6,4,1,0,1,1,0,0,0,0,802280.2651,5818947.7771
211744,13.427823898115806,52.518114080442274,207877,207877,11,0,2,2,2018,11,17,5,3,3,6,1,1,0,0,0,0,0,0,800373.1394,5827885.1316
211745,13.359560869369895,52.49820199140993,207878,207878,11,0,7,7,2018,11,17,7,2,6,4,2,0,1,1,0,0,0,0,795878.5563,5825389.7171
211746,13.42461099624702,52.482185848933675,207879,207879,11,0,8,8,2018,11,17,5,3,6,2,1,0,1,1,0,0,0,0,800400.4385,5823878.4616
211747,13.321717653685203,52.50187224372098,207880,207880,11,0,4,4,2018,11,13,7,2,5,3,0,1,1,0,0,0,0,0,793286.9911,5825643.0822
211748,13.621151643748094,52.50621193158122,207881,207881,11,0,10,10,2018,11,16,5,3,5,7,2,0,1,0,1,0,0,0,813565.6239,5827385.4404
211749,13.401734115641027,52.52896055849892,207882,207882,11,0,1,1,2018,11,13,7,2,5,3,0,0,1,0,1,0,0,0,798530.5333,5828982.3113
211750,13.318846237388536,52.49185530615016,207883,207883,11,0,4,4,2018,11,15,5,3,5,2,1,1,1,0,0,0,0,0,793158.9286,5824518.0225
211751,13.329166650209446,52.57559995310635,207884,207884,11,0,12,12,2018,11,15,5,3,5,3,1,0,1,0,0,0,0,0,793299.8264,5833868.2579
211752,13.473660736423602,52.47493177798178,207885,207885,11,0,9,9,2018,11,21,7,3,6,2,2,0,1,1,0,0,0,1,803778.8620000001,5823277.6265
211753,13.310497018456838,52.5160866996805,207886,207886,11,0,4,4,2018,11,15,5,3,0,3,1,0,1,0,0,0,1,0,792431.4023,5827177.4561
211754,13.306070070431021,52.5232942452071,207887,207887,11,0,4,4,2018,11,12,7,3,5,2,0,0,1,0,0,0,1,0,792083.3481,5827960.6367
211755,13.177760362955572,52.5487812219948,207888,207888,11,0,5,5,2018,11,14,5,3,2,6,0,0,1,0,0,0,0,0,783219.8461,5830281.6075
211756,13.32734965303708,52.52037971154886,207889,207889,11,0,4,4,2018,11,14,5,3,6,2,0,0,1,1,0,0,0,0,793545.4955,5827723.1091
211757,13.437646655049093,52.51982579048714,207890,207890,11,0,2,2,2018,11,11,7,3,1,5,0,1,1,0,0,0,0,0,801027.4288,5828116.3515
211758,13.323283337275354,52.575698982675675,207891,207891,11,0,12,12,2018,11,13,5,3,5,3,0,1,1,0,0,0,0,0,792900.7713,5833855.3301
211759,13.510399381838305,52.44465135051608,207892,207892,11,0,9,9,2018,11,13,5,3,5,3,0,1,1,0,0,0,0,0,806482.7365,5820067.5348
211760,13.320333366002044,52.48383138659482,207893,207893,11,0,4,4,2018,11,10,7,3,5,7,0,0,1,0,1,0,0,0,793313.2696,5823632.2078
211761,13.338762419938446,52.444386273565705,207894,207894,11,0,6,6,2018,11,13,5,2,5,2,0,0,1,0,0,0,0,0,794827.5999,5819323.0084
211762,13.387189394061147,52.526611173453816,207895,207895,11,0,1,1,2018,11,1,7,3,0,1,2,1,0,0,0,0,0,0,797560.4977,5828661.0477
211763,13.440690613457322,52.51728932390683,207896,207896,11,0,2,2,2018,11,13,5,3,5,2,0,1,0,0,0,0,0,0,801251.1817,5827847.1484
211764,13.419678660533958,52.50608207220382,207897,207897,11,0,1,1,2018,11,3,7,3,5,3,2,0,1,0,0,0,0,1,799902.8884,5826513.9109
211765,13.446740951050506,52.436937522905986,207898,207898,11,0,8,8,2018,11,12,5,2,5,3,0,0,1,0,1,0,0,0,802212.2413,5818941.7279
211766,13.468631387151435,52.46356797886054,207899,207899,11,0,8,8,2018,11,12,5,3,5,2,0,0,1,0,0,0,0,0,803515.8063,5821993.4369
211767,13.308853675510347,52.51828647710007,207900,207900,11,0,4,4,2018,11,15,7,3,5,3,1,1,0,0,1,0,0,0,792305.3508,5827415.2996
211768,13.316624049717385,52.50125548776498,207901,207901,11,0,4,4,2018,11,0,5,3,9,1,2,0,1,0,0,0,0,0,792945.5965,5825553.8267
211769,13.411148532582128,52.554068677907296,207902,207902,11,0,3,3,2018,11,13,5,2,5,3,0,0,1,0,0,0,1,0,798997.8132,5831812.036
211770,13.2026641383883,52.5397949517291,207903,207903,11,0,5,5,2018,11,19,6,3,2,6,2,0,1,0,0,0,0,0,784965.6070000001,5829380.886
211771,13.575843384034947,52.49097534758469,207904,207904,11,0,10,10,2018,11,15,4,3,6,4,1,0,1,1,0,0,0,1,810600.4878,5825495.9568
211772,13.57244849157445,52.42737753098954,207905,207905,11,0,9,9,2018,11,21,6,3,1,5,2,1,1,0,0,0,0,1,810818.3983,5818413.0725
211773,13.403111521330786,52.52332034281904,207906,207906,11,0,1,1,2018,11,9,4,3,2,7,0,1,0,0,0,0,1,1,798662.2123,5828361.1216
211774,13.443603084559102,52.464257069227294,207907,207907,11,0,8,8,2018,11,21,6,3,3,6,2,0,1,0,0,1,0,0,801812.0127,5821965.0282
211775,13.299801940788779,52.52133522995491,207908,207908,11,0,4,4,2018,11,12,4,3,6,4,0,0,1,1,0,0,0,0,791671.3777,5827717.5141
211776,13.188766493070526,52.5467668256857,207909,207909,11,0,5,5,2018,11,20,6,2,6,4,2,0,1,1,0,0,0,0,783978.6483,5830101.0002
211777,13.38125885579425,52.532013442299174,207910,207910,11,0,1,1,2018,11,20,4,3,2,6,0,0,1,0,0,0,0,0,797121.9518,5829237.0374
211778,13.32373573154739,52.54260501255376,207911,207911,11,0,4,4,2018,11,20,6,2,6,4,2,0,1,1,0,0,0,0,793152.2241,5830178.753
211779,13.431284036113686,52.50496229835784,207912,207912,11,0,2,2,2018,11,19,4,3,1,5,2,0,1,0,0,0,1,0,800697.6305,5826437.7841
211780,13.393874884577658,52.528549152919474,207913,207913,11,0,1,1,2018,11,19,6,3,5,2,2,0,1,0,0,0,0,0,798000.5728,5828904.0662
211781,13.407957768795205,52.53688726165144,207914,207914,11,0,3,3,2018,11,19,4,3,1,5,2,1,1,0,0,0,0,0,798898.507,5829889.1342
211782,13.39944571404858,52.49828823954825,207915,207915,11,0,2,2,2018,11,23,4,3,5,2,2,0,1,0,0,0,0,0,798583.5358,5825563.6896
211783,13.398564200853537,52.53255442209846,207916,207916,11,0,1,1,2018,11,18,6,3,2,6,1,1,1,0,0,0,0,0,798291.2697,5829368.6375
211784,13.460150257806784,52.43194054710228,207917,207917,11,0,8,8,2018,11,16,6,2,5,7,2,0,1,0,1,0,0,1,803157.4384,5818442.5765
211785,13.331658488772694,52.573877384220296,207918,207918,11,0,12,12,2018,11,16,6,3,1,5,2,1,1,0,0,0,0,0,793480.0807,5833686.9409
211786,13.17713101045404,52.517046785221154,207919,207919,11,0,5,5,2018,12,12,6,3,2,6,0,0,1,0,0,0,0,1,783381.68,5826751.6627
211787,13.485444604555335,52.52667723341276,207920,207920,11,0,11,11,2018,12,15,4,3,5,3,0,1,1,0,0,0,0,0,804220.6754,5829078.5076
211788,13.19702077894133,52.530381840526715,207921,207921,11,0,5,5,2018,12,13,6,3,5,3,0,0,1,0,1,0,0,1,784644.0766,5828312.2751
211789,13.42441043568175,52.594148131977605,207922,207922,11,0,3,3,2018,12,14,4,3,5,2,0,0,1,0,1,0,0,0,799622.543,5836321.85
211790,13.600894250510573,52.478971321676255,207923,207923,11,0,10,10,2018,12,12,6,3,5,2,0,0,1,0,0,0,1,1,812385.1106,5824270.0316
211791,13.436589332569776,52.42363037879056,207924,207924,11,0,8,8,2018,12,17,4,3,2,2,2,0,1,0,0,0,0,0,801613.623,5817420.242000001
211792,13.316121296788829,52.51869142912066,207925,207925,11,0,4,4,2018,12,11,6,3,5,7,0,1,1,0,0,0,0,1,792795.4355,5827489.7989
211793,13.199528953368034,52.53487314129117,207926,207926,11,0,5,5,2018,12,10,6,2,6,4,0,0,0,1,0,1,0,1,784785.0079999999,5828821.4120000005
211794,13.562421204420627,52.54481135998821,207927,207927,11,0,10,10,2018,12,13,4,3,2,6,0,0,1,0,0,0,0,0,809311.0247,5831421.6153
211795,13.607309242125352,52.5339980119477,207928,207928,11,0,10,10,2018,12,11,6,3,5,3,0,1,1,0,0,0,0,1,812429.3944,5830413.4475
211796,13.428932935707696,52.57909811728317,207929,207929,11,0,3,3,2018,12,9,6,3,5,3,0,0,1,0,0,0,0,1,800031.5557,5834667.9133
211797,13.26768426692485,52.44582206136649,207930,207930,11,0,6,6,2018,12,12,4,3,2,6,0,0,1,0,0,0,0,1,789990.5781,5819194.618
211798,13.433966952626081,52.52315260029542,207931,207931,11,0,2,2,2018,12,9,6,2,5,3,0,1,1,0,0,0,0,1,800755.1925,5828470.755
211799,13.434541398300825,52.5492738747307,207932,207932,11,0,3,3,2018,12,11,4,3,2,6,0,0,1,0,0,0,0,1,800615.421,5831376.4309
211800,13.49943175531308,52.562437833032895,207933,207933,11,0,11,11,2018,12,7,6,2,5,3,0,1,1,0,0,0,0,1,804920.5490000001,5833112.1936
211801,13.495301333077755,52.43165618824778,207934,207934,11,0,8,8,2018,12,6,4,3,5,2,1,0,1,0,0,0,0,1,805547.3767,5818559.1971
211802,13.470538479058595,52.46651233979535,207935,207935,11,0,8,8,2018,12,7,6,3,2,6,1,0,1,0,0,0,0,1,803624.9816,5822328.7103
211803,13.612208235968346,52.51262719235815,207936,207936,11,0,10,10,2018,12,6,4,3,5,3,2,1,1,0,0,0,0,1,812913.4771,5828059.5661
211804,13.351704613526747,52.42959158486922,207937,207937,11,0,6,6,2018,12,7,6,3,6,2,1,0,1,1,0,0,0,1,795805.8063,5817731.5495
211805,13.434810961158005,52.45096300205653,207938,207938,11,0,8,8,2018,12,10,4,3,3,6,0,0,1,0,0,0,1,0,801306.0198,5820450.708
211806,13.326713647612575,52.502730249013254,207939,207939,11,0,4,4,2018,12,11,4,3,1,5,0,1,1,0,0,0,0,1,793620.1449,5825758.7794
211807,13.523766493827386,52.565550263653286,207940,207940,11,0,11,11,2018,12,7,6,3,6,7,1,0,1,1,0,0,0,1,806547.0544,5833561.3841
211808,13.283316021863707,52.51204934740029,207941,207941,11,0,4,4,2018,12,6,6,3,6,7,2,0,1,1,0,0,0,1,790614.965,5826618.8061
211809,13.562392116073413,52.4565844411565,207942,207942,11,0,9,9,2018,12,10,4,3,3,2,0,0,1,0,1,0,0,0,809929.8328,5821615.8805
211810,13.422294855576935,52.505449080914666,207943,207943,11,0,1,1,2018,12,10,4,3,5,3,0,1,1,0,0,0,0,1,800084.6390000001,5826454.4405
211811,13.247025462400927,52.54397577745407,207944,207944,11,0,5,5,2018,12,5,6,3,6,2,2,0,0,1,0,1,0,1,787944.7440000001,5830021.895
211812,13.409976004760885,52.510691938381136,207945,207945,11,0,1,1,2018,12,9,4,3,2,2,0,1,1,0,0,0,0,1,799213.4881,5826985.9732
211813,13.360474472183519,52.57629390492935,207946,207946,11,0,12,12,2018,12,9,4,3,5,7,0,0,1,0,1,0,0,1,795415.1813,5834073.3083
211814,13.366486767921051,52.585122655086536,207947,207947,11,0,3,3,2018,12,5,6,3,2,6,2,0,1,0,1,0,0,1,795762.7874,5835079.2873
211815,13.53203906221085,52.484011718249825,207948,207948,11,0,11,11,2018,12,8,4,3,5,3,0,0,1,0,1,0,0,1,807677.4044,5824534.2431
211816,13.447499781327185,52.51752074256215,207949,207949,11,0,2,2,2018,12,3,6,2,5,2,2,1,0,0,0,0,0,1,801711.2786,5827901.3435
211817,13.20606876409491,52.54210418771661,207950,207950,11,0,5,5,2018,12,7,4,3,6,4,0,0,1,1,0,0,0,1,785181.3683,5829651.0336
211818,13.304269545666035,52.52565255122872,207951,207951,11,0,4,4,2018,12,13,6,3,0,1,0,0,0,0,1,0,0,1,791945.6199,5828215.4721
211819,13.475019237966544,52.55329397539199,207952,207952,11,0,3,3,2018,12,7,4,3,6,4,0,0,0,1,0,0,1,0,803330.1797,5831992.8669
211820,13.382975570438207,52.53063020756459,207953,207953,11,0,1,1,2018,12,6,4,3,6,2,2,0,1,1,0,0,0,1,797247.6671,5829090.3709
211821,13.465941695545164,52.465030053523854,207954,207954,11,0,8,8,2018,12,15,5,3,5,3,0,1,1,0,0,0,0,1,803323.1499,5822144.6262
211822,13.36190620798167,52.41487980588502,207955,207955,11,0,7,7,2018,12,7,4,2,6,4,1,0,1,1,0,0,0,1,796597.7623,5816138.217999999
211823,13.348939860491976,52.515103471683,207956,207956,11,0,1,1,2018,12,6,3,3,2,2,2,0,1,0,0,1,0,1,795044.7267,5827224.7823
211824,13.3914477103418,52.500982843039004,207957,207957,11,0,2,2,2018,12,0,5,3,0,3,2,1,1,0,0,0,0,0,798022.7528,5825830.103999999
211825,13.464733619591515,52.470128695969706,207958,207958,11,0,8,8,2018,12,6,3,3,6,2,2,0,1,1,0,0,0,1,803206.0519,5822706.2335
211826,13.503338132326679,52.63659813136144,207959,207959,11,0,3,3,2018,12,6,3,3,6,4,2,0,0,1,0,0,1,1,804669.4192,5841371.1966
211827,13.368860568754265,52.40973859228625,207960,207960,11,0,7,7,2018,12,15,5,3,3,6,1,0,1,0,0,1,0,0,797104.9996,5815595.3759
211828,13.462626041679275,52.43777013346915,207961,207961,11,0,8,8,2018,12,16,3,2,6,4,2,0,1,1,0,0,0,1,803285.5472,5819100.9034
211829,13.505652040683275,52.63673979616252,207962,207962,11,0,3,3,2018,12,16,5,3,3,6,1,0,1,0,1,0,0,1,804824.8932,5841396.7386
211830,13.329171918828587,52.56330513817006,207963,207963,11,0,12,12,2018,12,12,3,3,0,4,0,0,0,1,1,0,0,1,793382.3347,5832501.7042
211831,13.473037094512351,52.535971305758174,207964,207964,11,0,11,11,2018,12,16,5,3,6,4,2,0,1,1,0,0,0,1,803315.4582,5830059.2022
211832,13.333719551021233,52.5056475812416,207965,207965,11,0,4,4,2018,12,15,3,3,3,6,0,0,0,0,1,0,1,0,794075.8488,5826111.5884
211833,13.43006420390792,52.51055000024814,207966,207966,11,0,2,2,2018,12,17,5,2,6,2,2,0,1,1,0,0,0,1,800576.7217,5827053.7493
211834,13.214814102337675,52.56079584566455,207967,207967,11,0,5,5,2018,12,19,3,3,2,3,2,0,1,0,0,0,0,1,785652.4858,5831763.335
211835,13.328023411958062,52.56432962268046,207968,207968,11,0,12,12,2018,12,20,5,3,6,4,2,0,1,1,0,0,0,1,793297.6976,5832610.9006
211836,13.456910388513165,52.50961980464574,207969,207969,11,0,2,2,2018,12,19,3,3,5,7,2,1,1,0,0,0,0,1,802403.6573,5827062.6173
211837,13.318010735902359,52.45174993856169,207970,207970,11,0,6,6,2018,12,19,5,3,0,6,2,0,1,0,1,0,0,1,793369.1762,5820056.909
211838,13.412246468793716,52.50306742648336,207971,207971,11,0,2,2,2018,12,18,3,3,5,3,2,1,1,0,0,0,0,1,799419.3399,5826147.9574
211839,13.425133239023964,52.582353877262705,207972,207972,11,0,3,3,2018,12,15,3,3,1,5,1,1,1,0,0,0,0,1,799752.0441,5835013.962
211840,13.6194408211541,52.53120355443494,207973,207973,11,0,10,10,2018,12,17,5,3,2,6,2,0,1,0,0,0,0,1,813271.5096,5830155.535
211841,13.412283342839508,52.53115338449861,207974,207974,11,0,3,3,2018,12,19,5,3,2,3,2,0,1,0,1,0,0,1,799230.6992,5829269.7772
211842,13.296678442850347,52.501456039639436,207975,207975,11,0,4,4,2018,12,17,3,3,5,7,2,0,1,0,0,0,1,1,791591.3295,5825495.285
211843,13.494297476527514,52.43082539232724,207976,207976,11,0,8,8,2018,12,17,5,3,1,5,2,1,1,0,0,0,0,1,805484.933,5818462.6107
211844,13.294425018960151,52.4976135270621,207977,207977,11,0,4,4,2018,12,18,5,3,2,6,2,0,1,0,0,0,0,1,791463.9212,5825059.076
211845,13.497591293247194,52.416138015029354,207978,207978,11,0,8,8,2018,12,16,3,3,6,2,2,0,1,1,0,0,0,1,805810.4662,5816844.1602
211846,13.423435849836734,52.60697250653643,207979,207979,11,0,3,3,2018,12,16,5,3,5,3,2,1,1,0,0,0,0,1,799468.9814,5837743.1879
211847,13.463263390983473,52.47077442676128,207980,207980,11,0,8,8,2018,12,16,3,3,6,4,2,0,1,1,0,0,0,1,803101.8163,5822771.8245
211848,13.419682874530942,52.53174437972542,207981,207981,11,0,3,3,2018,12,16,5,3,0,1,2,0,0,0,1,0,0,1,799728.229,5829366.2068
211849,13.307480787448153,52.61853338671616,207982,207982,11,0,12,12,2018,12,16,3,3,1,5,2,0,1,0,0,0,1,1,791545.8052,5838552.3145
211850,13.325421074326645,52.58948236512846,207983,207983,11,0,12,12,2018,12,16,5,3,5,3,2,0,1,0,1,0,0,1,792953.4959,5835396.057
211851,13.379487486750124,52.445324064375384,207984,207984,11,0,7,7,2018,12,18,4,3,5,2,2,0,1,0,1,0,0,0,797587.2378,5819594.3922
211852,13.403053769539488,52.5838016096466,207985,207985,11,0,3,3,2018,12,16,3,3,5,2,2,1,1,0,0,0,0,1,798247.3476,5835083.2256
211853,13.384699647674205,52.460851633876494,207986,207986,11,0,7,7,2018,12,17,5,3,5,2,2,1,1,0,0,0,0,0,797836.3055,5821341.7474
211854,13.375561397105944,52.5607294929869,207987,207987,11,0,12,12,2018,12,16,5,3,6,4,2,0,1,1,0,0,0,1,796541.89,5832405.3158
211855,13.345434654914618,52.546809122316425,207988,207988,11,0,1,1,2018,12,15,3,3,5,2,2,1,1,0,0,0,0,1,794594.5035,5830734.5147
211856,13.415736786591914,52.526701939741905,207989,207989,11,0,1,1,2018,12,17,5,3,6,2,2,0,1,1,0,0,0,1,799495.1061,5828789.3546
211857,13.508542251532312,52.49647734203885,207990,207990,11,0,11,11,2018,12,15,3,3,5,7,1,0,1,0,0,0,0,1,805996.4162,5825819.7315
211858,13.469250805184233,52.53143032421461,207991,207991,11,0,11,11,2018,12,17,5,3,0,2,2,0,1,1,0,0,0,1,803090.1579999999,5829538.5689
211859,13.301648520381761,52.413833102666324,207992,207992,11,0,6,6,2018,12,18,5,2,6,4,2,0,1,1,0,0,0,0,792509.3296,5815776.0448
211860,13.41392308893159,52.50036411030164,207993,207993,11,0,2,2,2018,12,15,3,3,5,3,1,0,1,0,0,0,0,1,799551.4592,5825854.4558
211861,13.343875929674649,52.61354044350055,207994,207994,11,0,12,12,2018,12,18,5,2,6,2,2,0,1,1,0,0,0,1,794041.4162,5838145.334
211862,13.344998077279778,52.41524666660529,207995,207995,11,0,6,6,2018,12,14,3,3,0,7,0,0,1,0,1,0,0,1,795446.1675,5816109.6684
211863,13.437189986592937,52.51899787107043,207996,207996,11,0,2,2,2018,12,18,5,2,6,2,2,0,1,1,0,0,0,1,801002.1334,5828022.4249
211864,13.367395134454894,52.52595970758822,207997,207997,11,0,1,1,2018,12,14,3,3,6,2,0,0,1,1,0,0,0,1,796223.0232,5828507.1187
211865,13.398992510394493,52.5445840130338,207998,207998,11,0,1,1,2018,12,16,5,3,1,5,2,0,0,0,0,0,1,1,798238.656,5830707.4698
211866,13.498232469374493,52.56383568862203,207999,207999,11,0,11,11,2018,12,8,3,3,2,6,0,0,1,0,0,0,1,1,804829.6137,5833262.4818
211867,13.539639962951345,52.45079641171532,208000,208000,11,0,9,9,2018,12,17,5,2,6,4,2,0,1,1,0,0,0,1,808425.5808,5820875.0977